ts,id,brand,name,place,lat,lng,dist,e5,e10,diesel,isOpen
2026-10-10T16:30:31+00:00,cebbe420-bcf3-4db8-9099-c52b783e2158,ESSO,Esso Tankstelle,BERLIN,52.549044,13.17897,0,2.209,2.149,2.279,True
2026-10-10T16:30:31+00:00,7347dd32-bfa1-470a-a6ee-2a2c95ad9af5,ARAL,Aral Tankstelle,Berlin,52.542747,13.199304,1.5,2.219,2.159,2.279,True
2026-10-10T16:30:31+00:00,9f07b69b-4b15-4852-9c60-5d293c6cadc5,Sprint,Sprint Berlin Seegefelder Str.,Berlin,52.536163,13.191189,1.6,2.199,2.139,2.269,True
2026-10-10T16:30:31+00:00,005056ba-7cb6-1ed2-bceb-641db1c24d1d,STAR,star Tankstelle,Berlin,52.534388,13.184014,1.7,2.199,2.139,2.269,True
2026-10-10T16:30:31+00:00,51d4b471-a095-1aa0-e100-80009459e03a,JET,JET BERLIN BRUNSBUETTELER DAMM 87-89,BERLIN,52.53379,13.18503,1.7,2.199,2.139,2.269,True
2026-10-10T16:30:31+00:00,d590310c-e209-46b2-bfe7-dacc6148e1f1,TotalEnergies,TotalEnergies Berlin,Berlin,52.55424,13.207408,2,2.209,2.149,2.279,True
2026-10-10T16:30:31+00:00,5d8c8a4c-bce7-4d28-ae12-0d61a971c5cc,Shell,Shell Berlin Streitstr. 19,Berlin,52.558899,13.208409,2.3,2.209,2.149,2.279,True
2026-10-10T16:30:31+00:00,057827cd-6583-4a3a-a461-f8546073fd02,SUN,Sun Klosterstr.,Berlin,52.52943,13.19517,2.4,2.199,2.139,2.269,True
2026-10-10T16:30:31+00:00,905d4775-754e-4b38-baca-89c98fad1d1a,Sprint,Sprint Berlin Ruhlebener Str.,Berlin,52.529285,13.20718,2.9,2.199,2.139,2.269,True
2026-10-10T16:32:03+00:00,cebbe420-bcf3-4db8-9099-c52b783e2158,ESSO,Esso Tankstelle,BERLIN,52.549044,13.17897,0,2.209,2.149,2.279,True
2026-10-10T16:32:03+00:00,7347dd32-bfa1-470a-a6ee-2a2c95ad9af5,ARAL,Aral Tankstelle,Berlin,52.542747,13.199304,1.5,2.219,2.159,2.279,True
2026-10-10T16:32:03+00:00,9f07b69b-4b15-4852-9c60-5d293c6cadc5,Sprint,Sprint Berlin Seegefelder Str.,Berlin,52.536163,13.191189,1.6,2.199,2.139,2.269,True
2026-10-10T16:32:03+00:00,005056ba-7cb6-1ed2-bceb-641db1c24d1d,STAR,star Tankstelle,Berlin,52.534388,13.184014,1.7,2.199,2.139,2.269,True
2026-10-10T16:32:03+00:00,51d4b471-a095-1aa0-e100-80009459e03a,JET,JET BERLIN BRUNSBUETTELER DAMM 87-89,BERLIN,52.53379,13.18503,1.7,2.199,2.139,2.269,True
2026-10-10T16:32:03+00:00,d590310c-e209-46b2-bfe7-dacc6148e1f1,TotalEnergies,TotalEnergies Berlin,Berlin,52.55424,13.207408,2,2.209,2.149,2.279,True
2026-10-10T16:32:03+00:00,5d8c8a4c-bce7-4d28-ae12-0d61a971c5cc,Shell,Shell Berlin Streitstr. 19,Berlin,52.558899,13.208409,2.3,2.209,2.149,2.279,True
2026-10-10T16:32:03+00:00,057827cd-6583-4a3a-a461-f8546073fd02,SUN,Sun Klosterstr.,Berlin,52.52943,13.19517,2.4,2.199,2.139,2.269,True
2026-10-10T16:32:03+00:00,905d4775-754e-4b38-baca-89c98fad1d1a,Sprint,Sprint Berlin Ruhlebener Str.,Berlin,52.529285,13.20718,2.9,2.199,2.139,2.269,True
2026-10-10T16:33:33+00:00,cebbe420-bcf3-4db8-9099-c52b783e2158,ESSO,Esso Tankstelle,BERLIN,52.549044,13.17897,0,2.209,2.149,2.279,True
2026-10-10T16:33:33+00:00,7347dd32-bfa1-470a-a6ee-2a2c95ad9af5,ARAL,Aral Tankstelle,Berlin,52.542747,13.199304,1.5,2.219,2.159,2.279,True
2026-10-10T16:33:33+00:00,9f07b69b-4b15-4852-9c60-5d293c6cadc5,Sprint,Sprint Berlin Seegefelder Str.,Berlin,52.536163,13.191189,1.6,2.199,2.139,2.269,True
2026-10-10T16:33:33+00:00,005056ba-7cb6-1ed2-bceb-641db1c24d1d,STAR,star Tankstelle,Berlin,52.534388,13.184014,1.7,2.199,2.139,2.269,True
2026-10-10T16:33:33+00:00,51d4b471-a095-1aa0-e100-80009459e03a,JET,JET BERLIN BRUNSBUETTELER DAMM 87-89,BERLIN,52.53379,13.18503,1.7,2.199,2.139,2.269,True
2026-10-10T16:33:33+00:00,d590310c-e209-46b2-bfe7-dacc6148e1f1,TotalEnergies,TotalEnergies Berlin,Berlin,52.55424,13.207408,2,2.209,2.149,2.279,True
2026-10-10T16:33:33+00:00,5d8c8a4c-bce7-4d28-ae12-0d61a971c5cc,Shell,Shell Berlin Streitstr. 19,Berlin,52.558899,13.208409,2.3,2.209,2.149,2.279,True
2026-10-10T16:33:33+00:00,057827cd-6583-4a3a-a461-f8546073fd02,SUN,Sun Klosterstr.,Berlin,52.52943,13.19517,2.4,2.199,2.139,2.269,True
2026-10-10T16:33:33+00:00,905d4775-754e-4b38-baca-89c98fad1d1a,Sprint,Sprint Berlin Ruhlebener Str.,Berlin,52.529285,13.20718,2.9,2.199,2.139,2.269,True
2026-10-10T16:35:04+00:00,cebbe420-bcf3-4db8-9099-c52b783e2158,ESSO,Esso Tankstelle,BERLIN,52.549044,13.17897,0,2.209,2.149,2.279,True
2026-10-10T16:35:04+00:00,7347dd32-bfa1-470a-a6ee-2a2c95ad9af5,ARAL,Aral Tankstelle,Berlin,52.542747,13.199304,1.5,2.219,2.159,2.279,True
2026-10-10T16:35:04+00:00,9f07b69b-4b15-4852-9c60-5d293c6cadc5,Sprint,Sprint Berlin Seegefelder Str.,Berlin,52.536163,13.191189,1.6,2.199,2.139,2.269,True
2026-10-10T16:35:04+00:00,005056ba-7cb6-1ed2-bceb-641db1c24d1d,STAR,star Tankstelle,Berlin,52.534388,13.184014,1.7,2.199,2.139,2.269,True
2026-10-10T16:35:04+00:00,51d4b471-a095-1aa0-e100-80009459e03a,JET,JET BERLIN BRUNSBUETTELER DAMM 87-89,BERLIN,52.53379,13.18503,1.7,2.199,2.139,2.269,True
2026-10-10T16:35:04+00:00,d590310c-e209-46b2-bfe7-dacc6148e1f1,TotalEnergies,TotalEnergies Berlin,Berlin,52.55424,13.207408,2,2.209,2.149,2.279,True
2026-10-10T16:35:04+00:00,5d8c8a4c-bce7-4d28-ae12-0d61a971c5cc,Shell,Shell Berlin Streitstr. 19,Berlin,52.558899,13.208409,2.3,2.209,2.149,2.279,True
2026-10-10T16:35:04+00:00,057827cd-6583-4a3a-a461-f8546073fd02,SUN,Sun Klosterstr.,Berlin,52.52943,13.19517,2.4,2.199,2.139,2.269,True
2026-10-10T16:35:04+00:00,905d4775-754e-4b38-baca-89c98fad1d1a,Sprint,Sprint Berlin Ruhlebener Str.,Berlin,52.529285,13.20718,2.9,2.199,2.139,2.269,True
2026-10-10T16:36:38+00:00,cebbe420-bcf3-4db8-9099-c52b783e2158,ESSO,Esso Tankstelle,BERLIN,52.549044,13.17897,0,2.209,2.149,2.279,True
2026-10-10T16:36:38+00:00,7347dd32-bfa1-470a-a6ee-2a2c95ad9af5,ARAL,Aral Tankstelle,Berlin,52.542747,13.199304,1.5,2.219,2.159,2.279,True
2026-10-10T16:36:38+00:00,9f07b69b-4b15-4852-9c60-5d293c6cadc5,Sprint,Sprint Berlin Seegefelder Str.,Berlin,52.536163,13.191189,1.6,2.199,2.139,2.269,True
2026-10-10T16:36:38+00:00,005056ba-7cb6-1ed2-bceb-641db1c24d1d,STAR,star Tankstelle,Berlin,52.534388,13.184014,1.7,2.199,2.139,2.269,True
2026-10-10T16:36:38+00:00,51d4b471-a095-1aa0-e100-80009459e03a,JET,JET BERLIN BRUNSBUETTELER DAMM 87-89,BERLIN,52.53379,13.18503,1.7,2.169,2.109,2.269,True
2026-10-10T16:36:38+00:00,d590310c-e209-46b2-bfe7-dacc6148e1f1,TotalEnergies,TotalEnergies Berlin,Berlin,52.55424,13.207408,2,2.209,2.149,2.279,True
2026-10-10T16:36:38+00:00,5d8c8a4c-bce7-4d28-ae12-0d61a971c5cc,Shell,Shell Berlin Streitstr. 19,Berlin,52.558899,13.208409,2.3,2.209,2.149,2.279,True
2026-10-10T16:36:38+00:00,057827cd-6583-4a3a-a461-f8546073fd02,SUN,Sun Klosterstr.,Berlin,52.52943,13.19517,2.4,2.199,2.139,2.269,True
2026-10-10T16:36:38+00:00,905d4775-754e-4b38-baca-89c98fad1d1a,Sprint,Sprint Berlin Ruhlebener Str.,Berlin,52.529285,13.20718,2.9,2.179,2.119,2.269,True
2026-10-10T16:38:09+00:00,cebbe420-bcf3-4db8-9099-c52b783e2158,ESSO,Esso Tankstelle,BERLIN,52.549044,13.17897,0,2.209,2.149,2.279,True
2026-10-10T16:38:09+00:00,7347dd32-bfa1-470a-a6ee-2a2c95ad9af5,ARAL,Aral Tankstelle,Berlin,52.542747,13.199304,1.5,2.219,2.159,2.279,True
2026-10-10T16:38:09+00:00,9f07b69b-4b15-4852-9c60-5d293c6cadc5,Sprint,Sprint Berlin Seegefelder Str.,Berlin,52.536163,13.191189,1.6,2.199,2.139,2.269,True
2026-10-10T16:38:09+00:00,005056ba-7cb6-1ed2-bceb-641db1c24d1d,STAR,star Tankstelle,Berlin,52.534388,13.184014,1.7,2.199,2.139,2.269,True
2026-10-10T16:38:09+00:00,51d4b471-a095-1aa0-e100-80009459e03a,JET,JET BERLIN BRUNSBUETTELER DAMM 87-89,BERLIN,52.53379,13.18503,1.7,2.169,2.109,2.269,True
2026-10-10T16:38:09+00:00,d590310c-e209-46b2-bfe7-dacc6148e1f1,TotalEnergies,TotalEnergies Berlin,Berlin,52.55424,13.207408,2,2.209,2.149,2.279,True
2026-10-10T16:38:09+00:00,5d8c8a4c-bce7-4d28-ae12-0d61a971c5cc,Shell,Shell Berlin Streitstr. 19,Berlin,52.558899,13.208409,2.3,2.209,2.149,2.279,True
2026-10-10T16:38:09+00:00,057827cd-6583-4a3a-a461-f8546073fd02,SUN,Sun Klosterstr.,Berlin,52.52943,13.19517,2.4,2.199,2.139,2.269,True
2026-10-10T16:38:09+00:00,905d4775-754e-4b38-baca-89c98fad1d1a,Sprint,Sprint Berlin Ruhlebener Str.,Berlin,52.529285,13.20718,2.9,2.179,2.119,2.269,True
2026-10-10T16:39:39+00:00,cebbe420-bcf3-4db8-9099-c52b783e2158,ESSO,Esso Tankstelle,BERLIN,52.549044,13.17897,0,2.209,2.149,2.279,True
2026-10-10T16:39:39+00:00,7347dd32-bfa1-470a-a6ee-2a2c95ad9af5,ARAL,Aral Tankstelle,Berlin,52.542747,13.199304,1.5,2.219,2.159,2.279,True
2026-10-10T16:39:39+00:00,9f07b69b-4b15-4852-9c60-5d293c6cadc5,Sprint,Sprint Berlin Seegefelder Str.,Berlin,52.536163,13.191189,1.6,2.169,2.109,2.269,True
2026-10-10T16:39:39+00:00,005056ba-7cb6-1ed2-bceb-641db1c24d1d,STAR,star Tankstelle,Berlin,52.534388,13.184014,1.7,2.199,2.139,2.269,True
2026-10-10T16:39:39+00:00,51d4b471-a095-1aa0-e100-80009459e03a,JET,JET BERLIN BRUNSBUETTELER DAMM 87-89,BERLIN,52.53379,13.18503,1.7,2.169,2.109,2.269,True
2026-10-10T16:39:39+00:00,d590310c-e209-46b2-bfe7-dacc6148e1f1,TotalEnergies,TotalEnergies Berlin,Berlin,52.55424,13.207408,2,2.209,2.149,2.279,True
2026-10-10T16:39:39+00:00,5d8c8a4c-bce7-4d28-ae12-0d61a971c5cc,Shell,Shell Berlin Streitstr. 19,Berlin,52.558899,13.208409,2.3,2.209,2.149,2.279,True
2026-10-10T16:39:39+00:00,057827cd-6583-4a3a-a461-f8546073fd02,SUN,Sun Klosterstr.,Berlin,52.52943,13.19517,2.4,2.199,2.139,2.269,True
2026-10-10T16:39:39+00:00,905d4775-754e-4b38-baca-89c98fad1d1a,Sprint,Sprint Berlin Ruhlebener Str.,Berlin,52.529285,13.20718,2.9,2.179,2.119,2.269,True
2026-10-10T16:41:10+00:00,cebbe420-bcf3-4db8-9099-c52b783e2158,ESSO,Esso Tankstelle,BERLIN,52.549044,13.17897,0,2.209,2.149,2.279,True
2026-10-10T16:41:10+00:00,7347dd32-bfa1-470a-a6ee-2a2c95ad9af5,ARAL,Aral Tankstelle,Berlin,52.542747,13.199304,1.5,2.219,2.159,2.279,True
2026-10-10T16:41:10+00:00,9f07b69b-4b15-4852-9c60-5d293c6cadc5,Sprint,Sprint Berlin Seegefelder Str.,Berlin,52.536163,13.191189,1.6,2.169,2.109,2.269,True
2026-10-10T16:41:10+00:00,005056ba-7cb6-1ed2-bceb-641db1c24d1d,STAR,star Tankstelle,Berlin,52.534388,13.184014,1.7,2.199,2.139,2.269,True
2026-10-10T16:41:10+00:00,51d4b471-a095-1aa0-e100-80009459e03a,JET,JET BERLIN BRUNSBUETTELER DAMM 87-89,BERLIN,52.53379,13.18503,1.7,2.169,2.109,2.269,True
2026-10-10T16:41:10+00:00,d590310c-e209-46b2-bfe7-dacc6148e1f1,TotalEnergies,TotalEnergies Berlin,Berlin,52.55424,13.207408,2,2.209,2.149,2.279,True
2026-10-10T16:41:10+00:00,5d8c8a4c-bce7-4d28-ae12-0d61a971c5cc,Shell,Shell Berlin Streitstr. 19,Berlin,52.558899,13.208409,2.3,2.209,2.149,2.279,True
2026-10-10T16:41:10+00:00,057827cd-6583-4a3a-a461-f8546073fd02,SUN,Sun Klosterstr.,Berlin,52.52943,13.19517,2.4,2.199,2.139,2.269,True
2026-10-10T16:41:10+00:00,905d4775-754e-4b38-baca-89c98fad1d1a,Sprint,Sprint Berlin Ruhlebener Str.,Berlin,52.529285,13.20718,2.9,2.169,2.109,2.269,True
2026-10-10T16:42:41+00:00,cebbe420-bcf3-4db8-9099-c52b783e2158,ESSO,Esso Tankstelle,BERLIN,52.549044,13.17897,0,2.209,2.149,2.279,True
2026-10-10T16:42:41+00:00,7347dd32-bfa1-470a-a6ee-2a2c95ad9af5,ARAL,Aral Tankstelle,Berlin,52.542747,13.199304,1.5,2.219,2.159,2.279,True
2026-10-10T16:42:41+00:00,9f07b69b-4b15-4852-9c60-5d293c6cadc5,Sprint,Sprint Berlin Seegefelder Str.,Berlin,52.536163,13.191189,1.6,2.169,2.109,2.269,True
2026-10-10T16:42:41+00:00,005056ba-7cb6-1ed2-bceb-641db1c24d1d,STAR,star Tankstelle,Berlin,52.534388,13.184014,1.7,2.199,2.139,2.269,True
2026-10-10T16:42:41+00:00,51d4b471-a095-1aa0-e100-80009459e03a,JET,JET BERLIN BRUNSBUETTELER DAMM 87-89,BERLIN,52.53379,13.18503,1.7,2.169,2.109,2.269,True
2026-10-10T16:42:41+00:00,d590310c-e209-46b2-bfe7-dacc6148e1f1,TotalEnergies,TotalEnergies Berlin,Berlin,52.55424,13.207408,2,2.209,2.149,2.279,True
2026-10-10T16:42:41+00:00,5d8c8a4c-bce7-4d28-ae12-0d61a971c5cc,Shell,Shell Berlin Streitstr. 19,Berlin,52.558899,13.208409,2.3,2.209,2.149,2.279,True
2026-10-10T16:42:41+00:00,057827cd-6583-4a3a-a461-f8546073fd02,SUN,Sun Klosterstr.,Berlin,52.52943,13.19517,2.4,2.199,2.139,2.269,True
2026-10-10T16:42:41+00:00,905d4775-754e-4b38-baca-89c98fad1d1a,Sprint,Sprint Berlin Ruhlebener Str.,Berlin,52.529285,13.20718,2.9,2.169,2.109,2.269,True
2026-10-10T16:44:11+00:00,cebbe420-bcf3-4db8-9099-c52b783e2158,ESSO,Esso Tankstelle,BERLIN,52.549044,13.17897,0,2.209,2.149,2.279,True
2026-10-10T16:44:11+00:00,7347dd32-bfa1-470a-a6ee-2a2c95ad9af5,ARAL,Aral Tankstelle,Berlin,52.542747,13.199304,1.5,2.219,2.159,2.279,True
2026-10-10T16:44:11+00:00,9f07b69b-4b15-4852-9c60-5d293c6cadc5,Sprint,Sprint Berlin Seegefelder Str.,Berlin,52.536163,13.191189,1.6,2.169,2.109,2.269,True
2026-10-10T16:44:11+00:00,005056ba-7cb6-1ed2-bceb-641db1c24d1d,STAR,star Tankstelle,Berlin,52.534388,13.184014,1.7,2.199,2.139,2.269,True
2026-10-10T16:44:11+00:00,51d4b471-a095-1aa0-e100-80009459e03a,JET,JET BERLIN BRUNSBUETTELER DAMM 87-89,BERLIN,52.53379,13.18503,1.7,2.169,2.109,2.269,True
2026-10-10T16:44:11+00:00,d590310c-e209-46b2-bfe7-dacc6148e1f1,TotalEnergies,TotalEnergies Berlin,Berlin,52.55424,13.207408,2,2.209,2.149,2.279,True
2026-10-10T16:44:11+00:00,5d8c8a4c-bce7-4d28-ae12-0d61a971c5cc,Shell,Shell Berlin Streitstr. 19,Berlin,52.558899,13.208409,2.3,2.209,2.149,2.279,True
2026-10-10T16:44:11+00:00,057827cd-6583-4a3a-a461-f8546073fd02,SUN,Sun Klosterstr.,Berlin,52.52943,13.19517,2.4,2.199,2.139,2.269,True
2026-10-10T16:44:11+00:00,905d4775-754e-4b38-baca-89c98fad1d1a,Sprint,Sprint Berlin Ruhlebener Str.,Berlin,52.529285,13.20718,2.9,2.169,2.109,2.269,True
2026-10-10T16:45:42+00:00,cebbe420-bcf3-4db8-9099-c52b783e2158,ESSO,Esso Tankstelle,BERLIN,52.549044,13.17897,0,2.209,2.149,2.279,True
2026-10-10T16:45:42+00:00,7347dd32-bfa1-470a-a6ee-2a2c95ad9af5,ARAL,Aral Tankstelle,Berlin,52.542747,13.199304,1.5,2.219,2.159,2.279,True
2026-10-10T16:45:42+00:00,9f07b69b-4b15-4852-9c60-5d293c6cadc5,Sprint,Sprint Berlin Seegefelder Str.,Berlin,52.536163,13.191189,1.6,2.169,2.109,2.269,True
2026-10-10T16:45:42+00:00,005056ba-7cb6-1ed2-bceb-641db1c24d1d,STAR,star Tankstelle,Berlin,52.534388,13.184014,1.7,2.199,2.139,2.269,True
2026-10-10T16:45:42+00:00,51d4b471-a095-1aa0-e100-80009459e03a,JET,JET BERLIN BRUNSBUETTELER DAMM 87-89,BERLIN,52.53379,13.18503,1.7,2.169,2.109,2.269,True
2026-10-10T16:45:42+00:00,d590310c-e209-46b2-bfe7-dacc6148e1f1,TotalEnergies,TotalEnergies Berlin,Berlin,52.55424,13.207408,2,2.209,2.149,2.279,True
2026-10-10T16:45:42+00:00,5d8c8a4c-bce7-4d28-ae12-0d61a971c5cc,Shell,Shell Berlin Streitstr. 19,Berlin,52.558899,13.208409,2.3,2.209,2.149,2.279,True
2026-10-10T16:45:42+00:00,057827cd-6583-4a3a-a461-f8546073fd02,SUN,Sun Klosterstr.,Berlin,52.52943,13.19517,2.4,2.179,2.119,2.269,True
2026-10-10T16:45:42+00:00,905d4775-754e-4b38-baca-89c98fad1d1a,Sprint,Sprint Berlin Ruhlebener Str.,Berlin,52.529285,13.20718,2.9,2.169,2.109,2.269,True
2026-10-10T16:47:12+00:00,cebbe420-bcf3-4db8-9099-c52b783e2158,ESSO,Esso Tankstelle,BERLIN,52.549044,13.17897,0,2.189,2.129,2.279,True
2026-10-10T16:47:12+00:00,7347dd32-bfa1-470a-a6ee-2a2c95ad9af5,ARAL,Aral Tankstelle,Berlin,52.542747,13.199304,1.5,2.219,2.159,2.279,True
2026-10-10T16:47:12+00:00,9f07b69b-4b15-4852-9c60-5d293c6cadc5,Sprint,Sprint Berlin Seegefelder Str.,Berlin,52.536163,13.191189,1.6,2.169,2.109,2.269,True
2026-10-10T16:47:12+00:00,005056ba-7cb6-1ed2-bceb-641db1c24d1d,STAR,star Tankstelle,Berlin,52.534388,13.184014,1.7,2.199,2.139,2.269,True
2026-10-10T16:47:12+00:00,51d4b471-a095-1aa0-e100-80009459e03a,JET,JET BERLIN BRUNSBUETTELER DAMM 87-89,BERLIN,52.53379,13.18503,1.7,2.169,2.109,2.269,True
2026-10-10T16:47:12+00:00,d590310c-e209-46b2-bfe7-dacc6148e1f1,TotalEnergies,TotalEnergies Berlin,Berlin,52.55424,13.207408,2,2.199,2.139,2.279,True
2026-10-10T16:47:12+00:00,5d8c8a4c-bce7-4d28-ae12-0d61a971c5cc,Shell,Shell Berlin Streitstr. 19,Berlin,52.558899,13.208409,2.3,2.209,2.149,2.279,True
2026-10-10T16:47:12+00:00,057827cd-6583-4a3a-a461-f8546073fd02,SUN,Sun Klosterstr.,Berlin,52.52943,13.19517,2.4,2.179,2.119,2.269,True
2026-10-10T16:47:12+00:00,905d4775-754e-4b38-baca-89c98fad1d1a,Sprint,Sprint Berlin Ruhlebener Str.,Berlin,52.529285,13.20718,2.9,2.169,2.109,2.269,True
2026-10-10T16:48:43+00:00,cebbe420-bcf3-4db8-9099-c52b783e2158,ESSO,Esso Tankstelle,BERLIN,52.549044,13.17897,0,2.189,2.129,2.279,True
2026-10-10T16:48:43+00:00,7347dd32-bfa1-470a-a6ee-2a2c95ad9af5,ARAL,Aral Tankstelle,Berlin,52.542747,13.199304,1.5,2.219,2.159,2.279,True
2026-10-10T16:48:43+00:00,9f07b69b-4b15-4852-9c60-5d293c6cadc5,Sprint,Sprint Berlin Seegefelder Str.,Berlin,52.536163,13.191189,1.6,2.169,2.109,2.269,True
2026-10-10T16:48:43+00:00,005056ba-7cb6-1ed2-bceb-641db1c24d1d,STAR,star Tankstelle,Berlin,52.534388,13.184014,1.7,2.169,2.109,2.269,True
2026-10-10T16:48:43+00:00,51d4b471-a095-1aa0-e100-80009459e03a,JET,JET BERLIN BRUNSBUETTELER DAMM 87-89,BERLIN,52.53379,13.18503,1.7,2.169,2.109,2.269,True
2026-10-10T16:48:43+00:00,d590310c-e209-46b2-bfe7-dacc6148e1f1,TotalEnergies,TotalEnergies Berlin,Berlin,52.55424,13.207408,2,2.199,2.139,2.279,True
2026-10-10T16:48:43+00:00,5d8c8a4c-bce7-4d28-ae12-0d61a971c5cc,Shell,Shell Berlin Streitstr. 19,Berlin,52.558899,13.208409,2.3,2.209,2.149,2.279,True
2026-10-10T16:48:43+00:00,057827cd-6583-4a3a-a461-f8546073fd02,SUN,Sun Klosterstr.,Berlin,52.52943,13.19517,2.4,2.179,2.119,2.269,True
2026-10-10T16:48:43+00:00,905d4775-754e-4b38-baca-89c98fad1d1a,Sprint,Sprint Berlin Ruhlebener Str.,Berlin,52.529285,13.20718,2.9,2.169,2.109,2.259,True
2026-10-10T16:50:14+00:00,cebbe420-bcf3-4db8-9099-c52b783e2158,ESSO,Esso Tankstelle,BERLIN,52.549044,13.17897,0,2.189,2.129,2.279,True
2026-10-10T16:50:14+00:00,7347dd32-bfa1-470a-a6ee-2a2c95ad9af5,ARAL,Aral Tankstelle,Berlin,52.542747,13.199304,1.5,2.219,2.159,2.279,True
2026-10-10T16:50:14+00:00,9f07b69b-4b15-4852-9c60-5d293c6cadc5,Sprint,Sprint Berlin Seegefelder Str.,Berlin,52.536163,13.191189,1.6,2.169,2.109,2.269,True
2026-10-10T16:50:14+00:00,005056ba-7cb6-1ed2-bceb-641db1c24d1d,STAR,star Tankstelle,Berlin,52.534388,13.184014,1.7,2.169,2.109,2.269,True
2026-10-10T16:50:14+00:00,51d4b471-a095-1aa0-e100-80009459e03a,JET,JET BERLIN BRUNSBUETTELER DAMM 87-89,BERLIN,52.53379,13.18503,1.7,2.169,2.109,2.269,True
2026-10-10T16:50:14+00:00,d590310c-e209-46b2-bfe7-dacc6148e1f1,TotalEnergies,TotalEnergies Berlin,Berlin,52.55424,13.207408,2,2.199,2.139,2.279,True
2026-10-10T16:50:14+00:00,5d8c8a4c-bce7-4d28-ae12-0d61a971c5cc,Shell,Shell Berlin Streitstr. 19,Berlin,52.558899,13.208409,2.3,2.209,2.149,2.279,True
2026-10-10T16:50:14+00:00,057827cd-6583-4a3a-a461-f8546073fd02,SUN,Sun Klosterstr.,Berlin,52.52943,13.19517,2.4,2.169,2.109,2.269,True
2026-10-10T16:50:14+00:00,905d4775-754e-4b38-baca-89c98fad1d1a,Sprint,Sprint Berlin Ruhlebener Str.,Berlin,52.529285,13.20718,2.9,2.169,2.109,2.259,True
2026-10-10T16:51:44+00:00,cebbe420-bcf3-4db8-9099-c52b783e2158,ESSO,Esso Tankstelle,BERLIN,52.549044,13.17897,0,2.189,2.129,2.279,True
2026-10-10T16:51:44+00:00,7347dd32-bfa1-470a-a6ee-2a2c95ad9af5,ARAL,Aral Tankstelle,Berlin,52.542747,13.199304,1.5,2.219,2.159,2.279,True
2026-10-10T16:51:44+00:00,9f07b69b-4b15-4852-9c60-5d293c6cadc5,Sprint,Sprint Berlin Seegefelder Str.,Berlin,52.536163,13.191189,1.6,2.169,2.109,2.269,True
2026-10-10T16:51:44+00:00,005056ba-7cb6-1ed2-bceb-641db1c24d1d,STAR,star Tankstelle,Berlin,52.534388,13.184014,1.7,2.169,2.109,2.269,True
2026-10-10T16:51:44+00:00,51d4b471-a095-1aa0-e100-80009459e03a,JET,JET BERLIN BRUNSBUETTELER DAMM 87-89,BERLIN,52.53379,13.18503,1.7,2.169,2.109,2.259,True
2026-10-10T16:51:44+00:00,d590310c-e209-46b2-bfe7-dacc6148e1f1,TotalEnergies,TotalEnergies Berlin,Berlin,52.55424,13.207408,2,2.199,2.139,2.279,True
2026-10-10T16:51:44+00:00,5d8c8a4c-bce7-4d28-ae12-0d61a971c5cc,Shell,Shell Berlin Streitstr. 19,Berlin,52.558899,13.208409,2.3,2.209,2.149,2.279,True
2026-10-10T16:51:44+00:00,057827cd-6583-4a3a-a461-f8546073fd02,SUN,Sun Klosterstr.,Berlin,52.52943,13.19517,2.4,2.169,2.109,2.269,True
2026-10-10T16:51:44+00:00,905d4775-754e-4b38-baca-89c98fad1d1a,Sprint,Sprint Berlin Ruhlebener Str.,Berlin,52.529285,13.20718,2.9,2.169,2.109,2.259,True
2026-10-10T16:53:15+00:00,cebbe420-bcf3-4db8-9099-c52b783e2158,ESSO,Esso Tankstelle,BERLIN,52.549044,13.17897,0,2.189,2.129,2.279,True
2026-10-10T16:53:15+00:00,7347dd32-bfa1-470a-a6ee-2a2c95ad9af5,ARAL,Aral Tankstelle,Berlin,52.542747,13.199304,1.5,2.219,2.159,2.279,True
2026-10-10T16:53:15+00:00,9f07b69b-4b15-4852-9c60-5d293c6cadc5,Sprint,Sprint Berlin Seegefelder Str.,Berlin,52.536163,13.191189,1.6,2.169,2.109,2.269,True
2026-10-10T16:53:15+00:00,005056ba-7cb6-1ed2-bceb-641db1c24d1d,STAR,star Tankstelle,Berlin,52.534388,13.184014,1.7,2.169,2.109,2.269,True
2026-10-10T16:53:15+00:00,51d4b471-a095-1aa0-e100-80009459e03a,JET,JET BERLIN BRUNSBUETTELER DAMM 87-89,BERLIN,52.53379,13.18503,1.7,2.169,2.109,2.259,True
2026-10-10T16:53:15+00:00,d590310c-e209-46b2-bfe7-dacc6148e1f1,TotalEnergies,TotalEnergies Berlin,Berlin,52.55424,13.207408,2,2.199,2.139,2.279,True
2026-10-10T16:53:15+00:00,5d8c8a4c-bce7-4d28-ae12-0d61a971c5cc,Shell,Shell Berlin Streitstr. 19,Berlin,52.558899,13.208409,2.3,2.209,2.149,2.279,True
2026-10-10T16:53:15+00:00,057827cd-6583-4a3a-a461-f8546073fd02,SUN,Sun Klosterstr.,Berlin,52.52943,13.19517,2.4,2.169,2.109,2.269,True
2026-10-10T16:53:15+00:00,905d4775-754e-4b38-baca-89c98fad1d1a,Sprint,Sprint Berlin Ruhlebener Str.,Berlin,52.529285,13.20718,2.9,2.169,2.109,2.259,True
2026-10-10T16:54:46+00:00,cebbe420-bcf3-4db8-9099-c52b783e2158,ESSO,Esso Tankstelle,BERLIN,52.549044,13.17897,0,2.189,2.129,2.279,True
2026-10-10T16:54:46+00:00,7347dd32-bfa1-470a-a6ee-2a2c95ad9af5,ARAL,Aral Tankstelle,Berlin,52.542747,13.199304,1.5,2.219,2.159,2.279,True
2026-10-10T16:54:46+00:00,9f07b69b-4b15-4852-9c60-5d293c6cadc5,Sprint,Sprint Berlin Seegefelder Str.,Berlin,52.536163,13.191189,1.6,2.169,2.109,2.259,True
2026-10-10T16:54:46+00:00,005056ba-7cb6-1ed2-bceb-641db1c24d1d,STAR,star Tankstelle,Berlin,52.534388,13.184014,1.7,2.169,2.109,2.269,True
2026-10-10T16:54:46+00:00,51d4b471-a095-1aa0-e100-80009459e03a,JET,JET BERLIN BRUNSBUETTELER DAMM 87-89,BERLIN,52.53379,13.18503,1.7,2.169,2.109,2.259,True
2026-10-10T16:54:46+00:00,d590310c-e209-46b2-bfe7-dacc6148e1f1,TotalEnergies,TotalEnergies Berlin,Berlin,52.55424,13.207408,2,2.199,2.139,2.279,True
2026-10-10T16:54:46+00:00,5d8c8a4c-bce7-4d28-ae12-0d61a971c5cc,Shell,Shell Berlin Streitstr. 19,Berlin,52.558899,13.208409,2.3,2.209,2.149,2.279,True
2026-10-10T16:54:46+00:00,057827cd-6583-4a3a-a461-f8546073fd02,SUN,Sun Klosterstr.,Berlin,52.52943,13.19517,2.4,2.169,2.109,2.259,True
2026-10-10T16:54:46+00:00,905d4775-754e-4b38-baca-89c98fad1d1a,Sprint,Sprint Berlin Ruhlebener Str.,Berlin,52.529285,13.20718,2.9,2.169,2.109,2.259,True
2026-10-10T16:56:17+00:00,cebbe420-bcf3-4db8-9099-c52b783e2158,ESSO,Esso Tankstelle,BERLIN,52.549044,13.17897,0,2.189,2.129,2.279,True
2026-10-10T16:56:17+00:00,7347dd32-bfa1-470a-a6ee-2a2c95ad9af5,ARAL,Aral Tankstelle,Berlin,52.542747,13.199304,1.5,2.219,2.159,2.279,True
2026-10-10T16:56:17+00:00,9f07b69b-4b15-4852-9c60-5d293c6cadc5,Sprint,Sprint Berlin Seegefelder Str.,Berlin,52.536163,13.191189,1.6,2.169,2.109,2.259,True
2026-10-10T16:56:17+00:00,005056ba-7cb6-1ed2-bceb-641db1c24d1d,STAR,star Tankstelle,Berlin,52.534388,13.184014,1.7,2.169,2.109,2.269,True
2026-10-10T16:56:17+00:00,51d4b471-a095-1aa0-e100-80009459e03a,JET,JET BERLIN BRUNSBUETTELER DAMM 87-89,BERLIN,52.53379,13.18503,1.7,2.169,2.109,2.259,True
2026-10-10T16:56:17+00:00,d590310c-e209-46b2-bfe7-dacc6148e1f1,TotalEnergies,TotalEnergies Berlin,Berlin,52.55424,13.207408,2,2.199,2.139,2.279,True
2026-10-10T16:56:17+00:00,5d8c8a4c-bce7-4d28-ae12-0d61a971c5cc,Shell,Shell Berlin Streitstr. 19,Berlin,52.558899,13.208409,2.3,2.209,2.149,2.279,True
2026-10-10T16:56:17+00:00,057827cd-6583-4a3a-a461-f8546073fd02,SUN,Sun Klosterstr.,Berlin,52.52943,13.19517,2.4,2.169,2.109,2.259,True
2026-10-10T16:56:17+00:00,905d4775-754e-4b38-baca-89c98fad1d1a,Sprint,Sprint Berlin Ruhlebener Str.,Berlin,52.529285,13.20718,2.9,2.169,2.109,2.259,True
2026-10-10T16:57:47+00:00,cebbe420-bcf3-4db8-9099-c52b783e2158,ESSO,Esso Tankstelle,BERLIN,52.549044,13.17897,0,2.189,2.129,2.279,True
2026-10-10T16:57:47+00:00,7347dd32-bfa1-470a-a6ee-2a2c95ad9af5,ARAL,Aral Tankstelle,Berlin,52.542747,13.199304,1.5,2.219,2.159,2.279,True
2026-10-10T16:57:47+00:00,9f07b69b-4b15-4852-9c60-5d293c6cadc5,Sprint,Sprint Berlin Seegefelder Str.,Berlin,52.536163,13.191189,1.6,2.169,2.109,2.259,True
2026-10-10T16:57:47+00:00,005056ba-7cb6-1ed2-bceb-641db1c24d1d,STAR,star Tankstelle,Berlin,52.534388,13.184014,1.7,2.169,2.109,2.269,True
2026-10-10T16:57:47+00:00,51d4b471-a095-1aa0-e100-80009459e03a,JET,JET BERLIN BRUNSBUETTELER DAMM 87-89,BERLIN,52.53379,13.18503,1.7,2.169,2.109,2.259,True
2026-10-10T16:57:47+00:00,d590310c-e209-46b2-bfe7-dacc6148e1f1,TotalEnergies,TotalEnergies Berlin,Berlin,52.55424,13.207408,2,2.199,2.139,2.279,True
2026-10-10T16:57:47+00:00,5d8c8a4c-bce7-4d28-ae12-0d61a971c5cc,Shell,Shell Berlin Streitstr. 19,Berlin,52.558899,13.208409,2.3,2.209,2.149,2.279,True
2026-10-10T16:57:47+00:00,057827cd-6583-4a3a-a461-f8546073fd02,SUN,Sun Klosterstr.,Berlin,52.52943,13.19517,2.4,2.169,2.109,2.259,True
2026-10-10T16:57:47+00:00,905d4775-754e-4b38-baca-89c98fad1d1a,Sprint,Sprint Berlin Ruhlebener Str.,Berlin,52.529285,13.20718,2.9,2.169,2.109,2.259,True
2026-10-10T16:59:18+00:00,cebbe420-bcf3-4db8-9099-c52b783e2158,ESSO,Esso Tankstelle,BERLIN,52.549044,13.17897,0,2.189,2.129,2.279,True
2026-10-10T16:59:18+00:00,7347dd32-bfa1-470a-a6ee-2a2c95ad9af5,ARAL,Aral Tankstelle,Berlin,52.542747,13.199304,1.5,2.219,2.159,2.279,True
2026-10-10T16:59:18+00:00,9f07b69b-4b15-4852-9c60-5d293c6cadc5,Sprint,Sprint Berlin Seegefelder Str.,Berlin,52.536163,13.191189,1.6,2.169,2.109,2.259,True
2026-10-10T16:59:18+00:00,005056ba-7cb6-1ed2-bceb-641db1c24d1d,STAR,star Tankstelle,Berlin,52.534388,13.184014,1.7,2.169,2.109,2.269,True
2026-10-10T16:59:18+00:00,51d4b471-a095-1aa0-e100-80009459e03a,JET,JET BERLIN BRUNSBUETTELER DAMM 87-89,BERLIN,52.53379,13.18503,1.7,2.169,2.109,2.259,True
2026-10-10T16:59:18+00:00,d590310c-e209-46b2-bfe7-dacc6148e1f1,TotalEnergies,TotalEnergies Berlin,Berlin,52.55424,13.207408,2,2.199,2.139,2.279,True
2026-10-10T16:59:18+00:00,5d8c8a4c-bce7-4d28-ae12-0d61a971c5cc,Shell,Shell Berlin Streitstr. 19,Berlin,52.558899,13.208409,2.3,2.209,2.149,2.279,True
2026-10-10T16:59:18+00:00,057827cd-6583-4a3a-a461-f8546073fd02,SUN,Sun Klosterstr.,Berlin,52.52943,13.19517,2.4,2.169,2.109,2.259,True
2026-10-10T16:59:18+00:00,905d4775-754e-4b38-baca-89c98fad1d1a,Sprint,Sprint Berlin Ruhlebener Str.,Berlin,52.529285,13.20718,2.9,2.169,2.109,2.259,True
2026-10-10T17:00:49+00:00,cebbe420-bcf3-4db8-9099-c52b783e2158,ESSO,Esso Tankstelle,BERLIN,52.549044,13.17897,0,2.189,2.129,2.279,True
2026-10-10T17:00:49+00:00,7347dd32-bfa1-470a-a6ee-2a2c95ad9af5,ARAL,Aral Tankstelle,Berlin,52.542747,13.199304,1.5,2.219,2.159,2.279,True
2026-10-10T17:00:49+00:00,9f07b69b-4b15-4852-9c60-5d293c6cadc5,Sprint,Sprint Berlin Seegefelder Str.,Berlin,52.536163,13.191189,1.6,2.169,2.109,2.259,True
2026-10-10T17:00:49+00:00,005056ba-7cb6-1ed2-bceb-641db1c24d1d,STAR,star Tankstelle,Berlin,52.534388,13.184014,1.7,2.169,2.109,2.259,True
2026-10-10T17:00:49+00:00,51d4b471-a095-1aa0-e100-80009459e03a,JET,JET BERLIN BRUNSBUETTELER DAMM 87-89,BERLIN,52.53379,13.18503,1.7,2.169,2.109,2.259,True
2026-10-10T17:00:49+00:00,d590310c-e209-46b2-bfe7-dacc6148e1f1,TotalEnergies,TotalEnergies Berlin,Berlin,52.55424,13.207408,2,2.199,2.139,2.279,True
2026-10-10T17:00:49+00:00,5d8c8a4c-bce7-4d28-ae12-0d61a971c5cc,Shell,Shell Berlin Streitstr. 19,Berlin,52.558899,13.208409,2.3,2.209,2.149,2.279,True
2026-10-10T17:00:49+00:00,057827cd-6583-4a3a-a461-f8546073fd02,SUN,Sun Klosterstr.,Berlin,52.52943,13.19517,2.4,2.169,2.109,2.259,True
2026-10-10T17:00:49+00:00,905d4775-754e-4b38-baca-89c98fad1d1a,Sprint,Sprint Berlin Ruhlebener Str.,Berlin,52.529285,13.20718,2.9,2.159,2.099,2.239,True
2026-10-10T17:02:20+00:00,cebbe420-bcf3-4db8-9099-c52b783e2158,ESSO,Esso Tankstelle,BERLIN,52.549044,13.17897,0,2.189,2.129,2.279,True
2026-10-10T17:02:20+00:00,7347dd32-bfa1-470a-a6ee-2a2c95ad9af5,ARAL,Aral Tankstelle,Berlin,52.542747,13.199304,1.5,2.219,2.159,2.279,True
2026-10-10T17:02:20+00:00,9f07b69b-4b15-4852-9c60-5d293c6cadc5,Sprint,Sprint Berlin Seegefelder Str.,Berlin,52.536163,13.191189,1.6,2.169,2.109,2.259,True
2026-10-10T17:02:20+00:00,005056ba-7cb6-1ed2-bceb-641db1c24d1d,STAR,star Tankstelle,Berlin,52.534388,13.184014,1.7,2.169,2.109,2.259,True
2026-10-10T17:02:20+00:00,51d4b471-a095-1aa0-e100-80009459e03a,JET,JET BERLIN BRUNSBUETTELER DAMM 87-89,BERLIN,52.53379,13.18503,1.7,2.169,2.109,2.259,True
2026-10-10T17:02:20+00:00,d590310c-e209-46b2-bfe7-dacc6148e1f1,TotalEnergies,TotalEnergies Berlin,Berlin,52.55424,13.207408,2,2.199,2.139,2.279,True
2026-10-10T17:02:20+00:00,5d8c8a4c-bce7-4d28-ae12-0d61a971c5cc,Shell,Shell Berlin Streitstr. 19,Berlin,52.558899,13.208409,2.3,2.209,2.149,2.279,True
2026-10-10T17:02:20+00:00,057827cd-6583-4a3a-a461-f8546073fd02,SUN,Sun Klosterstr.,Berlin,52.52943,13.19517,2.4,2.169,2.109,2.259,True
2026-10-10T17:02:20+00:00,905d4775-754e-4b38-baca-89c98fad1d1a,Sprint,Sprint Berlin Ruhlebener Str.,Berlin,52.529285,13.20718,2.9,2.159,2.099,2.239,True
2026-10-10T17:03:51+00:00,cebbe420-bcf3-4db8-9099-c52b783e2158,ESSO,Esso Tankstelle,BERLIN,52.549044,13.17897,0,2.189,2.129,2.269,True
2026-10-10T17:03:51+00:00,7347dd32-bfa1-470a-a6ee-2a2c95ad9af5,ARAL,Aral Tankstelle,Berlin,52.542747,13.199304,1.5,2.219,2.159,2.279,True
2026-10-10T17:03:51+00:00,9f07b69b-4b15-4852-9c60-5d293c6cadc5,Sprint,Sprint Berlin Seegefelder Str.,Berlin,52.536163,13.191189,1.6,2.169,2.109,2.259,True
2026-10-10T17:03:51+00:00,005056ba-7cb6-1ed2-bceb-641db1c24d1d,STAR,star Tankstelle,Berlin,52.534388,13.184014,1.7,2.169,2.109,2.259,True
2026-10-10T17:03:51+00:00,51d4b471-a095-1aa0-e100-80009459e03a,JET,JET BERLIN BRUNSBUETTELER DAMM 87-89,BERLIN,52.53379,13.18503,1.7,2.169,2.109,2.259,True
2026-10-10T17:03:51+00:00,d590310c-e209-46b2-bfe7-dacc6148e1f1,TotalEnergies,TotalEnergies Berlin,Berlin,52.55424,13.207408,2,2.199,2.139,2.279,True
2026-10-10T17:03:51+00:00,5d8c8a4c-bce7-4d28-ae12-0d61a971c5cc,Shell,Shell Berlin Streitstr. 19,Berlin,52.558899,13.208409,2.3,2.209,2.149,2.279,True
2026-10-10T17:03:51+00:00,057827cd-6583-4a3a-a461-f8546073fd02,SUN,Sun Klosterstr.,Berlin,52.52943,13.19517,2.4,2.169,2.109,2.259,True
2026-10-10T17:03:51+00:00,905d4775-754e-4b38-baca-89c98fad1d1a,Sprint,Sprint Berlin Ruhlebener Str.,Berlin,52.529285,13.20718,2.9,2.159,2.099,2.239,True
2026-10-10T17:05:22+00:00,cebbe420-bcf3-4db8-9099-c52b783e2158,ESSO,Esso Tankstelle,BERLIN,52.549044,13.17897,0,2.189,2.129,2.269,True
2026-10-10T17:05:22+00:00,7347dd32-bfa1-470a-a6ee-2a2c95ad9af5,ARAL,Aral Tankstelle,Berlin,52.542747,13.199304,1.5,2.219,2.159,2.279,True
2026-10-10T17:05:22+00:00,9f07b69b-4b15-4852-9c60-5d293c6cadc5,Sprint,Sprint Berlin Seegefelder Str.,Berlin,52.536163,13.191189,1.6,2.169,2.109,2.259,True
2026-10-10T17:05:22+00:00,005056ba-7cb6-1ed2-bceb-641db1c24d1d,STAR,star Tankstelle,Berlin,52.534388,13.184014,1.7,2.169,2.109,2.259,True
2026-10-10T17:05:22+00:00,51d4b471-a095-1aa0-e100-80009459e03a,JET,JET BERLIN BRUNSBUETTELER DAMM 87-89,BERLIN,52.53379,13.18503,1.7,2.139,2.079,2.239,True
2026-10-10T17:05:22+00:00,d590310c-e209-46b2-bfe7-dacc6148e1f1,TotalEnergies,TotalEnergies Berlin,Berlin,52.55424,13.207408,2,2.199,2.139,2.279,True
2026-10-10T17:05:22+00:00,5d8c8a4c-bce7-4d28-ae12-0d61a971c5cc,Shell,Shell Berlin Streitstr. 19,Berlin,52.558899,13.208409,2.3,2.199,2.139,2.279,True
2026-10-10T17:05:22+00:00,057827cd-6583-4a3a-a461-f8546073fd02,SUN,Sun Klosterstr.,Berlin,52.52943,13.19517,2.4,2.169,2.109,2.259,True
2026-10-10T17:05:22+00:00,905d4775-754e-4b38-baca-89c98fad1d1a,Sprint,Sprint Berlin Ruhlebener Str.,Berlin,52.529285,13.20718,2.9,2.159,2.099,2.239,True
2026-10-10T17:06:56+00:00,cebbe420-bcf3-4db8-9099-c52b783e2158,ESSO,Esso Tankstelle,BERLIN,52.549044,13.17897,0,2.189,2.129,2.269,True
2026-10-10T17:06:56+00:00,7347dd32-bfa1-470a-a6ee-2a2c95ad9af5,ARAL,Aral Tankstelle,Berlin,52.542747,13.199304,1.5,2.219,2.159,2.279,True
2026-10-10T17:06:56+00:00,9f07b69b-4b15-4852-9c60-5d293c6cadc5,Sprint,Sprint Berlin Seegefelder Str.,Berlin,52.536163,13.191189,1.6,2.139,2.079,2.239,True
2026-10-10T17:06:56+00:00,005056ba-7cb6-1ed2-bceb-641db1c24d1d,STAR,star Tankstelle,Berlin,52.534388,13.184014,1.7,2.169,2.109,2.259,True
2026-10-10T17:06:56+00:00,51d4b471-a095-1aa0-e100-80009459e03a,JET,JET BERLIN BRUNSBUETTELER DAMM 87-89,BERLIN,52.53379,13.18503,1.7,2.139,2.079,2.239,True
2026-10-10T17:06:56+00:00,d590310c-e209-46b2-bfe7-dacc6148e1f1,TotalEnergies,TotalEnergies Berlin,Berlin,52.55424,13.207408,2,2.199,2.139,2.279,True
2026-10-10T17:06:56+00:00,5d8c8a4c-bce7-4d28-ae12-0d61a971c5cc,Shell,Shell Berlin Streitstr. 19,Berlin,52.558899,13.208409,2.3,2.199,2.139,2.279,True
2026-10-10T17:06:56+00:00,057827cd-6583-4a3a-a461-f8546073fd02,SUN,Sun Klosterstr.,Berlin,52.52943,13.19517,2.4,2.169,2.109,2.259,True
2026-10-10T17:06:56+00:00,905d4775-754e-4b38-baca-89c98fad1d1a,Sprint,Sprint Berlin Ruhlebener Str.,Berlin,52.529285,13.20718,2.9,2.149,2.089,2.239,True
2026-10-10T17:08:27+00:00,cebbe420-bcf3-4db8-9099-c52b783e2158,ESSO,Esso Tankstelle,BERLIN,52.549044,13.17897,0,2.189,2.129,2.269,True
2026-10-10T17:08:27+00:00,7347dd32-bfa1-470a-a6ee-2a2c95ad9af5,ARAL,Aral Tankstelle,Berlin,52.542747,13.199304,1.5,2.179,2.119,2.249,True
2026-10-10T17:08:27+00:00,9f07b69b-4b15-4852-9c60-5d293c6cadc5,Sprint,Sprint Berlin Seegefelder Str.,Berlin,52.536163,13.191189,1.6,2.139,2.079,2.239,True
2026-10-10T17:08:27+00:00,005056ba-7cb6-1ed2-bceb-641db1c24d1d,STAR,star Tankstelle,Berlin,52.534388,13.184014,1.7,2.169,2.109,2.259,True
2026-10-10T17:08:27+00:00,51d4b471-a095-1aa0-e100-80009459e03a,JET,JET BERLIN BRUNSBUETTELER DAMM 87-89,BERLIN,52.53379,13.18503,1.7,2.139,2.079,2.239,True
2026-10-10T17:08:27+00:00,d590310c-e209-46b2-bfe7-dacc6148e1f1,TotalEnergies,TotalEnergies Berlin,Berlin,52.55424,13.207408,2,2.169,2.109,2.249,True
2026-10-10T17:08:27+00:00,5d8c8a4c-bce7-4d28-ae12-0d61a971c5cc,Shell,Shell Berlin Streitstr. 19,Berlin,52.558899,13.208409,2.3,2.199,2.139,2.279,True
2026-10-10T17:08:27+00:00,057827cd-6583-4a3a-a461-f8546073fd02,SUN,Sun Klosterstr.,Berlin,52.52943,13.19517,2.4,2.169,2.109,2.259,True
2026-10-10T17:08:27+00:00,905d4775-754e-4b38-baca-89c98fad1d1a,Sprint,Sprint Berlin Ruhlebener Str.,Berlin,52.529285,13.20718,2.9,2.149,2.089,2.239,True
2026-10-10T17:09:58+00:00,cebbe420-bcf3-4db8-9099-c52b783e2158,ESSO,Esso Tankstelle,BERLIN,52.549044,13.17897,0,2.189,2.129,2.269,True
2026-10-10T17:09:58+00:00,7347dd32-bfa1-470a-a6ee-2a2c95ad9af5,ARAL,Aral Tankstelle,Berlin,52.542747,13.199304,1.5,2.179,2.119,2.249,True
2026-10-10T17:09:58+00:00,9f07b69b-4b15-4852-9c60-5d293c6cadc5,Sprint,Sprint Berlin Seegefelder Str.,Berlin,52.536163,13.191189,1.6,2.139,2.079,2.239,True
2026-10-10T17:09:58+00:00,005056ba-7cb6-1ed2-bceb-641db1c24d1d,STAR,star Tankstelle,Berlin,52.534388,13.184014,1.7,2.169,2.109,2.259,True
2026-10-10T17:09:58+00:00,51d4b471-a095-1aa0-e100-80009459e03a,JET,JET BERLIN BRUNSBUETTELER DAMM 87-89,BERLIN,52.53379,13.18503,1.7,2.139,2.079,2.239,True
2026-10-10T17:09:58+00:00,d590310c-e209-46b2-bfe7-dacc6148e1f1,TotalEnergies,TotalEnergies Berlin,Berlin,52.55424,13.207408,2,2.169,2.109,2.249,True
2026-10-10T17:09:58+00:00,5d8c8a4c-bce7-4d28-ae12-0d61a971c5cc,Shell,Shell Berlin Streitstr. 19,Berlin,52.558899,13.208409,2.3,2.199,2.139,2.279,True
2026-10-10T17:09:58+00:00,057827cd-6583-4a3a-a461-f8546073fd02,SUN,Sun Klosterstr.,Berlin,52.52943,13.19517,2.4,2.159,2.099,2.239,True
2026-10-10T17:09:58+00:00,905d4775-754e-4b38-baca-89c98fad1d1a,Sprint,Sprint Berlin Ruhlebener Str.,Berlin,52.529285,13.20718,2.9,2.149,2.089,2.239,True
2026-10-10T17:11:29+00:00,cebbe420-bcf3-4db8-9099-c52b783e2158,ESSO,Esso Tankstelle,BERLIN,52.549044,13.17897,0,2.189,2.129,2.269,True
2026-10-10T17:11:29+00:00,7347dd32-bfa1-470a-a6ee-2a2c95ad9af5,ARAL,Aral Tankstelle,Berlin,52.542747,13.199304,1.5,2.179,2.119,2.249,True
2026-10-10T17:11:29+00:00,9f07b69b-4b15-4852-9c60-5d293c6cadc5,Sprint,Sprint Berlin Seegefelder Str.,Berlin,52.536163,13.191189,1.6,2.139,2.079,2.239,True
2026-10-10T17:11:29+00:00,005056ba-7cb6-1ed2-bceb-641db1c24d1d,STAR,star Tankstelle,Berlin,52.534388,13.184014,1.7,2.169,2.109,2.259,True
2026-10-10T17:11:29+00:00,51d4b471-a095-1aa0-e100-80009459e03a,JET,JET BERLIN BRUNSBUETTELER DAMM 87-89,BERLIN,52.53379,13.18503,1.7,2.139,2.079,2.239,True
2026-10-10T17:11:29+00:00,d590310c-e209-46b2-bfe7-dacc6148e1f1,TotalEnergies,TotalEnergies Berlin,Berlin,52.55424,13.207408,2,2.169,2.109,2.249,True
2026-10-10T17:11:29+00:00,5d8c8a4c-bce7-4d28-ae12-0d61a971c5cc,Shell,Shell Berlin Streitstr. 19,Berlin,52.558899,13.208409,2.3,2.199,2.139,2.279,True
2026-10-10T17:11:29+00:00,057827cd-6583-4a3a-a461-f8546073fd02,SUN,Sun Klosterstr.,Berlin,52.52943,13.19517,2.4,2.159,2.099,2.239,True
2026-10-10T17:11:29+00:00,905d4775-754e-4b38-baca-89c98fad1d1a,Sprint,Sprint Berlin Ruhlebener Str.,Berlin,52.529285,13.20718,2.9,2.149,2.089,2.239,True
2026-10-10T17:12:59+00:00,cebbe420-bcf3-4db8-9099-c52b783e2158,ESSO,Esso Tankstelle,BERLIN,52.549044,13.17897,0,2.189,2.129,2.269,True
2026-10-10T17:12:59+00:00,7347dd32-bfa1-470a-a6ee-2a2c95ad9af5,ARAL,Aral Tankstelle,Berlin,52.542747,13.199304,1.5,2.179,2.119,2.249,True
2026-10-10T17:12:59+00:00,9f07b69b-4b15-4852-9c60-5d293c6cadc5,Sprint,Sprint Berlin Seegefelder Str.,Berlin,52.536163,13.191189,1.6,2.139,2.079,2.239,True
2026-10-10T17:12:59+00:00,005056ba-7cb6-1ed2-bceb-641db1c24d1d,STAR,star Tankstelle,Berlin,52.534388,13.184014,1.7,2.159,2.099,2.239,True
2026-10-10T17:12:59+00:00,51d4b471-a095-1aa0-e100-80009459e03a,JET,JET BERLIN BRUNSBUETTELER DAMM 87-89,BERLIN,52.53379,13.18503,1.7,2.139,2.079,2.239,True
2026-10-10T17:12:59+00:00,d590310c-e209-46b2-bfe7-dacc6148e1f1,TotalEnergies,TotalEnergies Berlin,Berlin,52.55424,13.207408,2,2.169,2.109,2.249,True
2026-10-10T17:12:59+00:00,5d8c8a4c-bce7-4d28-ae12-0d61a971c5cc,Shell,Shell Berlin Streitstr. 19,Berlin,52.558899,13.208409,2.3,2.199,2.139,2.279,True
2026-10-10T17:12:59+00:00,057827cd-6583-4a3a-a461-f8546073fd02,SUN,Sun Klosterstr.,Berlin,52.52943,13.19517,2.4,2.159,2.099,2.239,True
2026-10-10T17:12:59+00:00,905d4775-754e-4b38-baca-89c98fad1d1a,Sprint,Sprint Berlin Ruhlebener Str.,Berlin,52.529285,13.20718,2.9,2.139,2.079,2.239,True
2026-10-10T17:14:30+00:00,cebbe420-bcf3-4db8-9099-c52b783e2158,ESSO,Esso Tankstelle,BERLIN,52.549044,13.17897,0,2.189,2.129,2.269,True
2026-10-10T17:14:30+00:00,7347dd32-bfa1-470a-a6ee-2a2c95ad9af5,ARAL,Aral Tankstelle,Berlin,52.542747,13.199304,1.5,2.179,2.119,2.249,True
2026-10-10T17:14:30+00:00,9f07b69b-4b15-4852-9c60-5d293c6cadc5,Sprint,Sprint Berlin Seegefelder Str.,Berlin,52.536163,13.191189,1.6,2.139,2.079,2.239,True
2026-10-10T17:14:30+00:00,005056ba-7cb6-1ed2-bceb-641db1c24d1d,STAR,star Tankstelle,Berlin,52.534388,13.184014,1.7,2.159,2.099,2.239,True
2026-10-10T17:14:30+00:00,51d4b471-a095-1aa0-e100-80009459e03a,JET,JET BERLIN BRUNSBUETTELER DAMM 87-89,BERLIN,52.53379,13.18503,1.7,2.139,2.079,2.239,True
2026-10-10T17:14:30+00:00,d590310c-e209-46b2-bfe7-dacc6148e1f1,TotalEnergies,TotalEnergies Berlin,Berlin,52.55424,13.207408,2,2.169,2.109,2.249,True
2026-10-10T17:14:30+00:00,5d8c8a4c-bce7-4d28-ae12-0d61a971c5cc,Shell,Shell Berlin Streitstr. 19,Berlin,52.558899,13.208409,2.3,2.199,2.139,2.279,True
2026-10-10T17:14:30+00:00,057827cd-6583-4a3a-a461-f8546073fd02,SUN,Sun Klosterstr.,Berlin,52.52943,13.19517,2.4,2.149,2.089,2.239,True
2026-10-10T17:14:30+00:00,905d4775-754e-4b38-baca-89c98fad1d1a,Sprint,Sprint Berlin Ruhlebener Str.,Berlin,52.529285,13.20718,2.9,2.139,2.079,2.239,True
2026-10-10T17:16:01+00:00,cebbe420-bcf3-4db8-9099-c52b783e2158,ESSO,Esso Tankstelle,BERLIN,52.549044,13.17897,0,2.189,2.129,2.269,True
2026-10-10T17:16:01+00:00,7347dd32-bfa1-470a-a6ee-2a2c95ad9af5,ARAL,Aral Tankstelle,Berlin,52.542747,13.199304,1.5,2.179,2.119,2.249,True
2026-10-10T17:16:01+00:00,9f07b69b-4b15-4852-9c60-5d293c6cadc5,Sprint,Sprint Berlin Seegefelder Str.,Berlin,52.536163,13.191189,1.6,2.139,2.079,2.239,True
2026-10-10T17:16:01+00:00,005056ba-7cb6-1ed2-bceb-641db1c24d1d,STAR,star Tankstelle,Berlin,52.534388,13.184014,1.7,2.159,2.099,2.239,True
2026-10-10T17:16:01+00:00,51d4b471-a095-1aa0-e100-80009459e03a,JET,JET BERLIN BRUNSBUETTELER DAMM 87-89,BERLIN,52.53379,13.18503,1.7,2.139,2.079,2.239,True
2026-10-10T17:16:01+00:00,d590310c-e209-46b2-bfe7-dacc6148e1f1,TotalEnergies,TotalEnergies Berlin,Berlin,52.55424,13.207408,2,2.169,2.109,2.249,True
2026-10-10T17:16:01+00:00,5d8c8a4c-bce7-4d28-ae12-0d61a971c5cc,Shell,Shell Berlin Streitstr. 19,Berlin,52.558899,13.208409,2.3,2.199,2.139,2.279,True
2026-10-10T17:16:01+00:00,057827cd-6583-4a3a-a461-f8546073fd02,SUN,Sun Klosterstr.,Berlin,52.52943,13.19517,2.4,2.149,2.089,2.239,True
2026-10-10T17:16:01+00:00,905d4775-754e-4b38-baca-89c98fad1d1a,Sprint,Sprint Berlin Ruhlebener Str.,Berlin,52.529285,13.20718,2.9,2.139,2.079,2.239,True
2026-10-10T17:17:32+00:00,cebbe420-bcf3-4db8-9099-c52b783e2158,ESSO,Esso Tankstelle,BERLIN,52.549044,13.17897,0,2.189,2.129,2.269,True
2026-10-10T17:17:32+00:00,7347dd32-bfa1-470a-a6ee-2a2c95ad9af5,ARAL,Aral Tankstelle,Berlin,52.542747,13.199304,1.5,2.179,2.119,2.249,True
2026-10-10T17:17:32+00:00,9f07b69b-4b15-4852-9c60-5d293c6cadc5,Sprint,Sprint Berlin Seegefelder Str.,Berlin,52.536163,13.191189,1.6,2.139,2.079,2.239,True
2026-10-10T17:17:32+00:00,005056ba-7cb6-1ed2-bceb-641db1c24d1d,STAR,star Tankstelle,Berlin,52.534388,13.184014,1.7,2.159,2.099,2.239,True
2026-10-10T17:17:32+00:00,51d4b471-a095-1aa0-e100-80009459e03a,JET,JET BERLIN BRUNSBUETTELER DAMM 87-89,BERLIN,52.53379,13.18503,1.7,2.139,2.079,2.239,True
2026-10-10T17:17:32+00:00,d590310c-e209-46b2-bfe7-dacc6148e1f1,TotalEnergies,TotalEnergies Berlin,Berlin,52.55424,13.207408,2,2.169,2.109,2.249,True
2026-10-10T17:17:32+00:00,5d8c8a4c-bce7-4d28-ae12-0d61a971c5cc,Shell,Shell Berlin Streitstr. 19,Berlin,52.558899,13.208409,2.3,2.199,2.139,2.279,True
2026-10-10T17:17:32+00:00,057827cd-6583-4a3a-a461-f8546073fd02,SUN,Sun Klosterstr.,Berlin,52.52943,13.19517,2.4,2.149,2.089,2.239,True
2026-10-10T17:17:32+00:00,905d4775-754e-4b38-baca-89c98fad1d1a,Sprint,Sprint Berlin Ruhlebener Str.,Berlin,52.529285,13.20718,2.9,2.139,2.079,2.239,True
2026-10-10T17:19:03+00:00,cebbe420-bcf3-4db8-9099-c52b783e2158,ESSO,Esso Tankstelle,BERLIN,52.549044,13.17897,0,2.159,2.099,2.249,True
2026-10-10T17:19:03+00:00,7347dd32-bfa1-470a-a6ee-2a2c95ad9af5,ARAL,Aral Tankstelle,Berlin,52.542747,13.199304,1.5,2.179,2.119,2.249,True
2026-10-10T17:19:03+00:00,9f07b69b-4b15-4852-9c60-5d293c6cadc5,Sprint,Sprint Berlin Seegefelder Str.,Berlin,52.536163,13.191189,1.6,2.139,2.079,2.239,True
2026-10-10T17:19:03+00:00,005056ba-7cb6-1ed2-bceb-641db1c24d1d,STAR,star Tankstelle,Berlin,52.534388,13.184014,1.7,2.139,2.079,2.239,True
2026-10-10T17:19:03+00:00,51d4b471-a095-1aa0-e100-80009459e03a,JET,JET BERLIN BRUNSBUETTELER DAMM 87-89,BERLIN,52.53379,13.18503,1.7,2.139,2.079,2.239,True
2026-10-10T17:19:03+00:00,d590310c-e209-46b2-bfe7-dacc6148e1f1,TotalEnergies,TotalEnergies Berlin,Berlin,52.55424,13.207408,2,2.169,2.109,2.249,True
2026-10-10T17:19:03+00:00,5d8c8a4c-bce7-4d28-ae12-0d61a971c5cc,Shell,Shell Berlin Streitstr. 19,Berlin,52.558899,13.208409,2.3,2.199,2.139,2.279,True
2026-10-10T17:19:03+00:00,057827cd-6583-4a3a-a461-f8546073fd02,SUN,Sun Klosterstr.,Berlin,52.52943,13.19517,2.4,2.139,2.079,2.239,True
2026-10-10T17:19:03+00:00,905d4775-754e-4b38-baca-89c98fad1d1a,Sprint,Sprint Berlin Ruhlebener Str.,Berlin,52.529285,13.20718,2.9,2.139,2.079,2.239,True
2026-10-10T17:20:33+00:00,cebbe420-bcf3-4db8-9099-c52b783e2158,ESSO,Esso Tankstelle,BERLIN,52.549044,13.17897,0,2.159,2.099,2.249,True
2026-10-10T17:20:33+00:00,7347dd32-bfa1-470a-a6ee-2a2c95ad9af5,ARAL,Aral Tankstelle,Berlin,52.542747,13.199304,1.5,2.179,2.119,2.249,True
2026-10-10T17:20:33+00:00,9f07b69b-4b15-4852-9c60-5d293c6cadc5,Sprint,Sprint Berlin Seegefelder Str.,Berlin,52.536163,13.191189,1.6,2.139,2.079,2.239,True
2026-10-10T17:20:33+00:00,005056ba-7cb6-1ed2-bceb-641db1c24d1d,STAR,star Tankstelle,Berlin,52.534388,13.184014,1.7,2.139,2.079,2.239,True
2026-10-10T17:20:33+00:00,51d4b471-a095-1aa0-e100-80009459e03a,JET,JET BERLIN BRUNSBUETTELER DAMM 87-89,BERLIN,52.53379,13.18503,1.7,2.139,2.079,2.239,True
2026-10-10T17:20:33+00:00,d590310c-e209-46b2-bfe7-dacc6148e1f1,TotalEnergies,TotalEnergies Berlin,Berlin,52.55424,13.207408,2,2.169,2.109,2.249,True
2026-10-10T17:20:33+00:00,5d8c8a4c-bce7-4d28-ae12-0d61a971c5cc,Shell,Shell Berlin Streitstr. 19,Berlin,52.558899,13.208409,2.3,2.199,2.139,2.279,True
2026-10-10T17:20:33+00:00,057827cd-6583-4a3a-a461-f8546073fd02,SUN,Sun Klosterstr.,Berlin,52.52943,13.19517,2.4,2.139,2.079,2.239,True
2026-10-10T17:20:33+00:00,905d4775-754e-4b38-baca-89c98fad1d1a,Sprint,Sprint Berlin Ruhlebener Str.,Berlin,52.529285,13.20718,2.9,2.139,2.079,2.239,True
2026-10-10T17:22:04+00:00,cebbe420-bcf3-4db8-9099-c52b783e2158,ESSO,Esso Tankstelle,BERLIN,52.549044,13.17897,0,2.159,2.099,2.249,True
2026-10-10T17:22:04+00:00,7347dd32-bfa1-470a-a6ee-2a2c95ad9af5,ARAL,Aral Tankstelle,Berlin,52.542747,13.199304,1.5,2.179,2.119,2.249,True
2026-10-10T17:22:04+00:00,9f07b69b-4b15-4852-9c60-5d293c6cadc5,Sprint,Sprint Berlin Seegefelder Str.,Berlin,52.536163,13.191189,1.6,2.139,2.079,2.239,True
2026-10-10T17:22:04+00:00,005056ba-7cb6-1ed2-bceb-641db1c24d1d,STAR,star Tankstelle,Berlin,52.534388,13.184014,1.7,2.139,2.079,2.239,True
2026-10-10T17:22:04+00:00,51d4b471-a095-1aa0-e100-80009459e03a,JET,JET BERLIN BRUNSBUETTELER DAMM 87-89,BERLIN,52.53379,13.18503,1.7,2.139,2.079,2.239,True
2026-10-10T17:22:04+00:00,d590310c-e209-46b2-bfe7-dacc6148e1f1,TotalEnergies,TotalEnergies Berlin,Berlin,52.55424,13.207408,2,2.169,2.109,2.249,True
2026-10-10T17:22:04+00:00,5d8c8a4c-bce7-4d28-ae12-0d61a971c5cc,Shell,Shell Berlin Streitstr. 19,Berlin,52.558899,13.208409,2.3,2.199,2.139,2.279,True
2026-10-10T17:22:04+00:00,057827cd-6583-4a3a-a461-f8546073fd02,SUN,Sun Klosterstr.,Berlin,52.52943,13.19517,2.4,2.139,2.079,2.239,True
2026-10-10T17:22:04+00:00,905d4775-754e-4b38-baca-89c98fad1d1a,Sprint,Sprint Berlin Ruhlebener Str.,Berlin,52.529285,13.20718,2.9,2.139,2.079,2.239,True
2026-10-10T17:23:35+00:00,cebbe420-bcf3-4db8-9099-c52b783e2158,ESSO,Esso Tankstelle,BERLIN,52.549044,13.17897,0,2.159,2.099,2.249,True
2026-10-10T17:23:35+00:00,7347dd32-bfa1-470a-a6ee-2a2c95ad9af5,ARAL,Aral Tankstelle,Berlin,52.542747,13.199304,1.5,2.179,2.119,2.249,True
2026-10-10T17:23:35+00:00,9f07b69b-4b15-4852-9c60-5d293c6cadc5,Sprint,Sprint Berlin Seegefelder Str.,Berlin,52.536163,13.191189,1.6,2.139,2.079,2.239,True
2026-10-10T17:23:35+00:00,005056ba-7cb6-1ed2-bceb-641db1c24d1d,STAR,star Tankstelle,Berlin,52.534388,13.184014,1.7,2.139,2.079,2.239,True
2026-10-10T17:23:35+00:00,51d4b471-a095-1aa0-e100-80009459e03a,JET,JET BERLIN BRUNSBUETTELER DAMM 87-89,BERLIN,52.53379,13.18503,1.7,2.139,2.079,2.239,True
2026-10-10T17:23:35+00:00,d590310c-e209-46b2-bfe7-dacc6148e1f1,TotalEnergies,TotalEnergies Berlin,Berlin,52.55424,13.207408,2,2.169,2.109,2.249,True
2026-10-10T17:23:35+00:00,5d8c8a4c-bce7-4d28-ae12-0d61a971c5cc,Shell,Shell Berlin Streitstr. 19,Berlin,52.558899,13.208409,2.3,2.199,2.139,2.279,True
2026-10-10T17:23:35+00:00,057827cd-6583-4a3a-a461-f8546073fd02,SUN,Sun Klosterstr.,Berlin,52.52943,13.19517,2.4,2.139,2.079,2.239,True
2026-10-10T17:23:35+00:00,905d4775-754e-4b38-baca-89c98fad1d1a,Sprint,Sprint Berlin Ruhlebener Str.,Berlin,52.529285,13.20718,2.9,2.139,2.079,2.239,True
2026-10-10T17:25:05+00:00,cebbe420-bcf3-4db8-9099-c52b783e2158,ESSO,Esso Tankstelle,BERLIN,52.549044,13.17897,0,2.159,2.099,2.249,True
2026-10-10T17:25:05+00:00,7347dd32-bfa1-470a-a6ee-2a2c95ad9af5,ARAL,Aral Tankstelle,Berlin,52.542747,13.199304,1.5,2.179,2.119,2.249,True
2026-10-10T17:25:05+00:00,9f07b69b-4b15-4852-9c60-5d293c6cadc5,Sprint,Sprint Berlin Seegefelder Str.,Berlin,52.536163,13.191189,1.6,2.139,2.079,2.239,True
2026-10-10T17:25:05+00:00,005056ba-7cb6-1ed2-bceb-641db1c24d1d,STAR,star Tankstelle,Berlin,52.534388,13.184014,1.7,2.139,2.079,2.239,True
2026-10-10T17:25:05+00:00,51d4b471-a095-1aa0-e100-80009459e03a,JET,JET BERLIN BRUNSBUETTELER DAMM 87-89,BERLIN,52.53379,13.18503,1.7,2.139,2.079,2.239,True
2026-10-10T17:25:05+00:00,d590310c-e209-46b2-bfe7-dacc6148e1f1,TotalEnergies,TotalEnergies Berlin,Berlin,52.55424,13.207408,2,2.169,2.109,2.249,True
2026-10-10T17:25:05+00:00,5d8c8a4c-bce7-4d28-ae12-0d61a971c5cc,Shell,Shell Berlin Streitstr. 19,Berlin,52.558899,13.208409,2.3,2.199,2.139,2.279,True
2026-10-10T17:25:05+00:00,057827cd-6583-4a3a-a461-f8546073fd02,SUN,Sun Klosterstr.,Berlin,52.52943,13.19517,2.4,2.139,2.079,2.239,True
2026-10-10T17:25:05+00:00,905d4775-754e-4b38-baca-89c98fad1d1a,Sprint,Sprint Berlin Ruhlebener Str.,Berlin,52.529285,13.20718,2.9,2.139,2.079,2.239,True
2026-10-10T17:26:36+00:00,cebbe420-bcf3-4db8-9099-c52b783e2158,ESSO,Esso Tankstelle,BERLIN,52.549044,13.17897,0,2.159,2.099,2.249,True
2026-10-10T17:26:36+00:00,7347dd32-bfa1-470a-a6ee-2a2c95ad9af5,ARAL,Aral Tankstelle,Berlin,52.542747,13.199304,1.5,2.179,2.119,2.249,True
2026-10-10T17:26:36+00:00,9f07b69b-4b15-4852-9c60-5d293c6cadc5,Sprint,Sprint Berlin Seegefelder Str.,Berlin,52.536163,13.191189,1.6,2.139,2.079,2.239,True
2026-10-10T17:26:36+00:00,005056ba-7cb6-1ed2-bceb-641db1c24d1d,STAR,star Tankstelle,Berlin,52.534388,13.184014,1.7,2.139,2.079,2.239,True
2026-10-10T17:26:36+00:00,51d4b471-a095-1aa0-e100-80009459e03a,JET,JET BERLIN BRUNSBUETTELER DAMM 87-89,BERLIN,52.53379,13.18503,1.7,2.139,2.079,2.239,True
2026-10-10T17:26:36+00:00,d590310c-e209-46b2-bfe7-dacc6148e1f1,TotalEnergies,TotalEnergies Berlin,Berlin,52.55424,13.207408,2,2.169,2.109,2.249,True
2026-10-10T17:26:36+00:00,5d8c8a4c-bce7-4d28-ae12-0d61a971c5cc,Shell,Shell Berlin Streitstr. 19,Berlin,52.558899,13.208409,2.3,2.169,2.109,2.249,True
2026-10-10T17:26:36+00:00,057827cd-6583-4a3a-a461-f8546073fd02,SUN,Sun Klosterstr.,Berlin,52.52943,13.19517,2.4,2.139,2.079,2.239,True
2026-10-10T17:26:36+00:00,905d4775-754e-4b38-baca-89c98fad1d1a,Sprint,Sprint Berlin Ruhlebener Str.,Berlin,52.529285,13.20718,2.9,2.139,2.079,2.239,True
2026-10-10T17:28:07+00:00,cebbe420-bcf3-4db8-9099-c52b783e2158,ESSO,Esso Tankstelle,BERLIN,52.549044,13.17897,0,2.159,2.099,2.249,True
2026-10-10T17:28:07+00:00,7347dd32-bfa1-470a-a6ee-2a2c95ad9af5,ARAL,Aral Tankstelle,Berlin,52.542747,13.199304,1.5,2.179,2.119,2.249,True
2026-10-10T17:28:07+00:00,9f07b69b-4b15-4852-9c60-5d293c6cadc5,Sprint,Sprint Berlin Seegefelder Str.,Berlin,52.536163,13.191189,1.6,2.139,2.079,2.239,True
2026-10-10T17:28:07+00:00,005056ba-7cb6-1ed2-bceb-641db1c24d1d,STAR,star Tankstelle,Berlin,52.534388,13.184014,1.7,2.139,2.079,2.239,True
2026-10-10T17:28:07+00:00,51d4b471-a095-1aa0-e100-80009459e03a,JET,JET BERLIN BRUNSBUETTELER DAMM 87-89,BERLIN,52.53379,13.18503,1.7,2.139,2.079,2.239,True
2026-10-10T17:28:07+00:00,d590310c-e209-46b2-bfe7-dacc6148e1f1,TotalEnergies,TotalEnergies Berlin,Berlin,52.55424,13.207408,2,2.169,2.109,2.249,True
2026-10-10T17:28:07+00:00,5d8c8a4c-bce7-4d28-ae12-0d61a971c5cc,Shell,Shell Berlin Streitstr. 19,Berlin,52.558899,13.208409,2.3,2.169,2.109,2.249,True
2026-10-10T17:28:07+00:00,057827cd-6583-4a3a-a461-f8546073fd02,SUN,Sun Klosterstr.,Berlin,52.52943,13.19517,2.4,2.139,2.079,2.239,True
2026-10-10T17:28:07+00:00,905d4775-754e-4b38-baca-89c98fad1d1a,Sprint,Sprint Berlin Ruhlebener Str.,Berlin,52.529285,13.20718,2.9,2.139,2.079,2.239,True
2026-10-10T17:29:38+00:00,cebbe420-bcf3-4db8-9099-c52b783e2158,ESSO,Esso Tankstelle,BERLIN,52.549044,13.17897,0,2.159,2.099,2.249,True
2026-10-10T17:29:38+00:00,7347dd32-bfa1-470a-a6ee-2a2c95ad9af5,ARAL,Aral Tankstelle,Berlin,52.542747,13.199304,1.5,2.179,2.119,2.249,True
2026-10-10T17:29:38+00:00,9f07b69b-4b15-4852-9c60-5d293c6cadc5,Sprint,Sprint Berlin Seegefelder Str.,Berlin,52.536163,13.191189,1.6,2.139,2.079,2.239,True
2026-10-10T17:29:38+00:00,005056ba-7cb6-1ed2-bceb-641db1c24d1d,STAR,star Tankstelle,Berlin,52.534388,13.184014,1.7,2.139,2.079,2.239,True
2026-10-10T17:29:38+00:00,51d4b471-a095-1aa0-e100-80009459e03a,JET,JET BERLIN BRUNSBUETTELER DAMM 87-89,BERLIN,52.53379,13.18503,1.7,2.139,2.079,2.239,True
2026-10-10T17:29:38+00:00,d590310c-e209-46b2-bfe7-dacc6148e1f1,TotalEnergies,TotalEnergies Berlin,Berlin,52.55424,13.207408,2,2.169,2.109,2.249,True
2026-10-10T17:29:38+00:00,5d8c8a4c-bce7-4d28-ae12-0d61a971c5cc,Shell,Shell Berlin Streitstr. 19,Berlin,52.558899,13.208409,2.3,2.169,2.109,2.249,True
2026-10-10T17:29:38+00:00,057827cd-6583-4a3a-a461-f8546073fd02,SUN,Sun Klosterstr.,Berlin,52.52943,13.19517,2.4,2.139,2.079,2.239,True
2026-10-10T17:29:38+00:00,905d4775-754e-4b38-baca-89c98fad1d1a,Sprint,Sprint Berlin Ruhlebener Str.,Berlin,52.529285,13.20718,2.9,2.139,2.079,2.239,True
2026-10-10T17:31:08+00:00,cebbe420-bcf3-4db8-9099-c52b783e2158,ESSO,Esso Tankstelle,BERLIN,52.549044,13.17897,0,2.159,2.099,2.249,True
2026-10-10T17:31:08+00:00,7347dd32-bfa1-470a-a6ee-2a2c95ad9af5,ARAL,Aral Tankstelle,Berlin,52.542747,13.199304,1.5,2.179,2.119,2.249,True
2026-10-10T17:31:08+00:00,9f07b69b-4b15-4852-9c60-5d293c6cadc5,Sprint,Sprint Berlin Seegefelder Str.,Berlin,52.536163,13.191189,1.6,2.139,2.079,2.239,True
2026-10-10T17:31:08+00:00,005056ba-7cb6-1ed2-bceb-641db1c24d1d,STAR,star Tankstelle,Berlin,52.534388,13.184014,1.7,2.139,2.079,2.239,True
2026-10-10T17:31:08+00:00,51d4b471-a095-1aa0-e100-80009459e03a,JET,JET BERLIN BRUNSBUETTELER DAMM 87-89,BERLIN,52.53379,13.18503,1.7,2.139,2.079,2.239,True
2026-10-10T17:31:08+00:00,d590310c-e209-46b2-bfe7-dacc6148e1f1,TotalEnergies,TotalEnergies Berlin,Berlin,52.55424,13.207408,2,2.169,2.109,2.249,True
2026-10-10T17:31:08+00:00,5d8c8a4c-bce7-4d28-ae12-0d61a971c5cc,Shell,Shell Berlin Streitstr. 19,Berlin,52.558899,13.208409,2.3,2.169,2.109,2.249,True
2026-10-10T17:31:08+00:00,057827cd-6583-4a3a-a461-f8546073fd02,SUN,Sun Klosterstr.,Berlin,52.52943,13.19517,2.4,2.139,2.079,2.239,True
2026-10-10T17:31:08+00:00,905d4775-754e-4b38-baca-89c98fad1d1a,Sprint,Sprint Berlin Ruhlebener Str.,Berlin,52.529285,13.20718,2.9,2.139,2.079,2.239,True
2026-10-10T17:32:39+00:00,cebbe420-bcf3-4db8-9099-c52b783e2158,ESSO,Esso Tankstelle,BERLIN,52.549044,13.17897,0,2.159,2.099,2.249,True
2026-10-10T17:32:39+00:00,7347dd32-bfa1-470a-a6ee-2a2c95ad9af5,ARAL,Aral Tankstelle,Berlin,52.542747,13.199304,1.5,2.179,2.119,2.249,True
2026-10-10T17:32:39+00:00,9f07b69b-4b15-4852-9c60-5d293c6cadc5,Sprint,Sprint Berlin Seegefelder Str.,Berlin,52.536163,13.191189,1.6,2.139,2.079,2.239,True
2026-10-10T17:32:39+00:00,005056ba-7cb6-1ed2-bceb-641db1c24d1d,STAR,star Tankstelle,Berlin,52.534388,13.184014,1.7,2.139,2.079,2.239,True
2026-10-10T17:32:39+00:00,51d4b471-a095-1aa0-e100-80009459e03a,JET,JET BERLIN BRUNSBUETTELER DAMM 87-89,BERLIN,52.53379,13.18503,1.7,2.139,2.079,2.239,True
2026-10-10T17:32:39+00:00,d590310c-e209-46b2-bfe7-dacc6148e1f1,TotalEnergies,TotalEnergies Berlin,Berlin,52.55424,13.207408,2,2.169,2.109,2.249,True
2026-10-10T17:32:39+00:00,5d8c8a4c-bce7-4d28-ae12-0d61a971c5cc,Shell,Shell Berlin Streitstr. 19,Berlin,52.558899,13.208409,2.3,2.169,2.109,2.249,True
2026-10-10T17:32:39+00:00,057827cd-6583-4a3a-a461-f8546073fd02,SUN,Sun Klosterstr.,Berlin,52.52943,13.19517,2.4,2.139,2.079,2.239,True
2026-10-10T17:32:39+00:00,905d4775-754e-4b38-baca-89c98fad1d1a,Sprint,Sprint Berlin Ruhlebener Str.,Berlin,52.529285,13.20718,2.9,2.139,2.079,2.239,True
2026-10-10T17:34:10+00:00,cebbe420-bcf3-4db8-9099-c52b783e2158,ESSO,Esso Tankstelle,BERLIN,52.549044,13.17897,0,2.159,2.099,2.249,True
2026-10-10T17:34:10+00:00,7347dd32-bfa1-470a-a6ee-2a2c95ad9af5,ARAL,Aral Tankstelle,Berlin,52.542747,13.199304,1.5,2.179,2.119,2.249,True
2026-10-10T17:34:10+00:00,9f07b69b-4b15-4852-9c60-5d293c6cadc5,Sprint,Sprint Berlin Seegefelder Str.,Berlin,52.536163,13.191189,1.6,2.139,2.079,2.239,True
2026-10-10T17:34:10+00:00,005056ba-7cb6-1ed2-bceb-641db1c24d1d,STAR,star Tankstelle,Berlin,52.534388,13.184014,1.7,2.139,2.079,2.239,True
2026-10-10T17:34:10+00:00,51d4b471-a095-1aa0-e100-80009459e03a,JET,JET BERLIN BRUNSBUETTELER DAMM 87-89,BERLIN,52.53379,13.18503,1.7,2.139,2.079,2.239,True
2026-10-10T17:34:10+00:00,d590310c-e209-46b2-bfe7-dacc6148e1f1,TotalEnergies,TotalEnergies Berlin,Berlin,52.55424,13.207408,2,2.169,2.109,2.249,True
2026-10-10T17:34:10+00:00,5d8c8a4c-bce7-4d28-ae12-0d61a971c5cc,Shell,Shell Berlin Streitstr. 19,Berlin,52.558899,13.208409,2.3,2.169,2.109,2.249,True
2026-10-10T17:34:10+00:00,057827cd-6583-4a3a-a461-f8546073fd02,SUN,Sun Klosterstr.,Berlin,52.52943,13.19517,2.4,2.139,2.079,2.239,True
2026-10-10T17:34:10+00:00,905d4775-754e-4b38-baca-89c98fad1d1a,Sprint,Sprint Berlin Ruhlebener Str.,Berlin,52.529285,13.20718,2.9,2.139,2.079,2.239,True
2026-10-10T17:35:41+00:00,cebbe420-bcf3-4db8-9099-c52b783e2158,ESSO,Esso Tankstelle,BERLIN,52.549044,13.17897,0,2.159,2.099,2.249,True
2026-10-10T17:35:41+00:00,7347dd32-bfa1-470a-a6ee-2a2c95ad9af5,ARAL,Aral Tankstelle,Berlin,52.542747,13.199304,1.5,2.179,2.119,2.249,True
2026-10-10T17:35:41+00:00,9f07b69b-4b15-4852-9c60-5d293c6cadc5,Sprint,Sprint Berlin Seegefelder Str.,Berlin,52.536163,13.191189,1.6,2.139,2.079,2.239,True
2026-10-10T17:35:41+00:00,005056ba-7cb6-1ed2-bceb-641db1c24d1d,STAR,star Tankstelle,Berlin,52.534388,13.184014,1.7,2.139,2.079,2.239,True
2026-10-10T17:35:41+00:00,51d4b471-a095-1aa0-e100-80009459e03a,JET,JET BERLIN BRUNSBUETTELER DAMM 87-89,BERLIN,52.53379,13.18503,1.7,2.139,2.079,2.239,True
2026-10-10T17:35:41+00:00,d590310c-e209-46b2-bfe7-dacc6148e1f1,TotalEnergies,TotalEnergies Berlin,Berlin,52.55424,13.207408,2,2.169,2.109,2.249,True
2026-10-10T17:35:41+00:00,5d8c8a4c-bce7-4d28-ae12-0d61a971c5cc,Shell,Shell Berlin Streitstr. 19,Berlin,52.558899,13.208409,2.3,2.169,2.109,2.249,True
2026-10-10T17:35:41+00:00,057827cd-6583-4a3a-a461-f8546073fd02,SUN,Sun Klosterstr.,Berlin,52.52943,13.19517,2.4,2.139,2.079,2.239,True
2026-10-10T17:35:41+00:00,905d4775-754e-4b38-baca-89c98fad1d1a,Sprint,Sprint Berlin Ruhlebener Str.,Berlin,52.529285,13.20718,2.9,2.139,2.079,2.239,True
2026-10-10T17:37:12+00:00,cebbe420-bcf3-4db8-9099-c52b783e2158,ESSO,Esso Tankstelle,BERLIN,52.549044,13.17897,0,2.159,2.099,2.249,True
2026-10-10T17:37:12+00:00,7347dd32-bfa1-470a-a6ee-2a2c95ad9af5,ARAL,Aral Tankstelle,Berlin,52.542747,13.199304,1.5,2.179,2.119,2.249,True
2026-10-10T17:37:12+00:00,9f07b69b-4b15-4852-9c60-5d293c6cadc5,Sprint,Sprint Berlin Seegefelder Str.,Berlin,52.536163,13.191189,1.6,2.139,2.079,2.239,True
2026-10-10T17:37:12+00:00,005056ba-7cb6-1ed2-bceb-641db1c24d1d,STAR,star Tankstelle,Berlin,52.534388,13.184014,1.7,2.139,2.079,2.239,True
2026-10-10T17:37:12+00:00,51d4b471-a095-1aa0-e100-80009459e03a,JET,JET BERLIN BRUNSBUETTELER DAMM 87-89,BERLIN,52.53379,13.18503,1.7,2.139,2.079,2.239,True
2026-10-10T17:37:12+00:00,d590310c-e209-46b2-bfe7-dacc6148e1f1,TotalEnergies,TotalEnergies Berlin,Berlin,52.55424,13.207408,2,2.169,2.109,2.249,True
2026-10-10T17:37:12+00:00,5d8c8a4c-bce7-4d28-ae12-0d61a971c5cc,Shell,Shell Berlin Streitstr. 19,Berlin,52.558899,13.208409,2.3,2.169,2.109,2.249,True
2026-10-10T17:37:12+00:00,057827cd-6583-4a3a-a461-f8546073fd02,SUN,Sun Klosterstr.,Berlin,52.52943,13.19517,2.4,2.139,2.079,2.239,True
2026-10-10T17:37:12+00:00,905d4775-754e-4b38-baca-89c98fad1d1a,Sprint,Sprint Berlin Ruhlebener Str.,Berlin,52.529285,13.20718,2.9,2.139,2.079,2.239,True
2026-10-10T17:38:42+00:00,cebbe420-bcf3-4db8-9099-c52b783e2158,ESSO,Esso Tankstelle,BERLIN,52.549044,13.17897,0,2.159,2.099,2.249,True
2026-10-10T17:38:42+00:00,7347dd32-bfa1-470a-a6ee-2a2c95ad9af5,ARAL,Aral Tankstelle,Berlin,52.542747,13.199304,1.5,2.179,2.119,2.249,True
2026-10-10T17:38:42+00:00,9f07b69b-4b15-4852-9c60-5d293c6cadc5,Sprint,Sprint Berlin Seegefelder Str.,Berlin,52.536163,13.191189,1.6,2.139,2.079,2.239,True
2026-10-10T17:38:42+00:00,005056ba-7cb6-1ed2-bceb-641db1c24d1d,STAR,star Tankstelle,Berlin,52.534388,13.184014,1.7,2.139,2.079,2.239,True
2026-10-10T17:38:42+00:00,51d4b471-a095-1aa0-e100-80009459e03a,JET,JET BERLIN BRUNSBUETTELER DAMM 87-89,BERLIN,52.53379,13.18503,1.7,2.139,2.079,2.239,True
2026-10-10T17:38:42+00:00,d590310c-e209-46b2-bfe7-dacc6148e1f1,TotalEnergies,TotalEnergies Berlin,Berlin,52.55424,13.207408,2,2.169,2.109,2.249,True
2026-10-10T17:38:42+00:00,5d8c8a4c-bce7-4d28-ae12-0d61a971c5cc,Shell,Shell Berlin Streitstr. 19,Berlin,52.558899,13.208409,2.3,2.169,2.109,2.249,True
2026-10-10T17:38:42+00:00,057827cd-6583-4a3a-a461-f8546073fd02,SUN,Sun Klosterstr.,Berlin,52.52943,13.19517,2.4,2.139,2.079,2.239,True
2026-10-10T17:38:42+00:00,905d4775-754e-4b38-baca-89c98fad1d1a,Sprint,Sprint Berlin Ruhlebener Str.,Berlin,52.529285,13.20718,2.9,2.139,2.079,2.239,True
2026-10-10T17:40:14+00:00,cebbe420-bcf3-4db8-9099-c52b783e2158,ESSO,Esso Tankstelle,BERLIN,52.549044,13.17897,0,2.159,2.099,2.249,True
2026-10-10T17:40:14+00:00,7347dd32-bfa1-470a-a6ee-2a2c95ad9af5,ARAL,Aral Tankstelle,Berlin,52.542747,13.199304,1.5,2.179,2.119,2.249,True
2026-10-10T17:40:14+00:00,9f07b69b-4b15-4852-9c60-5d293c6cadc5,Sprint,Sprint Berlin Seegefelder Str.,Berlin,52.536163,13.191189,1.6,2.139,2.079,2.239,True
2026-10-10T17:40:14+00:00,005056ba-7cb6-1ed2-bceb-641db1c24d1d,STAR,star Tankstelle,Berlin,52.534388,13.184014,1.7,2.139,2.079,2.239,True
2026-10-10T17:40:14+00:00,51d4b471-a095-1aa0-e100-80009459e03a,JET,JET BERLIN BRUNSBUETTELER DAMM 87-89,BERLIN,52.53379,13.18503,1.7,2.139,2.079,2.239,True
2026-10-10T17:40:14+00:00,d590310c-e209-46b2-bfe7-dacc6148e1f1,TotalEnergies,TotalEnergies Berlin,Berlin,52.55424,13.207408,2,2.169,2.109,2.249,True
2026-10-10T17:40:14+00:00,5d8c8a4c-bce7-4d28-ae12-0d61a971c5cc,Shell,Shell Berlin Streitstr. 19,Berlin,52.558899,13.208409,2.3,2.169,2.109,2.249,True
2026-10-10T17:40:14+00:00,057827cd-6583-4a3a-a461-f8546073fd02,SUN,Sun Klosterstr.,Berlin,52.52943,13.19517,2.4,2.139,2.079,2.239,True
2026-10-10T17:40:14+00:00,905d4775-754e-4b38-baca-89c98fad1d1a,Sprint,Sprint Berlin Ruhlebener Str.,Berlin,52.529285,13.20718,2.9,2.139,2.079,2.239,True
2026-10-10T17:41:44+00:00,cebbe420-bcf3-4db8-9099-c52b783e2158,ESSO,Esso Tankstelle,BERLIN,52.549044,13.17897,0,2.159,2.099,2.249,True
2026-10-10T17:41:44+00:00,7347dd32-bfa1-470a-a6ee-2a2c95ad9af5,ARAL,Aral Tankstelle,Berlin,52.542747,13.199304,1.5,2.179,2.119,2.249,True
2026-10-10T17:41:44+00:00,9f07b69b-4b15-4852-9c60-5d293c6cadc5,Sprint,Sprint Berlin Seegefelder Str.,Berlin,52.536163,13.191189,1.6,2.139,2.079,2.239,True
2026-10-10T17:41:44+00:00,005056ba-7cb6-1ed2-bceb-641db1c24d1d,STAR,star Tankstelle,Berlin,52.534388,13.184014,1.7,2.139,2.079,2.239,True
2026-10-10T17:41:44+00:00,51d4b471-a095-1aa0-e100-80009459e03a,JET,JET BERLIN BRUNSBUETTELER DAMM 87-89,BERLIN,52.53379,13.18503,1.7,2.139,2.079,2.239,True
2026-10-10T17:41:44+00:00,d590310c-e209-46b2-bfe7-dacc6148e1f1,TotalEnergies,TotalEnergies Berlin,Berlin,52.55424,13.207408,2,2.169,2.109,2.249,True
2026-10-10T17:41:44+00:00,5d8c8a4c-bce7-4d28-ae12-0d61a971c5cc,Shell,Shell Berlin Streitstr. 19,Berlin,52.558899,13.208409,2.3,2.169,2.109,2.249,True
2026-10-10T17:41:44+00:00,057827cd-6583-4a3a-a461-f8546073fd02,SUN,Sun Klosterstr.,Berlin,52.52943,13.19517,2.4,2.139,2.079,2.239,True
2026-10-10T17:41:44+00:00,905d4775-754e-4b38-baca-89c98fad1d1a,Sprint,Sprint Berlin Ruhlebener Str.,Berlin,52.529285,13.20718,2.9,2.139,2.079,2.239,True
2026-10-10T17:43:15+00:00,cebbe420-bcf3-4db8-9099-c52b783e2158,ESSO,Esso Tankstelle,BERLIN,52.549044,13.17897,0,2.159,2.099,2.249,True
2026-10-10T17:43:15+00:00,7347dd32-bfa1-470a-a6ee-2a2c95ad9af5,ARAL,Aral Tankstelle,Berlin,52.542747,13.199304,1.5,2.179,2.119,2.249,True
2026-10-10T17:43:15+00:00,9f07b69b-4b15-4852-9c60-5d293c6cadc5,Sprint,Sprint Berlin Seegefelder Str.,Berlin,52.536163,13.191189,1.6,2.139,2.079,2.239,True
2026-10-10T17:43:15+00:00,005056ba-7cb6-1ed2-bceb-641db1c24d1d,STAR,star Tankstelle,Berlin,52.534388,13.184014,1.7,2.139,2.079,2.239,True
2026-10-10T17:43:15+00:00,51d4b471-a095-1aa0-e100-80009459e03a,JET,JET BERLIN BRUNSBUETTELER DAMM 87-89,BERLIN,52.53379,13.18503,1.7,2.139,2.079,2.239,True
2026-10-10T17:43:15+00:00,d590310c-e209-46b2-bfe7-dacc6148e1f1,TotalEnergies,TotalEnergies Berlin,Berlin,52.55424,13.207408,2,2.169,2.109,2.249,True
2026-10-10T17:43:15+00:00,5d8c8a4c-bce7-4d28-ae12-0d61a971c5cc,Shell,Shell Berlin Streitstr. 19,Berlin,52.558899,13.208409,2.3,2.169,2.109,2.249,True
2026-10-10T17:43:15+00:00,057827cd-6583-4a3a-a461-f8546073fd02,SUN,Sun Klosterstr.,Berlin,52.52943,13.19517,2.4,2.139,2.079,2.239,True
2026-10-10T17:43:15+00:00,905d4775-754e-4b38-baca-89c98fad1d1a,Sprint,Sprint Berlin Ruhlebener Str.,Berlin,52.529285,13.20718,2.9,2.139,2.079,2.239,True
2026-10-10T17:44:46+00:00,cebbe420-bcf3-4db8-9099-c52b783e2158,ESSO,Esso Tankstelle,BERLIN,52.549044,13.17897,0,2.159,2.099,2.249,True
2026-10-10T17:44:46+00:00,7347dd32-bfa1-470a-a6ee-2a2c95ad9af5,ARAL,Aral Tankstelle,Berlin,52.542747,13.199304,1.5,2.179,2.119,2.249,True
2026-10-10T17:44:46+00:00,9f07b69b-4b15-4852-9c60-5d293c6cadc5,Sprint,Sprint Berlin Seegefelder Str.,Berlin,52.536163,13.191189,1.6,2.139,2.079,2.239,True
2026-10-10T17:44:46+00:00,005056ba-7cb6-1ed2-bceb-641db1c24d1d,STAR,star Tankstelle,Berlin,52.534388,13.184014,1.7,2.139,2.079,2.239,True
2026-10-10T17:44:46+00:00,51d4b471-a095-1aa0-e100-80009459e03a,JET,JET BERLIN BRUNSBUETTELER DAMM 87-89,BERLIN,52.53379,13.18503,1.7,2.139,2.079,2.239,True
2026-10-10T17:44:46+00:00,d590310c-e209-46b2-bfe7-dacc6148e1f1,TotalEnergies,TotalEnergies Berlin,Berlin,52.55424,13.207408,2,2.169,2.109,2.249,True
2026-10-10T17:44:46+00:00,5d8c8a4c-bce7-4d28-ae12-0d61a971c5cc,Shell,Shell Berlin Streitstr. 19,Berlin,52.558899,13.208409,2.3,2.169,2.109,2.249,True
2026-10-10T17:44:46+00:00,057827cd-6583-4a3a-a461-f8546073fd02,SUN,Sun Klosterstr.,Berlin,52.52943,13.19517,2.4,2.139,2.079,2.239,True
2026-10-10T17:44:46+00:00,905d4775-754e-4b38-baca-89c98fad1d1a,Sprint,Sprint Berlin Ruhlebener Str.,Berlin,52.529285,13.20718,2.9,2.139,2.079,2.239,True
2026-10-10T17:46:16+00:00,cebbe420-bcf3-4db8-9099-c52b783e2158,ESSO,Esso Tankstelle,BERLIN,52.549044,13.17897,0,2.159,2.099,2.249,True
2026-10-10T17:46:16+00:00,7347dd32-bfa1-470a-a6ee-2a2c95ad9af5,ARAL,Aral Tankstelle,Berlin,52.542747,13.199304,1.5,2.179,2.119,2.249,True
2026-10-10T17:46:16+00:00,9f07b69b-4b15-4852-9c60-5d293c6cadc5,Sprint,Sprint Berlin Seegefelder Str.,Berlin,52.536163,13.191189,1.6,2.139,2.079,2.239,True
2026-10-10T17:46:16+00:00,005056ba-7cb6-1ed2-bceb-641db1c24d1d,STAR,star Tankstelle,Berlin,52.534388,13.184014,1.7,2.139,2.079,2.239,True
2026-10-10T17:46:16+00:00,51d4b471-a095-1aa0-e100-80009459e03a,JET,JET BERLIN BRUNSBUETTELER DAMM 87-89,BERLIN,52.53379,13.18503,1.7,2.139,2.079,2.239,True
2026-10-10T17:46:16+00:00,d590310c-e209-46b2-bfe7-dacc6148e1f1,TotalEnergies,TotalEnergies Berlin,Berlin,52.55424,13.207408,2,2.169,2.109,2.249,True
2026-10-10T17:46:16+00:00,5d8c8a4c-bce7-4d28-ae12-0d61a971c5cc,Shell,Shell Berlin Streitstr. 19,Berlin,52.558899,13.208409,2.3,2.169,2.109,2.249,True
2026-10-10T17:46:16+00:00,057827cd-6583-4a3a-a461-f8546073fd02,SUN,Sun Klosterstr.,Berlin,52.52943,13.19517,2.4,2.139,2.079,2.239,True
2026-10-10T17:46:16+00:00,905d4775-754e-4b38-baca-89c98fad1d1a,Sprint,Sprint Berlin Ruhlebener Str.,Berlin,52.529285,13.20718,2.9,2.139,2.079,2.239,True
2026-10-10T17:47:47+00:00,cebbe420-bcf3-4db8-9099-c52b783e2158,ESSO,Esso Tankstelle,BERLIN,52.549044,13.17897,0,2.159,2.099,2.249,True
2026-10-10T17:47:47+00:00,7347dd32-bfa1-470a-a6ee-2a2c95ad9af5,ARAL,Aral Tankstelle,Berlin,52.542747,13.199304,1.5,2.179,2.119,2.249,True
2026-10-10T17:47:47+00:00,9f07b69b-4b15-4852-9c60-5d293c6cadc5,Sprint,Sprint Berlin Seegefelder Str.,Berlin,52.536163,13.191189,1.6,2.139,2.079,2.239,True
2026-10-10T17:47:47+00:00,005056ba-7cb6-1ed2-bceb-641db1c24d1d,STAR,star Tankstelle,Berlin,52.534388,13.184014,1.7,2.139,2.079,2.239,True
2026-10-10T17:47:47+00:00,51d4b471-a095-1aa0-e100-80009459e03a,JET,JET BERLIN BRUNSBUETTELER DAMM 87-89,BERLIN,52.53379,13.18503,1.7,2.139,2.079,2.239,True
2026-10-10T17:47:47+00:00,d590310c-e209-46b2-bfe7-dacc6148e1f1,TotalEnergies,TotalEnergies Berlin,Berlin,52.55424,13.207408,2,2.169,2.109,2.249,True
2026-10-10T17:47:47+00:00,5d8c8a4c-bce7-4d28-ae12-0d61a971c5cc,Shell,Shell Berlin Streitstr. 19,Berlin,52.558899,13.208409,2.3,2.169,2.109,2.249,True
2026-10-10T17:47:47+00:00,057827cd-6583-4a3a-a461-f8546073fd02,SUN,Sun Klosterstr.,Berlin,52.52943,13.19517,2.4,2.139,2.079,2.239,True
2026-10-10T17:47:47+00:00,905d4775-754e-4b38-baca-89c98fad1d1a,Sprint,Sprint Berlin Ruhlebener Str.,Berlin,52.529285,13.20718,2.9,2.139,2.079,2.239,True
2026-10-10T17:49:18+00:00,cebbe420-bcf3-4db8-9099-c52b783e2158,ESSO,Esso Tankstelle,BERLIN,52.549044,13.17897,0,2.159,2.099,2.249,True
2026-10-10T17:49:18+00:00,7347dd32-bfa1-470a-a6ee-2a2c95ad9af5,ARAL,Aral Tankstelle,Berlin,52.542747,13.199304,1.5,2.179,2.119,2.249,True
2026-10-10T17:49:18+00:00,9f07b69b-4b15-4852-9c60-5d293c6cadc5,Sprint,Sprint Berlin Seegefelder Str.,Berlin,52.536163,13.191189,1.6,2.139,2.079,2.239,True
2026-10-10T17:49:18+00:00,005056ba-7cb6-1ed2-bceb-641db1c24d1d,STAR,star Tankstelle,Berlin,52.534388,13.184014,1.7,2.139,2.079,2.239,True
2026-10-10T17:49:18+00:00,51d4b471-a095-1aa0-e100-80009459e03a,JET,JET BERLIN BRUNSBUETTELER DAMM 87-89,BERLIN,52.53379,13.18503,1.7,2.139,2.079,2.239,True
2026-10-10T17:49:18+00:00,d590310c-e209-46b2-bfe7-dacc6148e1f1,TotalEnergies,TotalEnergies Berlin,Berlin,52.55424,13.207408,2,2.169,2.109,2.249,True
2026-10-10T17:49:18+00:00,5d8c8a4c-bce7-4d28-ae12-0d61a971c5cc,Shell,Shell Berlin Streitstr. 19,Berlin,52.558899,13.208409,2.3,2.169,2.109,2.249,True
2026-10-10T17:49:18+00:00,057827cd-6583-4a3a-a461-f8546073fd02,SUN,Sun Klosterstr.,Berlin,52.52943,13.19517,2.4,2.139,2.079,2.239,True
2026-10-10T17:49:18+00:00,905d4775-754e-4b38-baca-89c98fad1d1a,Sprint,Sprint Berlin Ruhlebener Str.,Berlin,52.529285,13.20718,2.9,2.139,2.079,2.239,True
2026-10-10T17:50:49+00:00,cebbe420-bcf3-4db8-9099-c52b783e2158,ESSO,Esso Tankstelle,BERLIN,52.549044,13.17897,0,2.159,2.099,2.249,True
2026-10-10T17:50:49+00:00,7347dd32-bfa1-470a-a6ee-2a2c95ad9af5,ARAL,Aral Tankstelle,Berlin,52.542747,13.199304,1.5,2.179,2.119,2.249,True
2026-10-10T17:50:49+00:00,9f07b69b-4b15-4852-9c60-5d293c6cadc5,Sprint,Sprint Berlin Seegefelder Str.,Berlin,52.536163,13.191189,1.6,2.139,2.079,2.239,True
2026-10-10T17:50:49+00:00,005056ba-7cb6-1ed2-bceb-641db1c24d1d,STAR,star Tankstelle,Berlin,52.534388,13.184014,1.7,2.139,2.079,2.239,True
2026-10-10T17:50:49+00:00,51d4b471-a095-1aa0-e100-80009459e03a,JET,JET BERLIN BRUNSBUETTELER DAMM 87-89,BERLIN,52.53379,13.18503,1.7,2.139,2.079,2.239,True
2026-10-10T17:50:49+00:00,d590310c-e209-46b2-bfe7-dacc6148e1f1,TotalEnergies,TotalEnergies Berlin,Berlin,52.55424,13.207408,2,2.149,2.089,2.249,True
2026-10-10T17:50:49+00:00,5d8c8a4c-bce7-4d28-ae12-0d61a971c5cc,Shell,Shell Berlin Streitstr. 19,Berlin,52.558899,13.208409,2.3,2.169,2.109,2.249,True
2026-10-10T17:50:49+00:00,057827cd-6583-4a3a-a461-f8546073fd02,SUN,Sun Klosterstr.,Berlin,52.52943,13.19517,2.4,2.139,2.079,2.239,True
2026-10-10T17:50:49+00:00,905d4775-754e-4b38-baca-89c98fad1d1a,Sprint,Sprint Berlin Ruhlebener Str.,Berlin,52.529285,13.20718,2.9,2.139,2.079,2.239,True
2026-10-10T17:52:19+00:00,cebbe420-bcf3-4db8-9099-c52b783e2158,ESSO,Esso Tankstelle,BERLIN,52.549044,13.17897,0,2.159,2.099,2.249,True
2026-10-10T17:52:19+00:00,7347dd32-bfa1-470a-a6ee-2a2c95ad9af5,ARAL,Aral Tankstelle,Berlin,52.542747,13.199304,1.5,2.179,2.119,2.249,True
2026-10-10T17:52:19+00:00,9f07b69b-4b15-4852-9c60-5d293c6cadc5,Sprint,Sprint Berlin Seegefelder Str.,Berlin,52.536163,13.191189,1.6,2.139,2.079,2.239,True
2026-10-10T17:52:19+00:00,005056ba-7cb6-1ed2-bceb-641db1c24d1d,STAR,star Tankstelle,Berlin,52.534388,13.184014,1.7,2.139,2.079,2.239,True
2026-10-10T17:52:19+00:00,51d4b471-a095-1aa0-e100-80009459e03a,JET,JET BERLIN BRUNSBUETTELER DAMM 87-89,BERLIN,52.53379,13.18503,1.7,2.139,2.079,2.239,True
2026-10-10T17:52:19+00:00,d590310c-e209-46b2-bfe7-dacc6148e1f1,TotalEnergies,TotalEnergies Berlin,Berlin,52.55424,13.207408,2,2.149,2.089,2.249,True
2026-10-10T17:52:19+00:00,5d8c8a4c-bce7-4d28-ae12-0d61a971c5cc,Shell,Shell Berlin Streitstr. 19,Berlin,52.558899,13.208409,2.3,2.169,2.109,2.249,True
2026-10-10T17:52:19+00:00,057827cd-6583-4a3a-a461-f8546073fd02,SUN,Sun Klosterstr.,Berlin,52.52943,13.19517,2.4,2.139,2.079,2.239,True
2026-10-10T17:52:19+00:00,905d4775-754e-4b38-baca-89c98fad1d1a,Sprint,Sprint Berlin Ruhlebener Str.,Berlin,52.529285,13.20718,2.9,2.139,2.079,2.239,True
2026-10-10T17:53:50+00:00,cebbe420-bcf3-4db8-9099-c52b783e2158,ESSO,Esso Tankstelle,BERLIN,52.549044,13.17897,0,2.159,2.099,2.249,True
2026-10-10T17:53:50+00:00,7347dd32-bfa1-470a-a6ee-2a2c95ad9af5,ARAL,Aral Tankstelle,Berlin,52.542747,13.199304,1.5,2.179,2.119,2.249,True
2026-10-10T17:53:50+00:00,9f07b69b-4b15-4852-9c60-5d293c6cadc5,Sprint,Sprint Berlin Seegefelder Str.,Berlin,52.536163,13.191189,1.6,2.139,2.079,2.239,True
2026-10-10T17:53:50+00:00,005056ba-7cb6-1ed2-bceb-641db1c24d1d,STAR,star Tankstelle,Berlin,52.534388,13.184014,1.7,2.139,2.079,2.239,True
2026-10-10T17:53:50+00:00,51d4b471-a095-1aa0-e100-80009459e03a,JET,JET BERLIN BRUNSBUETTELER DAMM 87-89,BERLIN,52.53379,13.18503,1.7,2.139,2.079,2.239,True
2026-10-10T17:53:50+00:00,d590310c-e209-46b2-bfe7-dacc6148e1f1,TotalEnergies,TotalEnergies Berlin,Berlin,52.55424,13.207408,2,2.149,2.089,2.249,True
2026-10-10T17:53:50+00:00,5d8c8a4c-bce7-4d28-ae12-0d61a971c5cc,Shell,Shell Berlin Streitstr. 19,Berlin,52.558899,13.208409,2.3,2.169,2.109,2.249,True
2026-10-10T17:53:50+00:00,057827cd-6583-4a3a-a461-f8546073fd02,SUN,Sun Klosterstr.,Berlin,52.52943,13.19517,2.4,2.139,2.079,2.239,True
2026-10-10T17:53:50+00:00,905d4775-754e-4b38-baca-89c98fad1d1a,Sprint,Sprint Berlin Ruhlebener Str.,Berlin,52.529285,13.20718,2.9,2.139,2.079,2.239,True
2026-10-10T17:55:21+00:00,cebbe420-bcf3-4db8-9099-c52b783e2158,ESSO,Esso Tankstelle,BERLIN,52.549044,13.17897,0,2.159,2.099,2.249,True
2026-10-10T17:55:21+00:00,7347dd32-bfa1-470a-a6ee-2a2c95ad9af5,ARAL,Aral Tankstelle,Berlin,52.542747,13.199304,1.5,2.179,2.119,2.249,True
2026-10-10T17:55:21+00:00,9f07b69b-4b15-4852-9c60-5d293c6cadc5,Sprint,Sprint Berlin Seegefelder Str.,Berlin,52.536163,13.191189,1.6,2.139,2.079,2.239,True
2026-10-10T17:55:21+00:00,005056ba-7cb6-1ed2-bceb-641db1c24d1d,STAR,star Tankstelle,Berlin,52.534388,13.184014,1.7,2.139,2.079,2.239,True
2026-10-10T17:55:21+00:00,51d4b471-a095-1aa0-e100-80009459e03a,JET,JET BERLIN BRUNSBUETTELER DAMM 87-89,BERLIN,52.53379,13.18503,1.7,2.139,2.079,2.239,True
2026-10-10T17:55:21+00:00,d590310c-e209-46b2-bfe7-dacc6148e1f1,TotalEnergies,TotalEnergies Berlin,Berlin,52.55424,13.207408,2,2.149,2.089,2.249,True
2026-10-10T17:55:21+00:00,5d8c8a4c-bce7-4d28-ae12-0d61a971c5cc,Shell,Shell Berlin Streitstr. 19,Berlin,52.558899,13.208409,2.3,2.169,2.109,2.249,True
2026-10-10T17:55:21+00:00,057827cd-6583-4a3a-a461-f8546073fd02,SUN,Sun Klosterstr.,Berlin,52.52943,13.19517,2.4,2.139,2.079,2.239,True
2026-10-10T17:55:21+00:00,905d4775-754e-4b38-baca-89c98fad1d1a,Sprint,Sprint Berlin Ruhlebener Str.,Berlin,52.529285,13.20718,2.9,2.139,2.079,2.239,True
2026-10-10T17:56:52+00:00,cebbe420-bcf3-4db8-9099-c52b783e2158,ESSO,Esso Tankstelle,BERLIN,52.549044,13.17897,0,2.159,2.099,2.249,True
2026-10-10T17:56:52+00:00,7347dd32-bfa1-470a-a6ee-2a2c95ad9af5,ARAL,Aral Tankstelle,Berlin,52.542747,13.199304,1.5,2.179,2.119,2.249,True
2026-10-10T17:56:52+00:00,9f07b69b-4b15-4852-9c60-5d293c6cadc5,Sprint,Sprint Berlin Seegefelder Str.,Berlin,52.536163,13.191189,1.6,2.139,2.079,2.239,True
2026-10-10T17:56:52+00:00,005056ba-7cb6-1ed2-bceb-641db1c24d1d,STAR,star Tankstelle,Berlin,52.534388,13.184014,1.7,2.139,2.079,2.239,True
2026-10-10T17:56:52+00:00,51d4b471-a095-1aa0-e100-80009459e03a,JET,JET BERLIN BRUNSBUETTELER DAMM 87-89,BERLIN,52.53379,13.18503,1.7,2.139,2.079,2.239,True
2026-10-10T17:56:52+00:00,d590310c-e209-46b2-bfe7-dacc6148e1f1,TotalEnergies,TotalEnergies Berlin,Berlin,52.55424,13.207408,2,2.149,2.089,2.249,True
2026-10-10T17:56:52+00:00,5d8c8a4c-bce7-4d28-ae12-0d61a971c5cc,Shell,Shell Berlin Streitstr. 19,Berlin,52.558899,13.208409,2.3,2.169,2.109,2.249,True
2026-10-10T17:56:52+00:00,057827cd-6583-4a3a-a461-f8546073fd02,SUN,Sun Klosterstr.,Berlin,52.52943,13.19517,2.4,2.139,2.079,2.239,True
2026-10-10T17:56:52+00:00,905d4775-754e-4b38-baca-89c98fad1d1a,Sprint,Sprint Berlin Ruhlebener Str.,Berlin,52.529285,13.20718,2.9,2.139,2.079,2.239,True
2026-10-10T17:58:22+00:00,cebbe420-bcf3-4db8-9099-c52b783e2158,ESSO,Esso Tankstelle,BERLIN,52.549044,13.17897,0,2.159,2.099,2.249,True
2026-10-10T17:58:22+00:00,7347dd32-bfa1-470a-a6ee-2a2c95ad9af5,ARAL,Aral Tankstelle,Berlin,52.542747,13.199304,1.5,2.179,2.119,2.249,True
2026-10-10T17:58:22+00:00,9f07b69b-4b15-4852-9c60-5d293c6cadc5,Sprint,Sprint Berlin Seegefelder Str.,Berlin,52.536163,13.191189,1.6,2.139,2.079,2.239,True
2026-10-10T17:58:22+00:00,005056ba-7cb6-1ed2-bceb-641db1c24d1d,STAR,star Tankstelle,Berlin,52.534388,13.184014,1.7,2.139,2.079,2.239,True
2026-10-10T17:58:22+00:00,51d4b471-a095-1aa0-e100-80009459e03a,JET,JET BERLIN BRUNSBUETTELER DAMM 87-89,BERLIN,52.53379,13.18503,1.7,2.139,2.079,2.239,True
2026-10-10T17:58:22+00:00,d590310c-e209-46b2-bfe7-dacc6148e1f1,TotalEnergies,TotalEnergies Berlin,Berlin,52.55424,13.207408,2,2.149,2.089,2.249,True
2026-10-10T17:58:22+00:00,5d8c8a4c-bce7-4d28-ae12-0d61a971c5cc,Shell,Shell Berlin Streitstr. 19,Berlin,52.558899,13.208409,2.3,2.169,2.109,2.249,True
2026-10-10T17:58:22+00:00,057827cd-6583-4a3a-a461-f8546073fd02,SUN,Sun Klosterstr.,Berlin,52.52943,13.19517,2.4,2.139,2.079,2.239,True
2026-10-10T17:58:22+00:00,905d4775-754e-4b38-baca-89c98fad1d1a,Sprint,Sprint Berlin Ruhlebener Str.,Berlin,52.529285,13.20718,2.9,2.139,2.079,2.239,True
2026-10-10T17:59:53+00:00,cebbe420-bcf3-4db8-9099-c52b783e2158,ESSO,Esso Tankstelle,BERLIN,52.549044,13.17897,0,2.159,2.099,2.249,True
2026-10-10T17:59:53+00:00,7347dd32-bfa1-470a-a6ee-2a2c95ad9af5,ARAL,Aral Tankstelle,Berlin,52.542747,13.199304,1.5,2.179,2.119,2.249,True
2026-10-10T17:59:53+00:00,9f07b69b-4b15-4852-9c60-5d293c6cadc5,Sprint,Sprint Berlin Seegefelder Str.,Berlin,52.536163,13.191189,1.6,2.139,2.079,2.239,True
2026-10-10T17:59:53+00:00,005056ba-7cb6-1ed2-bceb-641db1c24d1d,STAR,star Tankstelle,Berlin,52.534388,13.184014,1.7,2.139,2.079,2.239,True
2026-10-10T17:59:53+00:00,51d4b471-a095-1aa0-e100-80009459e03a,JET,JET BERLIN BRUNSBUETTELER DAMM 87-89,BERLIN,52.53379,13.18503,1.7,2.139,2.079,2.239,True
2026-10-10T17:59:53+00:00,d590310c-e209-46b2-bfe7-dacc6148e1f1,TotalEnergies,TotalEnergies Berlin,Berlin,52.55424,13.207408,2,2.149,2.089,2.249,True
2026-10-10T17:59:53+00:00,5d8c8a4c-bce7-4d28-ae12-0d61a971c5cc,Shell,Shell Berlin Streitstr. 19,Berlin,52.558899,13.208409,2.3,2.169,2.109,2.249,True
2026-10-10T17:59:53+00:00,057827cd-6583-4a3a-a461-f8546073fd02,SUN,Sun Klosterstr.,Berlin,52.52943,13.19517,2.4,2.139,2.079,2.239,True
2026-10-10T17:59:53+00:00,905d4775-754e-4b38-baca-89c98fad1d1a,Sprint,Sprint Berlin Ruhlebener Str.,Berlin,52.529285,13.20718,2.9,2.139,2.079,2.239,True
2026-10-10T18:01:24+00:00,cebbe420-bcf3-4db8-9099-c52b783e2158,ESSO,Esso Tankstelle,BERLIN,52.549044,13.17897,0,2.159,2.099,2.249,True
2026-10-10T18:01:24+00:00,7347dd32-bfa1-470a-a6ee-2a2c95ad9af5,ARAL,Aral Tankstelle,Berlin,52.542747,13.199304,1.5,2.179,2.119,2.249,True
2026-10-10T18:01:24+00:00,9f07b69b-4b15-4852-9c60-5d293c6cadc5,Sprint,Sprint Berlin Seegefelder Str.,Berlin,52.536163,13.191189,1.6,2.139,2.079,2.239,True
2026-10-10T18:01:24+00:00,005056ba-7cb6-1ed2-bceb-641db1c24d1d,STAR,star Tankstelle,Berlin,52.534388,13.184014,1.7,2.139,2.079,2.239,True
2026-10-10T18:01:24+00:00,51d4b471-a095-1aa0-e100-80009459e03a,JET,JET BERLIN BRUNSBUETTELER DAMM 87-89,BERLIN,52.53379,13.18503,1.7,2.139,2.079,2.239,True
2026-10-10T18:01:24+00:00,d590310c-e209-46b2-bfe7-dacc6148e1f1,TotalEnergies,TotalEnergies Berlin,Berlin,52.55424,13.207408,2,2.149,2.089,2.249,True
2026-10-10T18:01:24+00:00,5d8c8a4c-bce7-4d28-ae12-0d61a971c5cc,Shell,Shell Berlin Streitstr. 19,Berlin,52.558899,13.208409,2.3,2.169,2.109,2.249,True
2026-10-10T18:01:24+00:00,057827cd-6583-4a3a-a461-f8546073fd02,SUN,Sun Klosterstr.,Berlin,52.52943,13.19517,2.4,2.139,2.079,2.239,True
2026-10-10T18:01:24+00:00,905d4775-754e-4b38-baca-89c98fad1d1a,Sprint,Sprint Berlin Ruhlebener Str.,Berlin,52.529285,13.20718,2.9,2.139,2.079,2.239,True
2026-10-10T18:02:54+00:00,cebbe420-bcf3-4db8-9099-c52b783e2158,ESSO,Esso Tankstelle,BERLIN,52.549044,13.17897,0,2.159,2.099,2.249,True
2026-10-10T18:02:54+00:00,7347dd32-bfa1-470a-a6ee-2a2c95ad9af5,ARAL,Aral Tankstelle,Berlin,52.542747,13.199304,1.5,2.179,2.119,2.249,True
2026-10-10T18:02:54+00:00,9f07b69b-4b15-4852-9c60-5d293c6cadc5,Sprint,Sprint Berlin Seegefelder Str.,Berlin,52.536163,13.191189,1.6,2.139,2.079,2.239,True
2026-10-10T18:02:54+00:00,005056ba-7cb6-1ed2-bceb-641db1c24d1d,STAR,star Tankstelle,Berlin,52.534388,13.184014,1.7,2.139,2.079,2.239,True
2026-10-10T18:02:54+00:00,51d4b471-a095-1aa0-e100-80009459e03a,JET,JET BERLIN BRUNSBUETTELER DAMM 87-89,BERLIN,52.53379,13.18503,1.7,2.139,2.079,2.239,True
2026-10-10T18:02:54+00:00,d590310c-e209-46b2-bfe7-dacc6148e1f1,TotalEnergies,TotalEnergies Berlin,Berlin,52.55424,13.207408,2,2.149,2.089,2.249,True
2026-10-10T18:02:54+00:00,5d8c8a4c-bce7-4d28-ae12-0d61a971c5cc,Shell,Shell Berlin Streitstr. 19,Berlin,52.558899,13.208409,2.3,2.169,2.109,2.249,True
2026-10-10T18:02:54+00:00,057827cd-6583-4a3a-a461-f8546073fd02,SUN,Sun Klosterstr.,Berlin,52.52943,13.19517,2.4,2.139,2.079,2.239,True
2026-10-10T18:02:54+00:00,905d4775-754e-4b38-baca-89c98fad1d1a,Sprint,Sprint Berlin Ruhlebener Str.,Berlin,52.529285,13.20718,2.9,2.139,2.079,2.239,True
2026-10-10T18:04:25+00:00,cebbe420-bcf3-4db8-9099-c52b783e2158,ESSO,Esso Tankstelle,BERLIN,52.549044,13.17897,0,2.159,2.099,2.249,True
2026-10-10T18:04:25+00:00,7347dd32-bfa1-470a-a6ee-2a2c95ad9af5,ARAL,Aral Tankstelle,Berlin,52.542747,13.199304,1.5,2.179,2.119,2.249,True
2026-10-10T18:04:25+00:00,9f07b69b-4b15-4852-9c60-5d293c6cadc5,Sprint,Sprint Berlin Seegefelder Str.,Berlin,52.536163,13.191189,1.6,2.139,2.079,2.239,True
2026-10-10T18:04:25+00:00,005056ba-7cb6-1ed2-bceb-641db1c24d1d,STAR,star Tankstelle,Berlin,52.534388,13.184014,1.7,2.139,2.079,2.239,True
2026-10-10T18:04:25+00:00,51d4b471-a095-1aa0-e100-80009459e03a,JET,JET BERLIN BRUNSBUETTELER DAMM 87-89,BERLIN,52.53379,13.18503,1.7,2.139,2.079,2.239,True
2026-10-10T18:04:25+00:00,d590310c-e209-46b2-bfe7-dacc6148e1f1,TotalEnergies,TotalEnergies Berlin,Berlin,52.55424,13.207408,2,2.149,2.089,2.249,True
2026-10-10T18:04:25+00:00,5d8c8a4c-bce7-4d28-ae12-0d61a971c5cc,Shell,Shell Berlin Streitstr. 19,Berlin,52.558899,13.208409,2.3,2.169,2.109,2.249,True
2026-10-10T18:04:25+00:00,057827cd-6583-4a3a-a461-f8546073fd02,SUN,Sun Klosterstr.,Berlin,52.52943,13.19517,2.4,2.139,2.079,2.239,True
2026-10-10T18:04:25+00:00,905d4775-754e-4b38-baca-89c98fad1d1a,Sprint,Sprint Berlin Ruhlebener Str.,Berlin,52.529285,13.20718,2.9,2.139,2.079,2.239,True
2026-10-10T18:05:56+00:00,cebbe420-bcf3-4db8-9099-c52b783e2158,ESSO,Esso Tankstelle,BERLIN,52.549044,13.17897,0,2.159,2.099,2.249,True
2026-10-10T18:05:56+00:00,7347dd32-bfa1-470a-a6ee-2a2c95ad9af5,ARAL,Aral Tankstelle,Berlin,52.542747,13.199304,1.5,2.179,2.119,2.249,True
2026-10-10T18:05:56+00:00,9f07b69b-4b15-4852-9c60-5d293c6cadc5,Sprint,Sprint Berlin Seegefelder Str.,Berlin,52.536163,13.191189,1.6,2.139,2.079,2.239,True
2026-10-10T18:05:56+00:00,005056ba-7cb6-1ed2-bceb-641db1c24d1d,STAR,star Tankstelle,Berlin,52.534388,13.184014,1.7,2.139,2.079,2.239,True
2026-10-10T18:05:56+00:00,51d4b471-a095-1aa0-e100-80009459e03a,JET,JET BERLIN BRUNSBUETTELER DAMM 87-89,BERLIN,52.53379,13.18503,1.7,2.129,2.069,2.219,True
2026-10-10T18:05:56+00:00,d590310c-e209-46b2-bfe7-dacc6148e1f1,TotalEnergies,TotalEnergies Berlin,Berlin,52.55424,13.207408,2,2.149,2.089,2.249,True
2026-10-10T18:05:56+00:00,5d8c8a4c-bce7-4d28-ae12-0d61a971c5cc,Shell,Shell Berlin Streitstr. 19,Berlin,52.558899,13.208409,2.3,2.169,2.109,2.249,True
2026-10-10T18:05:56+00:00,057827cd-6583-4a3a-a461-f8546073fd02,SUN,Sun Klosterstr.,Berlin,52.52943,13.19517,2.4,2.139,2.079,2.239,True
2026-10-10T18:05:56+00:00,905d4775-754e-4b38-baca-89c98fad1d1a,Sprint,Sprint Berlin Ruhlebener Str.,Berlin,52.529285,13.20718,2.9,2.129,2.069,2.219,True
2026-10-10T18:07:26+00:00,cebbe420-bcf3-4db8-9099-c52b783e2158,ESSO,Esso Tankstelle,BERLIN,52.549044,13.17897,0,2.159,2.099,2.249,True
2026-10-10T18:07:26+00:00,7347dd32-bfa1-470a-a6ee-2a2c95ad9af5,ARAL,Aral Tankstelle,Berlin,52.542747,13.199304,1.5,2.179,2.119,2.249,True
2026-10-10T18:07:26+00:00,9f07b69b-4b15-4852-9c60-5d293c6cadc5,Sprint,Sprint Berlin Seegefelder Str.,Berlin,52.536163,13.191189,1.6,2.139,2.079,2.239,True
2026-10-10T18:07:26+00:00,005056ba-7cb6-1ed2-bceb-641db1c24d1d,STAR,star Tankstelle,Berlin,52.534388,13.184014,1.7,2.139,2.079,2.239,True
2026-10-10T18:07:26+00:00,51d4b471-a095-1aa0-e100-80009459e03a,JET,JET BERLIN BRUNSBUETTELER DAMM 87-89,BERLIN,52.53379,13.18503,1.7,2.129,2.069,2.219,True
2026-10-10T18:07:26+00:00,d590310c-e209-46b2-bfe7-dacc6148e1f1,TotalEnergies,TotalEnergies Berlin,Berlin,52.55424,13.207408,2,2.149,2.089,2.249,True
2026-10-10T18:07:26+00:00,5d8c8a4c-bce7-4d28-ae12-0d61a971c5cc,Shell,Shell Berlin Streitstr. 19,Berlin,52.558899,13.208409,2.3,2.169,2.109,2.249,True
2026-10-10T18:07:26+00:00,057827cd-6583-4a3a-a461-f8546073fd02,SUN,Sun Klosterstr.,Berlin,52.52943,13.19517,2.4,2.139,2.079,2.239,True
2026-10-10T18:07:26+00:00,905d4775-754e-4b38-baca-89c98fad1d1a,Sprint,Sprint Berlin Ruhlebener Str.,Berlin,52.529285,13.20718,2.9,2.129,2.069,2.219,True
2026-10-10T18:08:58+00:00,cebbe420-bcf3-4db8-9099-c52b783e2158,ESSO,Esso Tankstelle,BERLIN,52.549044,13.17897,0,2.159,2.099,2.249,True
2026-10-10T18:08:58+00:00,7347dd32-bfa1-470a-a6ee-2a2c95ad9af5,ARAL,Aral Tankstelle,Berlin,52.542747,13.199304,1.5,2.159,2.099,2.249,True
2026-10-10T18:08:58+00:00,9f07b69b-4b15-4852-9c60-5d293c6cadc5,Sprint,Sprint Berlin Seegefelder Str.,Berlin,52.536163,13.191189,1.6,2.129,2.069,2.219,True
2026-10-10T18:08:58+00:00,005056ba-7cb6-1ed2-bceb-641db1c24d1d,STAR,star Tankstelle,Berlin,52.534388,13.184014,1.7,2.139,2.079,2.239,True
2026-10-10T18:08:58+00:00,51d4b471-a095-1aa0-e100-80009459e03a,JET,JET BERLIN BRUNSBUETTELER DAMM 87-89,BERLIN,52.53379,13.18503,1.7,2.129,2.069,2.219,True
2026-10-10T18:08:58+00:00,d590310c-e209-46b2-bfe7-dacc6148e1f1,TotalEnergies,TotalEnergies Berlin,Berlin,52.55424,13.207408,2,2.139,2.079,2.229,True
2026-10-10T18:08:58+00:00,5d8c8a4c-bce7-4d28-ae12-0d61a971c5cc,Shell,Shell Berlin Streitstr. 19,Berlin,52.558899,13.208409,2.3,2.149,2.089,2.249,True
2026-10-10T18:08:58+00:00,057827cd-6583-4a3a-a461-f8546073fd02,SUN,Sun Klosterstr.,Berlin,52.52943,13.19517,2.4,2.139,2.079,2.239,True
2026-10-10T18:08:58+00:00,905d4775-754e-4b38-baca-89c98fad1d1a,Sprint,Sprint Berlin Ruhlebener Str.,Berlin,52.529285,13.20718,2.9,2.129,2.069,2.219,True
2026-10-10T18:10:28+00:00,cebbe420-bcf3-4db8-9099-c52b783e2158,ESSO,Esso Tankstelle,BERLIN,52.549044,13.17897,0,2.159,2.099,2.249,True
2026-10-10T18:10:28+00:00,7347dd32-bfa1-470a-a6ee-2a2c95ad9af5,ARAL,Aral Tankstelle,Berlin,52.542747,13.199304,1.5,2.159,2.099,2.249,True
2026-10-10T18:10:28+00:00,9f07b69b-4b15-4852-9c60-5d293c6cadc5,Sprint,Sprint Berlin Seegefelder Str.,Berlin,52.536163,13.191189,1.6,2.129,2.069,2.219,True
2026-10-10T18:10:28+00:00,005056ba-7cb6-1ed2-bceb-641db1c24d1d,STAR,star Tankstelle,Berlin,52.534388,13.184014,1.7,2.139,2.079,2.239,True
2026-10-10T18:10:28+00:00,51d4b471-a095-1aa0-e100-80009459e03a,JET,JET BERLIN BRUNSBUETTELER DAMM 87-89,BERLIN,52.53379,13.18503,1.7,2.129,2.069,2.219,True
2026-10-10T18:10:28+00:00,d590310c-e209-46b2-bfe7-dacc6148e1f1,TotalEnergies,TotalEnergies Berlin,Berlin,52.55424,13.207408,2,2.139,2.079,2.229,True
2026-10-10T18:10:28+00:00,5d8c8a4c-bce7-4d28-ae12-0d61a971c5cc,Shell,Shell Berlin Streitstr. 19,Berlin,52.558899,13.208409,2.3,2.149,2.089,2.249,True
2026-10-10T18:10:28+00:00,057827cd-6583-4a3a-a461-f8546073fd02,SUN,Sun Klosterstr.,Berlin,52.52943,13.19517,2.4,2.139,2.079,2.239,True
2026-10-10T18:10:28+00:00,905d4775-754e-4b38-baca-89c98fad1d1a,Sprint,Sprint Berlin Ruhlebener Str.,Berlin,52.529285,13.20718,2.9,2.129,2.069,2.219,True
2026-10-10T18:11:59+00:00,cebbe420-bcf3-4db8-9099-c52b783e2158,ESSO,Esso Tankstelle,BERLIN,52.549044,13.17897,0,2.159,2.099,2.249,True
2026-10-10T18:11:59+00:00,7347dd32-bfa1-470a-a6ee-2a2c95ad9af5,ARAL,Aral Tankstelle,Berlin,52.542747,13.199304,1.5,2.159,2.099,2.249,True
2026-10-10T18:11:59+00:00,9f07b69b-4b15-4852-9c60-5d293c6cadc5,Sprint,Sprint Berlin Seegefelder Str.,Berlin,52.536163,13.191189,1.6,2.129,2.069,2.219,True
2026-10-10T18:11:59+00:00,005056ba-7cb6-1ed2-bceb-641db1c24d1d,STAR,star Tankstelle,Berlin,52.534388,13.184014,1.7,2.139,2.079,2.239,True
2026-10-10T18:11:59+00:00,51d4b471-a095-1aa0-e100-80009459e03a,JET,JET BERLIN BRUNSBUETTELER DAMM 87-89,BERLIN,52.53379,13.18503,1.7,2.129,2.069,2.219,True
2026-10-10T18:11:59+00:00,d590310c-e209-46b2-bfe7-dacc6148e1f1,TotalEnergies,TotalEnergies Berlin,Berlin,52.55424,13.207408,2,2.139,2.079,2.229,True
2026-10-10T18:11:59+00:00,5d8c8a4c-bce7-4d28-ae12-0d61a971c5cc,Shell,Shell Berlin Streitstr. 19,Berlin,52.558899,13.208409,2.3,2.149,2.089,2.249,True
2026-10-10T18:11:59+00:00,057827cd-6583-4a3a-a461-f8546073fd02,SUN,Sun Klosterstr.,Berlin,52.52943,13.19517,2.4,2.139,2.079,2.239,True
2026-10-10T18:11:59+00:00,905d4775-754e-4b38-baca-89c98fad1d1a,Sprint,Sprint Berlin Ruhlebener Str.,Berlin,52.529285,13.20718,2.9,2.129,2.069,2.219,True
2026-10-10T18:13:30+00:00,cebbe420-bcf3-4db8-9099-c52b783e2158,ESSO,Esso Tankstelle,BERLIN,52.549044,13.17897,0,2.159,2.099,2.249,True
2026-10-10T18:13:30+00:00,7347dd32-bfa1-470a-a6ee-2a2c95ad9af5,ARAL,Aral Tankstelle,Berlin,52.542747,13.199304,1.5,2.159,2.099,2.249,True
2026-10-10T18:13:30+00:00,9f07b69b-4b15-4852-9c60-5d293c6cadc5,Sprint,Sprint Berlin Seegefelder Str.,Berlin,52.536163,13.191189,1.6,2.129,2.069,2.219,True
2026-10-10T18:13:30+00:00,005056ba-7cb6-1ed2-bceb-641db1c24d1d,STAR,star Tankstelle,Berlin,52.534388,13.184014,1.7,2.139,2.079,2.239,True
2026-10-10T18:13:30+00:00,51d4b471-a095-1aa0-e100-80009459e03a,JET,JET BERLIN BRUNSBUETTELER DAMM 87-89,BERLIN,52.53379,13.18503,1.7,2.129,2.069,2.219,True
2026-10-10T18:13:30+00:00,d590310c-e209-46b2-bfe7-dacc6148e1f1,TotalEnergies,TotalEnergies Berlin,Berlin,52.55424,13.207408,2,2.139,2.079,2.229,True
2026-10-10T18:13:30+00:00,5d8c8a4c-bce7-4d28-ae12-0d61a971c5cc,Shell,Shell Berlin Streitstr. 19,Berlin,52.558899,13.208409,2.3,2.149,2.089,2.249,True
2026-10-10T18:13:30+00:00,057827cd-6583-4a3a-a461-f8546073fd02,SUN,Sun Klosterstr.,Berlin,52.52943,13.19517,2.4,2.139,2.079,2.239,True
2026-10-10T18:13:30+00:00,905d4775-754e-4b38-baca-89c98fad1d1a,Sprint,Sprint Berlin Ruhlebener Str.,Berlin,52.529285,13.20718,2.9,2.129,2.069,2.219,True
2026-10-10T18:15:00+00:00,cebbe420-bcf3-4db8-9099-c52b783e2158,ESSO,Esso Tankstelle,BERLIN,52.549044,13.17897,0,2.159,2.099,2.249,True
2026-10-10T18:15:00+00:00,7347dd32-bfa1-470a-a6ee-2a2c95ad9af5,ARAL,Aral Tankstelle,Berlin,52.542747,13.199304,1.5,2.159,2.099,2.249,True
2026-10-10T18:15:00+00:00,9f07b69b-4b15-4852-9c60-5d293c6cadc5,Sprint,Sprint Berlin Seegefelder Str.,Berlin,52.536163,13.191189,1.6,2.129,2.069,2.219,True
2026-10-10T18:15:00+00:00,005056ba-7cb6-1ed2-bceb-641db1c24d1d,STAR,star Tankstelle,Berlin,52.534388,13.184014,1.7,2.139,2.079,2.239,True
2026-10-10T18:15:00+00:00,51d4b471-a095-1aa0-e100-80009459e03a,JET,JET BERLIN BRUNSBUETTELER DAMM 87-89,BERLIN,52.53379,13.18503,1.7,2.129,2.069,2.219,True
2026-10-10T18:15:00+00:00,d590310c-e209-46b2-bfe7-dacc6148e1f1,TotalEnergies,TotalEnergies Berlin,Berlin,52.55424,13.207408,2,2.139,2.079,2.229,True
2026-10-10T18:15:00+00:00,5d8c8a4c-bce7-4d28-ae12-0d61a971c5cc,Shell,Shell Berlin Streitstr. 19,Berlin,52.558899,13.208409,2.3,2.149,2.089,2.249,True
2026-10-10T18:15:00+00:00,057827cd-6583-4a3a-a461-f8546073fd02,SUN,Sun Klosterstr.,Berlin,52.52943,13.19517,2.4,2.129,2.069,2.219,True
2026-10-10T18:15:00+00:00,905d4775-754e-4b38-baca-89c98fad1d1a,Sprint,Sprint Berlin Ruhlebener Str.,Berlin,52.529285,13.20718,2.9,2.129,2.069,2.219,True
2026-10-10T18:16:37+00:00,cebbe420-bcf3-4db8-9099-c52b783e2158,ESSO,Esso Tankstelle,BERLIN,52.549044,13.17897,0,2.159,2.099,2.249,True
2026-10-10T18:16:37+00:00,7347dd32-bfa1-470a-a6ee-2a2c95ad9af5,ARAL,Aral Tankstelle,Berlin,52.542747,13.199304,1.5,2.159,2.099,2.249,True
2026-10-10T18:16:37+00:00,9f07b69b-4b15-4852-9c60-5d293c6cadc5,Sprint,Sprint Berlin Seegefelder Str.,Berlin,52.536163,13.191189,1.6,2.129,2.069,2.219,True
2026-10-10T18:16:37+00:00,005056ba-7cb6-1ed2-bceb-641db1c24d1d,STAR,star Tankstelle,Berlin,52.534388,13.184014,1.7,2.139,2.079,2.239,True
2026-10-10T18:16:37+00:00,51d4b471-a095-1aa0-e100-80009459e03a,JET,JET BERLIN BRUNSBUETTELER DAMM 87-89,BERLIN,52.53379,13.18503,1.7,2.129,2.069,2.219,True
2026-10-10T18:16:37+00:00,d590310c-e209-46b2-bfe7-dacc6148e1f1,TotalEnergies,TotalEnergies Berlin,Berlin,52.55424,13.207408,2,2.139,2.079,2.229,True
2026-10-10T18:16:37+00:00,5d8c8a4c-bce7-4d28-ae12-0d61a971c5cc,Shell,Shell Berlin Streitstr. 19,Berlin,52.558899,13.208409,2.3,2.149,2.089,2.249,True
2026-10-10T18:16:37+00:00,057827cd-6583-4a3a-a461-f8546073fd02,SUN,Sun Klosterstr.,Berlin,52.52943,13.19517,2.4,2.129,2.069,2.219,True
2026-10-10T18:16:37+00:00,905d4775-754e-4b38-baca-89c98fad1d1a,Sprint,Sprint Berlin Ruhlebener Str.,Berlin,52.529285,13.20718,2.9,2.129,2.069,2.219,True
2026-10-10T18:18:08+00:00,cebbe420-bcf3-4db8-9099-c52b783e2158,ESSO,Esso Tankstelle,BERLIN,52.549044,13.17897,0,2.159,2.099,2.249,True
2026-10-10T18:18:08+00:00,7347dd32-bfa1-470a-a6ee-2a2c95ad9af5,ARAL,Aral Tankstelle,Berlin,52.542747,13.199304,1.5,2.159,2.099,2.249,True
2026-10-10T18:18:08+00:00,9f07b69b-4b15-4852-9c60-5d293c6cadc5,Sprint,Sprint Berlin Seegefelder Str.,Berlin,52.536163,13.191189,1.6,2.129,2.069,2.219,True
2026-10-10T18:18:08+00:00,005056ba-7cb6-1ed2-bceb-641db1c24d1d,STAR,star Tankstelle,Berlin,52.534388,13.184014,1.7,2.129,2.069,2.219,True
2026-10-10T18:18:08+00:00,51d4b471-a095-1aa0-e100-80009459e03a,JET,JET BERLIN BRUNSBUETTELER DAMM 87-89,BERLIN,52.53379,13.18503,1.7,2.129,2.069,2.219,True
2026-10-10T18:18:08+00:00,d590310c-e209-46b2-bfe7-dacc6148e1f1,TotalEnergies,TotalEnergies Berlin,Berlin,52.55424,13.207408,2,2.139,2.079,2.229,True
2026-10-10T18:18:08+00:00,5d8c8a4c-bce7-4d28-ae12-0d61a971c5cc,Shell,Shell Berlin Streitstr. 19,Berlin,52.558899,13.208409,2.3,2.149,2.089,2.249,True
2026-10-10T18:18:08+00:00,057827cd-6583-4a3a-a461-f8546073fd02,SUN,Sun Klosterstr.,Berlin,52.52943,13.19517,2.4,2.129,2.069,2.219,True
2026-10-10T18:18:08+00:00,905d4775-754e-4b38-baca-89c98fad1d1a,Sprint,Sprint Berlin Ruhlebener Str.,Berlin,52.529285,13.20718,2.9,2.129,2.069,2.219,True
2026-10-10T18:19:39+00:00,cebbe420-bcf3-4db8-9099-c52b783e2158,ESSO,Esso Tankstelle,BERLIN,52.549044,13.17897,0,2.149,2.089,2.229,True
2026-10-10T18:19:39+00:00,7347dd32-bfa1-470a-a6ee-2a2c95ad9af5,ARAL,Aral Tankstelle,Berlin,52.542747,13.199304,1.5,2.159,2.099,2.249,True
2026-10-10T18:19:39+00:00,9f07b69b-4b15-4852-9c60-5d293c6cadc5,Sprint,Sprint Berlin Seegefelder Str.,Berlin,52.536163,13.191189,1.6,2.129,2.069,2.219,True
2026-10-10T18:19:39+00:00,005056ba-7cb6-1ed2-bceb-641db1c24d1d,STAR,star Tankstelle,Berlin,52.534388,13.184014,1.7,2.129,2.069,2.219,True
2026-10-10T18:19:39+00:00,51d4b471-a095-1aa0-e100-80009459e03a,JET,JET BERLIN BRUNSBUETTELER DAMM 87-89,BERLIN,52.53379,13.18503,1.7,2.129,2.069,2.219,True
2026-10-10T18:19:39+00:00,d590310c-e209-46b2-bfe7-dacc6148e1f1,TotalEnergies,TotalEnergies Berlin,Berlin,52.55424,13.207408,2,2.139,2.079,2.229,True
2026-10-10T18:19:39+00:00,5d8c8a4c-bce7-4d28-ae12-0d61a971c5cc,Shell,Shell Berlin Streitstr. 19,Berlin,52.558899,13.208409,2.3,2.149,2.089,2.249,True
2026-10-10T18:19:39+00:00,057827cd-6583-4a3a-a461-f8546073fd02,SUN,Sun Klosterstr.,Berlin,52.52943,13.19517,2.4,2.129,2.069,2.219,True
2026-10-10T18:19:39+00:00,905d4775-754e-4b38-baca-89c98fad1d1a,Sprint,Sprint Berlin Ruhlebener Str.,Berlin,52.529285,13.20718,2.9,2.129,2.069,2.219,True
2026-10-10T18:21:10+00:00,cebbe420-bcf3-4db8-9099-c52b783e2158,ESSO,Esso Tankstelle,BERLIN,52.549044,13.17897,0,2.149,2.089,2.229,True
2026-10-10T18:21:10+00:00,7347dd32-bfa1-470a-a6ee-2a2c95ad9af5,ARAL,Aral Tankstelle,Berlin,52.542747,13.199304,1.5,2.159,2.099,2.249,True
2026-10-10T18:21:10+00:00,9f07b69b-4b15-4852-9c60-5d293c6cadc5,Sprint,Sprint Berlin Seegefelder Str.,Berlin,52.536163,13.191189,1.6,2.129,2.069,2.219,True
2026-10-10T18:21:10+00:00,005056ba-7cb6-1ed2-bceb-641db1c24d1d,STAR,star Tankstelle,Berlin,52.534388,13.184014,1.7,2.129,2.069,2.219,True
2026-10-10T18:21:10+00:00,51d4b471-a095-1aa0-e100-80009459e03a,JET,JET BERLIN BRUNSBUETTELER DAMM 87-89,BERLIN,52.53379,13.18503,1.7,2.129,2.069,2.219,True
2026-10-10T18:21:10+00:00,d590310c-e209-46b2-bfe7-dacc6148e1f1,TotalEnergies,TotalEnergies Berlin,Berlin,52.55424,13.207408,2,2.139,2.079,2.229,True
2026-10-10T18:21:10+00:00,5d8c8a4c-bce7-4d28-ae12-0d61a971c5cc,Shell,Shell Berlin Streitstr. 19,Berlin,52.558899,13.208409,2.3,2.149,2.089,2.249,True
2026-10-10T18:21:10+00:00,057827cd-6583-4a3a-a461-f8546073fd02,SUN,Sun Klosterstr.,Berlin,52.52943,13.19517,2.4,2.129,2.069,2.219,True
2026-10-10T18:21:10+00:00,905d4775-754e-4b38-baca-89c98fad1d1a,Sprint,Sprint Berlin Ruhlebener Str.,Berlin,52.529285,13.20718,2.9,2.129,2.069,2.219,True
2026-10-10T18:22:40+00:00,cebbe420-bcf3-4db8-9099-c52b783e2158,ESSO,Esso Tankstelle,BERLIN,52.549044,13.17897,0,2.149,2.089,2.229,True
2026-10-10T18:22:40+00:00,7347dd32-bfa1-470a-a6ee-2a2c95ad9af5,ARAL,Aral Tankstelle,Berlin,52.542747,13.199304,1.5,2.159,2.099,2.249,True
2026-10-10T18:22:40+00:00,9f07b69b-4b15-4852-9c60-5d293c6cadc5,Sprint,Sprint Berlin Seegefelder Str.,Berlin,52.536163,13.191189,1.6,2.129,2.069,2.219,True
2026-10-10T18:22:40+00:00,005056ba-7cb6-1ed2-bceb-641db1c24d1d,STAR,star Tankstelle,Berlin,52.534388,13.184014,1.7,2.129,2.069,2.219,True
2026-10-10T18:22:40+00:00,51d4b471-a095-1aa0-e100-80009459e03a,JET,JET BERLIN BRUNSBUETTELER DAMM 87-89,BERLIN,52.53379,13.18503,1.7,2.129,2.069,2.219,True
2026-10-10T18:22:40+00:00,d590310c-e209-46b2-bfe7-dacc6148e1f1,TotalEnergies,TotalEnergies Berlin,Berlin,52.55424,13.207408,2,2.139,2.079,2.229,True
2026-10-10T18:22:40+00:00,5d8c8a4c-bce7-4d28-ae12-0d61a971c5cc,Shell,Shell Berlin Streitstr. 19,Berlin,52.558899,13.208409,2.3,2.149,2.089,2.249,True
2026-10-10T18:22:40+00:00,057827cd-6583-4a3a-a461-f8546073fd02,SUN,Sun Klosterstr.,Berlin,52.52943,13.19517,2.4,2.129,2.069,2.219,True
2026-10-10T18:22:40+00:00,905d4775-754e-4b38-baca-89c98fad1d1a,Sprint,Sprint Berlin Ruhlebener Str.,Berlin,52.529285,13.20718,2.9,2.129,2.069,2.219,True
2026-10-10T18:24:11+00:00,cebbe420-bcf3-4db8-9099-c52b783e2158,ESSO,Esso Tankstelle,BERLIN,52.549044,13.17897,0,2.149,2.089,2.229,True
2026-10-10T18:24:11+00:00,7347dd32-bfa1-470a-a6ee-2a2c95ad9af5,ARAL,Aral Tankstelle,Berlin,52.542747,13.199304,1.5,2.159,2.099,2.249,True
2026-10-10T18:24:11+00:00,9f07b69b-4b15-4852-9c60-5d293c6cadc5,Sprint,Sprint Berlin Seegefelder Str.,Berlin,52.536163,13.191189,1.6,2.129,2.069,2.219,True
2026-10-10T18:24:11+00:00,005056ba-7cb6-1ed2-bceb-641db1c24d1d,STAR,star Tankstelle,Berlin,52.534388,13.184014,1.7,2.129,2.069,2.219,True
2026-10-10T18:24:11+00:00,51d4b471-a095-1aa0-e100-80009459e03a,JET,JET BERLIN BRUNSBUETTELER DAMM 87-89,BERLIN,52.53379,13.18503,1.7,2.129,2.069,2.219,True
2026-10-10T18:24:11+00:00,d590310c-e209-46b2-bfe7-dacc6148e1f1,TotalEnergies,TotalEnergies Berlin,Berlin,52.55424,13.207408,2,2.139,2.079,2.229,True
2026-10-10T18:24:11+00:00,5d8c8a4c-bce7-4d28-ae12-0d61a971c5cc,Shell,Shell Berlin Streitstr. 19,Berlin,52.558899,13.208409,2.3,2.149,2.089,2.249,True
2026-10-10T18:24:11+00:00,057827cd-6583-4a3a-a461-f8546073fd02,SUN,Sun Klosterstr.,Berlin,52.52943,13.19517,2.4,2.129,2.069,2.219,True
2026-10-10T18:24:11+00:00,905d4775-754e-4b38-baca-89c98fad1d1a,Sprint,Sprint Berlin Ruhlebener Str.,Berlin,52.529285,13.20718,2.9,2.129,2.069,2.219,True
2026-10-10T18:25:42+00:00,cebbe420-bcf3-4db8-9099-c52b783e2158,ESSO,Esso Tankstelle,BERLIN,52.549044,13.17897,0,2.149,2.089,2.229,True
2026-10-10T18:25:42+00:00,7347dd32-bfa1-470a-a6ee-2a2c95ad9af5,ARAL,Aral Tankstelle,Berlin,52.542747,13.199304,1.5,2.159,2.099,2.249,True
2026-10-10T18:25:42+00:00,9f07b69b-4b15-4852-9c60-5d293c6cadc5,Sprint,Sprint Berlin Seegefelder Str.,Berlin,52.536163,13.191189,1.6,2.129,2.069,2.219,True
2026-10-10T18:25:42+00:00,005056ba-7cb6-1ed2-bceb-641db1c24d1d,STAR,star Tankstelle,Berlin,52.534388,13.184014,1.7,2.129,2.069,2.219,True
2026-10-10T18:25:42+00:00,51d4b471-a095-1aa0-e100-80009459e03a,JET,JET BERLIN BRUNSBUETTELER DAMM 87-89,BERLIN,52.53379,13.18503,1.7,2.129,2.069,2.219,True
2026-10-10T18:25:42+00:00,d590310c-e209-46b2-bfe7-dacc6148e1f1,TotalEnergies,TotalEnergies Berlin,Berlin,52.55424,13.207408,2,2.139,2.079,2.229,True
2026-10-10T18:25:42+00:00,5d8c8a4c-bce7-4d28-ae12-0d61a971c5cc,Shell,Shell Berlin Streitstr. 19,Berlin,52.558899,13.208409,2.3,2.149,2.089,2.249,True
2026-10-10T18:25:42+00:00,057827cd-6583-4a3a-a461-f8546073fd02,SUN,Sun Klosterstr.,Berlin,52.52943,13.19517,2.4,2.129,2.069,2.219,True
2026-10-10T18:25:42+00:00,905d4775-754e-4b38-baca-89c98fad1d1a,Sprint,Sprint Berlin Ruhlebener Str.,Berlin,52.529285,13.20718,2.9,2.129,2.069,2.219,True
2026-10-10T18:27:13+00:00,cebbe420-bcf3-4db8-9099-c52b783e2158,ESSO,Esso Tankstelle,BERLIN,52.549044,13.17897,0,2.149,2.089,2.229,True
2026-10-10T18:27:13+00:00,7347dd32-bfa1-470a-a6ee-2a2c95ad9af5,ARAL,Aral Tankstelle,Berlin,52.542747,13.199304,1.5,2.159,2.099,2.249,True
2026-10-10T18:27:13+00:00,9f07b69b-4b15-4852-9c60-5d293c6cadc5,Sprint,Sprint Berlin Seegefelder Str.,Berlin,52.536163,13.191189,1.6,2.129,2.069,2.219,True
2026-10-10T18:27:13+00:00,005056ba-7cb6-1ed2-bceb-641db1c24d1d,STAR,star Tankstelle,Berlin,52.534388,13.184014,1.7,2.129,2.069,2.219,True
2026-10-10T18:27:13+00:00,51d4b471-a095-1aa0-e100-80009459e03a,JET,JET BERLIN BRUNSBUETTELER DAMM 87-89,BERLIN,52.53379,13.18503,1.7,2.129,2.069,2.219,True
2026-10-10T18:27:13+00:00,d590310c-e209-46b2-bfe7-dacc6148e1f1,TotalEnergies,TotalEnergies Berlin,Berlin,52.55424,13.207408,2,2.139,2.079,2.229,True
2026-10-10T18:27:13+00:00,5d8c8a4c-bce7-4d28-ae12-0d61a971c5cc,Shell,Shell Berlin Streitstr. 19,Berlin,52.558899,13.208409,2.3,2.139,2.079,2.229,True
2026-10-10T18:27:13+00:00,057827cd-6583-4a3a-a461-f8546073fd02,SUN,Sun Klosterstr.,Berlin,52.52943,13.19517,2.4,2.129,2.069,2.219,True
2026-10-10T18:27:13+00:00,905d4775-754e-4b38-baca-89c98fad1d1a,Sprint,Sprint Berlin Ruhlebener Str.,Berlin,52.529285,13.20718,2.9,2.129,2.069,2.219,True
2026-10-10T18:28:44+00:00,cebbe420-bcf3-4db8-9099-c52b783e2158,ESSO,Esso Tankstelle,BERLIN,52.549044,13.17897,0,2.149,2.089,2.229,True
2026-10-10T18:28:44+00:00,7347dd32-bfa1-470a-a6ee-2a2c95ad9af5,ARAL,Aral Tankstelle,Berlin,52.542747,13.199304,1.5,2.159,2.099,2.249,True
2026-10-10T18:28:44+00:00,9f07b69b-4b15-4852-9c60-5d293c6cadc5,Sprint,Sprint Berlin Seegefelder Str.,Berlin,52.536163,13.191189,1.6,2.129,2.069,2.219,True
2026-10-10T18:28:44+00:00,005056ba-7cb6-1ed2-bceb-641db1c24d1d,STAR,star Tankstelle,Berlin,52.534388,13.184014,1.7,2.129,2.069,2.219,True
2026-10-10T18:28:44+00:00,51d4b471-a095-1aa0-e100-80009459e03a,JET,JET BERLIN BRUNSBUETTELER DAMM 87-89,BERLIN,52.53379,13.18503,1.7,2.129,2.069,2.219,True
2026-10-10T18:28:44+00:00,d590310c-e209-46b2-bfe7-dacc6148e1f1,TotalEnergies,TotalEnergies Berlin,Berlin,52.55424,13.207408,2,2.139,2.079,2.229,True
2026-10-10T18:28:44+00:00,5d8c8a4c-bce7-4d28-ae12-0d61a971c5cc,Shell,Shell Berlin Streitstr. 19,Berlin,52.558899,13.208409,2.3,2.139,2.079,2.229,True
2026-10-10T18:28:44+00:00,057827cd-6583-4a3a-a461-f8546073fd02,SUN,Sun Klosterstr.,Berlin,52.52943,13.19517,2.4,2.129,2.069,2.219,True
2026-10-10T18:28:44+00:00,905d4775-754e-4b38-baca-89c98fad1d1a,Sprint,Sprint Berlin Ruhlebener Str.,Berlin,52.529285,13.20718,2.9,2.129,2.069,2.219,True
2026-10-10T18:30:14+00:00,cebbe420-bcf3-4db8-9099-c52b783e2158,ESSO,Esso Tankstelle,BERLIN,52.549044,13.17897,0,2.149,2.089,2.229,True
2026-10-10T18:30:14+00:00,7347dd32-bfa1-470a-a6ee-2a2c95ad9af5,ARAL,Aral Tankstelle,Berlin,52.542747,13.199304,1.5,2.159,2.099,2.249,True
2026-10-10T18:30:14+00:00,9f07b69b-4b15-4852-9c60-5d293c6cadc5,Sprint,Sprint Berlin Seegefelder Str.,Berlin,52.536163,13.191189,1.6,2.129,2.069,2.219,True
2026-10-10T18:30:14+00:00,005056ba-7cb6-1ed2-bceb-641db1c24d1d,STAR,star Tankstelle,Berlin,52.534388,13.184014,1.7,2.129,2.069,2.219,True
2026-10-10T18:30:14+00:00,51d4b471-a095-1aa0-e100-80009459e03a,JET,JET BERLIN BRUNSBUETTELER DAMM 87-89,BERLIN,52.53379,13.18503,1.7,2.129,2.069,2.219,True
2026-10-10T18:30:14+00:00,d590310c-e209-46b2-bfe7-dacc6148e1f1,TotalEnergies,TotalEnergies Berlin,Berlin,52.55424,13.207408,2,2.139,2.079,2.229,True
2026-10-10T18:30:14+00:00,5d8c8a4c-bce7-4d28-ae12-0d61a971c5cc,Shell,Shell Berlin Streitstr. 19,Berlin,52.558899,13.208409,2.3,2.139,2.079,2.229,True
2026-10-10T18:30:14+00:00,057827cd-6583-4a3a-a461-f8546073fd02,SUN,Sun Klosterstr.,Berlin,52.52943,13.19517,2.4,2.129,2.069,2.219,True
2026-10-10T18:30:14+00:00,905d4775-754e-4b38-baca-89c98fad1d1a,Sprint,Sprint Berlin Ruhlebener Str.,Berlin,52.529285,13.20718,2.9,2.129,2.069,2.219,True
2026-10-10T18:31:52+00:00,cebbe420-bcf3-4db8-9099-c52b783e2158,ESSO,Esso Tankstelle,BERLIN,52.549044,13.17897,0,2.149,2.089,2.229,True
2026-10-10T18:31:52+00:00,7347dd32-bfa1-470a-a6ee-2a2c95ad9af5,ARAL,Aral Tankstelle,Berlin,52.542747,13.199304,1.5,2.159,2.099,2.249,True
2026-10-10T18:31:52+00:00,9f07b69b-4b15-4852-9c60-5d293c6cadc5,Sprint,Sprint Berlin Seegefelder Str.,Berlin,52.536163,13.191189,1.6,2.129,2.069,2.219,True
2026-10-10T18:31:52+00:00,005056ba-7cb6-1ed2-bceb-641db1c24d1d,STAR,star Tankstelle,Berlin,52.534388,13.184014,1.7,2.129,2.069,2.219,True
2026-10-10T18:31:52+00:00,51d4b471-a095-1aa0-e100-80009459e03a,JET,JET BERLIN BRUNSBUETTELER DAMM 87-89,BERLIN,52.53379,13.18503,1.7,2.129,2.069,2.219,True
2026-10-10T18:31:52+00:00,d590310c-e209-46b2-bfe7-dacc6148e1f1,TotalEnergies,TotalEnergies Berlin,Berlin,52.55424,13.207408,2,2.139,2.079,2.229,True
2026-10-10T18:31:52+00:00,5d8c8a4c-bce7-4d28-ae12-0d61a971c5cc,Shell,Shell Berlin Streitstr. 19,Berlin,52.558899,13.208409,2.3,2.139,2.079,2.229,True
2026-10-10T18:31:52+00:00,057827cd-6583-4a3a-a461-f8546073fd02,SUN,Sun Klosterstr.,Berlin,52.52943,13.19517,2.4,2.129,2.069,2.219,True
2026-10-10T18:31:52+00:00,905d4775-754e-4b38-baca-89c98fad1d1a,Sprint,Sprint Berlin Ruhlebener Str.,Berlin,52.529285,13.20718,2.9,2.129,2.069,2.219,True
2026-10-10T18:33:22+00:00,cebbe420-bcf3-4db8-9099-c52b783e2158,ESSO,Esso Tankstelle,BERLIN,52.549044,13.17897,0,2.149,2.089,2.229,True
2026-10-10T18:33:22+00:00,7347dd32-bfa1-470a-a6ee-2a2c95ad9af5,ARAL,Aral Tankstelle,Berlin,52.542747,13.199304,1.5,2.159,2.099,2.249,True
2026-10-10T18:33:22+00:00,9f07b69b-4b15-4852-9c60-5d293c6cadc5,Sprint,Sprint Berlin Seegefelder Str.,Berlin,52.536163,13.191189,1.6,2.129,2.069,2.219,True
2026-10-10T18:33:22+00:00,005056ba-7cb6-1ed2-bceb-641db1c24d1d,STAR,star Tankstelle,Berlin,52.534388,13.184014,1.7,2.129,2.069,2.219,True
2026-10-10T18:33:22+00:00,51d4b471-a095-1aa0-e100-80009459e03a,JET,JET BERLIN BRUNSBUETTELER DAMM 87-89,BERLIN,52.53379,13.18503,1.7,2.129,2.069,2.219,True
2026-10-10T18:33:22+00:00,d590310c-e209-46b2-bfe7-dacc6148e1f1,TotalEnergies,TotalEnergies Berlin,Berlin,52.55424,13.207408,2,2.139,2.079,2.229,True
2026-10-10T18:33:22+00:00,5d8c8a4c-bce7-4d28-ae12-0d61a971c5cc,Shell,Shell Berlin Streitstr. 19,Berlin,52.558899,13.208409,2.3,2.139,2.079,2.229,True
2026-10-10T18:33:22+00:00,057827cd-6583-4a3a-a461-f8546073fd02,SUN,Sun Klosterstr.,Berlin,52.52943,13.19517,2.4,2.129,2.069,2.219,True
2026-10-10T18:33:22+00:00,905d4775-754e-4b38-baca-89c98fad1d1a,Sprint,Sprint Berlin Ruhlebener Str.,Berlin,52.529285,13.20718,2.9,2.129,2.069,2.219,True
2026-10-10T18:34:53+00:00,cebbe420-bcf3-4db8-9099-c52b783e2158,ESSO,Esso Tankstelle,BERLIN,52.549044,13.17897,0,2.149,2.089,2.229,True
2026-10-10T18:34:53+00:00,7347dd32-bfa1-470a-a6ee-2a2c95ad9af5,ARAL,Aral Tankstelle,Berlin,52.542747,13.199304,1.5,2.159,2.099,2.249,True
2026-10-10T18:34:53+00:00,9f07b69b-4b15-4852-9c60-5d293c6cadc5,Sprint,Sprint Berlin Seegefelder Str.,Berlin,52.536163,13.191189,1.6,2.129,2.069,2.219,True
2026-10-10T18:34:53+00:00,005056ba-7cb6-1ed2-bceb-641db1c24d1d,STAR,star Tankstelle,Berlin,52.534388,13.184014,1.7,2.129,2.069,2.219,True
2026-10-10T18:34:53+00:00,51d4b471-a095-1aa0-e100-80009459e03a,JET,JET BERLIN BRUNSBUETTELER DAMM 87-89,BERLIN,52.53379,13.18503,1.7,2.129,2.069,2.219,True
2026-10-10T18:34:53+00:00,d590310c-e209-46b2-bfe7-dacc6148e1f1,TotalEnergies,TotalEnergies Berlin,Berlin,52.55424,13.207408,2,2.139,2.079,2.229,True
2026-10-10T18:34:53+00:00,5d8c8a4c-bce7-4d28-ae12-0d61a971c5cc,Shell,Shell Berlin Streitstr. 19,Berlin,52.558899,13.208409,2.3,2.139,2.079,2.229,True
2026-10-10T18:34:53+00:00,057827cd-6583-4a3a-a461-f8546073fd02,SUN,Sun Klosterstr.,Berlin,52.52943,13.19517,2.4,2.129,2.069,2.219,True
2026-10-10T18:34:53+00:00,905d4775-754e-4b38-baca-89c98fad1d1a,Sprint,Sprint Berlin Ruhlebener Str.,Berlin,52.529285,13.20718,2.9,2.129,2.069,2.219,True
2026-10-10T18:36:24+00:00,cebbe420-bcf3-4db8-9099-c52b783e2158,ESSO,Esso Tankstelle,BERLIN,52.549044,13.17897,0,2.149,2.089,2.229,True
2026-10-10T18:36:24+00:00,7347dd32-bfa1-470a-a6ee-2a2c95ad9af5,ARAL,Aral Tankstelle,Berlin,52.542747,13.199304,1.5,2.159,2.099,2.249,True
2026-10-10T18:36:24+00:00,9f07b69b-4b15-4852-9c60-5d293c6cadc5,Sprint,Sprint Berlin Seegefelder Str.,Berlin,52.536163,13.191189,1.6,2.129,2.069,2.219,True
2026-10-10T18:36:24+00:00,005056ba-7cb6-1ed2-bceb-641db1c24d1d,STAR,star Tankstelle,Berlin,52.534388,13.184014,1.7,2.129,2.069,2.219,True
2026-10-10T18:36:24+00:00,51d4b471-a095-1aa0-e100-80009459e03a,JET,JET BERLIN BRUNSBUETTELER DAMM 87-89,BERLIN,52.53379,13.18503,1.7,2.129,2.069,2.219,True
2026-10-10T18:36:24+00:00,d590310c-e209-46b2-bfe7-dacc6148e1f1,TotalEnergies,TotalEnergies Berlin,Berlin,52.55424,13.207408,2,2.139,2.079,2.229,True
2026-10-10T18:36:24+00:00,5d8c8a4c-bce7-4d28-ae12-0d61a971c5cc,Shell,Shell Berlin Streitstr. 19,Berlin,52.558899,13.208409,2.3,2.139,2.079,2.229,True
2026-10-10T18:36:24+00:00,057827cd-6583-4a3a-a461-f8546073fd02,SUN,Sun Klosterstr.,Berlin,52.52943,13.19517,2.4,2.129,2.069,2.219,True
2026-10-10T18:36:24+00:00,905d4775-754e-4b38-baca-89c98fad1d1a,Sprint,Sprint Berlin Ruhlebener Str.,Berlin,52.529285,13.20718,2.9,2.129,2.069,2.219,True
2026-10-10T18:37:54+00:00,cebbe420-bcf3-4db8-9099-c52b783e2158,ESSO,Esso Tankstelle,BERLIN,52.549044,13.17897,0,2.149,2.089,2.229,True
2026-10-10T18:37:54+00:00,7347dd32-bfa1-470a-a6ee-2a2c95ad9af5,ARAL,Aral Tankstelle,Berlin,52.542747,13.199304,1.5,2.159,2.099,2.249,True
2026-10-10T18:37:54+00:00,9f07b69b-4b15-4852-9c60-5d293c6cadc5,Sprint,Sprint Berlin Seegefelder Str.,Berlin,52.536163,13.191189,1.6,2.129,2.069,2.219,True
2026-10-10T18:37:54+00:00,005056ba-7cb6-1ed2-bceb-641db1c24d1d,STAR,star Tankstelle,Berlin,52.534388,13.184014,1.7,2.129,2.069,2.219,True
2026-10-10T18:37:54+00:00,51d4b471-a095-1aa0-e100-80009459e03a,JET,JET BERLIN BRUNSBUETTELER DAMM 87-89,BERLIN,52.53379,13.18503,1.7,2.129,2.069,2.219,True
2026-10-10T18:37:54+00:00,d590310c-e209-46b2-bfe7-dacc6148e1f1,TotalEnergies,TotalEnergies Berlin,Berlin,52.55424,13.207408,2,2.139,2.079,2.229,True
2026-10-10T18:37:54+00:00,5d8c8a4c-bce7-4d28-ae12-0d61a971c5cc,Shell,Shell Berlin Streitstr. 19,Berlin,52.558899,13.208409,2.3,2.139,2.079,2.229,True
2026-10-10T18:37:54+00:00,057827cd-6583-4a3a-a461-f8546073fd02,SUN,Sun Klosterstr.,Berlin,52.52943,13.19517,2.4,2.129,2.069,2.219,True
2026-10-10T18:37:54+00:00,905d4775-754e-4b38-baca-89c98fad1d1a,Sprint,Sprint Berlin Ruhlebener Str.,Berlin,52.529285,13.20718,2.9,2.129,2.069,2.219,True
2026-10-10T18:39:25+00:00,cebbe420-bcf3-4db8-9099-c52b783e2158,ESSO,Esso Tankstelle,BERLIN,52.549044,13.17897,0,2.149,2.089,2.229,True
2026-10-10T18:39:25+00:00,7347dd32-bfa1-470a-a6ee-2a2c95ad9af5,ARAL,Aral Tankstelle,Berlin,52.542747,13.199304,1.5,2.159,2.099,2.249,True
2026-10-10T18:39:25+00:00,9f07b69b-4b15-4852-9c60-5d293c6cadc5,Sprint,Sprint Berlin Seegefelder Str.,Berlin,52.536163,13.191189,1.6,2.129,2.069,2.219,True
2026-10-10T18:39:25+00:00,005056ba-7cb6-1ed2-bceb-641db1c24d1d,STAR,star Tankstelle,Berlin,52.534388,13.184014,1.7,2.129,2.069,2.219,True
2026-10-10T18:39:25+00:00,51d4b471-a095-1aa0-e100-80009459e03a,JET,JET BERLIN BRUNSBUETTELER DAMM 87-89,BERLIN,52.53379,13.18503,1.7,2.129,2.069,2.219,True
2026-10-10T18:39:25+00:00,d590310c-e209-46b2-bfe7-dacc6148e1f1,TotalEnergies,TotalEnergies Berlin,Berlin,52.55424,13.207408,2,2.139,2.079,2.229,True
2026-10-10T18:39:25+00:00,5d8c8a4c-bce7-4d28-ae12-0d61a971c5cc,Shell,Shell Berlin Streitstr. 19,Berlin,52.558899,13.208409,2.3,2.139,2.079,2.229,True
2026-10-10T18:39:25+00:00,057827cd-6583-4a3a-a461-f8546073fd02,SUN,Sun Klosterstr.,Berlin,52.52943,13.19517,2.4,2.129,2.069,2.219,True
2026-10-10T18:39:25+00:00,905d4775-754e-4b38-baca-89c98fad1d1a,Sprint,Sprint Berlin Ruhlebener Str.,Berlin,52.529285,13.20718,2.9,2.129,2.069,2.219,True
2026-10-10T18:40:56+00:00,cebbe420-bcf3-4db8-9099-c52b783e2158,ESSO,Esso Tankstelle,BERLIN,52.549044,13.17897,0,2.149,2.089,2.229,True
2026-10-10T18:40:56+00:00,7347dd32-bfa1-470a-a6ee-2a2c95ad9af5,ARAL,Aral Tankstelle,Berlin,52.542747,13.199304,1.5,2.159,2.099,2.249,True
2026-10-10T18:40:56+00:00,9f07b69b-4b15-4852-9c60-5d293c6cadc5,Sprint,Sprint Berlin Seegefelder Str.,Berlin,52.536163,13.191189,1.6,2.129,2.069,2.219,True
2026-10-10T18:40:56+00:00,005056ba-7cb6-1ed2-bceb-641db1c24d1d,STAR,star Tankstelle,Berlin,52.534388,13.184014,1.7,2.129,2.069,2.219,True
2026-10-10T18:40:56+00:00,51d4b471-a095-1aa0-e100-80009459e03a,JET,JET BERLIN BRUNSBUETTELER DAMM 87-89,BERLIN,52.53379,13.18503,1.7,2.129,2.069,2.219,True
2026-10-10T18:40:56+00:00,d590310c-e209-46b2-bfe7-dacc6148e1f1,TotalEnergies,TotalEnergies Berlin,Berlin,52.55424,13.207408,2,2.139,2.079,2.229,True
2026-10-10T18:40:56+00:00,5d8c8a4c-bce7-4d28-ae12-0d61a971c5cc,Shell,Shell Berlin Streitstr. 19,Berlin,52.558899,13.208409,2.3,2.139,2.079,2.229,True
2026-10-10T18:40:56+00:00,057827cd-6583-4a3a-a461-f8546073fd02,SUN,Sun Klosterstr.,Berlin,52.52943,13.19517,2.4,2.129,2.069,2.219,True
2026-10-10T18:40:56+00:00,905d4775-754e-4b38-baca-89c98fad1d1a,Sprint,Sprint Berlin Ruhlebener Str.,Berlin,52.529285,13.20718,2.9,2.129,2.069,2.219,True
2026-10-10T18:42:26+00:00,cebbe420-bcf3-4db8-9099-c52b783e2158,ESSO,Esso Tankstelle,BERLIN,52.549044,13.17897,0,2.149,2.089,2.229,True
2026-10-10T18:42:26+00:00,7347dd32-bfa1-470a-a6ee-2a2c95ad9af5,ARAL,Aral Tankstelle,Berlin,52.542747,13.199304,1.5,2.159,2.099,2.249,True
2026-10-10T18:42:26+00:00,9f07b69b-4b15-4852-9c60-5d293c6cadc5,Sprint,Sprint Berlin Seegefelder Str.,Berlin,52.536163,13.191189,1.6,2.129,2.069,2.219,True
2026-10-10T18:42:26+00:00,005056ba-7cb6-1ed2-bceb-641db1c24d1d,STAR,star Tankstelle,Berlin,52.534388,13.184014,1.7,2.129,2.069,2.219,True
2026-10-10T18:42:26+00:00,51d4b471-a095-1aa0-e100-80009459e03a,JET,JET BERLIN BRUNSBUETTELER DAMM 87-89,BERLIN,52.53379,13.18503,1.7,2.129,2.069,2.219,True
2026-10-10T18:42:26+00:00,d590310c-e209-46b2-bfe7-dacc6148e1f1,TotalEnergies,TotalEnergies Berlin,Berlin,52.55424,13.207408,2,2.139,2.079,2.229,True
2026-10-10T18:42:26+00:00,5d8c8a4c-bce7-4d28-ae12-0d61a971c5cc,Shell,Shell Berlin Streitstr. 19,Berlin,52.558899,13.208409,2.3,2.139,2.079,2.229,True
2026-10-10T18:42:26+00:00,057827cd-6583-4a3a-a461-f8546073fd02,SUN,Sun Klosterstr.,Berlin,52.52943,13.19517,2.4,2.129,2.069,2.219,True
2026-10-10T18:42:26+00:00,905d4775-754e-4b38-baca-89c98fad1d1a,Sprint,Sprint Berlin Ruhlebener Str.,Berlin,52.529285,13.20718,2.9,2.129,2.069,2.219,True
2026-10-10T18:43:57+00:00,cebbe420-bcf3-4db8-9099-c52b783e2158,ESSO,Esso Tankstelle,BERLIN,52.549044,13.17897,0,2.149,2.089,2.229,True
2026-10-10T18:43:57+00:00,7347dd32-bfa1-470a-a6ee-2a2c95ad9af5,ARAL,Aral Tankstelle,Berlin,52.542747,13.199304,1.5,2.159,2.099,2.249,True
2026-10-10T18:43:57+00:00,9f07b69b-4b15-4852-9c60-5d293c6cadc5,Sprint,Sprint Berlin Seegefelder Str.,Berlin,52.536163,13.191189,1.6,2.129,2.069,2.219,True
2026-10-10T18:43:57+00:00,005056ba-7cb6-1ed2-bceb-641db1c24d1d,STAR,star Tankstelle,Berlin,52.534388,13.184014,1.7,2.129,2.069,2.219,True
2026-10-10T18:43:57+00:00,51d4b471-a095-1aa0-e100-80009459e03a,JET,JET BERLIN BRUNSBUETTELER DAMM 87-89,BERLIN,52.53379,13.18503,1.7,2.129,2.069,2.219,True
2026-10-10T18:43:57+00:00,d590310c-e209-46b2-bfe7-dacc6148e1f1,TotalEnergies,TotalEnergies Berlin,Berlin,52.55424,13.207408,2,2.139,2.079,2.229,True
2026-10-10T18:43:57+00:00,5d8c8a4c-bce7-4d28-ae12-0d61a971c5cc,Shell,Shell Berlin Streitstr. 19,Berlin,52.558899,13.208409,2.3,2.139,2.079,2.229,True
2026-10-10T18:43:57+00:00,057827cd-6583-4a3a-a461-f8546073fd02,SUN,Sun Klosterstr.,Berlin,52.52943,13.19517,2.4,2.129,2.069,2.219,True
2026-10-10T18:43:57+00:00,905d4775-754e-4b38-baca-89c98fad1d1a,Sprint,Sprint Berlin Ruhlebener Str.,Berlin,52.529285,13.20718,2.9,2.129,2.069,2.219,True
2026-10-10T18:45:28+00:00,cebbe420-bcf3-4db8-9099-c52b783e2158,ESSO,Esso Tankstelle,BERLIN,52.549044,13.17897,0,2.149,2.089,2.229,True
2026-10-10T18:45:28+00:00,7347dd32-bfa1-470a-a6ee-2a2c95ad9af5,ARAL,Aral Tankstelle,Berlin,52.542747,13.199304,1.5,2.159,2.099,2.249,True
2026-10-10T18:45:28+00:00,9f07b69b-4b15-4852-9c60-5d293c6cadc5,Sprint,Sprint Berlin Seegefelder Str.,Berlin,52.536163,13.191189,1.6,2.129,2.069,2.219,True
2026-10-10T18:45:28+00:00,005056ba-7cb6-1ed2-bceb-641db1c24d1d,STAR,star Tankstelle,Berlin,52.534388,13.184014,1.7,2.129,2.069,2.219,True
2026-10-10T18:45:28+00:00,51d4b471-a095-1aa0-e100-80009459e03a,JET,JET BERLIN BRUNSBUETTELER DAMM 87-89,BERLIN,52.53379,13.18503,1.7,2.129,2.069,2.219,True
2026-10-10T18:45:28+00:00,d590310c-e209-46b2-bfe7-dacc6148e1f1,TotalEnergies,TotalEnergies Berlin,Berlin,52.55424,13.207408,2,2.139,2.079,2.229,True
2026-10-10T18:45:28+00:00,5d8c8a4c-bce7-4d28-ae12-0d61a971c5cc,Shell,Shell Berlin Streitstr. 19,Berlin,52.558899,13.208409,2.3,2.139,2.079,2.229,True
2026-10-10T18:45:28+00:00,057827cd-6583-4a3a-a461-f8546073fd02,SUN,Sun Klosterstr.,Berlin,52.52943,13.19517,2.4,2.129,2.069,2.219,True
2026-10-10T18:45:28+00:00,905d4775-754e-4b38-baca-89c98fad1d1a,Sprint,Sprint Berlin Ruhlebener Str.,Berlin,52.529285,13.20718,2.9,2.129,2.069,2.219,True
2026-10-10T18:46:59+00:00,cebbe420-bcf3-4db8-9099-c52b783e2158,ESSO,Esso Tankstelle,BERLIN,52.549044,13.17897,0,2.149,2.089,2.229,True
2026-10-10T18:46:59+00:00,7347dd32-bfa1-470a-a6ee-2a2c95ad9af5,ARAL,Aral Tankstelle,Berlin,52.542747,13.199304,1.5,2.159,2.099,2.249,True
2026-10-10T18:46:59+00:00,9f07b69b-4b15-4852-9c60-5d293c6cadc5,Sprint,Sprint Berlin Seegefelder Str.,Berlin,52.536163,13.191189,1.6,2.129,2.069,2.219,True
2026-10-10T18:46:59+00:00,005056ba-7cb6-1ed2-bceb-641db1c24d1d,STAR,star Tankstelle,Berlin,52.534388,13.184014,1.7,2.129,2.069,2.219,True
2026-10-10T18:46:59+00:00,51d4b471-a095-1aa0-e100-80009459e03a,JET,JET BERLIN BRUNSBUETTELER DAMM 87-89,BERLIN,52.53379,13.18503,1.7,2.129,2.069,2.219,True
2026-10-10T18:46:59+00:00,d590310c-e209-46b2-bfe7-dacc6148e1f1,TotalEnergies,TotalEnergies Berlin,Berlin,52.55424,13.207408,2,2.139,2.079,2.229,True
2026-10-10T18:46:59+00:00,5d8c8a4c-bce7-4d28-ae12-0d61a971c5cc,Shell,Shell Berlin Streitstr. 19,Berlin,52.558899,13.208409,2.3,2.139,2.079,2.229,True
2026-10-10T18:46:59+00:00,057827cd-6583-4a3a-a461-f8546073fd02,SUN,Sun Klosterstr.,Berlin,52.52943,13.19517,2.4,2.129,2.069,2.219,True
2026-10-10T18:46:59+00:00,905d4775-754e-4b38-baca-89c98fad1d1a,Sprint,Sprint Berlin Ruhlebener Str.,Berlin,52.529285,13.20718,2.9,2.129,2.069,2.219,True
2026-10-10T18:48:29+00:00,cebbe420-bcf3-4db8-9099-c52b783e2158,ESSO,Esso Tankstelle,BERLIN,52.549044,13.17897,0,2.149,2.089,2.229,True
2026-10-10T18:48:29+00:00,7347dd32-bfa1-470a-a6ee-2a2c95ad9af5,ARAL,Aral Tankstelle,Berlin,52.542747,13.199304,1.5,2.159,2.099,2.249,True
2026-10-10T18:48:29+00:00,9f07b69b-4b15-4852-9c60-5d293c6cadc5,Sprint,Sprint Berlin Seegefelder Str.,Berlin,52.536163,13.191189,1.6,2.129,2.069,2.219,True
2026-10-10T18:48:29+00:00,005056ba-7cb6-1ed2-bceb-641db1c24d1d,STAR,star Tankstelle,Berlin,52.534388,13.184014,1.7,2.129,2.069,2.219,True
2026-10-10T18:48:29+00:00,51d4b471-a095-1aa0-e100-80009459e03a,JET,JET BERLIN BRUNSBUETTELER DAMM 87-89,BERLIN,52.53379,13.18503,1.7,2.129,2.069,2.219,True
2026-10-10T18:48:29+00:00,d590310c-e209-46b2-bfe7-dacc6148e1f1,TotalEnergies,TotalEnergies Berlin,Berlin,52.55424,13.207408,2,2.139,2.079,2.229,True
2026-10-10T18:48:29+00:00,5d8c8a4c-bce7-4d28-ae12-0d61a971c5cc,Shell,Shell Berlin Streitstr. 19,Berlin,52.558899,13.208409,2.3,2.139,2.079,2.229,True
2026-10-10T18:48:29+00:00,057827cd-6583-4a3a-a461-f8546073fd02,SUN,Sun Klosterstr.,Berlin,52.52943,13.19517,2.4,2.129,2.069,2.219,True
2026-10-10T18:48:29+00:00,905d4775-754e-4b38-baca-89c98fad1d1a,Sprint,Sprint Berlin Ruhlebener Str.,Berlin,52.529285,13.20718,2.9,2.129,2.069,2.209,True
2026-10-10T18:50:00+00:00,cebbe420-bcf3-4db8-9099-c52b783e2158,ESSO,Esso Tankstelle,BERLIN,52.549044,13.17897,0,2.149,2.089,2.229,True
2026-10-10T18:50:00+00:00,7347dd32-bfa1-470a-a6ee-2a2c95ad9af5,ARAL,Aral Tankstelle,Berlin,52.542747,13.199304,1.5,2.159,2.099,2.249,True
2026-10-10T18:50:00+00:00,9f07b69b-4b15-4852-9c60-5d293c6cadc5,Sprint,Sprint Berlin Seegefelder Str.,Berlin,52.536163,13.191189,1.6,2.129,2.069,2.219,True
2026-10-10T18:50:00+00:00,005056ba-7cb6-1ed2-bceb-641db1c24d1d,STAR,star Tankstelle,Berlin,52.534388,13.184014,1.7,2.129,2.069,2.219,True
2026-10-10T18:50:00+00:00,51d4b471-a095-1aa0-e100-80009459e03a,JET,JET BERLIN BRUNSBUETTELER DAMM 87-89,BERLIN,52.53379,13.18503,1.7,2.129,2.069,2.219,True
2026-10-10T18:50:00+00:00,d590310c-e209-46b2-bfe7-dacc6148e1f1,TotalEnergies,TotalEnergies Berlin,Berlin,52.55424,13.207408,2,2.139,2.079,2.229,True
2026-10-10T18:50:00+00:00,5d8c8a4c-bce7-4d28-ae12-0d61a971c5cc,Shell,Shell Berlin Streitstr. 19,Berlin,52.558899,13.208409,2.3,2.139,2.079,2.229,True
2026-10-10T18:50:00+00:00,057827cd-6583-4a3a-a461-f8546073fd02,SUN,Sun Klosterstr.,Berlin,52.52943,13.19517,2.4,2.129,2.069,2.219,True
2026-10-10T18:50:00+00:00,905d4775-754e-4b38-baca-89c98fad1d1a,Sprint,Sprint Berlin Ruhlebener Str.,Berlin,52.529285,13.20718,2.9,2.129,2.069,2.209,True
2026-10-10T18:51:37+00:00,cebbe420-bcf3-4db8-9099-c52b783e2158,ESSO,Esso Tankstelle,BERLIN,52.549044,13.17897,0,2.149,2.089,2.229,True
2026-10-10T18:51:37+00:00,7347dd32-bfa1-470a-a6ee-2a2c95ad9af5,ARAL,Aral Tankstelle,Berlin,52.542747,13.199304,1.5,2.159,2.099,2.249,True
2026-10-10T18:51:37+00:00,9f07b69b-4b15-4852-9c60-5d293c6cadc5,Sprint,Sprint Berlin Seegefelder Str.,Berlin,52.536163,13.191189,1.6,2.129,2.069,2.219,True
2026-10-10T18:51:37+00:00,005056ba-7cb6-1ed2-bceb-641db1c24d1d,STAR,star Tankstelle,Berlin,52.534388,13.184014,1.7,2.129,2.069,2.219,True
2026-10-10T18:51:37+00:00,51d4b471-a095-1aa0-e100-80009459e03a,JET,JET BERLIN BRUNSBUETTELER DAMM 87-89,BERLIN,52.53379,13.18503,1.7,2.129,2.069,2.209,True
2026-10-10T18:51:37+00:00,d590310c-e209-46b2-bfe7-dacc6148e1f1,TotalEnergies,TotalEnergies Berlin,Berlin,52.55424,13.207408,2,2.139,2.079,2.229,True
2026-10-10T18:51:37+00:00,5d8c8a4c-bce7-4d28-ae12-0d61a971c5cc,Shell,Shell Berlin Streitstr. 19,Berlin,52.558899,13.208409,2.3,2.139,2.079,2.229,True
2026-10-10T18:51:37+00:00,057827cd-6583-4a3a-a461-f8546073fd02,SUN,Sun Klosterstr.,Berlin,52.52943,13.19517,2.4,2.129,2.069,2.219,True
2026-10-10T18:51:37+00:00,905d4775-754e-4b38-baca-89c98fad1d1a,Sprint,Sprint Berlin Ruhlebener Str.,Berlin,52.529285,13.20718,2.9,2.129,2.069,2.209,True
2026-10-10T18:53:08+00:00,cebbe420-bcf3-4db8-9099-c52b783e2158,ESSO,Esso Tankstelle,BERLIN,52.549044,13.17897,0,2.149,2.089,2.229,True
2026-10-10T18:53:08+00:00,7347dd32-bfa1-470a-a6ee-2a2c95ad9af5,ARAL,Aral Tankstelle,Berlin,52.542747,13.199304,1.5,2.159,2.099,2.249,True
2026-10-10T18:53:08+00:00,9f07b69b-4b15-4852-9c60-5d293c6cadc5,Sprint,Sprint Berlin Seegefelder Str.,Berlin,52.536163,13.191189,1.6,2.129,2.069,2.209,True
2026-10-10T18:53:08+00:00,005056ba-7cb6-1ed2-bceb-641db1c24d1d,STAR,star Tankstelle,Berlin,52.534388,13.184014,1.7,2.129,2.069,2.219,True
2026-10-10T18:53:08+00:00,51d4b471-a095-1aa0-e100-80009459e03a,JET,JET BERLIN BRUNSBUETTELER DAMM 87-89,BERLIN,52.53379,13.18503,1.7,2.129,2.069,2.209,True
2026-10-10T18:53:08+00:00,d590310c-e209-46b2-bfe7-dacc6148e1f1,TotalEnergies,TotalEnergies Berlin,Berlin,52.55424,13.207408,2,2.139,2.079,2.229,True
2026-10-10T18:53:08+00:00,5d8c8a4c-bce7-4d28-ae12-0d61a971c5cc,Shell,Shell Berlin Streitstr. 19,Berlin,52.558899,13.208409,2.3,2.139,2.079,2.229,True
2026-10-10T18:53:08+00:00,057827cd-6583-4a3a-a461-f8546073fd02,SUN,Sun Klosterstr.,Berlin,52.52943,13.19517,2.4,2.129,2.069,2.219,True
2026-10-10T18:53:08+00:00,905d4775-754e-4b38-baca-89c98fad1d1a,Sprint,Sprint Berlin Ruhlebener Str.,Berlin,52.529285,13.20718,2.9,2.129,2.069,2.209,True
2026-10-10T18:54:39+00:00,cebbe420-bcf3-4db8-9099-c52b783e2158,ESSO,Esso Tankstelle,BERLIN,52.549044,13.17897,0,2.149,2.089,2.229,True
2026-10-10T18:54:39+00:00,7347dd32-bfa1-470a-a6ee-2a2c95ad9af5,ARAL,Aral Tankstelle,Berlin,52.542747,13.199304,1.5,2.159,2.099,2.249,True
2026-10-10T18:54:39+00:00,9f07b69b-4b15-4852-9c60-5d293c6cadc5,Sprint,Sprint Berlin Seegefelder Str.,Berlin,52.536163,13.191189,1.6,2.129,2.069,2.209,True
2026-10-10T18:54:39+00:00,005056ba-7cb6-1ed2-bceb-641db1c24d1d,STAR,star Tankstelle,Berlin,52.534388,13.184014,1.7,2.129,2.069,2.219,True
2026-10-10T18:54:39+00:00,51d4b471-a095-1aa0-e100-80009459e03a,JET,JET BERLIN BRUNSBUETTELER DAMM 87-89,BERLIN,52.53379,13.18503,1.7,2.129,2.069,2.209,True
2026-10-10T18:54:39+00:00,d590310c-e209-46b2-bfe7-dacc6148e1f1,TotalEnergies,TotalEnergies Berlin,Berlin,52.55424,13.207408,2,2.139,2.079,2.229,True
2026-10-10T18:54:39+00:00,5d8c8a4c-bce7-4d28-ae12-0d61a971c5cc,Shell,Shell Berlin Streitstr. 19,Berlin,52.558899,13.208409,2.3,2.139,2.079,2.229,True
2026-10-10T18:54:39+00:00,057827cd-6583-4a3a-a461-f8546073fd02,SUN,Sun Klosterstr.,Berlin,52.52943,13.19517,2.4,2.129,2.069,2.209,True
2026-10-10T18:54:39+00:00,905d4775-754e-4b38-baca-89c98fad1d1a,Sprint,Sprint Berlin Ruhlebener Str.,Berlin,52.529285,13.20718,2.9,2.129,2.069,2.209,True
2026-10-10T18:56:09+00:00,cebbe420-bcf3-4db8-9099-c52b783e2158,ESSO,Esso Tankstelle,BERLIN,52.549044,13.17897,0,2.149,2.089,2.229,True
2026-10-10T18:56:09+00:00,7347dd32-bfa1-470a-a6ee-2a2c95ad9af5,ARAL,Aral Tankstelle,Berlin,52.542747,13.199304,1.5,2.159,2.099,2.249,True
2026-10-10T18:56:09+00:00,9f07b69b-4b15-4852-9c60-5d293c6cadc5,Sprint,Sprint Berlin Seegefelder Str.,Berlin,52.536163,13.191189,1.6,2.129,2.069,2.209,True
2026-10-10T18:56:09+00:00,005056ba-7cb6-1ed2-bceb-641db1c24d1d,STAR,star Tankstelle,Berlin,52.534388,13.184014,1.7,2.129,2.069,2.219,True
2026-10-10T18:56:09+00:00,51d4b471-a095-1aa0-e100-80009459e03a,JET,JET BERLIN BRUNSBUETTELER DAMM 87-89,BERLIN,52.53379,13.18503,1.7,2.129,2.069,2.209,True
2026-10-10T18:56:09+00:00,d590310c-e209-46b2-bfe7-dacc6148e1f1,TotalEnergies,TotalEnergies Berlin,Berlin,52.55424,13.207408,2,2.139,2.079,2.229,True
2026-10-10T18:56:09+00:00,5d8c8a4c-bce7-4d28-ae12-0d61a971c5cc,Shell,Shell Berlin Streitstr. 19,Berlin,52.558899,13.208409,2.3,2.139,2.079,2.229,True
2026-10-10T18:56:09+00:00,057827cd-6583-4a3a-a461-f8546073fd02,SUN,Sun Klosterstr.,Berlin,52.52943,13.19517,2.4,2.129,2.069,2.209,True
2026-10-10T18:56:09+00:00,905d4775-754e-4b38-baca-89c98fad1d1a,Sprint,Sprint Berlin Ruhlebener Str.,Berlin,52.529285,13.20718,2.9,2.129,2.069,2.209,True
2026-10-10T18:57:40+00:00,cebbe420-bcf3-4db8-9099-c52b783e2158,ESSO,Esso Tankstelle,BERLIN,52.549044,13.17897,0,2.149,2.089,2.229,True
2026-10-10T18:57:40+00:00,7347dd32-bfa1-470a-a6ee-2a2c95ad9af5,ARAL,Aral Tankstelle,Berlin,52.542747,13.199304,1.5,2.159,2.099,2.249,True
2026-10-10T18:57:40+00:00,9f07b69b-4b15-4852-9c60-5d293c6cadc5,Sprint,Sprint Berlin Seegefelder Str.,Berlin,52.536163,13.191189,1.6,2.129,2.069,2.209,True
2026-10-10T18:57:40+00:00,005056ba-7cb6-1ed2-bceb-641db1c24d1d,STAR,star Tankstelle,Berlin,52.534388,13.184014,1.7,2.129,2.069,2.219,True
2026-10-10T18:57:40+00:00,51d4b471-a095-1aa0-e100-80009459e03a,JET,JET BERLIN BRUNSBUETTELER DAMM 87-89,BERLIN,52.53379,13.18503,1.7,2.129,2.069,2.209,True
2026-10-10T18:57:40+00:00,d590310c-e209-46b2-bfe7-dacc6148e1f1,TotalEnergies,TotalEnergies Berlin,Berlin,52.55424,13.207408,2,2.139,2.079,2.229,True
2026-10-10T18:57:40+00:00,5d8c8a4c-bce7-4d28-ae12-0d61a971c5cc,Shell,Shell Berlin Streitstr. 19,Berlin,52.558899,13.208409,2.3,2.139,2.079,2.229,True
2026-10-10T18:57:40+00:00,057827cd-6583-4a3a-a461-f8546073fd02,SUN,Sun Klosterstr.,Berlin,52.52943,13.19517,2.4,2.129,2.069,2.209,True
2026-10-10T18:57:40+00:00,905d4775-754e-4b38-baca-89c98fad1d1a,Sprint,Sprint Berlin Ruhlebener Str.,Berlin,52.529285,13.20718,2.9,2.129,2.069,2.209,True
2026-10-10T18:59:11+00:00,cebbe420-bcf3-4db8-9099-c52b783e2158,ESSO,Esso Tankstelle,BERLIN,52.549044,13.17897,0,2.149,2.089,2.229,True
2026-10-10T18:59:11+00:00,7347dd32-bfa1-470a-a6ee-2a2c95ad9af5,ARAL,Aral Tankstelle,Berlin,52.542747,13.199304,1.5,2.159,2.099,2.249,True
2026-10-10T18:59:11+00:00,9f07b69b-4b15-4852-9c60-5d293c6cadc5,Sprint,Sprint Berlin Seegefelder Str.,Berlin,52.536163,13.191189,1.6,2.129,2.069,2.209,True
2026-10-10T18:59:11+00:00,005056ba-7cb6-1ed2-bceb-641db1c24d1d,STAR,star Tankstelle,Berlin,52.534388,13.184014,1.7,2.129,2.069,2.219,True
2026-10-10T18:59:11+00:00,51d4b471-a095-1aa0-e100-80009459e03a,JET,JET BERLIN BRUNSBUETTELER DAMM 87-89,BERLIN,52.53379,13.18503,1.7,2.129,2.069,2.209,True
2026-10-10T18:59:11+00:00,d590310c-e209-46b2-bfe7-dacc6148e1f1,TotalEnergies,TotalEnergies Berlin,Berlin,52.55424,13.207408,2,2.139,2.079,2.229,True
2026-10-10T18:59:11+00:00,5d8c8a4c-bce7-4d28-ae12-0d61a971c5cc,Shell,Shell Berlin Streitstr. 19,Berlin,52.558899,13.208409,2.3,2.139,2.079,2.229,True
2026-10-10T18:59:11+00:00,057827cd-6583-4a3a-a461-f8546073fd02,SUN,Sun Klosterstr.,Berlin,52.52943,13.19517,2.4,2.129,2.069,2.209,True
2026-10-10T18:59:11+00:00,905d4775-754e-4b38-baca-89c98fad1d1a,Sprint,Sprint Berlin Ruhlebener Str.,Berlin,52.529285,13.20718,2.9,2.129,2.069,2.209,True
2026-10-10T19:00:42+00:00,cebbe420-bcf3-4db8-9099-c52b783e2158,ESSO,Esso Tankstelle,BERLIN,52.549044,13.17897,0,2.149,2.089,2.219,True
2026-10-10T19:00:42+00:00,7347dd32-bfa1-470a-a6ee-2a2c95ad9af5,ARAL,Aral Tankstelle,Berlin,52.542747,13.199304,1.5,2.159,2.099,2.249,True
2026-10-10T19:00:42+00:00,9f07b69b-4b15-4852-9c60-5d293c6cadc5,Sprint,Sprint Berlin Seegefelder Str.,Berlin,52.536163,13.191189,1.6,2.129,2.069,2.209,True
2026-10-10T19:00:42+00:00,005056ba-7cb6-1ed2-bceb-641db1c24d1d,STAR,star Tankstelle,Berlin,52.534388,13.184014,1.7,2.129,2.069,2.209,True
2026-10-10T19:00:42+00:00,51d4b471-a095-1aa0-e100-80009459e03a,JET,JET BERLIN BRUNSBUETTELER DAMM 87-89,BERLIN,52.53379,13.18503,1.7,2.129,2.069,2.209,True
2026-10-10T19:00:42+00:00,d590310c-e209-46b2-bfe7-dacc6148e1f1,TotalEnergies,TotalEnergies Berlin,Berlin,52.55424,13.207408,2,2.139,2.079,2.229,True
2026-10-10T19:00:42+00:00,5d8c8a4c-bce7-4d28-ae12-0d61a971c5cc,Shell,Shell Berlin Streitstr. 19,Berlin,52.558899,13.208409,2.3,2.139,2.079,2.229,True
2026-10-10T19:00:42+00:00,057827cd-6583-4a3a-a461-f8546073fd02,SUN,Sun Klosterstr.,Berlin,52.52943,13.19517,2.4,2.129,2.069,2.209,True
2026-10-10T19:00:42+00:00,905d4775-754e-4b38-baca-89c98fad1d1a,Sprint,Sprint Berlin Ruhlebener Str.,Berlin,52.529285,13.20718,2.9,2.129,2.069,2.209,True
2026-10-10T19:02:12+00:00,cebbe420-bcf3-4db8-9099-c52b783e2158,ESSO,Esso Tankstelle,BERLIN,52.549044,13.17897,0,2.149,2.089,2.219,True
2026-10-10T19:02:12+00:00,7347dd32-bfa1-470a-a6ee-2a2c95ad9af5,ARAL,Aral Tankstelle,Berlin,52.542747,13.199304,1.5,2.159,2.099,2.249,True
2026-10-10T19:02:12+00:00,9f07b69b-4b15-4852-9c60-5d293c6cadc5,Sprint,Sprint Berlin Seegefelder Str.,Berlin,52.536163,13.191189,1.6,2.129,2.069,2.209,True
2026-10-10T19:02:12+00:00,005056ba-7cb6-1ed2-bceb-641db1c24d1d,STAR,star Tankstelle,Berlin,52.534388,13.184014,1.7,2.129,2.069,2.209,True
2026-10-10T19:02:12+00:00,51d4b471-a095-1aa0-e100-80009459e03a,JET,JET BERLIN BRUNSBUETTELER DAMM 87-89,BERLIN,52.53379,13.18503,1.7,2.129,2.069,2.209,True
2026-10-10T19:02:12+00:00,d590310c-e209-46b2-bfe7-dacc6148e1f1,TotalEnergies,TotalEnergies Berlin,Berlin,52.55424,13.207408,2,2.139,2.079,2.229,True
2026-10-10T19:02:12+00:00,5d8c8a4c-bce7-4d28-ae12-0d61a971c5cc,Shell,Shell Berlin Streitstr. 19,Berlin,52.558899,13.208409,2.3,2.139,2.079,2.229,True
2026-10-10T19:02:12+00:00,057827cd-6583-4a3a-a461-f8546073fd02,SUN,Sun Klosterstr.,Berlin,52.52943,13.19517,2.4,2.129,2.069,2.209,True
2026-10-10T19:02:12+00:00,905d4775-754e-4b38-baca-89c98fad1d1a,Sprint,Sprint Berlin Ruhlebener Str.,Berlin,52.529285,13.20718,2.9,2.129,2.069,2.209,True
2026-10-10T19:03:43+00:00,cebbe420-bcf3-4db8-9099-c52b783e2158,ESSO,Esso Tankstelle,BERLIN,52.549044,13.17897,0,2.149,2.089,2.219,True
2026-10-10T19:03:43+00:00,7347dd32-bfa1-470a-a6ee-2a2c95ad9af5,ARAL,Aral Tankstelle,Berlin,52.542747,13.199304,1.5,2.159,2.099,2.249,True
2026-10-10T19:03:43+00:00,9f07b69b-4b15-4852-9c60-5d293c6cadc5,Sprint,Sprint Berlin Seegefelder Str.,Berlin,52.536163,13.191189,1.6,2.129,2.069,2.209,True
2026-10-10T19:03:43+00:00,005056ba-7cb6-1ed2-bceb-641db1c24d1d,STAR,star Tankstelle,Berlin,52.534388,13.184014,1.7,2.129,2.069,2.209,True
2026-10-10T19:03:43+00:00,51d4b471-a095-1aa0-e100-80009459e03a,JET,JET BERLIN BRUNSBUETTELER DAMM 87-89,BERLIN,52.53379,13.18503,1.7,2.129,2.069,2.209,True
2026-10-10T19:03:43+00:00,d590310c-e209-46b2-bfe7-dacc6148e1f1,TotalEnergies,TotalEnergies Berlin,Berlin,52.55424,13.207408,2,2.139,2.079,2.229,True
2026-10-10T19:03:43+00:00,5d8c8a4c-bce7-4d28-ae12-0d61a971c5cc,Shell,Shell Berlin Streitstr. 19,Berlin,52.558899,13.208409,2.3,2.139,2.079,2.229,True
2026-10-10T19:03:43+00:00,057827cd-6583-4a3a-a461-f8546073fd02,SUN,Sun Klosterstr.,Berlin,52.52943,13.19517,2.4,2.129,2.069,2.209,True
2026-10-10T19:03:43+00:00,905d4775-754e-4b38-baca-89c98fad1d1a,Sprint,Sprint Berlin Ruhlebener Str.,Berlin,52.529285,13.20718,2.9,2.129,2.069,2.209,True
2026-10-10T19:05:14+00:00,cebbe420-bcf3-4db8-9099-c52b783e2158,ESSO,Esso Tankstelle,BERLIN,52.549044,13.17897,0,2.149,2.089,2.219,True
2026-10-10T19:05:14+00:00,7347dd32-bfa1-470a-a6ee-2a2c95ad9af5,ARAL,Aral Tankstelle,Berlin,52.542747,13.199304,1.5,2.159,2.099,2.249,True
2026-10-10T19:05:14+00:00,9f07b69b-4b15-4852-9c60-5d293c6cadc5,Sprint,Sprint Berlin Seegefelder Str.,Berlin,52.536163,13.191189,1.6,2.129,2.069,2.209,True
2026-10-10T19:05:14+00:00,005056ba-7cb6-1ed2-bceb-641db1c24d1d,STAR,star Tankstelle,Berlin,52.534388,13.184014,1.7,2.129,2.069,2.209,True
2026-10-10T19:05:14+00:00,51d4b471-a095-1aa0-e100-80009459e03a,JET,JET BERLIN BRUNSBUETTELER DAMM 87-89,BERLIN,52.53379,13.18503,1.7,2.129,2.069,2.209,True
2026-10-10T19:05:14+00:00,d590310c-e209-46b2-bfe7-dacc6148e1f1,TotalEnergies,TotalEnergies Berlin,Berlin,52.55424,13.207408,2,2.139,2.079,2.229,True
2026-10-10T19:05:14+00:00,5d8c8a4c-bce7-4d28-ae12-0d61a971c5cc,Shell,Shell Berlin Streitstr. 19,Berlin,52.558899,13.208409,2.3,2.139,2.079,2.229,True
2026-10-10T19:05:14+00:00,057827cd-6583-4a3a-a461-f8546073fd02,SUN,Sun Klosterstr.,Berlin,52.52943,13.19517,2.4,2.129,2.069,2.209,True
2026-10-10T19:05:14+00:00,905d4775-754e-4b38-baca-89c98fad1d1a,Sprint,Sprint Berlin Ruhlebener Str.,Berlin,52.529285,13.20718,2.9,2.129,2.069,2.209,True
2026-10-10T19:06:52+00:00,cebbe420-bcf3-4db8-9099-c52b783e2158,ESSO,Esso Tankstelle,BERLIN,52.549044,13.17897,0,2.149,2.089,2.219,True
2026-10-10T19:06:52+00:00,7347dd32-bfa1-470a-a6ee-2a2c95ad9af5,ARAL,Aral Tankstelle,Berlin,52.542747,13.199304,1.5,2.159,2.099,2.249,True
2026-10-10T19:06:52+00:00,9f07b69b-4b15-4852-9c60-5d293c6cadc5,Sprint,Sprint Berlin Seegefelder Str.,Berlin,52.536163,13.191189,1.6,2.129,2.069,2.209,True
2026-10-10T19:06:52+00:00,005056ba-7cb6-1ed2-bceb-641db1c24d1d,STAR,star Tankstelle,Berlin,52.534388,13.184014,1.7,2.129,2.069,2.209,True
2026-10-10T19:06:52+00:00,51d4b471-a095-1aa0-e100-80009459e03a,JET,JET BERLIN BRUNSBUETTELER DAMM 87-89,BERLIN,52.53379,13.18503,1.7,2.129,2.069,2.209,True
2026-10-10T19:06:52+00:00,d590310c-e209-46b2-bfe7-dacc6148e1f1,TotalEnergies,TotalEnergies Berlin,Berlin,52.55424,13.207408,2,2.139,2.079,2.219,True
2026-10-10T19:06:52+00:00,5d8c8a4c-bce7-4d28-ae12-0d61a971c5cc,Shell,Shell Berlin Streitstr. 19,Berlin,52.558899,13.208409,2.3,2.139,2.079,2.229,True
2026-10-10T19:06:52+00:00,057827cd-6583-4a3a-a461-f8546073fd02,SUN,Sun Klosterstr.,Berlin,52.52943,13.19517,2.4,2.129,2.069,2.209,True
2026-10-10T19:06:52+00:00,905d4775-754e-4b38-baca-89c98fad1d1a,Sprint,Sprint Berlin Ruhlebener Str.,Berlin,52.529285,13.20718,2.9,2.129,2.069,2.209,True
2026-10-10T19:08:22+00:00,cebbe420-bcf3-4db8-9099-c52b783e2158,ESSO,Esso Tankstelle,BERLIN,52.549044,13.17897,0,2.149,2.089,2.219,True
2026-10-10T19:08:22+00:00,7347dd32-bfa1-470a-a6ee-2a2c95ad9af5,ARAL,Aral Tankstelle,Berlin,52.542747,13.199304,1.5,2.159,2.099,2.249,True
2026-10-10T19:08:22+00:00,9f07b69b-4b15-4852-9c60-5d293c6cadc5,Sprint,Sprint Berlin Seegefelder Str.,Berlin,52.536163,13.191189,1.6,2.129,2.069,2.209,True
2026-10-10T19:08:22+00:00,005056ba-7cb6-1ed2-bceb-641db1c24d1d,STAR,star Tankstelle,Berlin,52.534388,13.184014,1.7,2.129,2.069,2.209,True
2026-10-10T19:08:22+00:00,51d4b471-a095-1aa0-e100-80009459e03a,JET,JET BERLIN BRUNSBUETTELER DAMM 87-89,BERLIN,52.53379,13.18503,1.7,2.129,2.069,2.209,True
2026-10-10T19:08:22+00:00,d590310c-e209-46b2-bfe7-dacc6148e1f1,TotalEnergies,TotalEnergies Berlin,Berlin,52.55424,13.207408,2,2.139,2.079,2.219,True
2026-10-10T19:08:22+00:00,5d8c8a4c-bce7-4d28-ae12-0d61a971c5cc,Shell,Shell Berlin Streitstr. 19,Berlin,52.558899,13.208409,2.3,2.139,2.079,2.229,True
2026-10-10T19:08:22+00:00,057827cd-6583-4a3a-a461-f8546073fd02,SUN,Sun Klosterstr.,Berlin,52.52943,13.19517,2.4,2.129,2.069,2.209,True
2026-10-10T19:08:22+00:00,905d4775-754e-4b38-baca-89c98fad1d1a,Sprint,Sprint Berlin Ruhlebener Str.,Berlin,52.529285,13.20718,2.9,2.129,2.069,2.209,True
2026-10-10T19:09:53+00:00,cebbe420-bcf3-4db8-9099-c52b783e2158,ESSO,Esso Tankstelle,BERLIN,52.549044,13.17897,0,2.149,2.089,2.219,True
2026-10-10T19:09:53+00:00,7347dd32-bfa1-470a-a6ee-2a2c95ad9af5,ARAL,Aral Tankstelle,Berlin,52.542747,13.199304,1.5,2.159,2.099,2.249,True
2026-10-10T19:09:53+00:00,9f07b69b-4b15-4852-9c60-5d293c6cadc5,Sprint,Sprint Berlin Seegefelder Str.,Berlin,52.536163,13.191189,1.6,2.129,2.069,2.209,True
2026-10-10T19:09:53+00:00,005056ba-7cb6-1ed2-bceb-641db1c24d1d,STAR,star Tankstelle,Berlin,52.534388,13.184014,1.7,2.129,2.069,2.209,True
2026-10-10T19:09:53+00:00,51d4b471-a095-1aa0-e100-80009459e03a,JET,JET BERLIN BRUNSBUETTELER DAMM 87-89,BERLIN,52.53379,13.18503,1.7,2.129,2.069,2.209,True
2026-10-10T19:09:53+00:00,d590310c-e209-46b2-bfe7-dacc6148e1f1,TotalEnergies,TotalEnergies Berlin,Berlin,52.55424,13.207408,2,2.139,2.079,2.219,True
2026-10-10T19:09:53+00:00,5d8c8a4c-bce7-4d28-ae12-0d61a971c5cc,Shell,Shell Berlin Streitstr. 19,Berlin,52.558899,13.208409,2.3,2.139,2.079,2.229,True
2026-10-10T19:09:53+00:00,057827cd-6583-4a3a-a461-f8546073fd02,SUN,Sun Klosterstr.,Berlin,52.52943,13.19517,2.4,2.129,2.069,2.209,True
2026-10-10T19:09:53+00:00,905d4775-754e-4b38-baca-89c98fad1d1a,Sprint,Sprint Berlin Ruhlebener Str.,Berlin,52.529285,13.20718,2.9,2.129,2.069,2.209,True
2026-10-10T19:11:24+00:00,cebbe420-bcf3-4db8-9099-c52b783e2158,ESSO,Esso Tankstelle,BERLIN,52.549044,13.17897,0,2.149,2.089,2.219,True
2026-10-10T19:11:24+00:00,7347dd32-bfa1-470a-a6ee-2a2c95ad9af5,ARAL,Aral Tankstelle,Berlin,52.542747,13.199304,1.5,2.159,2.099,2.249,True
2026-10-10T19:11:24+00:00,9f07b69b-4b15-4852-9c60-5d293c6cadc5,Sprint,Sprint Berlin Seegefelder Str.,Berlin,52.536163,13.191189,1.6,2.129,2.069,2.209,True
2026-10-10T19:11:24+00:00,005056ba-7cb6-1ed2-bceb-641db1c24d1d,STAR,star Tankstelle,Berlin,52.534388,13.184014,1.7,2.129,2.069,2.209,True
2026-10-10T19:11:24+00:00,51d4b471-a095-1aa0-e100-80009459e03a,JET,JET BERLIN BRUNSBUETTELER DAMM 87-89,BERLIN,52.53379,13.18503,1.7,2.129,2.069,2.209,True
2026-10-10T19:11:24+00:00,d590310c-e209-46b2-bfe7-dacc6148e1f1,TotalEnergies,TotalEnergies Berlin,Berlin,52.55424,13.207408,2,2.139,2.079,2.219,True
2026-10-10T19:11:24+00:00,5d8c8a4c-bce7-4d28-ae12-0d61a971c5cc,Shell,Shell Berlin Streitstr. 19,Berlin,52.558899,13.208409,2.3,2.139,2.079,2.229,True
2026-10-10T19:11:24+00:00,057827cd-6583-4a3a-a461-f8546073fd02,SUN,Sun Klosterstr.,Berlin,52.52943,13.19517,2.4,2.129,2.069,2.209,True
2026-10-10T19:11:24+00:00,905d4775-754e-4b38-baca-89c98fad1d1a,Sprint,Sprint Berlin Ruhlebener Str.,Berlin,52.529285,13.20718,2.9,2.129,2.069,2.209,True
2026-10-10T19:12:55+00:00,cebbe420-bcf3-4db8-9099-c52b783e2158,ESSO,Esso Tankstelle,BERLIN,52.549044,13.17897,0,2.149,2.089,2.219,True
2026-10-10T19:12:55+00:00,7347dd32-bfa1-470a-a6ee-2a2c95ad9af5,ARAL,Aral Tankstelle,Berlin,52.542747,13.199304,1.5,2.159,2.099,2.249,True
2026-10-10T19:12:55+00:00,9f07b69b-4b15-4852-9c60-5d293c6cadc5,Sprint,Sprint Berlin Seegefelder Str.,Berlin,52.536163,13.191189,1.6,2.129,2.069,2.209,True
2026-10-10T19:12:55+00:00,005056ba-7cb6-1ed2-bceb-641db1c24d1d,STAR,star Tankstelle,Berlin,52.534388,13.184014,1.7,2.129,2.069,2.209,True
2026-10-10T19:12:55+00:00,51d4b471-a095-1aa0-e100-80009459e03a,JET,JET BERLIN BRUNSBUETTELER DAMM 87-89,BERLIN,52.53379,13.18503,1.7,2.129,2.069,2.209,True
2026-10-10T19:12:55+00:00,d590310c-e209-46b2-bfe7-dacc6148e1f1,TotalEnergies,TotalEnergies Berlin,Berlin,52.55424,13.207408,2,2.139,2.079,2.219,True
2026-10-10T19:12:55+00:00,5d8c8a4c-bce7-4d28-ae12-0d61a971c5cc,Shell,Shell Berlin Streitstr. 19,Berlin,52.558899,13.208409,2.3,2.139,2.079,2.229,True
2026-10-10T19:12:55+00:00,057827cd-6583-4a3a-a461-f8546073fd02,SUN,Sun Klosterstr.,Berlin,52.52943,13.19517,2.4,2.129,2.069,2.209,True
2026-10-10T19:12:55+00:00,905d4775-754e-4b38-baca-89c98fad1d1a,Sprint,Sprint Berlin Ruhlebener Str.,Berlin,52.529285,13.20718,2.9,2.129,2.069,2.209,True
2026-10-10T19:14:26+00:00,cebbe420-bcf3-4db8-9099-c52b783e2158,ESSO,Esso Tankstelle,BERLIN,52.549044,13.17897,0,2.149,2.089,2.219,True
2026-10-10T19:14:26+00:00,7347dd32-bfa1-470a-a6ee-2a2c95ad9af5,ARAL,Aral Tankstelle,Berlin,52.542747,13.199304,1.5,2.159,2.099,2.249,True
2026-10-10T19:14:26+00:00,9f07b69b-4b15-4852-9c60-5d293c6cadc5,Sprint,Sprint Berlin Seegefelder Str.,Berlin,52.536163,13.191189,1.6,2.129,2.069,2.209,True
2026-10-10T19:14:26+00:00,005056ba-7cb6-1ed2-bceb-641db1c24d1d,STAR,star Tankstelle,Berlin,52.534388,13.184014,1.7,2.129,2.069,2.209,True
2026-10-10T19:14:26+00:00,51d4b471-a095-1aa0-e100-80009459e03a,JET,JET BERLIN BRUNSBUETTELER DAMM 87-89,BERLIN,52.53379,13.18503,1.7,2.129,2.069,2.209,True
2026-10-10T19:14:26+00:00,d590310c-e209-46b2-bfe7-dacc6148e1f1,TotalEnergies,TotalEnergies Berlin,Berlin,52.55424,13.207408,2,2.139,2.079,2.219,True
2026-10-10T19:14:26+00:00,5d8c8a4c-bce7-4d28-ae12-0d61a971c5cc,Shell,Shell Berlin Streitstr. 19,Berlin,52.558899,13.208409,2.3,2.139,2.079,2.229,True
2026-10-10T19:14:26+00:00,057827cd-6583-4a3a-a461-f8546073fd02,SUN,Sun Klosterstr.,Berlin,52.52943,13.19517,2.4,2.129,2.069,2.209,True
2026-10-10T19:14:26+00:00,905d4775-754e-4b38-baca-89c98fad1d1a,Sprint,Sprint Berlin Ruhlebener Str.,Berlin,52.529285,13.20718,2.9,2.129,2.069,2.209,True
2026-10-10T19:15:56+00:00,cebbe420-bcf3-4db8-9099-c52b783e2158,ESSO,Esso Tankstelle,BERLIN,52.549044,13.17897,0,2.149,2.089,2.219,True
2026-10-10T19:15:56+00:00,7347dd32-bfa1-470a-a6ee-2a2c95ad9af5,ARAL,Aral Tankstelle,Berlin,52.542747,13.199304,1.5,2.159,2.099,2.249,True
2026-10-10T19:15:56+00:00,9f07b69b-4b15-4852-9c60-5d293c6cadc5,Sprint,Sprint Berlin Seegefelder Str.,Berlin,52.536163,13.191189,1.6,2.129,2.069,2.209,True
2026-10-10T19:15:56+00:00,005056ba-7cb6-1ed2-bceb-641db1c24d1d,STAR,star Tankstelle,Berlin,52.534388,13.184014,1.7,2.129,2.069,2.209,True
2026-10-10T19:15:56+00:00,51d4b471-a095-1aa0-e100-80009459e03a,JET,JET BERLIN BRUNSBUETTELER DAMM 87-89,BERLIN,52.53379,13.18503,1.7,2.129,2.069,2.209,True
2026-10-10T19:15:56+00:00,d590310c-e209-46b2-bfe7-dacc6148e1f1,TotalEnergies,TotalEnergies Berlin,Berlin,52.55424,13.207408,2,2.139,2.079,2.219,True
2026-10-10T19:15:56+00:00,5d8c8a4c-bce7-4d28-ae12-0d61a971c5cc,Shell,Shell Berlin Streitstr. 19,Berlin,52.558899,13.208409,2.3,2.139,2.079,2.229,True
2026-10-10T19:15:56+00:00,057827cd-6583-4a3a-a461-f8546073fd02,SUN,Sun Klosterstr.,Berlin,52.52943,13.19517,2.4,2.129,2.069,2.209,True
2026-10-10T19:15:56+00:00,905d4775-754e-4b38-baca-89c98fad1d1a,Sprint,Sprint Berlin Ruhlebener Str.,Berlin,52.529285,13.20718,2.9,2.129,2.069,2.209,True
2026-10-10T19:17:27+00:00,cebbe420-bcf3-4db8-9099-c52b783e2158,ESSO,Esso Tankstelle,BERLIN,52.549044,13.17897,0,2.149,2.089,2.219,True
2026-10-10T19:17:27+00:00,7347dd32-bfa1-470a-a6ee-2a2c95ad9af5,ARAL,Aral Tankstelle,Berlin,52.542747,13.199304,1.5,2.159,2.099,2.249,True
2026-10-10T19:17:27+00:00,9f07b69b-4b15-4852-9c60-5d293c6cadc5,Sprint,Sprint Berlin Seegefelder Str.,Berlin,52.536163,13.191189,1.6,2.129,2.069,2.209,True
2026-10-10T19:17:27+00:00,005056ba-7cb6-1ed2-bceb-641db1c24d1d,STAR,star Tankstelle,Berlin,52.534388,13.184014,1.7,2.129,2.069,2.209,True
2026-10-10T19:17:27+00:00,51d4b471-a095-1aa0-e100-80009459e03a,JET,JET BERLIN BRUNSBUETTELER DAMM 87-89,BERLIN,52.53379,13.18503,1.7,2.129,2.069,2.209,True
2026-10-10T19:17:27+00:00,d590310c-e209-46b2-bfe7-dacc6148e1f1,TotalEnergies,TotalEnergies Berlin,Berlin,52.55424,13.207408,2,2.139,2.079,2.219,True
2026-10-10T19:17:27+00:00,5d8c8a4c-bce7-4d28-ae12-0d61a971c5cc,Shell,Shell Berlin Streitstr. 19,Berlin,52.558899,13.208409,2.3,2.139,2.079,2.229,True
2026-10-10T19:17:27+00:00,057827cd-6583-4a3a-a461-f8546073fd02,SUN,Sun Klosterstr.,Berlin,52.52943,13.19517,2.4,2.129,2.069,2.209,True
2026-10-10T19:17:27+00:00,905d4775-754e-4b38-baca-89c98fad1d1a,Sprint,Sprint Berlin Ruhlebener Str.,Berlin,52.529285,13.20718,2.9,2.129,2.069,2.209,True
2026-10-10T19:18:58+00:00,cebbe420-bcf3-4db8-9099-c52b783e2158,ESSO,Esso Tankstelle,BERLIN,52.549044,13.17897,0,2.149,2.089,2.219,True
2026-10-10T19:18:58+00:00,7347dd32-bfa1-470a-a6ee-2a2c95ad9af5,ARAL,Aral Tankstelle,Berlin,52.542747,13.199304,1.5,2.159,2.099,2.249,True
2026-10-10T19:18:58+00:00,9f07b69b-4b15-4852-9c60-5d293c6cadc5,Sprint,Sprint Berlin Seegefelder Str.,Berlin,52.536163,13.191189,1.6,2.129,2.069,2.209,True
2026-10-10T19:18:58+00:00,005056ba-7cb6-1ed2-bceb-641db1c24d1d,STAR,star Tankstelle,Berlin,52.534388,13.184014,1.7,2.129,2.069,2.209,True
2026-10-10T19:18:58+00:00,51d4b471-a095-1aa0-e100-80009459e03a,JET,JET BERLIN BRUNSBUETTELER DAMM 87-89,BERLIN,52.53379,13.18503,1.7,2.129,2.069,2.209,True
2026-10-10T19:18:58+00:00,d590310c-e209-46b2-bfe7-dacc6148e1f1,TotalEnergies,TotalEnergies Berlin,Berlin,52.55424,13.207408,2,2.139,2.079,2.219,True
2026-10-10T19:18:58+00:00,5d8c8a4c-bce7-4d28-ae12-0d61a971c5cc,Shell,Shell Berlin Streitstr. 19,Berlin,52.558899,13.208409,2.3,2.139,2.079,2.229,True
2026-10-10T19:18:58+00:00,057827cd-6583-4a3a-a461-f8546073fd02,SUN,Sun Klosterstr.,Berlin,52.52943,13.19517,2.4,2.129,2.069,2.209,True
2026-10-10T19:18:58+00:00,905d4775-754e-4b38-baca-89c98fad1d1a,Sprint,Sprint Berlin Ruhlebener Str.,Berlin,52.529285,13.20718,2.9,2.129,2.069,2.199,True
2026-10-10T19:20:28+00:00,cebbe420-bcf3-4db8-9099-c52b783e2158,ESSO,Esso Tankstelle,BERLIN,52.549044,13.17897,0,2.149,2.089,2.219,True
2026-10-10T19:20:28+00:00,7347dd32-bfa1-470a-a6ee-2a2c95ad9af5,ARAL,Aral Tankstelle,Berlin,52.542747,13.199304,1.5,2.159,2.099,2.249,True
2026-10-10T19:20:28+00:00,9f07b69b-4b15-4852-9c60-5d293c6cadc5,Sprint,Sprint Berlin Seegefelder Str.,Berlin,52.536163,13.191189,1.6,2.129,2.069,2.209,True
2026-10-10T19:20:28+00:00,005056ba-7cb6-1ed2-bceb-641db1c24d1d,STAR,star Tankstelle,Berlin,52.534388,13.184014,1.7,2.129,2.069,2.209,True
2026-10-10T19:20:28+00:00,51d4b471-a095-1aa0-e100-80009459e03a,JET,JET BERLIN BRUNSBUETTELER DAMM 87-89,BERLIN,52.53379,13.18503,1.7,2.129,2.069,2.209,True
2026-10-10T19:20:28+00:00,d590310c-e209-46b2-bfe7-dacc6148e1f1,TotalEnergies,TotalEnergies Berlin,Berlin,52.55424,13.207408,2,2.139,2.079,2.219,True
2026-10-10T19:20:28+00:00,5d8c8a4c-bce7-4d28-ae12-0d61a971c5cc,Shell,Shell Berlin Streitstr. 19,Berlin,52.558899,13.208409,2.3,2.139,2.079,2.229,True
2026-10-10T19:20:28+00:00,057827cd-6583-4a3a-a461-f8546073fd02,SUN,Sun Klosterstr.,Berlin,52.52943,13.19517,2.4,2.129,2.069,2.209,True
2026-10-10T19:20:28+00:00,905d4775-754e-4b38-baca-89c98fad1d1a,Sprint,Sprint Berlin Ruhlebener Str.,Berlin,52.529285,13.20718,2.9,2.129,2.069,2.199,True
2026-10-10T19:21:59+00:00,cebbe420-bcf3-4db8-9099-c52b783e2158,ESSO,Esso Tankstelle,BERLIN,52.549044,13.17897,0,2.149,2.089,2.219,True
2026-10-10T19:21:59+00:00,7347dd32-bfa1-470a-a6ee-2a2c95ad9af5,ARAL,Aral Tankstelle,Berlin,52.542747,13.199304,1.5,2.159,2.099,2.249,True
2026-10-10T19:21:59+00:00,9f07b69b-4b15-4852-9c60-5d293c6cadc5,Sprint,Sprint Berlin Seegefelder Str.,Berlin,52.536163,13.191189,1.6,2.129,2.069,2.209,True
2026-10-10T19:21:59+00:00,005056ba-7cb6-1ed2-bceb-641db1c24d1d,STAR,star Tankstelle,Berlin,52.534388,13.184014,1.7,2.129,2.069,2.209,True
2026-10-10T19:21:59+00:00,51d4b471-a095-1aa0-e100-80009459e03a,JET,JET BERLIN BRUNSBUETTELER DAMM 87-89,BERLIN,52.53379,13.18503,1.7,2.129,2.069,2.199,True
2026-10-10T19:21:59+00:00,d590310c-e209-46b2-bfe7-dacc6148e1f1,TotalEnergies,TotalEnergies Berlin,Berlin,52.55424,13.207408,2,2.139,2.079,2.219,True
2026-10-10T19:21:59+00:00,5d8c8a4c-bce7-4d28-ae12-0d61a971c5cc,Shell,Shell Berlin Streitstr. 19,Berlin,52.558899,13.208409,2.3,2.139,2.079,2.229,True
2026-10-10T19:21:59+00:00,057827cd-6583-4a3a-a461-f8546073fd02,SUN,Sun Klosterstr.,Berlin,52.52943,13.19517,2.4,2.129,2.069,2.209,True
2026-10-10T19:21:59+00:00,905d4775-754e-4b38-baca-89c98fad1d1a,Sprint,Sprint Berlin Ruhlebener Str.,Berlin,52.529285,13.20718,2.9,2.129,2.069,2.199,True
2026-10-10T19:23:30+00:00,cebbe420-bcf3-4db8-9099-c52b783e2158,ESSO,Esso Tankstelle,BERLIN,52.549044,13.17897,0,2.149,2.089,2.219,True
2026-10-10T19:23:30+00:00,7347dd32-bfa1-470a-a6ee-2a2c95ad9af5,ARAL,Aral Tankstelle,Berlin,52.542747,13.199304,1.5,2.159,2.099,2.249,True
2026-10-10T19:23:30+00:00,9f07b69b-4b15-4852-9c60-5d293c6cadc5,Sprint,Sprint Berlin Seegefelder Str.,Berlin,52.536163,13.191189,1.6,2.129,2.069,2.209,True
2026-10-10T19:23:30+00:00,005056ba-7cb6-1ed2-bceb-641db1c24d1d,STAR,star Tankstelle,Berlin,52.534388,13.184014,1.7,2.129,2.069,2.209,True
2026-10-10T19:23:30+00:00,51d4b471-a095-1aa0-e100-80009459e03a,JET,JET BERLIN BRUNSBUETTELER DAMM 87-89,BERLIN,52.53379,13.18503,1.7,2.129,2.069,2.199,True
2026-10-10T19:23:30+00:00,d590310c-e209-46b2-bfe7-dacc6148e1f1,TotalEnergies,TotalEnergies Berlin,Berlin,52.55424,13.207408,2,2.139,2.079,2.219,True
2026-10-10T19:23:30+00:00,5d8c8a4c-bce7-4d28-ae12-0d61a971c5cc,Shell,Shell Berlin Streitstr. 19,Berlin,52.558899,13.208409,2.3,2.139,2.079,2.229,True
2026-10-10T19:23:30+00:00,057827cd-6583-4a3a-a461-f8546073fd02,SUN,Sun Klosterstr.,Berlin,52.52943,13.19517,2.4,2.129,2.069,2.209,True
2026-10-10T19:23:30+00:00,905d4775-754e-4b38-baca-89c98fad1d1a,Sprint,Sprint Berlin Ruhlebener Str.,Berlin,52.529285,13.20718,2.9,2.129,2.069,2.199,True
2026-10-10T19:25:00+00:00,cebbe420-bcf3-4db8-9099-c52b783e2158,ESSO,Esso Tankstelle,BERLIN,52.549044,13.17897,0,2.149,2.089,2.219,True
2026-10-10T19:25:00+00:00,7347dd32-bfa1-470a-a6ee-2a2c95ad9af5,ARAL,Aral Tankstelle,Berlin,52.542747,13.199304,1.5,2.159,2.099,2.249,True
2026-10-10T19:25:00+00:00,9f07b69b-4b15-4852-9c60-5d293c6cadc5,Sprint,Sprint Berlin Seegefelder Str.,Berlin,52.536163,13.191189,1.6,2.129,2.069,2.199,True
2026-10-10T19:25:00+00:00,005056ba-7cb6-1ed2-bceb-641db1c24d1d,STAR,star Tankstelle,Berlin,52.534388,13.184014,1.7,2.129,2.069,2.209,True
2026-10-10T19:25:00+00:00,51d4b471-a095-1aa0-e100-80009459e03a,JET,JET BERLIN BRUNSBUETTELER DAMM 87-89,BERLIN,52.53379,13.18503,1.7,2.129,2.069,2.199,True
2026-10-10T19:25:00+00:00,d590310c-e209-46b2-bfe7-dacc6148e1f1,TotalEnergies,TotalEnergies Berlin,Berlin,52.55424,13.207408,2,2.139,2.079,2.219,True
2026-10-10T19:25:00+00:00,5d8c8a4c-bce7-4d28-ae12-0d61a971c5cc,Shell,Shell Berlin Streitstr. 19,Berlin,52.558899,13.208409,2.3,2.139,2.079,2.229,True
2026-10-10T19:25:00+00:00,057827cd-6583-4a3a-a461-f8546073fd02,SUN,Sun Klosterstr.,Berlin,52.52943,13.19517,2.4,2.129,2.069,2.209,True
2026-10-10T19:25:00+00:00,905d4775-754e-4b38-baca-89c98fad1d1a,Sprint,Sprint Berlin Ruhlebener Str.,Berlin,52.529285,13.20718,2.9,2.129,2.069,2.199,True
2026-10-10T19:26:33+00:00,cebbe420-bcf3-4db8-9099-c52b783e2158,ESSO,Esso Tankstelle,BERLIN,52.549044,13.17897,0,2.149,2.089,2.219,True
2026-10-10T19:26:33+00:00,7347dd32-bfa1-470a-a6ee-2a2c95ad9af5,ARAL,Aral Tankstelle,Berlin,52.542747,13.199304,1.5,2.159,2.099,2.249,True
2026-10-10T19:26:33+00:00,9f07b69b-4b15-4852-9c60-5d293c6cadc5,Sprint,Sprint Berlin Seegefelder Str.,Berlin,52.536163,13.191189,1.6,2.129,2.069,2.199,True
2026-10-10T19:26:33+00:00,005056ba-7cb6-1ed2-bceb-641db1c24d1d,STAR,star Tankstelle,Berlin,52.534388,13.184014,1.7,2.129,2.069,2.209,True
2026-10-10T19:26:33+00:00,51d4b471-a095-1aa0-e100-80009459e03a,JET,JET BERLIN BRUNSBUETTELER DAMM 87-89,BERLIN,52.53379,13.18503,1.7,2.129,2.069,2.199,True
2026-10-10T19:26:33+00:00,d590310c-e209-46b2-bfe7-dacc6148e1f1,TotalEnergies,TotalEnergies Berlin,Berlin,52.55424,13.207408,2,2.139,2.079,2.219,True
2026-10-10T19:26:33+00:00,5d8c8a4c-bce7-4d28-ae12-0d61a971c5cc,Shell,Shell Berlin Streitstr. 19,Berlin,52.558899,13.208409,2.3,2.139,2.079,2.219,True
2026-10-10T19:26:33+00:00,057827cd-6583-4a3a-a461-f8546073fd02,SUN,Sun Klosterstr.,Berlin,52.52943,13.19517,2.4,2.129,2.069,2.209,True
2026-10-10T19:26:33+00:00,905d4775-754e-4b38-baca-89c98fad1d1a,Sprint,Sprint Berlin Ruhlebener Str.,Berlin,52.529285,13.20718,2.9,2.129,2.069,2.199,True
2026-10-10T19:28:04+00:00,cebbe420-bcf3-4db8-9099-c52b783e2158,ESSO,Esso Tankstelle,BERLIN,52.549044,13.17897,0,2.149,2.089,2.219,True
2026-10-10T19:28:04+00:00,7347dd32-bfa1-470a-a6ee-2a2c95ad9af5,ARAL,Aral Tankstelle,Berlin,52.542747,13.199304,1.5,2.159,2.099,2.249,True
2026-10-10T19:28:04+00:00,9f07b69b-4b15-4852-9c60-5d293c6cadc5,Sprint,Sprint Berlin Seegefelder Str.,Berlin,52.536163,13.191189,1.6,2.129,2.069,2.199,True
2026-10-10T19:28:04+00:00,005056ba-7cb6-1ed2-bceb-641db1c24d1d,STAR,star Tankstelle,Berlin,52.534388,13.184014,1.7,2.129,2.069,2.209,True
2026-10-10T19:28:04+00:00,51d4b471-a095-1aa0-e100-80009459e03a,JET,JET BERLIN BRUNSBUETTELER DAMM 87-89,BERLIN,52.53379,13.18503,1.7,2.129,2.069,2.199,True
2026-10-10T19:28:04+00:00,d590310c-e209-46b2-bfe7-dacc6148e1f1,TotalEnergies,TotalEnergies Berlin,Berlin,52.55424,13.207408,2,2.139,2.079,2.219,True
2026-10-10T19:28:04+00:00,5d8c8a4c-bce7-4d28-ae12-0d61a971c5cc,Shell,Shell Berlin Streitstr. 19,Berlin,52.558899,13.208409,2.3,2.139,2.079,2.219,True
2026-10-10T19:28:04+00:00,057827cd-6583-4a3a-a461-f8546073fd02,SUN,Sun Klosterstr.,Berlin,52.52943,13.19517,2.4,2.129,2.069,2.209,True
2026-10-10T19:28:04+00:00,905d4775-754e-4b38-baca-89c98fad1d1a,Sprint,Sprint Berlin Ruhlebener Str.,Berlin,52.529285,13.20718,2.9,2.129,2.069,2.199,True
2026-10-10T19:29:34+00:00,cebbe420-bcf3-4db8-9099-c52b783e2158,ESSO,Esso Tankstelle,BERLIN,52.549044,13.17897,0,2.149,2.089,2.219,True
2026-10-10T19:29:34+00:00,7347dd32-bfa1-470a-a6ee-2a2c95ad9af5,ARAL,Aral Tankstelle,Berlin,52.542747,13.199304,1.5,2.159,2.099,2.249,True
2026-10-10T19:29:34+00:00,9f07b69b-4b15-4852-9c60-5d293c6cadc5,Sprint,Sprint Berlin Seegefelder Str.,Berlin,52.536163,13.191189,1.6,2.129,2.069,2.199,True
2026-10-10T19:29:34+00:00,005056ba-7cb6-1ed2-bceb-641db1c24d1d,STAR,star Tankstelle,Berlin,52.534388,13.184014,1.7,2.129,2.069,2.209,True
2026-10-10T19:29:34+00:00,51d4b471-a095-1aa0-e100-80009459e03a,JET,JET BERLIN BRUNSBUETTELER DAMM 87-89,BERLIN,52.53379,13.18503,1.7,2.129,2.069,2.199,True
2026-10-10T19:29:34+00:00,d590310c-e209-46b2-bfe7-dacc6148e1f1,TotalEnergies,TotalEnergies Berlin,Berlin,52.55424,13.207408,2,2.139,2.079,2.219,True
2026-10-10T19:29:34+00:00,5d8c8a4c-bce7-4d28-ae12-0d61a971c5cc,Shell,Shell Berlin Streitstr. 19,Berlin,52.558899,13.208409,2.3,2.139,2.079,2.219,True
2026-10-10T19:29:34+00:00,057827cd-6583-4a3a-a461-f8546073fd02,SUN,Sun Klosterstr.,Berlin,52.52943,13.19517,2.4,2.129,2.069,2.209,True
2026-10-10T19:29:34+00:00,905d4775-754e-4b38-baca-89c98fad1d1a,Sprint,Sprint Berlin Ruhlebener Str.,Berlin,52.529285,13.20718,2.9,2.129,2.069,2.199,True
2026-10-10T19:31:05+00:00,cebbe420-bcf3-4db8-9099-c52b783e2158,ESSO,Esso Tankstelle,BERLIN,52.549044,13.17897,0,2.149,2.089,2.219,True
2026-10-10T19:31:05+00:00,7347dd32-bfa1-470a-a6ee-2a2c95ad9af5,ARAL,Aral Tankstelle,Berlin,52.542747,13.199304,1.5,2.159,2.099,2.249,True
2026-10-10T19:31:05+00:00,9f07b69b-4b15-4852-9c60-5d293c6cadc5,Sprint,Sprint Berlin Seegefelder Str.,Berlin,52.536163,13.191189,1.6,2.129,2.069,2.199,True
2026-10-10T19:31:05+00:00,005056ba-7cb6-1ed2-bceb-641db1c24d1d,STAR,star Tankstelle,Berlin,52.534388,13.184014,1.7,2.129,2.069,2.199,True
2026-10-10T19:31:05+00:00,51d4b471-a095-1aa0-e100-80009459e03a,JET,JET BERLIN BRUNSBUETTELER DAMM 87-89,BERLIN,52.53379,13.18503,1.7,2.129,2.069,2.199,True
2026-10-10T19:31:05+00:00,d590310c-e209-46b2-bfe7-dacc6148e1f1,TotalEnergies,TotalEnergies Berlin,Berlin,52.55424,13.207408,2,2.139,2.079,2.219,True
2026-10-10T19:31:05+00:00,5d8c8a4c-bce7-4d28-ae12-0d61a971c5cc,Shell,Shell Berlin Streitstr. 19,Berlin,52.558899,13.208409,2.3,2.139,2.079,2.219,True
2026-10-10T19:31:05+00:00,057827cd-6583-4a3a-a461-f8546073fd02,SUN,Sun Klosterstr.,Berlin,52.52943,13.19517,2.4,2.129,2.069,2.199,True
2026-10-10T19:31:05+00:00,905d4775-754e-4b38-baca-89c98fad1d1a,Sprint,Sprint Berlin Ruhlebener Str.,Berlin,52.529285,13.20718,2.9,2.129,2.069,2.199,True
2026-10-10T19:32:36+00:00,cebbe420-bcf3-4db8-9099-c52b783e2158,ESSO,Esso Tankstelle,BERLIN,52.549044,13.17897,0,2.149,2.089,2.209,True
2026-10-10T19:32:36+00:00,7347dd32-bfa1-470a-a6ee-2a2c95ad9af5,ARAL,Aral Tankstelle,Berlin,52.542747,13.199304,1.5,2.159,2.099,2.249,True
2026-10-10T19:32:36+00:00,9f07b69b-4b15-4852-9c60-5d293c6cadc5,Sprint,Sprint Berlin Seegefelder Str.,Berlin,52.536163,13.191189,1.6,2.129,2.069,2.199,True
2026-10-10T19:32:36+00:00,005056ba-7cb6-1ed2-bceb-641db1c24d1d,STAR,star Tankstelle,Berlin,52.534388,13.184014,1.7,2.129,2.069,2.199,True
2026-10-10T19:32:36+00:00,51d4b471-a095-1aa0-e100-80009459e03a,JET,JET BERLIN BRUNSBUETTELER DAMM 87-89,BERLIN,52.53379,13.18503,1.7,2.129,2.069,2.199,True
2026-10-10T19:32:36+00:00,d590310c-e209-46b2-bfe7-dacc6148e1f1,TotalEnergies,TotalEnergies Berlin,Berlin,52.55424,13.207408,2,2.139,2.079,2.219,True
2026-10-10T19:32:36+00:00,5d8c8a4c-bce7-4d28-ae12-0d61a971c5cc,Shell,Shell Berlin Streitstr. 19,Berlin,52.558899,13.208409,2.3,2.139,2.079,2.219,True
2026-10-10T19:32:36+00:00,057827cd-6583-4a3a-a461-f8546073fd02,SUN,Sun Klosterstr.,Berlin,52.52943,13.19517,2.4,2.129,2.069,2.199,True
2026-10-10T19:32:36+00:00,905d4775-754e-4b38-baca-89c98fad1d1a,Sprint,Sprint Berlin Ruhlebener Str.,Berlin,52.529285,13.20718,2.9,2.129,2.069,2.199,True
2026-10-10T19:34:07+00:00,cebbe420-bcf3-4db8-9099-c52b783e2158,ESSO,Esso Tankstelle,BERLIN,52.549044,13.17897,0,2.149,2.089,2.209,True
2026-10-10T19:34:07+00:00,7347dd32-bfa1-470a-a6ee-2a2c95ad9af5,ARAL,Aral Tankstelle,Berlin,52.542747,13.199304,1.5,2.159,2.099,2.249,True
2026-10-10T19:34:07+00:00,9f07b69b-4b15-4852-9c60-5d293c6cadc5,Sprint,Sprint Berlin Seegefelder Str.,Berlin,52.536163,13.191189,1.6,2.129,2.069,2.199,True
2026-10-10T19:34:07+00:00,005056ba-7cb6-1ed2-bceb-641db1c24d1d,STAR,star Tankstelle,Berlin,52.534388,13.184014,1.7,2.129,2.069,2.199,True
2026-10-10T19:34:07+00:00,51d4b471-a095-1aa0-e100-80009459e03a,JET,JET BERLIN BRUNSBUETTELER DAMM 87-89,BERLIN,52.53379,13.18503,1.7,2.129,2.069,2.199,True
2026-10-10T19:34:07+00:00,d590310c-e209-46b2-bfe7-dacc6148e1f1,TotalEnergies,TotalEnergies Berlin,Berlin,52.55424,13.207408,2,2.139,2.079,2.219,True
2026-10-10T19:34:07+00:00,5d8c8a4c-bce7-4d28-ae12-0d61a971c5cc,Shell,Shell Berlin Streitstr. 19,Berlin,52.558899,13.208409,2.3,2.139,2.079,2.219,True
2026-10-10T19:34:07+00:00,057827cd-6583-4a3a-a461-f8546073fd02,SUN,Sun Klosterstr.,Berlin,52.52943,13.19517,2.4,2.129,2.069,2.199,True
2026-10-10T19:34:07+00:00,905d4775-754e-4b38-baca-89c98fad1d1a,Sprint,Sprint Berlin Ruhlebener Str.,Berlin,52.529285,13.20718,2.9,2.129,2.069,2.199,True
2026-10-10T19:35:37+00:00,cebbe420-bcf3-4db8-9099-c52b783e2158,ESSO,Esso Tankstelle,BERLIN,52.549044,13.17897,0,2.149,2.089,2.209,True
2026-10-10T19:35:37+00:00,7347dd32-bfa1-470a-a6ee-2a2c95ad9af5,ARAL,Aral Tankstelle,Berlin,52.542747,13.199304,1.5,2.159,2.099,2.249,True
2026-10-10T19:35:37+00:00,9f07b69b-4b15-4852-9c60-5d293c6cadc5,Sprint,Sprint Berlin Seegefelder Str.,Berlin,52.536163,13.191189,1.6,2.129,2.069,2.199,True
2026-10-10T19:35:37+00:00,005056ba-7cb6-1ed2-bceb-641db1c24d1d,STAR,star Tankstelle,Berlin,52.534388,13.184014,1.7,2.129,2.069,2.199,True
2026-10-10T19:35:37+00:00,51d4b471-a095-1aa0-e100-80009459e03a,JET,JET BERLIN BRUNSBUETTELER DAMM 87-89,BERLIN,52.53379,13.18503,1.7,2.129,2.069,2.199,True
2026-10-10T19:35:37+00:00,d590310c-e209-46b2-bfe7-dacc6148e1f1,TotalEnergies,TotalEnergies Berlin,Berlin,52.55424,13.207408,2,2.139,2.079,2.219,True
2026-10-10T19:35:37+00:00,5d8c8a4c-bce7-4d28-ae12-0d61a971c5cc,Shell,Shell Berlin Streitstr. 19,Berlin,52.558899,13.208409,2.3,2.139,2.079,2.219,True
2026-10-10T19:35:37+00:00,057827cd-6583-4a3a-a461-f8546073fd02,SUN,Sun Klosterstr.,Berlin,52.52943,13.19517,2.4,2.129,2.069,2.199,True
2026-10-10T19:35:37+00:00,905d4775-754e-4b38-baca-89c98fad1d1a,Sprint,Sprint Berlin Ruhlebener Str.,Berlin,52.529285,13.20718,2.9,2.129,2.069,2.199,True
2026-10-10T19:37:08+00:00,cebbe420-bcf3-4db8-9099-c52b783e2158,ESSO,Esso Tankstelle,BERLIN,52.549044,13.17897,0,2.149,2.089,2.209,True
2026-10-10T19:37:08+00:00,7347dd32-bfa1-470a-a6ee-2a2c95ad9af5,ARAL,Aral Tankstelle,Berlin,52.542747,13.199304,1.5,2.159,2.099,2.249,True
2026-10-10T19:37:08+00:00,9f07b69b-4b15-4852-9c60-5d293c6cadc5,Sprint,Sprint Berlin Seegefelder Str.,Berlin,52.536163,13.191189,1.6,2.129,2.069,2.199,True
2026-10-10T19:37:08+00:00,005056ba-7cb6-1ed2-bceb-641db1c24d1d,STAR,star Tankstelle,Berlin,52.534388,13.184014,1.7,2.129,2.069,2.199,True
2026-10-10T19:37:08+00:00,51d4b471-a095-1aa0-e100-80009459e03a,JET,JET BERLIN BRUNSBUETTELER DAMM 87-89,BERLIN,52.53379,13.18503,1.7,2.129,2.069,2.199,True
2026-10-10T19:37:08+00:00,d590310c-e209-46b2-bfe7-dacc6148e1f1,TotalEnergies,TotalEnergies Berlin,Berlin,52.55424,13.207408,2,2.139,2.079,2.219,True
2026-10-10T19:37:08+00:00,5d8c8a4c-bce7-4d28-ae12-0d61a971c5cc,Shell,Shell Berlin Streitstr. 19,Berlin,52.558899,13.208409,2.3,2.139,2.079,2.219,True
2026-10-10T19:37:08+00:00,057827cd-6583-4a3a-a461-f8546073fd02,SUN,Sun Klosterstr.,Berlin,52.52943,13.19517,2.4,2.129,2.069,2.199,True
2026-10-10T19:37:08+00:00,905d4775-754e-4b38-baca-89c98fad1d1a,Sprint,Sprint Berlin Ruhlebener Str.,Berlin,52.529285,13.20718,2.9,2.129,2.069,2.199,True
2026-10-10T19:38:39+00:00,cebbe420-bcf3-4db8-9099-c52b783e2158,ESSO,Esso Tankstelle,BERLIN,52.549044,13.17897,0,2.149,2.089,2.209,True
2026-10-10T19:38:39+00:00,7347dd32-bfa1-470a-a6ee-2a2c95ad9af5,ARAL,Aral Tankstelle,Berlin,52.542747,13.199304,1.5,2.159,2.099,2.249,True
2026-10-10T19:38:39+00:00,9f07b69b-4b15-4852-9c60-5d293c6cadc5,Sprint,Sprint Berlin Seegefelder Str.,Berlin,52.536163,13.191189,1.6,2.129,2.069,2.199,True
2026-10-10T19:38:39+00:00,005056ba-7cb6-1ed2-bceb-641db1c24d1d,STAR,star Tankstelle,Berlin,52.534388,13.184014,1.7,2.129,2.069,2.199,True
2026-10-10T19:38:39+00:00,51d4b471-a095-1aa0-e100-80009459e03a,JET,JET BERLIN BRUNSBUETTELER DAMM 87-89,BERLIN,52.53379,13.18503,1.7,2.129,2.069,2.199,True
2026-10-10T19:38:39+00:00,d590310c-e209-46b2-bfe7-dacc6148e1f1,TotalEnergies,TotalEnergies Berlin,Berlin,52.55424,13.207408,2,2.139,2.079,2.219,True
2026-10-10T19:38:39+00:00,5d8c8a4c-bce7-4d28-ae12-0d61a971c5cc,Shell,Shell Berlin Streitstr. 19,Berlin,52.558899,13.208409,2.3,2.139,2.079,2.219,True
2026-10-10T19:38:39+00:00,057827cd-6583-4a3a-a461-f8546073fd02,SUN,Sun Klosterstr.,Berlin,52.52943,13.19517,2.4,2.129,2.069,2.199,True
2026-10-10T19:38:39+00:00,905d4775-754e-4b38-baca-89c98fad1d1a,Sprint,Sprint Berlin Ruhlebener Str.,Berlin,52.529285,13.20718,2.9,2.129,2.069,2.199,True
2026-10-10T19:40:09+00:00,cebbe420-bcf3-4db8-9099-c52b783e2158,ESSO,Esso Tankstelle,BERLIN,52.549044,13.17897,0,2.149,2.089,2.209,True
2026-10-10T19:40:09+00:00,7347dd32-bfa1-470a-a6ee-2a2c95ad9af5,ARAL,Aral Tankstelle,Berlin,52.542747,13.199304,1.5,2.159,2.099,2.249,True
2026-10-10T19:40:09+00:00,9f07b69b-4b15-4852-9c60-5d293c6cadc5,Sprint,Sprint Berlin Seegefelder Str.,Berlin,52.536163,13.191189,1.6,2.129,2.069,2.199,True
2026-10-10T19:40:09+00:00,005056ba-7cb6-1ed2-bceb-641db1c24d1d,STAR,star Tankstelle,Berlin,52.534388,13.184014,1.7,2.129,2.069,2.199,True
2026-10-10T19:40:09+00:00,51d4b471-a095-1aa0-e100-80009459e03a,JET,JET BERLIN BRUNSBUETTELER DAMM 87-89,BERLIN,52.53379,13.18503,1.7,2.129,2.069,2.199,True
2026-10-10T19:40:09+00:00,d590310c-e209-46b2-bfe7-dacc6148e1f1,TotalEnergies,TotalEnergies Berlin,Berlin,52.55424,13.207408,2,2.139,2.079,2.219,True
2026-10-10T19:40:09+00:00,5d8c8a4c-bce7-4d28-ae12-0d61a971c5cc,Shell,Shell Berlin Streitstr. 19,Berlin,52.558899,13.208409,2.3,2.139,2.079,2.219,True
2026-10-10T19:40:09+00:00,057827cd-6583-4a3a-a461-f8546073fd02,SUN,Sun Klosterstr.,Berlin,52.52943,13.19517,2.4,2.129,2.069,2.199,True
2026-10-10T19:40:09+00:00,905d4775-754e-4b38-baca-89c98fad1d1a,Sprint,Sprint Berlin Ruhlebener Str.,Berlin,52.529285,13.20718,2.9,2.129,2.069,2.199,True
2026-10-10T19:41:43+00:00,cebbe420-bcf3-4db8-9099-c52b783e2158,ESSO,Esso Tankstelle,BERLIN,52.549044,13.17897,0,2.149,2.089,2.209,True
2026-10-10T19:41:43+00:00,7347dd32-bfa1-470a-a6ee-2a2c95ad9af5,ARAL,Aral Tankstelle,Berlin,52.542747,13.199304,1.5,2.159,2.099,2.249,True
2026-10-10T19:41:43+00:00,9f07b69b-4b15-4852-9c60-5d293c6cadc5,Sprint,Sprint Berlin Seegefelder Str.,Berlin,52.536163,13.191189,1.6,2.129,2.069,2.199,True
2026-10-10T19:41:43+00:00,005056ba-7cb6-1ed2-bceb-641db1c24d1d,STAR,star Tankstelle,Berlin,52.534388,13.184014,1.7,2.129,2.069,2.199,True
2026-10-10T19:41:43+00:00,51d4b471-a095-1aa0-e100-80009459e03a,JET,JET BERLIN BRUNSBUETTELER DAMM 87-89,BERLIN,52.53379,13.18503,1.7,2.129,2.069,2.199,True
2026-10-10T19:41:43+00:00,d590310c-e209-46b2-bfe7-dacc6148e1f1,TotalEnergies,TotalEnergies Berlin,Berlin,52.55424,13.207408,2,2.139,2.079,2.219,True
2026-10-10T19:41:43+00:00,5d8c8a4c-bce7-4d28-ae12-0d61a971c5cc,Shell,Shell Berlin Streitstr. 19,Berlin,52.558899,13.208409,2.3,2.139,2.079,2.219,True
2026-10-10T19:41:43+00:00,057827cd-6583-4a3a-a461-f8546073fd02,SUN,Sun Klosterstr.,Berlin,52.52943,13.19517,2.4,2.129,2.069,2.199,True
2026-10-10T19:41:43+00:00,905d4775-754e-4b38-baca-89c98fad1d1a,Sprint,Sprint Berlin Ruhlebener Str.,Berlin,52.529285,13.20718,2.9,2.129,2.069,2.199,True
2026-10-10T19:43:13+00:00,cebbe420-bcf3-4db8-9099-c52b783e2158,ESSO,Esso Tankstelle,BERLIN,52.549044,13.17897,0,2.149,2.089,2.209,True
2026-10-10T19:43:13+00:00,7347dd32-bfa1-470a-a6ee-2a2c95ad9af5,ARAL,Aral Tankstelle,Berlin,52.542747,13.199304,1.5,2.159,2.099,2.249,True
2026-10-10T19:43:13+00:00,9f07b69b-4b15-4852-9c60-5d293c6cadc5,Sprint,Sprint Berlin Seegefelder Str.,Berlin,52.536163,13.191189,1.6,2.129,2.069,2.199,True
2026-10-10T19:43:13+00:00,005056ba-7cb6-1ed2-bceb-641db1c24d1d,STAR,star Tankstelle,Berlin,52.534388,13.184014,1.7,2.129,2.069,2.199,True
2026-10-10T19:43:13+00:00,51d4b471-a095-1aa0-e100-80009459e03a,JET,JET BERLIN BRUNSBUETTELER DAMM 87-89,BERLIN,52.53379,13.18503,1.7,2.129,2.069,2.199,True
2026-10-10T19:43:13+00:00,d590310c-e209-46b2-bfe7-dacc6148e1f1,TotalEnergies,TotalEnergies Berlin,Berlin,52.55424,13.207408,2,2.139,2.079,2.219,True
2026-10-10T19:43:13+00:00,5d8c8a4c-bce7-4d28-ae12-0d61a971c5cc,Shell,Shell Berlin Streitstr. 19,Berlin,52.558899,13.208409,2.3,2.139,2.079,2.219,True
2026-10-10T19:43:13+00:00,057827cd-6583-4a3a-a461-f8546073fd02,SUN,Sun Klosterstr.,Berlin,52.52943,13.19517,2.4,2.129,2.069,2.199,True
2026-10-10T19:43:13+00:00,905d4775-754e-4b38-baca-89c98fad1d1a,Sprint,Sprint Berlin Ruhlebener Str.,Berlin,52.529285,13.20718,2.9,2.129,2.069,2.199,True
2026-10-10T19:44:44+00:00,cebbe420-bcf3-4db8-9099-c52b783e2158,ESSO,Esso Tankstelle,BERLIN,52.549044,13.17897,0,2.149,2.089,2.209,True
2026-10-10T19:44:44+00:00,7347dd32-bfa1-470a-a6ee-2a2c95ad9af5,ARAL,Aral Tankstelle,Berlin,52.542747,13.199304,1.5,2.159,2.099,2.249,True
2026-10-10T19:44:44+00:00,9f07b69b-4b15-4852-9c60-5d293c6cadc5,Sprint,Sprint Berlin Seegefelder Str.,Berlin,52.536163,13.191189,1.6,2.129,2.069,2.199,True
2026-10-10T19:44:44+00:00,005056ba-7cb6-1ed2-bceb-641db1c24d1d,STAR,star Tankstelle,Berlin,52.534388,13.184014,1.7,2.129,2.069,2.199,True
2026-10-10T19:44:44+00:00,51d4b471-a095-1aa0-e100-80009459e03a,JET,JET BERLIN BRUNSBUETTELER DAMM 87-89,BERLIN,52.53379,13.18503,1.7,2.129,2.069,2.199,True
2026-10-10T19:44:44+00:00,d590310c-e209-46b2-bfe7-dacc6148e1f1,TotalEnergies,TotalEnergies Berlin,Berlin,52.55424,13.207408,2,2.139,2.079,2.219,True
2026-10-10T19:44:44+00:00,5d8c8a4c-bce7-4d28-ae12-0d61a971c5cc,Shell,Shell Berlin Streitstr. 19,Berlin,52.558899,13.208409,2.3,2.139,2.079,2.219,True
2026-10-10T19:44:44+00:00,057827cd-6583-4a3a-a461-f8546073fd02,SUN,Sun Klosterstr.,Berlin,52.52943,13.19517,2.4,2.129,2.069,2.199,True
2026-10-10T19:44:44+00:00,905d4775-754e-4b38-baca-89c98fad1d1a,Sprint,Sprint Berlin Ruhlebener Str.,Berlin,52.529285,13.20718,2.9,2.129,2.069,2.199,True
2026-10-10T19:46:15+00:00,cebbe420-bcf3-4db8-9099-c52b783e2158,ESSO,Esso Tankstelle,BERLIN,52.549044,13.17897,0,2.149,2.089,2.209,True
2026-10-10T19:46:15+00:00,7347dd32-bfa1-470a-a6ee-2a2c95ad9af5,ARAL,Aral Tankstelle,Berlin,52.542747,13.199304,1.5,2.159,2.099,2.249,True
2026-10-10T19:46:15+00:00,9f07b69b-4b15-4852-9c60-5d293c6cadc5,Sprint,Sprint Berlin Seegefelder Str.,Berlin,52.536163,13.191189,1.6,2.129,2.069,2.199,True
2026-10-10T19:46:15+00:00,005056ba-7cb6-1ed2-bceb-641db1c24d1d,STAR,star Tankstelle,Berlin,52.534388,13.184014,1.7,2.129,2.069,2.199,True
2026-10-10T19:46:15+00:00,51d4b471-a095-1aa0-e100-80009459e03a,JET,JET BERLIN BRUNSBUETTELER DAMM 87-89,BERLIN,52.53379,13.18503,1.7,2.129,2.069,2.199,True
2026-10-10T19:46:15+00:00,d590310c-e209-46b2-bfe7-dacc6148e1f1,TotalEnergies,TotalEnergies Berlin,Berlin,52.55424,13.207408,2,2.139,2.079,2.219,True
2026-10-10T19:46:15+00:00,5d8c8a4c-bce7-4d28-ae12-0d61a971c5cc,Shell,Shell Berlin Streitstr. 19,Berlin,52.558899,13.208409,2.3,2.139,2.079,2.219,True
2026-10-10T19:46:15+00:00,057827cd-6583-4a3a-a461-f8546073fd02,SUN,Sun Klosterstr.,Berlin,52.52943,13.19517,2.4,2.129,2.069,2.199,True
2026-10-10T19:46:15+00:00,905d4775-754e-4b38-baca-89c98fad1d1a,Sprint,Sprint Berlin Ruhlebener Str.,Berlin,52.529285,13.20718,2.9,2.129,2.069,2.199,True
2026-10-10T19:47:45+00:00,cebbe420-bcf3-4db8-9099-c52b783e2158,ESSO,Esso Tankstelle,BERLIN,52.549044,13.17897,0,2.149,2.089,2.209,True
2026-10-10T19:47:45+00:00,7347dd32-bfa1-470a-a6ee-2a2c95ad9af5,ARAL,Aral Tankstelle,Berlin,52.542747,13.199304,1.5,2.159,2.099,2.249,True
2026-10-10T19:47:45+00:00,9f07b69b-4b15-4852-9c60-5d293c6cadc5,Sprint,Sprint Berlin Seegefelder Str.,Berlin,52.536163,13.191189,1.6,2.129,2.069,2.199,True
2026-10-10T19:47:45+00:00,005056ba-7cb6-1ed2-bceb-641db1c24d1d,STAR,star Tankstelle,Berlin,52.534388,13.184014,1.7,2.129,2.069,2.199,True
2026-10-10T19:47:45+00:00,51d4b471-a095-1aa0-e100-80009459e03a,JET,JET BERLIN BRUNSBUETTELER DAMM 87-89,BERLIN,52.53379,13.18503,1.7,2.129,2.069,2.199,True
2026-10-10T19:47:45+00:00,d590310c-e209-46b2-bfe7-dacc6148e1f1,TotalEnergies,TotalEnergies Berlin,Berlin,52.55424,13.207408,2,2.139,2.079,2.209,True
2026-10-10T19:47:45+00:00,5d8c8a4c-bce7-4d28-ae12-0d61a971c5cc,Shell,Shell Berlin Streitstr. 19,Berlin,52.558899,13.208409,2.3,2.139,2.079,2.219,True
2026-10-10T19:47:45+00:00,057827cd-6583-4a3a-a461-f8546073fd02,SUN,Sun Klosterstr.,Berlin,52.52943,13.19517,2.4,2.129,2.069,2.199,True
2026-10-10T19:47:45+00:00,905d4775-754e-4b38-baca-89c98fad1d1a,Sprint,Sprint Berlin Ruhlebener Str.,Berlin,52.529285,13.20718,2.9,2.129,2.069,2.199,True
2026-10-10T19:49:16+00:00,cebbe420-bcf3-4db8-9099-c52b783e2158,ESSO,Esso Tankstelle,BERLIN,52.549044,13.17897,0,2.149,2.089,2.209,True
2026-10-10T19:49:16+00:00,7347dd32-bfa1-470a-a6ee-2a2c95ad9af5,ARAL,Aral Tankstelle,Berlin,52.542747,13.199304,1.5,2.159,2.099,2.249,True
2026-10-10T19:49:16+00:00,9f07b69b-4b15-4852-9c60-5d293c6cadc5,Sprint,Sprint Berlin Seegefelder Str.,Berlin,52.536163,13.191189,1.6,2.129,2.069,2.199,True
2026-10-10T19:49:16+00:00,005056ba-7cb6-1ed2-bceb-641db1c24d1d,STAR,star Tankstelle,Berlin,52.534388,13.184014,1.7,2.129,2.069,2.199,True
2026-10-10T19:49:16+00:00,51d4b471-a095-1aa0-e100-80009459e03a,JET,JET BERLIN BRUNSBUETTELER DAMM 87-89,BERLIN,52.53379,13.18503,1.7,2.129,2.069,2.199,True
2026-10-10T19:49:16+00:00,d590310c-e209-46b2-bfe7-dacc6148e1f1,TotalEnergies,TotalEnergies Berlin,Berlin,52.55424,13.207408,2,2.139,2.079,2.209,True
2026-10-10T19:49:16+00:00,5d8c8a4c-bce7-4d28-ae12-0d61a971c5cc,Shell,Shell Berlin Streitstr. 19,Berlin,52.558899,13.208409,2.3,2.139,2.079,2.219,True
2026-10-10T19:49:16+00:00,057827cd-6583-4a3a-a461-f8546073fd02,SUN,Sun Klosterstr.,Berlin,52.52943,13.19517,2.4,2.129,2.069,2.199,True
2026-10-10T19:49:16+00:00,905d4775-754e-4b38-baca-89c98fad1d1a,Sprint,Sprint Berlin Ruhlebener Str.,Berlin,52.529285,13.20718,2.9,2.129,2.069,2.199,True
2026-10-10T19:50:47+00:00,cebbe420-bcf3-4db8-9099-c52b783e2158,ESSO,Esso Tankstelle,BERLIN,52.549044,13.17897,0,2.149,2.089,2.209,True
2026-10-10T19:50:47+00:00,7347dd32-bfa1-470a-a6ee-2a2c95ad9af5,ARAL,Aral Tankstelle,Berlin,52.542747,13.199304,1.5,2.159,2.099,2.249,True
2026-10-10T19:50:47+00:00,9f07b69b-4b15-4852-9c60-5d293c6cadc5,Sprint,Sprint Berlin Seegefelder Str.,Berlin,52.536163,13.191189,1.6,2.129,2.069,2.199,True
2026-10-10T19:50:47+00:00,005056ba-7cb6-1ed2-bceb-641db1c24d1d,STAR,star Tankstelle,Berlin,52.534388,13.184014,1.7,2.129,2.069,2.199,True
2026-10-10T19:50:47+00:00,51d4b471-a095-1aa0-e100-80009459e03a,JET,JET BERLIN BRUNSBUETTELER DAMM 87-89,BERLIN,52.53379,13.18503,1.7,2.129,2.069,2.199,True
2026-10-10T19:50:47+00:00,d590310c-e209-46b2-bfe7-dacc6148e1f1,TotalEnergies,TotalEnergies Berlin,Berlin,52.55424,13.207408,2,2.139,2.079,2.209,True
2026-10-10T19:50:47+00:00,5d8c8a4c-bce7-4d28-ae12-0d61a971c5cc,Shell,Shell Berlin Streitstr. 19,Berlin,52.558899,13.208409,2.3,2.139,2.079,2.219,True
2026-10-10T19:50:47+00:00,057827cd-6583-4a3a-a461-f8546073fd02,SUN,Sun Klosterstr.,Berlin,52.52943,13.19517,2.4,2.129,2.069,2.199,True
2026-10-10T19:50:47+00:00,905d4775-754e-4b38-baca-89c98fad1d1a,Sprint,Sprint Berlin Ruhlebener Str.,Berlin,52.529285,13.20718,2.9,2.129,2.069,2.199,True
2026-10-10T19:52:17+00:00,cebbe420-bcf3-4db8-9099-c52b783e2158,ESSO,Esso Tankstelle,BERLIN,52.549044,13.17897,0,2.149,2.089,2.209,True
2026-10-10T19:52:17+00:00,7347dd32-bfa1-470a-a6ee-2a2c95ad9af5,ARAL,Aral Tankstelle,Berlin,52.542747,13.199304,1.5,2.159,2.099,2.249,True
2026-10-10T19:52:17+00:00,9f07b69b-4b15-4852-9c60-5d293c6cadc5,Sprint,Sprint Berlin Seegefelder Str.,Berlin,52.536163,13.191189,1.6,2.129,2.069,2.199,True
2026-10-10T19:52:17+00:00,005056ba-7cb6-1ed2-bceb-641db1c24d1d,STAR,star Tankstelle,Berlin,52.534388,13.184014,1.7,2.129,2.069,2.199,True
2026-10-10T19:52:17+00:00,51d4b471-a095-1aa0-e100-80009459e03a,JET,JET BERLIN BRUNSBUETTELER DAMM 87-89,BERLIN,52.53379,13.18503,1.7,2.129,2.069,2.199,True
2026-10-10T19:52:17+00:00,d590310c-e209-46b2-bfe7-dacc6148e1f1,TotalEnergies,TotalEnergies Berlin,Berlin,52.55424,13.207408,2,2.139,2.079,2.209,True
2026-10-10T19:52:17+00:00,5d8c8a4c-bce7-4d28-ae12-0d61a971c5cc,Shell,Shell Berlin Streitstr. 19,Berlin,52.558899,13.208409,2.3,2.139,2.079,2.219,True
2026-10-10T19:52:17+00:00,057827cd-6583-4a3a-a461-f8546073fd02,SUN,Sun Klosterstr.,Berlin,52.52943,13.19517,2.4,2.129,2.069,2.199,True
2026-10-10T19:52:17+00:00,905d4775-754e-4b38-baca-89c98fad1d1a,Sprint,Sprint Berlin Ruhlebener Str.,Berlin,52.529285,13.20718,2.9,2.129,2.069,2.199,True
2026-10-10T19:53:48+00:00,cebbe420-bcf3-4db8-9099-c52b783e2158,ESSO,Esso Tankstelle,BERLIN,52.549044,13.17897,0,2.149,2.089,2.209,True
2026-10-10T19:53:48+00:00,7347dd32-bfa1-470a-a6ee-2a2c95ad9af5,ARAL,Aral Tankstelle,Berlin,52.542747,13.199304,1.5,2.159,2.099,2.249,True
2026-10-10T19:53:48+00:00,9f07b69b-4b15-4852-9c60-5d293c6cadc5,Sprint,Sprint Berlin Seegefelder Str.,Berlin,52.536163,13.191189,1.6,2.129,2.069,2.199,True
2026-10-10T19:53:48+00:00,005056ba-7cb6-1ed2-bceb-641db1c24d1d,STAR,star Tankstelle,Berlin,52.534388,13.184014,1.7,2.129,2.069,2.199,True
2026-10-10T19:53:48+00:00,51d4b471-a095-1aa0-e100-80009459e03a,JET,JET BERLIN BRUNSBUETTELER DAMM 87-89,BERLIN,52.53379,13.18503,1.7,2.129,2.069,2.199,True
2026-10-10T19:53:48+00:00,d590310c-e209-46b2-bfe7-dacc6148e1f1,TotalEnergies,TotalEnergies Berlin,Berlin,52.55424,13.207408,2,2.139,2.079,2.209,True
2026-10-10T19:53:48+00:00,5d8c8a4c-bce7-4d28-ae12-0d61a971c5cc,Shell,Shell Berlin Streitstr. 19,Berlin,52.558899,13.208409,2.3,2.139,2.079,2.219,True
2026-10-10T19:53:48+00:00,057827cd-6583-4a3a-a461-f8546073fd02,SUN,Sun Klosterstr.,Berlin,52.52943,13.19517,2.4,2.129,2.069,2.199,True
2026-10-10T19:53:48+00:00,905d4775-754e-4b38-baca-89c98fad1d1a,Sprint,Sprint Berlin Ruhlebener Str.,Berlin,52.529285,13.20718,2.9,2.129,2.069,2.199,True
2026-10-10T19:55:19+00:00,cebbe420-bcf3-4db8-9099-c52b783e2158,ESSO,Esso Tankstelle,BERLIN,52.549044,13.17897,0,2.149,2.089,2.209,True
2026-10-10T19:55:19+00:00,7347dd32-bfa1-470a-a6ee-2a2c95ad9af5,ARAL,Aral Tankstelle,Berlin,52.542747,13.199304,1.5,2.159,2.099,2.249,True
2026-10-10T19:55:19+00:00,9f07b69b-4b15-4852-9c60-5d293c6cadc5,Sprint,Sprint Berlin Seegefelder Str.,Berlin,52.536163,13.191189,1.6,2.129,2.069,2.199,True
2026-10-10T19:55:19+00:00,005056ba-7cb6-1ed2-bceb-641db1c24d1d,STAR,star Tankstelle,Berlin,52.534388,13.184014,1.7,2.129,2.069,2.199,True
2026-10-10T19:55:19+00:00,51d4b471-a095-1aa0-e100-80009459e03a,JET,JET BERLIN BRUNSBUETTELER DAMM 87-89,BERLIN,52.53379,13.18503,1.7,2.129,2.069,2.199,True
2026-10-10T19:55:19+00:00,d590310c-e209-46b2-bfe7-dacc6148e1f1,TotalEnergies,TotalEnergies Berlin,Berlin,52.55424,13.207408,2,2.139,2.079,2.209,True
2026-10-10T19:55:19+00:00,5d8c8a4c-bce7-4d28-ae12-0d61a971c5cc,Shell,Shell Berlin Streitstr. 19,Berlin,52.558899,13.208409,2.3,2.139,2.079,2.219,True
2026-10-10T19:55:19+00:00,057827cd-6583-4a3a-a461-f8546073fd02,SUN,Sun Klosterstr.,Berlin,52.52943,13.19517,2.4,2.129,2.069,2.199,True
2026-10-10T19:55:19+00:00,905d4775-754e-4b38-baca-89c98fad1d1a,Sprint,Sprint Berlin Ruhlebener Str.,Berlin,52.529285,13.20718,2.9,2.129,2.069,2.199,True
2026-10-10T19:56:49+00:00,cebbe420-bcf3-4db8-9099-c52b783e2158,ESSO,Esso Tankstelle,BERLIN,52.549044,13.17897,0,2.149,2.089,2.209,True
2026-10-10T19:56:49+00:00,7347dd32-bfa1-470a-a6ee-2a2c95ad9af5,ARAL,Aral Tankstelle,Berlin,52.542747,13.199304,1.5,2.159,2.099,2.249,True
2026-10-10T19:56:49+00:00,9f07b69b-4b15-4852-9c60-5d293c6cadc5,Sprint,Sprint Berlin Seegefelder Str.,Berlin,52.536163,13.191189,1.6,2.129,2.069,2.199,True
2026-10-10T19:56:49+00:00,005056ba-7cb6-1ed2-bceb-641db1c24d1d,STAR,star Tankstelle,Berlin,52.534388,13.184014,1.7,2.129,2.069,2.199,True
2026-10-10T19:56:49+00:00,51d4b471-a095-1aa0-e100-80009459e03a,JET,JET BERLIN BRUNSBUETTELER DAMM 87-89,BERLIN,52.53379,13.18503,1.7,2.129,2.069,2.199,True
2026-10-10T19:56:49+00:00,d590310c-e209-46b2-bfe7-dacc6148e1f1,TotalEnergies,TotalEnergies Berlin,Berlin,52.55424,13.207408,2,2.139,2.079,2.209,True
2026-10-10T19:56:49+00:00,5d8c8a4c-bce7-4d28-ae12-0d61a971c5cc,Shell,Shell Berlin Streitstr. 19,Berlin,52.558899,13.208409,2.3,2.139,2.079,2.219,True
2026-10-10T19:56:49+00:00,057827cd-6583-4a3a-a461-f8546073fd02,SUN,Sun Klosterstr.,Berlin,52.52943,13.19517,2.4,2.129,2.069,2.199,True
2026-10-10T19:56:49+00:00,905d4775-754e-4b38-baca-89c98fad1d1a,Sprint,Sprint Berlin Ruhlebener Str.,Berlin,52.529285,13.20718,2.9,2.129,2.069,2.199,True
2026-10-10T19:58:20+00:00,cebbe420-bcf3-4db8-9099-c52b783e2158,ESSO,Esso Tankstelle,BERLIN,52.549044,13.17897,0,2.149,2.089,2.209,True
2026-10-10T19:58:20+00:00,7347dd32-bfa1-470a-a6ee-2a2c95ad9af5,ARAL,Aral Tankstelle,Berlin,52.542747,13.199304,1.5,2.159,2.099,2.249,True
2026-10-10T19:58:20+00:00,9f07b69b-4b15-4852-9c60-5d293c6cadc5,Sprint,Sprint Berlin Seegefelder Str.,Berlin,52.536163,13.191189,1.6,2.129,2.069,2.199,True
2026-10-10T19:58:20+00:00,005056ba-7cb6-1ed2-bceb-641db1c24d1d,STAR,star Tankstelle,Berlin,52.534388,13.184014,1.7,2.129,2.069,2.199,True
2026-10-10T19:58:20+00:00,51d4b471-a095-1aa0-e100-80009459e03a,JET,JET BERLIN BRUNSBUETTELER DAMM 87-89,BERLIN,52.53379,13.18503,1.7,2.129,2.069,2.199,True
2026-10-10T19:58:20+00:00,d590310c-e209-46b2-bfe7-dacc6148e1f1,TotalEnergies,TotalEnergies Berlin,Berlin,52.55424,13.207408,2,2.139,2.079,2.209,True
2026-10-10T19:58:20+00:00,5d8c8a4c-bce7-4d28-ae12-0d61a971c5cc,Shell,Shell Berlin Streitstr. 19,Berlin,52.558899,13.208409,2.3,2.139,2.079,2.219,True
2026-10-10T19:58:20+00:00,057827cd-6583-4a3a-a461-f8546073fd02,SUN,Sun Klosterstr.,Berlin,52.52943,13.19517,2.4,2.129,2.069,2.199,True
2026-10-10T19:58:20+00:00,905d4775-754e-4b38-baca-89c98fad1d1a,Sprint,Sprint Berlin Ruhlebener Str.,Berlin,52.529285,13.20718,2.9,2.129,2.069,2.199,True
2026-10-10T19:59:51+00:00,cebbe420-bcf3-4db8-9099-c52b783e2158,ESSO,Esso Tankstelle,BERLIN,52.549044,13.17897,0,2.149,2.089,2.209,True
2026-10-10T19:59:51+00:00,7347dd32-bfa1-470a-a6ee-2a2c95ad9af5,ARAL,Aral Tankstelle,Berlin,52.542747,13.199304,1.5,2.159,2.099,2.249,True
2026-10-10T19:59:51+00:00,9f07b69b-4b15-4852-9c60-5d293c6cadc5,Sprint,Sprint Berlin Seegefelder Str.,Berlin,52.536163,13.191189,1.6,2.129,2.069,2.199,True
2026-10-10T19:59:51+00:00,005056ba-7cb6-1ed2-bceb-641db1c24d1d,STAR,star Tankstelle,Berlin,52.534388,13.184014,1.7,2.129,2.069,2.199,True
2026-10-10T19:59:51+00:00,51d4b471-a095-1aa0-e100-80009459e03a,JET,JET BERLIN BRUNSBUETTELER DAMM 87-89,BERLIN,52.53379,13.18503,1.7,2.129,2.069,2.199,True
2026-10-10T19:59:51+00:00,d590310c-e209-46b2-bfe7-dacc6148e1f1,TotalEnergies,TotalEnergies Berlin,Berlin,52.55424,13.207408,2,2.139,2.079,2.209,True
2026-10-10T19:59:51+00:00,5d8c8a4c-bce7-4d28-ae12-0d61a971c5cc,Shell,Shell Berlin Streitstr. 19,Berlin,52.558899,13.208409,2.3,2.139,2.079,2.219,True
2026-10-10T19:59:51+00:00,057827cd-6583-4a3a-a461-f8546073fd02,SUN,Sun Klosterstr.,Berlin,52.52943,13.19517,2.4,2.129,2.069,2.199,True
2026-10-10T19:59:51+00:00,905d4775-754e-4b38-baca-89c98fad1d1a,Sprint,Sprint Berlin Ruhlebener Str.,Berlin,52.529285,13.20718,2.9,2.129,2.069,2.199,True
2026-10-10T20:01:21+00:00,cebbe420-bcf3-4db8-9099-c52b783e2158,ESSO,Esso Tankstelle,BERLIN,52.549044,13.17897,0,2.149,2.089,2.209,True
2026-10-10T20:01:21+00:00,7347dd32-bfa1-470a-a6ee-2a2c95ad9af5,ARAL,Aral Tankstelle,Berlin,52.542747,13.199304,1.5,2.159,2.099,2.249,True
2026-10-10T20:01:21+00:00,9f07b69b-4b15-4852-9c60-5d293c6cadc5,Sprint,Sprint Berlin Seegefelder Str.,Berlin,52.536163,13.191189,1.6,2.129,2.069,2.199,True
2026-10-10T20:01:21+00:00,005056ba-7cb6-1ed2-bceb-641db1c24d1d,STAR,star Tankstelle,Berlin,52.534388,13.184014,1.7,2.129,2.069,2.199,True
2026-10-10T20:01:21+00:00,51d4b471-a095-1aa0-e100-80009459e03a,JET,JET BERLIN BRUNSBUETTELER DAMM 87-89,BERLIN,52.53379,13.18503,1.7,2.129,2.069,2.199,False
2026-10-10T20:01:21+00:00,d590310c-e209-46b2-bfe7-dacc6148e1f1,TotalEnergies,TotalEnergies Berlin,Berlin,52.55424,13.207408,2,2.139,2.079,2.209,False
2026-10-10T20:01:21+00:00,5d8c8a4c-bce7-4d28-ae12-0d61a971c5cc,Shell,Shell Berlin Streitstr. 19,Berlin,52.558899,13.208409,2.3,2.139,2.079,2.219,True
2026-10-10T20:01:21+00:00,057827cd-6583-4a3a-a461-f8546073fd02,SUN,Sun Klosterstr.,Berlin,52.52943,13.19517,2.4,2.129,2.069,2.199,True
2026-10-10T20:01:21+00:00,905d4775-754e-4b38-baca-89c98fad1d1a,Sprint,Sprint Berlin Ruhlebener Str.,Berlin,52.529285,13.20718,2.9,2.129,2.069,2.199,False
2026-10-10T20:02:52+00:00,cebbe420-bcf3-4db8-9099-c52b783e2158,ESSO,Esso Tankstelle,BERLIN,52.549044,13.17897,0,2.149,2.089,2.209,True
2026-10-10T20:02:52+00:00,7347dd32-bfa1-470a-a6ee-2a2c95ad9af5,ARAL,Aral Tankstelle,Berlin,52.542747,13.199304,1.5,2.159,2.099,2.249,True
2026-10-10T20:02:52+00:00,9f07b69b-4b15-4852-9c60-5d293c6cadc5,Sprint,Sprint Berlin Seegefelder Str.,Berlin,52.536163,13.191189,1.6,2.129,2.069,2.199,True
2026-10-10T20:02:52+00:00,005056ba-7cb6-1ed2-bceb-641db1c24d1d,STAR,star Tankstelle,Berlin,52.534388,13.184014,1.7,2.129,2.069,2.199,True
2026-10-10T20:02:52+00:00,51d4b471-a095-1aa0-e100-80009459e03a,JET,JET BERLIN BRUNSBUETTELER DAMM 87-89,BERLIN,52.53379,13.18503,1.7,2.129,2.069,2.199,False
2026-10-10T20:02:52+00:00,d590310c-e209-46b2-bfe7-dacc6148e1f1,TotalEnergies,TotalEnergies Berlin,Berlin,52.55424,13.207408,2,2.139,2.079,2.209,False
2026-10-10T20:02:52+00:00,5d8c8a4c-bce7-4d28-ae12-0d61a971c5cc,Shell,Shell Berlin Streitstr. 19,Berlin,52.558899,13.208409,2.3,2.139,2.079,2.219,True
2026-10-10T20:02:52+00:00,057827cd-6583-4a3a-a461-f8546073fd02,SUN,Sun Klosterstr.,Berlin,52.52943,13.19517,2.4,2.129,2.069,2.199,True
2026-10-10T20:02:52+00:00,905d4775-754e-4b38-baca-89c98fad1d1a,Sprint,Sprint Berlin Ruhlebener Str.,Berlin,52.529285,13.20718,2.9,2.129,2.069,2.199,False
2026-10-10T20:04:23+00:00,cebbe420-bcf3-4db8-9099-c52b783e2158,ESSO,Esso Tankstelle,BERLIN,52.549044,13.17897,0,2.149,2.089,2.209,True
2026-10-10T20:04:23+00:00,7347dd32-bfa1-470a-a6ee-2a2c95ad9af5,ARAL,Aral Tankstelle,Berlin,52.542747,13.199304,1.5,2.159,2.099,2.249,True
2026-10-10T20:04:23+00:00,9f07b69b-4b15-4852-9c60-5d293c6cadc5,Sprint,Sprint Berlin Seegefelder Str.,Berlin,52.536163,13.191189,1.6,2.129,2.069,2.199,True
2026-10-10T20:04:23+00:00,005056ba-7cb6-1ed2-bceb-641db1c24d1d,STAR,star Tankstelle,Berlin,52.534388,13.184014,1.7,2.129,2.069,2.199,True
2026-10-10T20:04:23+00:00,51d4b471-a095-1aa0-e100-80009459e03a,JET,JET BERLIN BRUNSBUETTELER DAMM 87-89,BERLIN,52.53379,13.18503,1.7,2.129,2.069,2.199,False
2026-10-10T20:04:23+00:00,d590310c-e209-46b2-bfe7-dacc6148e1f1,TotalEnergies,TotalEnergies Berlin,Berlin,52.55424,13.207408,2,2.139,2.079,2.209,False
2026-10-10T20:04:23+00:00,5d8c8a4c-bce7-4d28-ae12-0d61a971c5cc,Shell,Shell Berlin Streitstr. 19,Berlin,52.558899,13.208409,2.3,2.139,2.079,2.219,True
2026-10-10T20:04:23+00:00,057827cd-6583-4a3a-a461-f8546073fd02,SUN,Sun Klosterstr.,Berlin,52.52943,13.19517,2.4,2.129,2.069,2.199,True
2026-10-10T20:04:23+00:00,905d4775-754e-4b38-baca-89c98fad1d1a,Sprint,Sprint Berlin Ruhlebener Str.,Berlin,52.529285,13.20718,2.9,2.129,2.069,2.199,False
2026-10-10T20:05:54+00:00,cebbe420-bcf3-4db8-9099-c52b783e2158,ESSO,Esso Tankstelle,BERLIN,52.549044,13.17897,0,2.149,2.089,2.209,True
2026-10-10T20:05:54+00:00,7347dd32-bfa1-470a-a6ee-2a2c95ad9af5,ARAL,Aral Tankstelle,Berlin,52.542747,13.199304,1.5,2.159,2.099,2.249,True
2026-10-10T20:05:54+00:00,9f07b69b-4b15-4852-9c60-5d293c6cadc5,Sprint,Sprint Berlin Seegefelder Str.,Berlin,52.536163,13.191189,1.6,2.129,2.069,2.199,True
2026-10-10T20:05:54+00:00,005056ba-7cb6-1ed2-bceb-641db1c24d1d,STAR,star Tankstelle,Berlin,52.534388,13.184014,1.7,2.129,2.069,2.199,True
2026-10-10T20:05:54+00:00,51d4b471-a095-1aa0-e100-80009459e03a,JET,JET BERLIN BRUNSBUETTELER DAMM 87-89,BERLIN,52.53379,13.18503,1.7,2.129,2.069,2.199,False
2026-10-10T20:05:54+00:00,d590310c-e209-46b2-bfe7-dacc6148e1f1,TotalEnergies,TotalEnergies Berlin,Berlin,52.55424,13.207408,2,2.139,2.079,2.209,False
2026-10-10T20:05:54+00:00,5d8c8a4c-bce7-4d28-ae12-0d61a971c5cc,Shell,Shell Berlin Streitstr. 19,Berlin,52.558899,13.208409,2.3,2.139,2.079,2.219,True
2026-10-10T20:05:54+00:00,057827cd-6583-4a3a-a461-f8546073fd02,SUN,Sun Klosterstr.,Berlin,52.52943,13.19517,2.4,2.129,2.069,2.199,True
2026-10-10T20:05:54+00:00,905d4775-754e-4b38-baca-89c98fad1d1a,Sprint,Sprint Berlin Ruhlebener Str.,Berlin,52.529285,13.20718,2.9,2.129,2.069,2.199,False
2026-10-10T20:07:26+00:00,cebbe420-bcf3-4db8-9099-c52b783e2158,ESSO,Esso Tankstelle,BERLIN,52.549044,13.17897,0,2.149,2.089,2.209,True
2026-10-10T20:07:26+00:00,7347dd32-bfa1-470a-a6ee-2a2c95ad9af5,ARAL,Aral Tankstelle,Berlin,52.542747,13.199304,1.5,2.159,2.099,2.249,True
2026-10-10T20:07:26+00:00,9f07b69b-4b15-4852-9c60-5d293c6cadc5,Sprint,Sprint Berlin Seegefelder Str.,Berlin,52.536163,13.191189,1.6,2.129,2.069,2.199,True
2026-10-10T20:07:26+00:00,005056ba-7cb6-1ed2-bceb-641db1c24d1d,STAR,star Tankstelle,Berlin,52.534388,13.184014,1.7,2.129,2.069,2.199,True
2026-10-10T20:07:26+00:00,51d4b471-a095-1aa0-e100-80009459e03a,JET,JET BERLIN BRUNSBUETTELER DAMM 87-89,BERLIN,52.53379,13.18503,1.7,2.129,2.069,2.199,False
2026-10-10T20:07:26+00:00,d590310c-e209-46b2-bfe7-dacc6148e1f1,TotalEnergies,TotalEnergies Berlin,Berlin,52.55424,13.207408,2,2.139,2.079,2.209,False
2026-10-10T20:07:26+00:00,5d8c8a4c-bce7-4d28-ae12-0d61a971c5cc,Shell,Shell Berlin Streitstr. 19,Berlin,52.558899,13.208409,2.3,2.139,2.079,2.219,True
2026-10-10T20:07:26+00:00,057827cd-6583-4a3a-a461-f8546073fd02,SUN,Sun Klosterstr.,Berlin,52.52943,13.19517,2.4,2.129,2.069,2.199,True
2026-10-10T20:07:26+00:00,905d4775-754e-4b38-baca-89c98fad1d1a,Sprint,Sprint Berlin Ruhlebener Str.,Berlin,52.529285,13.20718,2.9,2.129,2.069,2.199,False
2026-10-10T20:08:57+00:00,cebbe420-bcf3-4db8-9099-c52b783e2158,ESSO,Esso Tankstelle,BERLIN,52.549044,13.17897,0,2.149,2.089,2.209,True
2026-10-10T20:08:57+00:00,7347dd32-bfa1-470a-a6ee-2a2c95ad9af5,ARAL,Aral Tankstelle,Berlin,52.542747,13.199304,1.5,2.159,2.099,2.249,True
2026-10-10T20:08:57+00:00,9f07b69b-4b15-4852-9c60-5d293c6cadc5,Sprint,Sprint Berlin Seegefelder Str.,Berlin,52.536163,13.191189,1.6,2.129,2.069,2.199,True
2026-10-10T20:08:57+00:00,005056ba-7cb6-1ed2-bceb-641db1c24d1d,STAR,star Tankstelle,Berlin,52.534388,13.184014,1.7,2.129,2.069,2.199,True
2026-10-10T20:08:57+00:00,51d4b471-a095-1aa0-e100-80009459e03a,JET,JET BERLIN BRUNSBUETTELER DAMM 87-89,BERLIN,52.53379,13.18503,1.7,2.129,2.069,2.199,False
2026-10-10T20:08:57+00:00,d590310c-e209-46b2-bfe7-dacc6148e1f1,TotalEnergies,TotalEnergies Berlin,Berlin,52.55424,13.207408,2,2.139,2.079,2.209,False
2026-10-10T20:08:57+00:00,5d8c8a4c-bce7-4d28-ae12-0d61a971c5cc,Shell,Shell Berlin Streitstr. 19,Berlin,52.558899,13.208409,2.3,2.139,2.079,2.219,True
2026-10-10T20:08:57+00:00,057827cd-6583-4a3a-a461-f8546073fd02,SUN,Sun Klosterstr.,Berlin,52.52943,13.19517,2.4,2.129,2.069,2.199,True
2026-10-10T20:08:57+00:00,905d4775-754e-4b38-baca-89c98fad1d1a,Sprint,Sprint Berlin Ruhlebener Str.,Berlin,52.529285,13.20718,2.9,2.129,2.069,2.199,False
2026-10-10T20:10:27+00:00,cebbe420-bcf3-4db8-9099-c52b783e2158,ESSO,Esso Tankstelle,BERLIN,52.549044,13.17897,0,2.149,2.089,2.209,True
2026-10-10T20:10:27+00:00,7347dd32-bfa1-470a-a6ee-2a2c95ad9af5,ARAL,Aral Tankstelle,Berlin,52.542747,13.199304,1.5,2.159,2.099,2.249,True
2026-10-10T20:10:27+00:00,9f07b69b-4b15-4852-9c60-5d293c6cadc5,Sprint,Sprint Berlin Seegefelder Str.,Berlin,52.536163,13.191189,1.6,2.129,2.069,2.199,True
2026-10-10T20:10:27+00:00,005056ba-7cb6-1ed2-bceb-641db1c24d1d,STAR,star Tankstelle,Berlin,52.534388,13.184014,1.7,2.129,2.069,2.199,True
2026-10-10T20:10:27+00:00,51d4b471-a095-1aa0-e100-80009459e03a,JET,JET BERLIN BRUNSBUETTELER DAMM 87-89,BERLIN,52.53379,13.18503,1.7,2.129,2.069,2.199,False
2026-10-10T20:10:27+00:00,d590310c-e209-46b2-bfe7-dacc6148e1f1,TotalEnergies,TotalEnergies Berlin,Berlin,52.55424,13.207408,2,2.139,2.079,2.209,False
2026-10-10T20:10:27+00:00,5d8c8a4c-bce7-4d28-ae12-0d61a971c5cc,Shell,Shell Berlin Streitstr. 19,Berlin,52.558899,13.208409,2.3,2.139,2.079,2.219,True
2026-10-10T20:10:27+00:00,057827cd-6583-4a3a-a461-f8546073fd02,SUN,Sun Klosterstr.,Berlin,52.52943,13.19517,2.4,2.129,2.069,2.199,True
2026-10-10T20:10:27+00:00,905d4775-754e-4b38-baca-89c98fad1d1a,Sprint,Sprint Berlin Ruhlebener Str.,Berlin,52.529285,13.20718,2.9,2.129,2.069,2.199,False
2026-10-10T20:11:58+00:00,cebbe420-bcf3-4db8-9099-c52b783e2158,ESSO,Esso Tankstelle,BERLIN,52.549044,13.17897,0,2.149,2.089,2.209,True
2026-10-10T20:11:58+00:00,7347dd32-bfa1-470a-a6ee-2a2c95ad9af5,ARAL,Aral Tankstelle,Berlin,52.542747,13.199304,1.5,2.159,2.099,2.249,True
2026-10-10T20:11:58+00:00,9f07b69b-4b15-4852-9c60-5d293c6cadc5,Sprint,Sprint Berlin Seegefelder Str.,Berlin,52.536163,13.191189,1.6,2.129,2.069,2.199,True
2026-10-10T20:11:58+00:00,005056ba-7cb6-1ed2-bceb-641db1c24d1d,STAR,star Tankstelle,Berlin,52.534388,13.184014,1.7,2.129,2.069,2.199,True
2026-10-10T20:11:58+00:00,51d4b471-a095-1aa0-e100-80009459e03a,JET,JET BERLIN BRUNSBUETTELER DAMM 87-89,BERLIN,52.53379,13.18503,1.7,2.129,2.069,2.199,False
2026-10-10T20:11:58+00:00,d590310c-e209-46b2-bfe7-dacc6148e1f1,TotalEnergies,TotalEnergies Berlin,Berlin,52.55424,13.207408,2,2.139,2.079,2.209,False
2026-10-10T20:11:58+00:00,5d8c8a4c-bce7-4d28-ae12-0d61a971c5cc,Shell,Shell Berlin Streitstr. 19,Berlin,52.558899,13.208409,2.3,2.139,2.079,2.219,True
2026-10-10T20:11:58+00:00,057827cd-6583-4a3a-a461-f8546073fd02,SUN,Sun Klosterstr.,Berlin,52.52943,13.19517,2.4,2.129,2.069,2.199,True
2026-10-10T20:11:58+00:00,905d4775-754e-4b38-baca-89c98fad1d1a,Sprint,Sprint Berlin Ruhlebener Str.,Berlin,52.529285,13.20718,2.9,2.129,2.069,2.199,False
2026-10-10T20:13:29+00:00,cebbe420-bcf3-4db8-9099-c52b783e2158,ESSO,Esso Tankstelle,BERLIN,52.549044,13.17897,0,2.149,2.089,2.209,True
2026-10-10T20:13:29+00:00,7347dd32-bfa1-470a-a6ee-2a2c95ad9af5,ARAL,Aral Tankstelle,Berlin,52.542747,13.199304,1.5,2.159,2.099,2.249,True
2026-10-10T20:13:29+00:00,9f07b69b-4b15-4852-9c60-5d293c6cadc5,Sprint,Sprint Berlin Seegefelder Str.,Berlin,52.536163,13.191189,1.6,2.129,2.069,2.199,True
2026-10-10T20:13:29+00:00,005056ba-7cb6-1ed2-bceb-641db1c24d1d,STAR,star Tankstelle,Berlin,52.534388,13.184014,1.7,2.129,2.069,2.199,True
2026-10-10T20:13:29+00:00,51d4b471-a095-1aa0-e100-80009459e03a,JET,JET BERLIN BRUNSBUETTELER DAMM 87-89,BERLIN,52.53379,13.18503,1.7,2.129,2.069,2.199,False
2026-10-10T20:13:29+00:00,d590310c-e209-46b2-bfe7-dacc6148e1f1,TotalEnergies,TotalEnergies Berlin,Berlin,52.55424,13.207408,2,2.139,2.079,2.209,False
2026-10-10T20:13:29+00:00,5d8c8a4c-bce7-4d28-ae12-0d61a971c5cc,Shell,Shell Berlin Streitstr. 19,Berlin,52.558899,13.208409,2.3,2.139,2.079,2.219,True
2026-10-10T20:13:29+00:00,057827cd-6583-4a3a-a461-f8546073fd02,SUN,Sun Klosterstr.,Berlin,52.52943,13.19517,2.4,2.129,2.069,2.199,True
2026-10-10T20:13:29+00:00,905d4775-754e-4b38-baca-89c98fad1d1a,Sprint,Sprint Berlin Ruhlebener Str.,Berlin,52.529285,13.20718,2.9,2.129,2.069,2.199,False
2026-10-10T20:15:00+00:00,cebbe420-bcf3-4db8-9099-c52b783e2158,ESSO,Esso Tankstelle,BERLIN,52.549044,13.17897,0,2.149,2.089,2.209,True
2026-10-10T20:15:00+00:00,7347dd32-bfa1-470a-a6ee-2a2c95ad9af5,ARAL,Aral Tankstelle,Berlin,52.542747,13.199304,1.5,2.159,2.099,2.249,True
2026-10-10T20:15:00+00:00,9f07b69b-4b15-4852-9c60-5d293c6cadc5,Sprint,Sprint Berlin Seegefelder Str.,Berlin,52.536163,13.191189,1.6,2.129,2.069,2.199,True
2026-10-10T20:15:00+00:00,005056ba-7cb6-1ed2-bceb-641db1c24d1d,STAR,star Tankstelle,Berlin,52.534388,13.184014,1.7,2.129,2.069,2.199,True
2026-10-10T20:15:00+00:00,51d4b471-a095-1aa0-e100-80009459e03a,JET,JET BERLIN BRUNSBUETTELER DAMM 87-89,BERLIN,52.53379,13.18503,1.7,2.129,2.069,2.199,False
2026-10-10T20:15:00+00:00,d590310c-e209-46b2-bfe7-dacc6148e1f1,TotalEnergies,TotalEnergies Berlin,Berlin,52.55424,13.207408,2,2.139,2.079,2.209,False
2026-10-10T20:15:00+00:00,5d8c8a4c-bce7-4d28-ae12-0d61a971c5cc,Shell,Shell Berlin Streitstr. 19,Berlin,52.558899,13.208409,2.3,2.139,2.079,2.219,True
2026-10-10T20:15:00+00:00,057827cd-6583-4a3a-a461-f8546073fd02,SUN,Sun Klosterstr.,Berlin,52.52943,13.19517,2.4,2.129,2.069,2.199,True
2026-10-10T20:15:00+00:00,905d4775-754e-4b38-baca-89c98fad1d1a,Sprint,Sprint Berlin Ruhlebener Str.,Berlin,52.529285,13.20718,2.9,2.129,2.069,2.199,False
2026-10-10T20:16:37+00:00,cebbe420-bcf3-4db8-9099-c52b783e2158,ESSO,Esso Tankstelle,BERLIN,52.549044,13.17897,0,2.149,2.089,2.209,True
2026-10-10T20:16:37+00:00,7347dd32-bfa1-470a-a6ee-2a2c95ad9af5,ARAL,Aral Tankstelle,Berlin,52.542747,13.199304,1.5,2.159,2.099,2.249,True
2026-10-10T20:16:37+00:00,9f07b69b-4b15-4852-9c60-5d293c6cadc5,Sprint,Sprint Berlin Seegefelder Str.,Berlin,52.536163,13.191189,1.6,2.129,2.069,2.199,True
2026-10-10T20:16:37+00:00,005056ba-7cb6-1ed2-bceb-641db1c24d1d,STAR,star Tankstelle,Berlin,52.534388,13.184014,1.7,2.129,2.069,2.199,True
2026-10-10T20:16:37+00:00,51d4b471-a095-1aa0-e100-80009459e03a,JET,JET BERLIN BRUNSBUETTELER DAMM 87-89,BERLIN,52.53379,13.18503,1.7,2.129,2.069,2.199,False
2026-10-10T20:16:37+00:00,d590310c-e209-46b2-bfe7-dacc6148e1f1,TotalEnergies,TotalEnergies Berlin,Berlin,52.55424,13.207408,2,2.139,2.079,2.209,False
2026-10-10T20:16:37+00:00,5d8c8a4c-bce7-4d28-ae12-0d61a971c5cc,Shell,Shell Berlin Streitstr. 19,Berlin,52.558899,13.208409,2.3,2.139,2.079,2.219,True
2026-10-10T20:16:37+00:00,057827cd-6583-4a3a-a461-f8546073fd02,SUN,Sun Klosterstr.,Berlin,52.52943,13.19517,2.4,2.129,2.069,2.199,True
2026-10-10T20:16:37+00:00,905d4775-754e-4b38-baca-89c98fad1d1a,Sprint,Sprint Berlin Ruhlebener Str.,Berlin,52.529285,13.20718,2.9,2.129,2.069,2.199,False
2026-10-10T20:18:07+00:00,cebbe420-bcf3-4db8-9099-c52b783e2158,ESSO,Esso Tankstelle,BERLIN,52.549044,13.17897,0,2.149,2.089,2.209,True
2026-10-10T20:18:07+00:00,7347dd32-bfa1-470a-a6ee-2a2c95ad9af5,ARAL,Aral Tankstelle,Berlin,52.542747,13.199304,1.5,2.159,2.099,2.249,True
2026-10-10T20:18:07+00:00,9f07b69b-4b15-4852-9c60-5d293c6cadc5,Sprint,Sprint Berlin Seegefelder Str.,Berlin,52.536163,13.191189,1.6,2.129,2.069,2.199,True
2026-10-10T20:18:07+00:00,005056ba-7cb6-1ed2-bceb-641db1c24d1d,STAR,star Tankstelle,Berlin,52.534388,13.184014,1.7,2.129,2.069,2.199,True
2026-10-10T20:18:07+00:00,51d4b471-a095-1aa0-e100-80009459e03a,JET,JET BERLIN BRUNSBUETTELER DAMM 87-89,BERLIN,52.53379,13.18503,1.7,2.129,2.069,2.199,False
2026-10-10T20:18:07+00:00,d590310c-e209-46b2-bfe7-dacc6148e1f1,TotalEnergies,TotalEnergies Berlin,Berlin,52.55424,13.207408,2,2.139,2.079,2.209,False
2026-10-10T20:18:07+00:00,5d8c8a4c-bce7-4d28-ae12-0d61a971c5cc,Shell,Shell Berlin Streitstr. 19,Berlin,52.558899,13.208409,2.3,2.139,2.079,2.219,True
2026-10-10T20:18:07+00:00,057827cd-6583-4a3a-a461-f8546073fd02,SUN,Sun Klosterstr.,Berlin,52.52943,13.19517,2.4,2.129,2.069,2.199,True
2026-10-10T20:18:07+00:00,905d4775-754e-4b38-baca-89c98fad1d1a,Sprint,Sprint Berlin Ruhlebener Str.,Berlin,52.529285,13.20718,2.9,2.129,2.069,2.199,False
2026-10-10T20:19:38+00:00,cebbe420-bcf3-4db8-9099-c52b783e2158,ESSO,Esso Tankstelle,BERLIN,52.549044,13.17897,0,2.149,2.089,2.209,True
2026-10-10T20:19:38+00:00,7347dd32-bfa1-470a-a6ee-2a2c95ad9af5,ARAL,Aral Tankstelle,Berlin,52.542747,13.199304,1.5,2.159,2.099,2.249,True
2026-10-10T20:19:38+00:00,9f07b69b-4b15-4852-9c60-5d293c6cadc5,Sprint,Sprint Berlin Seegefelder Str.,Berlin,52.536163,13.191189,1.6,2.129,2.069,2.199,True
2026-10-10T20:19:38+00:00,005056ba-7cb6-1ed2-bceb-641db1c24d1d,STAR,star Tankstelle,Berlin,52.534388,13.184014,1.7,2.129,2.069,2.199,True
2026-10-10T20:19:38+00:00,51d4b471-a095-1aa0-e100-80009459e03a,JET,JET BERLIN BRUNSBUETTELER DAMM 87-89,BERLIN,52.53379,13.18503,1.7,2.129,2.069,2.199,False
2026-10-10T20:19:38+00:00,d590310c-e209-46b2-bfe7-dacc6148e1f1,TotalEnergies,TotalEnergies Berlin,Berlin,52.55424,13.207408,2,2.139,2.079,2.209,False
2026-10-10T20:19:38+00:00,5d8c8a4c-bce7-4d28-ae12-0d61a971c5cc,Shell,Shell Berlin Streitstr. 19,Berlin,52.558899,13.208409,2.3,2.139,2.079,2.219,True
2026-10-10T20:19:38+00:00,057827cd-6583-4a3a-a461-f8546073fd02,SUN,Sun Klosterstr.,Berlin,52.52943,13.19517,2.4,2.129,2.069,2.199,True
2026-10-10T20:19:38+00:00,905d4775-754e-4b38-baca-89c98fad1d1a,Sprint,Sprint Berlin Ruhlebener Str.,Berlin,52.529285,13.20718,2.9,2.129,2.069,2.199,False
2026-10-10T20:21:08+00:00,cebbe420-bcf3-4db8-9099-c52b783e2158,ESSO,Esso Tankstelle,BERLIN,52.549044,13.17897,0,2.149,2.089,2.209,True
2026-10-10T20:21:08+00:00,7347dd32-bfa1-470a-a6ee-2a2c95ad9af5,ARAL,Aral Tankstelle,Berlin,52.542747,13.199304,1.5,2.159,2.099,2.249,True
2026-10-10T20:21:08+00:00,9f07b69b-4b15-4852-9c60-5d293c6cadc5,Sprint,Sprint Berlin Seegefelder Str.,Berlin,52.536163,13.191189,1.6,2.129,2.069,2.199,True
2026-10-10T20:21:08+00:00,005056ba-7cb6-1ed2-bceb-641db1c24d1d,STAR,star Tankstelle,Berlin,52.534388,13.184014,1.7,2.129,2.069,2.199,True
2026-10-10T20:21:08+00:00,51d4b471-a095-1aa0-e100-80009459e03a,JET,JET BERLIN BRUNSBUETTELER DAMM 87-89,BERLIN,52.53379,13.18503,1.7,2.129,2.069,2.199,False
2026-10-10T20:21:08+00:00,d590310c-e209-46b2-bfe7-dacc6148e1f1,TotalEnergies,TotalEnergies Berlin,Berlin,52.55424,13.207408,2,2.139,2.079,2.209,False
2026-10-10T20:21:08+00:00,5d8c8a4c-bce7-4d28-ae12-0d61a971c5cc,Shell,Shell Berlin Streitstr. 19,Berlin,52.558899,13.208409,2.3,2.139,2.079,2.219,True
2026-10-10T20:21:08+00:00,057827cd-6583-4a3a-a461-f8546073fd02,SUN,Sun Klosterstr.,Berlin,52.52943,13.19517,2.4,2.129,2.069,2.199,True
2026-10-10T20:21:08+00:00,905d4775-754e-4b38-baca-89c98fad1d1a,Sprint,Sprint Berlin Ruhlebener Str.,Berlin,52.529285,13.20718,2.9,2.129,2.069,2.199,False
2026-10-10T20:22:39+00:00,cebbe420-bcf3-4db8-9099-c52b783e2158,ESSO,Esso Tankstelle,BERLIN,52.549044,13.17897,0,2.149,2.089,2.209,True
2026-10-10T20:22:39+00:00,7347dd32-bfa1-470a-a6ee-2a2c95ad9af5,ARAL,Aral Tankstelle,Berlin,52.542747,13.199304,1.5,2.159,2.099,2.249,True
2026-10-10T20:22:39+00:00,9f07b69b-4b15-4852-9c60-5d293c6cadc5,Sprint,Sprint Berlin Seegefelder Str.,Berlin,52.536163,13.191189,1.6,2.129,2.069,2.199,True
2026-10-10T20:22:39+00:00,005056ba-7cb6-1ed2-bceb-641db1c24d1d,STAR,star Tankstelle,Berlin,52.534388,13.184014,1.7,2.129,2.069,2.199,True
2026-10-10T20:22:39+00:00,51d4b471-a095-1aa0-e100-80009459e03a,JET,JET BERLIN BRUNSBUETTELER DAMM 87-89,BERLIN,52.53379,13.18503,1.7,2.129,2.069,2.199,False
2026-10-10T20:22:39+00:00,d590310c-e209-46b2-bfe7-dacc6148e1f1,TotalEnergies,TotalEnergies Berlin,Berlin,52.55424,13.207408,2,2.139,2.079,2.209,False
2026-10-10T20:22:39+00:00,5d8c8a4c-bce7-4d28-ae12-0d61a971c5cc,Shell,Shell Berlin Streitstr. 19,Berlin,52.558899,13.208409,2.3,2.139,2.079,2.219,True
2026-10-10T20:22:39+00:00,057827cd-6583-4a3a-a461-f8546073fd02,SUN,Sun Klosterstr.,Berlin,52.52943,13.19517,2.4,2.129,2.069,2.199,True
2026-10-10T20:22:39+00:00,905d4775-754e-4b38-baca-89c98fad1d1a,Sprint,Sprint Berlin Ruhlebener Str.,Berlin,52.529285,13.20718,2.9,2.129,2.069,2.199,False
2026-10-10T20:24:10+00:00,cebbe420-bcf3-4db8-9099-c52b783e2158,ESSO,Esso Tankstelle,BERLIN,52.549044,13.17897,0,2.149,2.089,2.209,True
2026-10-10T20:24:10+00:00,7347dd32-bfa1-470a-a6ee-2a2c95ad9af5,ARAL,Aral Tankstelle,Berlin,52.542747,13.199304,1.5,2.159,2.099,2.249,True
2026-10-10T20:24:10+00:00,9f07b69b-4b15-4852-9c60-5d293c6cadc5,Sprint,Sprint Berlin Seegefelder Str.,Berlin,52.536163,13.191189,1.6,2.129,2.069,2.199,True
2026-10-10T20:24:10+00:00,005056ba-7cb6-1ed2-bceb-641db1c24d1d,STAR,star Tankstelle,Berlin,52.534388,13.184014,1.7,2.129,2.069,2.199,True
2026-10-10T20:24:10+00:00,51d4b471-a095-1aa0-e100-80009459e03a,JET,JET BERLIN BRUNSBUETTELER DAMM 87-89,BERLIN,52.53379,13.18503,1.7,2.129,2.069,2.199,False
2026-10-10T20:24:10+00:00,d590310c-e209-46b2-bfe7-dacc6148e1f1,TotalEnergies,TotalEnergies Berlin,Berlin,52.55424,13.207408,2,2.139,2.079,2.209,False
2026-10-10T20:24:10+00:00,5d8c8a4c-bce7-4d28-ae12-0d61a971c5cc,Shell,Shell Berlin Streitstr. 19,Berlin,52.558899,13.208409,2.3,2.139,2.079,2.219,True
2026-10-10T20:24:10+00:00,057827cd-6583-4a3a-a461-f8546073fd02,SUN,Sun Klosterstr.,Berlin,52.52943,13.19517,2.4,2.129,2.069,2.199,True
2026-10-10T20:24:10+00:00,905d4775-754e-4b38-baca-89c98fad1d1a,Sprint,Sprint Berlin Ruhlebener Str.,Berlin,52.529285,13.20718,2.9,2.129,2.069,2.199,False
2026-10-10T20:25:41+00:00,cebbe420-bcf3-4db8-9099-c52b783e2158,ESSO,Esso Tankstelle,BERLIN,52.549044,13.17897,0,2.149,2.089,2.209,True
2026-10-10T20:25:41+00:00,7347dd32-bfa1-470a-a6ee-2a2c95ad9af5,ARAL,Aral Tankstelle,Berlin,52.542747,13.199304,1.5,2.159,2.099,2.249,True
2026-10-10T20:25:41+00:00,9f07b69b-4b15-4852-9c60-5d293c6cadc5,Sprint,Sprint Berlin Seegefelder Str.,Berlin,52.536163,13.191189,1.6,2.129,2.069,2.199,True
2026-10-10T20:25:41+00:00,005056ba-7cb6-1ed2-bceb-641db1c24d1d,STAR,star Tankstelle,Berlin,52.534388,13.184014,1.7,2.129,2.069,2.199,True
2026-10-10T20:25:41+00:00,51d4b471-a095-1aa0-e100-80009459e03a,JET,JET BERLIN BRUNSBUETTELER DAMM 87-89,BERLIN,52.53379,13.18503,1.7,2.129,2.069,2.199,False
2026-10-10T20:25:41+00:00,d590310c-e209-46b2-bfe7-dacc6148e1f1,TotalEnergies,TotalEnergies Berlin,Berlin,52.55424,13.207408,2,2.139,2.079,2.209,False
2026-10-10T20:25:41+00:00,5d8c8a4c-bce7-4d28-ae12-0d61a971c5cc,Shell,Shell Berlin Streitstr. 19,Berlin,52.558899,13.208409,2.3,2.139,2.079,2.219,True
2026-10-10T20:25:41+00:00,057827cd-6583-4a3a-a461-f8546073fd02,SUN,Sun Klosterstr.,Berlin,52.52943,13.19517,2.4,2.129,2.069,2.199,True
2026-10-10T20:25:41+00:00,905d4775-754e-4b38-baca-89c98fad1d1a,Sprint,Sprint Berlin Ruhlebener Str.,Berlin,52.529285,13.20718,2.9,2.129,2.069,2.199,False
2026-10-10T20:27:11+00:00,cebbe420-bcf3-4db8-9099-c52b783e2158,ESSO,Esso Tankstelle,BERLIN,52.549044,13.17897,0,2.149,2.089,2.209,True
2026-10-10T20:27:11+00:00,7347dd32-bfa1-470a-a6ee-2a2c95ad9af5,ARAL,Aral Tankstelle,Berlin,52.542747,13.199304,1.5,2.159,2.099,2.249,True
2026-10-10T20:27:11+00:00,9f07b69b-4b15-4852-9c60-5d293c6cadc5,Sprint,Sprint Berlin Seegefelder Str.,Berlin,52.536163,13.191189,1.6,2.129,2.069,2.199,True
2026-10-10T20:27:11+00:00,005056ba-7cb6-1ed2-bceb-641db1c24d1d,STAR,star Tankstelle,Berlin,52.534388,13.184014,1.7,2.129,2.069,2.199,True
2026-10-10T20:27:11+00:00,51d4b471-a095-1aa0-e100-80009459e03a,JET,JET BERLIN BRUNSBUETTELER DAMM 87-89,BERLIN,52.53379,13.18503,1.7,2.129,2.069,2.199,False
2026-10-10T20:27:11+00:00,d590310c-e209-46b2-bfe7-dacc6148e1f1,TotalEnergies,TotalEnergies Berlin,Berlin,52.55424,13.207408,2,2.139,2.079,2.209,False
2026-10-10T20:27:11+00:00,5d8c8a4c-bce7-4d28-ae12-0d61a971c5cc,Shell,Shell Berlin Streitstr. 19,Berlin,52.558899,13.208409,2.3,2.139,2.079,2.219,True
2026-10-10T20:27:11+00:00,057827cd-6583-4a3a-a461-f8546073fd02,SUN,Sun Klosterstr.,Berlin,52.52943,13.19517,2.4,2.129,2.069,2.199,True
2026-10-10T20:27:11+00:00,905d4775-754e-4b38-baca-89c98fad1d1a,Sprint,Sprint Berlin Ruhlebener Str.,Berlin,52.529285,13.20718,2.9,2.129,2.069,2.199,False
2026-10-10T20:28:42+00:00,cebbe420-bcf3-4db8-9099-c52b783e2158,ESSO,Esso Tankstelle,BERLIN,52.549044,13.17897,0,2.149,2.089,2.209,True
2026-10-10T20:28:42+00:00,7347dd32-bfa1-470a-a6ee-2a2c95ad9af5,ARAL,Aral Tankstelle,Berlin,52.542747,13.199304,1.5,2.159,2.099,2.249,True
2026-10-10T20:28:42+00:00,9f07b69b-4b15-4852-9c60-5d293c6cadc5,Sprint,Sprint Berlin Seegefelder Str.,Berlin,52.536163,13.191189,1.6,2.129,2.069,2.199,True
2026-10-10T20:28:42+00:00,005056ba-7cb6-1ed2-bceb-641db1c24d1d,STAR,star Tankstelle,Berlin,52.534388,13.184014,1.7,2.129,2.069,2.199,True
2026-10-10T20:28:42+00:00,51d4b471-a095-1aa0-e100-80009459e03a,JET,JET BERLIN BRUNSBUETTELER DAMM 87-89,BERLIN,52.53379,13.18503,1.7,2.129,2.069,2.199,False
2026-10-10T20:28:42+00:00,d590310c-e209-46b2-bfe7-dacc6148e1f1,TotalEnergies,TotalEnergies Berlin,Berlin,52.55424,13.207408,2,2.139,2.079,2.209,False
2026-10-10T20:28:42+00:00,5d8c8a4c-bce7-4d28-ae12-0d61a971c5cc,Shell,Shell Berlin Streitstr. 19,Berlin,52.558899,13.208409,2.3,2.139,2.079,2.219,True
2026-10-10T20:28:42+00:00,057827cd-6583-4a3a-a461-f8546073fd02,SUN,Sun Klosterstr.,Berlin,52.52943,13.19517,2.4,2.129,2.069,2.199,True
2026-10-10T20:28:42+00:00,905d4775-754e-4b38-baca-89c98fad1d1a,Sprint,Sprint Berlin Ruhlebener Str.,Berlin,52.529285,13.20718,2.9,2.129,2.069,2.199,False
2026-10-10T20:30:13+00:00,cebbe420-bcf3-4db8-9099-c52b783e2158,ESSO,Esso Tankstelle,BERLIN,52.549044,13.17897,0,2.149,2.089,2.209,True
2026-10-10T20:30:13+00:00,7347dd32-bfa1-470a-a6ee-2a2c95ad9af5,ARAL,Aral Tankstelle,Berlin,52.542747,13.199304,1.5,2.159,2.099,2.249,True
2026-10-10T20:30:13+00:00,9f07b69b-4b15-4852-9c60-5d293c6cadc5,Sprint,Sprint Berlin Seegefelder Str.,Berlin,52.536163,13.191189,1.6,2.129,2.069,2.199,True
2026-10-10T20:30:13+00:00,005056ba-7cb6-1ed2-bceb-641db1c24d1d,STAR,star Tankstelle,Berlin,52.534388,13.184014,1.7,2.129,2.069,2.199,True
2026-10-10T20:30:13+00:00,51d4b471-a095-1aa0-e100-80009459e03a,JET,JET BERLIN BRUNSBUETTELER DAMM 87-89,BERLIN,52.53379,13.18503,1.7,2.129,2.069,2.199,False
2026-10-10T20:30:13+00:00,d590310c-e209-46b2-bfe7-dacc6148e1f1,TotalEnergies,TotalEnergies Berlin,Berlin,52.55424,13.207408,2,2.139,2.079,2.209,False
2026-10-10T20:30:13+00:00,5d8c8a4c-bce7-4d28-ae12-0d61a971c5cc,Shell,Shell Berlin Streitstr. 19,Berlin,52.558899,13.208409,2.3,2.139,2.079,2.219,True
2026-10-10T20:30:13+00:00,057827cd-6583-4a3a-a461-f8546073fd02,SUN,Sun Klosterstr.,Berlin,52.52943,13.19517,2.4,2.129,2.069,2.199,True
2026-10-10T20:30:13+00:00,905d4775-754e-4b38-baca-89c98fad1d1a,Sprint,Sprint Berlin Ruhlebener Str.,Berlin,52.529285,13.20718,2.9,2.129,2.069,2.199,False
2026-10-10T20:31:49+00:00,cebbe420-bcf3-4db8-9099-c52b783e2158,ESSO,Esso Tankstelle,BERLIN,52.549044,13.17897,0,2.149,2.089,2.209,True
2026-10-10T20:31:49+00:00,7347dd32-bfa1-470a-a6ee-2a2c95ad9af5,ARAL,Aral Tankstelle,Berlin,52.542747,13.199304,1.5,2.159,2.099,2.249,True
2026-10-10T20:31:49+00:00,9f07b69b-4b15-4852-9c60-5d293c6cadc5,Sprint,Sprint Berlin Seegefelder Str.,Berlin,52.536163,13.191189,1.6,2.129,2.069,2.199,False
2026-10-10T20:31:49+00:00,005056ba-7cb6-1ed2-bceb-641db1c24d1d,STAR,star Tankstelle,Berlin,52.534388,13.184014,1.7,2.129,2.069,2.199,True
2026-10-10T20:31:49+00:00,51d4b471-a095-1aa0-e100-80009459e03a,JET,JET BERLIN BRUNSBUETTELER DAMM 87-89,BERLIN,52.53379,13.18503,1.7,2.129,2.069,2.199,False
2026-10-10T20:31:49+00:00,d590310c-e209-46b2-bfe7-dacc6148e1f1,TotalEnergies,TotalEnergies Berlin,Berlin,52.55424,13.207408,2,2.139,2.079,2.209,False
2026-10-10T20:31:49+00:00,5d8c8a4c-bce7-4d28-ae12-0d61a971c5cc,Shell,Shell Berlin Streitstr. 19,Berlin,52.558899,13.208409,2.3,2.139,2.079,2.219,True
2026-10-10T20:31:49+00:00,057827cd-6583-4a3a-a461-f8546073fd02,SUN,Sun Klosterstr.,Berlin,52.52943,13.19517,2.4,2.129,2.069,2.199,True
2026-10-10T20:31:49+00:00,905d4775-754e-4b38-baca-89c98fad1d1a,Sprint,Sprint Berlin Ruhlebener Str.,Berlin,52.529285,13.20718,2.9,2.129,2.069,2.199,False
2026-10-10T20:33:20+00:00,cebbe420-bcf3-4db8-9099-c52b783e2158,ESSO,Esso Tankstelle,BERLIN,52.549044,13.17897,0,2.149,2.089,2.209,True
2026-10-10T20:33:20+00:00,7347dd32-bfa1-470a-a6ee-2a2c95ad9af5,ARAL,Aral Tankstelle,Berlin,52.542747,13.199304,1.5,2.159,2.099,2.249,True
2026-10-10T20:33:20+00:00,9f07b69b-4b15-4852-9c60-5d293c6cadc5,Sprint,Sprint Berlin Seegefelder Str.,Berlin,52.536163,13.191189,1.6,2.129,2.069,2.199,False
2026-10-10T20:33:20+00:00,005056ba-7cb6-1ed2-bceb-641db1c24d1d,STAR,star Tankstelle,Berlin,52.534388,13.184014,1.7,2.129,2.069,2.199,True
2026-10-10T20:33:20+00:00,51d4b471-a095-1aa0-e100-80009459e03a,JET,JET BERLIN BRUNSBUETTELER DAMM 87-89,BERLIN,52.53379,13.18503,1.7,2.129,2.069,2.199,False
2026-10-10T20:33:20+00:00,d590310c-e209-46b2-bfe7-dacc6148e1f1,TotalEnergies,TotalEnergies Berlin,Berlin,52.55424,13.207408,2,2.139,2.079,2.209,False
2026-10-10T20:33:20+00:00,5d8c8a4c-bce7-4d28-ae12-0d61a971c5cc,Shell,Shell Berlin Streitstr. 19,Berlin,52.558899,13.208409,2.3,2.139,2.079,2.219,True
2026-10-10T20:33:20+00:00,057827cd-6583-4a3a-a461-f8546073fd02,SUN,Sun Klosterstr.,Berlin,52.52943,13.19517,2.4,2.129,2.069,2.199,True
2026-10-10T20:33:20+00:00,905d4775-754e-4b38-baca-89c98fad1d1a,Sprint,Sprint Berlin Ruhlebener Str.,Berlin,52.529285,13.20718,2.9,2.129,2.069,2.199,False
2026-10-10T20:34:51+00:00,cebbe420-bcf3-4db8-9099-c52b783e2158,ESSO,Esso Tankstelle,BERLIN,52.549044,13.17897,0,2.149,2.089,2.209,True
2026-10-10T20:34:51+00:00,7347dd32-bfa1-470a-a6ee-2a2c95ad9af5,ARAL,Aral Tankstelle,Berlin,52.542747,13.199304,1.5,2.159,2.099,2.249,True
2026-10-10T20:34:51+00:00,9f07b69b-4b15-4852-9c60-5d293c6cadc5,Sprint,Sprint Berlin Seegefelder Str.,Berlin,52.536163,13.191189,1.6,2.129,2.069,2.199,False
2026-10-10T20:34:51+00:00,005056ba-7cb6-1ed2-bceb-641db1c24d1d,STAR,star Tankstelle,Berlin,52.534388,13.184014,1.7,2.129,2.069,2.199,True
2026-10-10T20:34:51+00:00,51d4b471-a095-1aa0-e100-80009459e03a,JET,JET BERLIN BRUNSBUETTELER DAMM 87-89,BERLIN,52.53379,13.18503,1.7,2.129,2.069,2.199,False
2026-10-10T20:34:51+00:00,d590310c-e209-46b2-bfe7-dacc6148e1f1,TotalEnergies,TotalEnergies Berlin,Berlin,52.55424,13.207408,2,2.139,2.079,2.209,False
2026-10-10T20:34:51+00:00,5d8c8a4c-bce7-4d28-ae12-0d61a971c5cc,Shell,Shell Berlin Streitstr. 19,Berlin,52.558899,13.208409,2.3,2.139,2.079,2.219,True
2026-10-10T20:34:51+00:00,057827cd-6583-4a3a-a461-f8546073fd02,SUN,Sun Klosterstr.,Berlin,52.52943,13.19517,2.4,2.129,2.069,2.199,True
2026-10-10T20:34:51+00:00,905d4775-754e-4b38-baca-89c98fad1d1a,Sprint,Sprint Berlin Ruhlebener Str.,Berlin,52.529285,13.20718,2.9,2.129,2.069,2.199,False
2026-10-10T20:36:22+00:00,cebbe420-bcf3-4db8-9099-c52b783e2158,ESSO,Esso Tankstelle,BERLIN,52.549044,13.17897,0,2.149,2.089,2.209,True
2026-10-10T20:36:22+00:00,7347dd32-bfa1-470a-a6ee-2a2c95ad9af5,ARAL,Aral Tankstelle,Berlin,52.542747,13.199304,1.5,2.159,2.099,2.249,True
2026-10-10T20:36:22+00:00,9f07b69b-4b15-4852-9c60-5d293c6cadc5,Sprint,Sprint Berlin Seegefelder Str.,Berlin,52.536163,13.191189,1.6,2.129,2.069,2.199,False
2026-10-10T20:36:22+00:00,005056ba-7cb6-1ed2-bceb-641db1c24d1d,STAR,star Tankstelle,Berlin,52.534388,13.184014,1.7,2.129,2.069,2.199,True
2026-10-10T20:36:22+00:00,51d4b471-a095-1aa0-e100-80009459e03a,JET,JET BERLIN BRUNSBUETTELER DAMM 87-89,BERLIN,52.53379,13.18503,1.7,2.129,2.069,2.199,False
2026-10-10T20:36:22+00:00,d590310c-e209-46b2-bfe7-dacc6148e1f1,TotalEnergies,TotalEnergies Berlin,Berlin,52.55424,13.207408,2,2.139,2.079,2.209,False
2026-10-10T20:36:22+00:00,5d8c8a4c-bce7-4d28-ae12-0d61a971c5cc,Shell,Shell Berlin Streitstr. 19,Berlin,52.558899,13.208409,2.3,2.139,2.079,2.219,True
2026-10-10T20:36:22+00:00,057827cd-6583-4a3a-a461-f8546073fd02,SUN,Sun Klosterstr.,Berlin,52.52943,13.19517,2.4,2.129,2.069,2.199,True
2026-10-10T20:36:22+00:00,905d4775-754e-4b38-baca-89c98fad1d1a,Sprint,Sprint Berlin Ruhlebener Str.,Berlin,52.529285,13.20718,2.9,2.129,2.069,2.199,False
2026-10-10T20:37:52+00:00,cebbe420-bcf3-4db8-9099-c52b783e2158,ESSO,Esso Tankstelle,BERLIN,52.549044,13.17897,0,2.149,2.089,2.209,True
2026-10-10T20:37:52+00:00,7347dd32-bfa1-470a-a6ee-2a2c95ad9af5,ARAL,Aral Tankstelle,Berlin,52.542747,13.199304,1.5,2.159,2.099,2.249,True
2026-10-10T20:37:52+00:00,9f07b69b-4b15-4852-9c60-5d293c6cadc5,Sprint,Sprint Berlin Seegefelder Str.,Berlin,52.536163,13.191189,1.6,2.129,2.069,2.199,False
2026-10-10T20:37:52+00:00,005056ba-7cb6-1ed2-bceb-641db1c24d1d,STAR,star Tankstelle,Berlin,52.534388,13.184014,1.7,2.129,2.069,2.199,True
2026-10-10T20:37:52+00:00,51d4b471-a095-1aa0-e100-80009459e03a,JET,JET BERLIN BRUNSBUETTELER DAMM 87-89,BERLIN,52.53379,13.18503,1.7,2.129,2.069,2.199,False
2026-10-10T20:37:52+00:00,d590310c-e209-46b2-bfe7-dacc6148e1f1,TotalEnergies,TotalEnergies Berlin,Berlin,52.55424,13.207408,2,2.139,2.079,2.209,False
2026-10-10T20:37:52+00:00,5d8c8a4c-bce7-4d28-ae12-0d61a971c5cc,Shell,Shell Berlin Streitstr. 19,Berlin,52.558899,13.208409,2.3,2.139,2.079,2.219,True
2026-10-10T20:37:52+00:00,057827cd-6583-4a3a-a461-f8546073fd02,SUN,Sun Klosterstr.,Berlin,52.52943,13.19517,2.4,2.129,2.069,2.199,True
2026-10-10T20:37:52+00:00,905d4775-754e-4b38-baca-89c98fad1d1a,Sprint,Sprint Berlin Ruhlebener Str.,Berlin,52.529285,13.20718,2.9,2.129,2.069,2.199,False
2026-10-10T20:39:23+00:00,cebbe420-bcf3-4db8-9099-c52b783e2158,ESSO,Esso Tankstelle,BERLIN,52.549044,13.17897,0,2.149,2.089,2.209,True
2026-10-10T20:39:23+00:00,7347dd32-bfa1-470a-a6ee-2a2c95ad9af5,ARAL,Aral Tankstelle,Berlin,52.542747,13.199304,1.5,2.159,2.099,2.249,True
2026-10-10T20:39:23+00:00,9f07b69b-4b15-4852-9c60-5d293c6cadc5,Sprint,Sprint Berlin Seegefelder Str.,Berlin,52.536163,13.191189,1.6,2.129,2.069,2.199,False
2026-10-10T20:39:23+00:00,005056ba-7cb6-1ed2-bceb-641db1c24d1d,STAR,star Tankstelle,Berlin,52.534388,13.184014,1.7,2.129,2.069,2.199,True
2026-10-10T20:39:23+00:00,51d4b471-a095-1aa0-e100-80009459e03a,JET,JET BERLIN BRUNSBUETTELER DAMM 87-89,BERLIN,52.53379,13.18503,1.7,2.129,2.069,2.199,False
2026-10-10T20:39:23+00:00,d590310c-e209-46b2-bfe7-dacc6148e1f1,TotalEnergies,TotalEnergies Berlin,Berlin,52.55424,13.207408,2,2.139,2.079,2.209,False
2026-10-10T20:39:23+00:00,5d8c8a4c-bce7-4d28-ae12-0d61a971c5cc,Shell,Shell Berlin Streitstr. 19,Berlin,52.558899,13.208409,2.3,2.139,2.079,2.219,True
2026-10-10T20:39:23+00:00,057827cd-6583-4a3a-a461-f8546073fd02,SUN,Sun Klosterstr.,Berlin,52.52943,13.19517,2.4,2.129,2.069,2.199,True
2026-10-10T20:39:23+00:00,905d4775-754e-4b38-baca-89c98fad1d1a,Sprint,Sprint Berlin Ruhlebener Str.,Berlin,52.529285,13.20718,2.9,2.129,2.069,2.199,False
2026-10-10T20:40:56+00:00,cebbe420-bcf3-4db8-9099-c52b783e2158,ESSO,Esso Tankstelle,BERLIN,52.549044,13.17897,0,2.149,2.089,2.209,True
2026-10-10T20:40:56+00:00,7347dd32-bfa1-470a-a6ee-2a2c95ad9af5,ARAL,Aral Tankstelle,Berlin,52.542747,13.199304,1.5,2.159,2.099,2.249,True
2026-10-10T20:40:56+00:00,9f07b69b-4b15-4852-9c60-5d293c6cadc5,Sprint,Sprint Berlin Seegefelder Str.,Berlin,52.536163,13.191189,1.6,2.129,2.069,2.199,False
2026-10-10T20:40:56+00:00,005056ba-7cb6-1ed2-bceb-641db1c24d1d,STAR,star Tankstelle,Berlin,52.534388,13.184014,1.7,2.129,2.069,2.199,True
2026-10-10T20:40:56+00:00,51d4b471-a095-1aa0-e100-80009459e03a,JET,JET BERLIN BRUNSBUETTELER DAMM 87-89,BERLIN,52.53379,13.18503,1.7,2.129,2.069,2.199,False
2026-10-10T20:40:56+00:00,d590310c-e209-46b2-bfe7-dacc6148e1f1,TotalEnergies,TotalEnergies Berlin,Berlin,52.55424,13.207408,2,2.139,2.079,2.209,False
2026-10-10T20:40:56+00:00,5d8c8a4c-bce7-4d28-ae12-0d61a971c5cc,Shell,Shell Berlin Streitstr. 19,Berlin,52.558899,13.208409,2.3,2.139,2.079,2.219,True
2026-10-10T20:40:56+00:00,057827cd-6583-4a3a-a461-f8546073fd02,SUN,Sun Klosterstr.,Berlin,52.52943,13.19517,2.4,2.129,2.069,2.199,True
2026-10-10T20:40:56+00:00,905d4775-754e-4b38-baca-89c98fad1d1a,Sprint,Sprint Berlin Ruhlebener Str.,Berlin,52.529285,13.20718,2.9,2.129,2.069,2.199,False
2026-10-10T20:42:26+00:00,cebbe420-bcf3-4db8-9099-c52b783e2158,ESSO,Esso Tankstelle,BERLIN,52.549044,13.17897,0,2.149,2.089,2.209,True
2026-10-10T20:42:26+00:00,7347dd32-bfa1-470a-a6ee-2a2c95ad9af5,ARAL,Aral Tankstelle,Berlin,52.542747,13.199304,1.5,2.159,2.099,2.249,True
2026-10-10T20:42:26+00:00,9f07b69b-4b15-4852-9c60-5d293c6cadc5,Sprint,Sprint Berlin Seegefelder Str.,Berlin,52.536163,13.191189,1.6,2.129,2.069,2.199,False
2026-10-10T20:42:26+00:00,005056ba-7cb6-1ed2-bceb-641db1c24d1d,STAR,star Tankstelle,Berlin,52.534388,13.184014,1.7,2.129,2.069,2.199,True
2026-10-10T20:42:26+00:00,51d4b471-a095-1aa0-e100-80009459e03a,JET,JET BERLIN BRUNSBUETTELER DAMM 87-89,BERLIN,52.53379,13.18503,1.7,2.129,2.069,2.199,False
2026-10-10T20:42:26+00:00,d590310c-e209-46b2-bfe7-dacc6148e1f1,TotalEnergies,TotalEnergies Berlin,Berlin,52.55424,13.207408,2,2.139,2.079,2.209,False
2026-10-10T20:42:26+00:00,5d8c8a4c-bce7-4d28-ae12-0d61a971c5cc,Shell,Shell Berlin Streitstr. 19,Berlin,52.558899,13.208409,2.3,2.139,2.079,2.219,True
2026-10-10T20:42:26+00:00,057827cd-6583-4a3a-a461-f8546073fd02,SUN,Sun Klosterstr.,Berlin,52.52943,13.19517,2.4,2.129,2.069,2.199,True
2026-10-10T20:42:26+00:00,905d4775-754e-4b38-baca-89c98fad1d1a,Sprint,Sprint Berlin Ruhlebener Str.,Berlin,52.529285,13.20718,2.9,2.129,2.069,2.199,False
2026-10-10T20:43:57+00:00,cebbe420-bcf3-4db8-9099-c52b783e2158,ESSO,Esso Tankstelle,BERLIN,52.549044,13.17897,0,2.149,2.089,2.209,True
2026-10-10T20:43:57+00:00,7347dd32-bfa1-470a-a6ee-2a2c95ad9af5,ARAL,Aral Tankstelle,Berlin,52.542747,13.199304,1.5,2.159,2.099,2.249,True
2026-10-10T20:43:57+00:00,9f07b69b-4b15-4852-9c60-5d293c6cadc5,Sprint,Sprint Berlin Seegefelder Str.,Berlin,52.536163,13.191189,1.6,2.129,2.069,2.199,False
2026-10-10T20:43:57+00:00,005056ba-7cb6-1ed2-bceb-641db1c24d1d,STAR,star Tankstelle,Berlin,52.534388,13.184014,1.7,2.129,2.069,2.199,True
2026-10-10T20:43:57+00:00,51d4b471-a095-1aa0-e100-80009459e03a,JET,JET BERLIN BRUNSBUETTELER DAMM 87-89,BERLIN,52.53379,13.18503,1.7,2.129,2.069,2.199,False
2026-10-10T20:43:57+00:00,d590310c-e209-46b2-bfe7-dacc6148e1f1,TotalEnergies,TotalEnergies Berlin,Berlin,52.55424,13.207408,2,2.139,2.079,2.209,False
2026-10-10T20:43:57+00:00,5d8c8a4c-bce7-4d28-ae12-0d61a971c5cc,Shell,Shell Berlin Streitstr. 19,Berlin,52.558899,13.208409,2.3,2.139,2.079,2.219,True
2026-10-10T20:43:57+00:00,057827cd-6583-4a3a-a461-f8546073fd02,SUN,Sun Klosterstr.,Berlin,52.52943,13.19517,2.4,2.129,2.069,2.199,True
2026-10-10T20:43:57+00:00,905d4775-754e-4b38-baca-89c98fad1d1a,Sprint,Sprint Berlin Ruhlebener Str.,Berlin,52.529285,13.20718,2.9,2.129,2.069,2.199,False
2026-10-10T20:45:28+00:00,cebbe420-bcf3-4db8-9099-c52b783e2158,ESSO,Esso Tankstelle,BERLIN,52.549044,13.17897,0,2.149,2.089,2.209,True
2026-10-10T20:45:28+00:00,7347dd32-bfa1-470a-a6ee-2a2c95ad9af5,ARAL,Aral Tankstelle,Berlin,52.542747,13.199304,1.5,2.159,2.099,2.249,True
2026-10-10T20:45:28+00:00,9f07b69b-4b15-4852-9c60-5d293c6cadc5,Sprint,Sprint Berlin Seegefelder Str.,Berlin,52.536163,13.191189,1.6,2.129,2.069,2.199,False
2026-10-10T20:45:28+00:00,005056ba-7cb6-1ed2-bceb-641db1c24d1d,STAR,star Tankstelle,Berlin,52.534388,13.184014,1.7,2.129,2.069,2.199,True
2026-10-10T20:45:28+00:00,51d4b471-a095-1aa0-e100-80009459e03a,JET,JET BERLIN BRUNSBUETTELER DAMM 87-89,BERLIN,52.53379,13.18503,1.7,2.129,2.069,2.199,False
2026-10-10T20:45:28+00:00,d590310c-e209-46b2-bfe7-dacc6148e1f1,TotalEnergies,TotalEnergies Berlin,Berlin,52.55424,13.207408,2,2.139,2.079,2.209,False
2026-10-10T20:45:28+00:00,5d8c8a4c-bce7-4d28-ae12-0d61a971c5cc,Shell,Shell Berlin Streitstr. 19,Berlin,52.558899,13.208409,2.3,2.139,2.079,2.219,True
2026-10-10T20:45:28+00:00,057827cd-6583-4a3a-a461-f8546073fd02,SUN,Sun Klosterstr.,Berlin,52.52943,13.19517,2.4,2.129,2.069,2.199,True
2026-10-10T20:45:28+00:00,905d4775-754e-4b38-baca-89c98fad1d1a,Sprint,Sprint Berlin Ruhlebener Str.,Berlin,52.529285,13.20718,2.9,2.129,2.069,2.199,False
2026-10-10T20:46:58+00:00,cebbe420-bcf3-4db8-9099-c52b783e2158,ESSO,Esso Tankstelle,BERLIN,52.549044,13.17897,0,2.149,2.089,2.209,True
2026-10-10T20:46:58+00:00,7347dd32-bfa1-470a-a6ee-2a2c95ad9af5,ARAL,Aral Tankstelle,Berlin,52.542747,13.199304,1.5,2.159,2.099,2.249,True
2026-10-10T20:46:58+00:00,9f07b69b-4b15-4852-9c60-5d293c6cadc5,Sprint,Sprint Berlin Seegefelder Str.,Berlin,52.536163,13.191189,1.6,2.129,2.069,2.199,False
2026-10-10T20:46:58+00:00,005056ba-7cb6-1ed2-bceb-641db1c24d1d,STAR,star Tankstelle,Berlin,52.534388,13.184014,1.7,2.129,2.069,2.199,True
2026-10-10T20:46:58+00:00,51d4b471-a095-1aa0-e100-80009459e03a,JET,JET BERLIN BRUNSBUETTELER DAMM 87-89,BERLIN,52.53379,13.18503,1.7,2.129,2.069,2.199,False
2026-10-10T20:46:58+00:00,d590310c-e209-46b2-bfe7-dacc6148e1f1,TotalEnergies,TotalEnergies Berlin,Berlin,52.55424,13.207408,2,2.139,2.079,2.209,False
2026-10-10T20:46:58+00:00,5d8c8a4c-bce7-4d28-ae12-0d61a971c5cc,Shell,Shell Berlin Streitstr. 19,Berlin,52.558899,13.208409,2.3,2.139,2.079,2.219,True
2026-10-10T20:46:58+00:00,057827cd-6583-4a3a-a461-f8546073fd02,SUN,Sun Klosterstr.,Berlin,52.52943,13.19517,2.4,2.129,2.069,2.199,True
2026-10-10T20:46:58+00:00,905d4775-754e-4b38-baca-89c98fad1d1a,Sprint,Sprint Berlin Ruhlebener Str.,Berlin,52.529285,13.20718,2.9,2.129,2.069,2.199,False
2026-10-10T20:48:29+00:00,cebbe420-bcf3-4db8-9099-c52b783e2158,ESSO,Esso Tankstelle,BERLIN,52.549044,13.17897,0,2.149,2.089,2.209,True
2026-10-10T20:48:29+00:00,7347dd32-bfa1-470a-a6ee-2a2c95ad9af5,ARAL,Aral Tankstelle,Berlin,52.542747,13.199304,1.5,2.159,2.099,2.249,True
2026-10-10T20:48:29+00:00,9f07b69b-4b15-4852-9c60-5d293c6cadc5,Sprint,Sprint Berlin Seegefelder Str.,Berlin,52.536163,13.191189,1.6,2.129,2.069,2.199,False
2026-10-10T20:48:29+00:00,005056ba-7cb6-1ed2-bceb-641db1c24d1d,STAR,star Tankstelle,Berlin,52.534388,13.184014,1.7,2.129,2.069,2.199,True
2026-10-10T20:48:29+00:00,51d4b471-a095-1aa0-e100-80009459e03a,JET,JET BERLIN BRUNSBUETTELER DAMM 87-89,BERLIN,52.53379,13.18503,1.7,2.129,2.069,2.199,False
2026-10-10T20:48:29+00:00,d590310c-e209-46b2-bfe7-dacc6148e1f1,TotalEnergies,TotalEnergies Berlin,Berlin,52.55424,13.207408,2,2.139,2.079,2.209,False
2026-10-10T20:48:29+00:00,5d8c8a4c-bce7-4d28-ae12-0d61a971c5cc,Shell,Shell Berlin Streitstr. 19,Berlin,52.558899,13.208409,2.3,2.139,2.079,2.219,True
2026-10-10T20:48:29+00:00,057827cd-6583-4a3a-a461-f8546073fd02,SUN,Sun Klosterstr.,Berlin,52.52943,13.19517,2.4,2.129,2.069,2.199,True
2026-10-10T20:48:29+00:00,905d4775-754e-4b38-baca-89c98fad1d1a,Sprint,Sprint Berlin Ruhlebener Str.,Berlin,52.529285,13.20718,2.9,2.129,2.069,2.199,False
2026-10-10T20:50:00+00:00,cebbe420-bcf3-4db8-9099-c52b783e2158,ESSO,Esso Tankstelle,BERLIN,52.549044,13.17897,0,2.149,2.089,2.209,True
2026-10-10T20:50:00+00:00,7347dd32-bfa1-470a-a6ee-2a2c95ad9af5,ARAL,Aral Tankstelle,Berlin,52.542747,13.199304,1.5,2.159,2.099,2.249,True
2026-10-10T20:50:00+00:00,9f07b69b-4b15-4852-9c60-5d293c6cadc5,Sprint,Sprint Berlin Seegefelder Str.,Berlin,52.536163,13.191189,1.6,2.129,2.069,2.199,False
2026-10-10T20:50:00+00:00,005056ba-7cb6-1ed2-bceb-641db1c24d1d,STAR,star Tankstelle,Berlin,52.534388,13.184014,1.7,2.129,2.069,2.199,True
2026-10-10T20:50:00+00:00,51d4b471-a095-1aa0-e100-80009459e03a,JET,JET BERLIN BRUNSBUETTELER DAMM 87-89,BERLIN,52.53379,13.18503,1.7,2.129,2.069,2.199,False
2026-10-10T20:50:00+00:00,d590310c-e209-46b2-bfe7-dacc6148e1f1,TotalEnergies,TotalEnergies Berlin,Berlin,52.55424,13.207408,2,2.139,2.079,2.209,False
2026-10-10T20:50:00+00:00,5d8c8a4c-bce7-4d28-ae12-0d61a971c5cc,Shell,Shell Berlin Streitstr. 19,Berlin,52.558899,13.208409,2.3,2.139,2.079,2.219,True
2026-10-10T20:50:00+00:00,057827cd-6583-4a3a-a461-f8546073fd02,SUN,Sun Klosterstr.,Berlin,52.52943,13.19517,2.4,2.129,2.069,2.199,True
2026-10-10T20:50:00+00:00,905d4775-754e-4b38-baca-89c98fad1d1a,Sprint,Sprint Berlin Ruhlebener Str.,Berlin,52.529285,13.20718,2.9,2.129,2.069,2.199,False
2026-10-10T20:51:36+00:00,cebbe420-bcf3-4db8-9099-c52b783e2158,ESSO,Esso Tankstelle,BERLIN,52.549044,13.17897,0,2.149,2.089,2.209,True
2026-10-10T20:51:36+00:00,7347dd32-bfa1-470a-a6ee-2a2c95ad9af5,ARAL,Aral Tankstelle,Berlin,52.542747,13.199304,1.5,2.159,2.099,2.249,True
2026-10-10T20:51:36+00:00,9f07b69b-4b15-4852-9c60-5d293c6cadc5,Sprint,Sprint Berlin Seegefelder Str.,Berlin,52.536163,13.191189,1.6,2.129,2.069,2.199,False
2026-10-10T20:51:36+00:00,005056ba-7cb6-1ed2-bceb-641db1c24d1d,STAR,star Tankstelle,Berlin,52.534388,13.184014,1.7,2.129,2.069,2.199,True
2026-10-10T20:51:36+00:00,51d4b471-a095-1aa0-e100-80009459e03a,JET,JET BERLIN BRUNSBUETTELER DAMM 87-89,BERLIN,52.53379,13.18503,1.7,2.129,2.069,2.199,False
2026-10-10T20:51:36+00:00,d590310c-e209-46b2-bfe7-dacc6148e1f1,TotalEnergies,TotalEnergies Berlin,Berlin,52.55424,13.207408,2,2.139,2.079,2.209,False
2026-10-10T20:51:36+00:00,5d8c8a4c-bce7-4d28-ae12-0d61a971c5cc,Shell,Shell Berlin Streitstr. 19,Berlin,52.558899,13.208409,2.3,2.139,2.079,2.219,True
2026-10-10T20:51:36+00:00,057827cd-6583-4a3a-a461-f8546073fd02,SUN,Sun Klosterstr.,Berlin,52.52943,13.19517,2.4,2.129,2.069,2.199,True
2026-10-10T20:51:36+00:00,905d4775-754e-4b38-baca-89c98fad1d1a,Sprint,Sprint Berlin Ruhlebener Str.,Berlin,52.529285,13.20718,2.9,2.129,2.069,2.199,False
2026-10-10T20:53:07+00:00,cebbe420-bcf3-4db8-9099-c52b783e2158,ESSO,Esso Tankstelle,BERLIN,52.549044,13.17897,0,2.149,2.089,2.209,True
2026-10-10T20:53:07+00:00,7347dd32-bfa1-470a-a6ee-2a2c95ad9af5,ARAL,Aral Tankstelle,Berlin,52.542747,13.199304,1.5,2.159,2.099,2.249,True
2026-10-10T20:53:07+00:00,9f07b69b-4b15-4852-9c60-5d293c6cadc5,Sprint,Sprint Berlin Seegefelder Str.,Berlin,52.536163,13.191189,1.6,2.129,2.069,2.199,False
2026-10-10T20:53:07+00:00,005056ba-7cb6-1ed2-bceb-641db1c24d1d,STAR,star Tankstelle,Berlin,52.534388,13.184014,1.7,2.129,2.069,2.199,True
2026-10-10T20:53:07+00:00,51d4b471-a095-1aa0-e100-80009459e03a,JET,JET BERLIN BRUNSBUETTELER DAMM 87-89,BERLIN,52.53379,13.18503,1.7,2.129,2.069,2.199,False
2026-10-10T20:53:07+00:00,d590310c-e209-46b2-bfe7-dacc6148e1f1,TotalEnergies,TotalEnergies Berlin,Berlin,52.55424,13.207408,2,2.139,2.079,2.209,False
2026-10-10T20:53:07+00:00,5d8c8a4c-bce7-4d28-ae12-0d61a971c5cc,Shell,Shell Berlin Streitstr. 19,Berlin,52.558899,13.208409,2.3,2.139,2.079,2.219,True
2026-10-10T20:53:07+00:00,057827cd-6583-4a3a-a461-f8546073fd02,SUN,Sun Klosterstr.,Berlin,52.52943,13.19517,2.4,2.129,2.069,2.199,True
2026-10-10T20:53:07+00:00,905d4775-754e-4b38-baca-89c98fad1d1a,Sprint,Sprint Berlin Ruhlebener Str.,Berlin,52.529285,13.20718,2.9,2.129,2.069,2.199,False
2026-10-10T20:54:38+00:00,cebbe420-bcf3-4db8-9099-c52b783e2158,ESSO,Esso Tankstelle,BERLIN,52.549044,13.17897,0,2.149,2.089,2.209,True
2026-10-10T20:54:38+00:00,7347dd32-bfa1-470a-a6ee-2a2c95ad9af5,ARAL,Aral Tankstelle,Berlin,52.542747,13.199304,1.5,2.159,2.099,2.249,True
2026-10-10T20:54:38+00:00,9f07b69b-4b15-4852-9c60-5d293c6cadc5,Sprint,Sprint Berlin Seegefelder Str.,Berlin,52.536163,13.191189,1.6,2.129,2.069,2.199,False
2026-10-10T20:54:38+00:00,005056ba-7cb6-1ed2-bceb-641db1c24d1d,STAR,star Tankstelle,Berlin,52.534388,13.184014,1.7,2.129,2.069,2.199,True
2026-10-10T20:54:38+00:00,51d4b471-a095-1aa0-e100-80009459e03a,JET,JET BERLIN BRUNSBUETTELER DAMM 87-89,BERLIN,52.53379,13.18503,1.7,2.129,2.069,2.199,False
2026-10-10T20:54:38+00:00,d590310c-e209-46b2-bfe7-dacc6148e1f1,TotalEnergies,TotalEnergies Berlin,Berlin,52.55424,13.207408,2,2.139,2.079,2.209,False
2026-10-10T20:54:38+00:00,5d8c8a4c-bce7-4d28-ae12-0d61a971c5cc,Shell,Shell Berlin Streitstr. 19,Berlin,52.558899,13.208409,2.3,2.139,2.079,2.219,True
2026-10-10T20:54:38+00:00,057827cd-6583-4a3a-a461-f8546073fd02,SUN,Sun Klosterstr.,Berlin,52.52943,13.19517,2.4,2.129,2.069,2.199,True
2026-10-10T20:54:38+00:00,905d4775-754e-4b38-baca-89c98fad1d1a,Sprint,Sprint Berlin Ruhlebener Str.,Berlin,52.529285,13.20718,2.9,2.129,2.069,2.199,False
2026-10-10T20:56:08+00:00,cebbe420-bcf3-4db8-9099-c52b783e2158,ESSO,Esso Tankstelle,BERLIN,52.549044,13.17897,0,2.149,2.089,2.209,True
2026-10-10T20:56:08+00:00,7347dd32-bfa1-470a-a6ee-2a2c95ad9af5,ARAL,Aral Tankstelle,Berlin,52.542747,13.199304,1.5,2.159,2.099,2.249,True
2026-10-10T20:56:08+00:00,9f07b69b-4b15-4852-9c60-5d293c6cadc5,Sprint,Sprint Berlin Seegefelder Str.,Berlin,52.536163,13.191189,1.6,2.129,2.069,2.199,False
2026-10-10T20:56:08+00:00,005056ba-7cb6-1ed2-bceb-641db1c24d1d,STAR,star Tankstelle,Berlin,52.534388,13.184014,1.7,2.129,2.069,2.199,True
2026-10-10T20:56:08+00:00,51d4b471-a095-1aa0-e100-80009459e03a,JET,JET BERLIN BRUNSBUETTELER DAMM 87-89,BERLIN,52.53379,13.18503,1.7,2.129,2.069,2.199,False
2026-10-10T20:56:08+00:00,d590310c-e209-46b2-bfe7-dacc6148e1f1,TotalEnergies,TotalEnergies Berlin,Berlin,52.55424,13.207408,2,2.139,2.079,2.209,False
2026-10-10T20:56:08+00:00,5d8c8a4c-bce7-4d28-ae12-0d61a971c5cc,Shell,Shell Berlin Streitstr. 19,Berlin,52.558899,13.208409,2.3,2.139,2.079,2.219,True
2026-10-10T20:56:08+00:00,057827cd-6583-4a3a-a461-f8546073fd02,SUN,Sun Klosterstr.,Berlin,52.52943,13.19517,2.4,2.129,2.069,2.199,True
2026-10-10T20:56:08+00:00,905d4775-754e-4b38-baca-89c98fad1d1a,Sprint,Sprint Berlin Ruhlebener Str.,Berlin,52.529285,13.20718,2.9,2.129,2.069,2.199,False
2026-10-10T20:57:39+00:00,cebbe420-bcf3-4db8-9099-c52b783e2158,ESSO,Esso Tankstelle,BERLIN,52.549044,13.17897,0,2.149,2.089,2.209,True
2026-10-10T20:57:39+00:00,7347dd32-bfa1-470a-a6ee-2a2c95ad9af5,ARAL,Aral Tankstelle,Berlin,52.542747,13.199304,1.5,2.159,2.099,2.249,True
2026-10-10T20:57:39+00:00,9f07b69b-4b15-4852-9c60-5d293c6cadc5,Sprint,Sprint Berlin Seegefelder Str.,Berlin,52.536163,13.191189,1.6,2.129,2.069,2.199,False
2026-10-10T20:57:39+00:00,005056ba-7cb6-1ed2-bceb-641db1c24d1d,STAR,star Tankstelle,Berlin,52.534388,13.184014,1.7,2.129,2.069,2.199,True
2026-10-10T20:57:39+00:00,51d4b471-a095-1aa0-e100-80009459e03a,JET,JET BERLIN BRUNSBUETTELER DAMM 87-89,BERLIN,52.53379,13.18503,1.7,2.129,2.069,2.199,False
2026-10-10T20:57:39+00:00,d590310c-e209-46b2-bfe7-dacc6148e1f1,TotalEnergies,TotalEnergies Berlin,Berlin,52.55424,13.207408,2,2.139,2.079,2.209,False
2026-10-10T20:57:39+00:00,5d8c8a4c-bce7-4d28-ae12-0d61a971c5cc,Shell,Shell Berlin Streitstr. 19,Berlin,52.558899,13.208409,2.3,2.139,2.079,2.219,True
2026-10-10T20:57:39+00:00,057827cd-6583-4a3a-a461-f8546073fd02,SUN,Sun Klosterstr.,Berlin,52.52943,13.19517,2.4,2.129,2.069,2.199,True
2026-10-10T20:57:39+00:00,905d4775-754e-4b38-baca-89c98fad1d1a,Sprint,Sprint Berlin Ruhlebener Str.,Berlin,52.529285,13.20718,2.9,2.129,2.069,2.199,False
2026-10-10T20:59:11+00:00,cebbe420-bcf3-4db8-9099-c52b783e2158,ESSO,Esso Tankstelle,BERLIN,52.549044,13.17897,0,2.149,2.089,2.209,True
2026-10-10T20:59:11+00:00,7347dd32-bfa1-470a-a6ee-2a2c95ad9af5,ARAL,Aral Tankstelle,Berlin,52.542747,13.199304,1.5,2.159,2.099,2.249,True
2026-10-10T20:59:11+00:00,9f07b69b-4b15-4852-9c60-5d293c6cadc5,Sprint,Sprint Berlin Seegefelder Str.,Berlin,52.536163,13.191189,1.6,2.129,2.069,2.199,False
2026-10-10T20:59:11+00:00,005056ba-7cb6-1ed2-bceb-641db1c24d1d,STAR,star Tankstelle,Berlin,52.534388,13.184014,1.7,2.129,2.069,2.199,True
2026-10-10T20:59:11+00:00,51d4b471-a095-1aa0-e100-80009459e03a,JET,JET BERLIN BRUNSBUETTELER DAMM 87-89,BERLIN,52.53379,13.18503,1.7,2.129,2.069,2.199,False
2026-10-10T20:59:11+00:00,d590310c-e209-46b2-bfe7-dacc6148e1f1,TotalEnergies,TotalEnergies Berlin,Berlin,52.55424,13.207408,2,2.139,2.079,2.209,False
2026-10-10T20:59:11+00:00,5d8c8a4c-bce7-4d28-ae12-0d61a971c5cc,Shell,Shell Berlin Streitstr. 19,Berlin,52.558899,13.208409,2.3,2.139,2.079,2.219,True
2026-10-10T20:59:11+00:00,057827cd-6583-4a3a-a461-f8546073fd02,SUN,Sun Klosterstr.,Berlin,52.52943,13.19517,2.4,2.129,2.069,2.199,True
2026-10-10T20:59:11+00:00,905d4775-754e-4b38-baca-89c98fad1d1a,Sprint,Sprint Berlin Ruhlebener Str.,Berlin,52.529285,13.20718,2.9,2.129,2.069,2.199,False
2026-10-10T21:00:41+00:00,cebbe420-bcf3-4db8-9099-c52b783e2158,ESSO,Esso Tankstelle,BERLIN,52.549044,13.17897,0,2.149,2.089,2.209,True
2026-10-10T21:00:41+00:00,7347dd32-bfa1-470a-a6ee-2a2c95ad9af5,ARAL,Aral Tankstelle,Berlin,52.542747,13.199304,1.5,2.159,2.099,2.249,True
2026-10-10T21:00:41+00:00,9f07b69b-4b15-4852-9c60-5d293c6cadc5,Sprint,Sprint Berlin Seegefelder Str.,Berlin,52.536163,13.191189,1.6,2.129,2.069,2.199,False
2026-10-10T21:00:41+00:00,005056ba-7cb6-1ed2-bceb-641db1c24d1d,STAR,star Tankstelle,Berlin,52.534388,13.184014,1.7,2.129,2.069,2.199,True
2026-10-10T21:00:41+00:00,51d4b471-a095-1aa0-e100-80009459e03a,JET,JET BERLIN BRUNSBUETTELER DAMM 87-89,BERLIN,52.53379,13.18503,1.7,2.129,2.069,2.199,False
2026-10-10T21:00:41+00:00,d590310c-e209-46b2-bfe7-dacc6148e1f1,TotalEnergies,TotalEnergies Berlin,Berlin,52.55424,13.207408,2,2.139,2.079,2.209,False
2026-10-10T21:00:41+00:00,5d8c8a4c-bce7-4d28-ae12-0d61a971c5cc,Shell,Shell Berlin Streitstr. 19,Berlin,52.558899,13.208409,2.3,2.139,2.079,2.219,True
2026-10-10T21:00:41+00:00,057827cd-6583-4a3a-a461-f8546073fd02,SUN,Sun Klosterstr.,Berlin,52.52943,13.19517,2.4,2.129,2.069,2.199,True
2026-10-10T21:00:41+00:00,905d4775-754e-4b38-baca-89c98fad1d1a,Sprint,Sprint Berlin Ruhlebener Str.,Berlin,52.529285,13.20718,2.9,2.129,2.069,2.199,False
2026-10-10T21:02:12+00:00,cebbe420-bcf3-4db8-9099-c52b783e2158,ESSO,Esso Tankstelle,BERLIN,52.549044,13.17897,0,2.149,2.089,2.209,True
2026-10-10T21:02:12+00:00,7347dd32-bfa1-470a-a6ee-2a2c95ad9af5,ARAL,Aral Tankstelle,Berlin,52.542747,13.199304,1.5,2.159,2.099,2.249,True
2026-10-10T21:02:12+00:00,9f07b69b-4b15-4852-9c60-5d293c6cadc5,Sprint,Sprint Berlin Seegefelder Str.,Berlin,52.536163,13.191189,1.6,2.129,2.069,2.199,False
2026-10-10T21:02:12+00:00,005056ba-7cb6-1ed2-bceb-641db1c24d1d,STAR,star Tankstelle,Berlin,52.534388,13.184014,1.7,2.129,2.069,2.199,True
2026-10-10T21:02:12+00:00,51d4b471-a095-1aa0-e100-80009459e03a,JET,JET BERLIN BRUNSBUETTELER DAMM 87-89,BERLIN,52.53379,13.18503,1.7,2.129,2.069,2.199,False
2026-10-10T21:02:12+00:00,d590310c-e209-46b2-bfe7-dacc6148e1f1,TotalEnergies,TotalEnergies Berlin,Berlin,52.55424,13.207408,2,2.139,2.079,2.209,False
2026-10-10T21:02:12+00:00,5d8c8a4c-bce7-4d28-ae12-0d61a971c5cc,Shell,Shell Berlin Streitstr. 19,Berlin,52.558899,13.208409,2.3,2.139,2.079,2.219,True
2026-10-10T21:02:12+00:00,057827cd-6583-4a3a-a461-f8546073fd02,SUN,Sun Klosterstr.,Berlin,52.52943,13.19517,2.4,2.129,2.069,2.199,True
2026-10-10T21:02:12+00:00,905d4775-754e-4b38-baca-89c98fad1d1a,Sprint,Sprint Berlin Ruhlebener Str.,Berlin,52.529285,13.20718,2.9,2.129,2.069,2.199,False
2026-10-10T21:03:43+00:00,cebbe420-bcf3-4db8-9099-c52b783e2158,ESSO,Esso Tankstelle,BERLIN,52.549044,13.17897,0,2.149,2.089,2.209,True
2026-10-10T21:03:43+00:00,7347dd32-bfa1-470a-a6ee-2a2c95ad9af5,ARAL,Aral Tankstelle,Berlin,52.542747,13.199304,1.5,2.159,2.099,2.249,True
2026-10-10T21:03:43+00:00,9f07b69b-4b15-4852-9c60-5d293c6cadc5,Sprint,Sprint Berlin Seegefelder Str.,Berlin,52.536163,13.191189,1.6,2.129,2.069,2.199,False
2026-10-10T21:03:43+00:00,005056ba-7cb6-1ed2-bceb-641db1c24d1d,STAR,star Tankstelle,Berlin,52.534388,13.184014,1.7,2.129,2.069,2.199,True
2026-10-10T21:03:43+00:00,51d4b471-a095-1aa0-e100-80009459e03a,JET,JET BERLIN BRUNSBUETTELER DAMM 87-89,BERLIN,52.53379,13.18503,1.7,2.129,2.069,2.199,False
2026-10-10T21:03:43+00:00,d590310c-e209-46b2-bfe7-dacc6148e1f1,TotalEnergies,TotalEnergies Berlin,Berlin,52.55424,13.207408,2,2.139,2.079,2.209,False
2026-10-10T21:03:43+00:00,5d8c8a4c-bce7-4d28-ae12-0d61a971c5cc,Shell,Shell Berlin Streitstr. 19,Berlin,52.558899,13.208409,2.3,2.139,2.079,2.219,True
2026-10-10T21:03:43+00:00,057827cd-6583-4a3a-a461-f8546073fd02,SUN,Sun Klosterstr.,Berlin,52.52943,13.19517,2.4,2.129,2.069,2.199,True
2026-10-10T21:03:43+00:00,905d4775-754e-4b38-baca-89c98fad1d1a,Sprint,Sprint Berlin Ruhlebener Str.,Berlin,52.529285,13.20718,2.9,2.129,2.069,2.199,False
2026-10-10T21:05:13+00:00,cebbe420-bcf3-4db8-9099-c52b783e2158,ESSO,Esso Tankstelle,BERLIN,52.549044,13.17897,0,2.149,2.089,2.209,True
2026-10-10T21:05:13+00:00,7347dd32-bfa1-470a-a6ee-2a2c95ad9af5,ARAL,Aral Tankstelle,Berlin,52.542747,13.199304,1.5,2.159,2.099,2.249,True
2026-10-10T21:05:13+00:00,9f07b69b-4b15-4852-9c60-5d293c6cadc5,Sprint,Sprint Berlin Seegefelder Str.,Berlin,52.536163,13.191189,1.6,2.129,2.069,2.199,False
2026-10-10T21:05:13+00:00,005056ba-7cb6-1ed2-bceb-641db1c24d1d,STAR,star Tankstelle,Berlin,52.534388,13.184014,1.7,2.129,2.069,2.199,True
2026-10-10T21:05:13+00:00,51d4b471-a095-1aa0-e100-80009459e03a,JET,JET BERLIN BRUNSBUETTELER DAMM 87-89,BERLIN,52.53379,13.18503,1.7,2.129,2.069,2.199,False
2026-10-10T21:05:13+00:00,d590310c-e209-46b2-bfe7-dacc6148e1f1,TotalEnergies,TotalEnergies Berlin,Berlin,52.55424,13.207408,2,2.139,2.079,2.209,False
2026-10-10T21:05:13+00:00,5d8c8a4c-bce7-4d28-ae12-0d61a971c5cc,Shell,Shell Berlin Streitstr. 19,Berlin,52.558899,13.208409,2.3,2.139,2.079,2.219,True
2026-10-10T21:05:13+00:00,057827cd-6583-4a3a-a461-f8546073fd02,SUN,Sun Klosterstr.,Berlin,52.52943,13.19517,2.4,2.129,2.069,2.199,True
2026-10-10T21:05:13+00:00,905d4775-754e-4b38-baca-89c98fad1d1a,Sprint,Sprint Berlin Ruhlebener Str.,Berlin,52.529285,13.20718,2.9,2.129,2.069,2.199,False
2026-10-10T21:06:44+00:00,cebbe420-bcf3-4db8-9099-c52b783e2158,ESSO,Esso Tankstelle,BERLIN,52.549044,13.17897,0,2.149,2.089,2.209,True
2026-10-10T21:06:44+00:00,7347dd32-bfa1-470a-a6ee-2a2c95ad9af5,ARAL,Aral Tankstelle,Berlin,52.542747,13.199304,1.5,2.159,2.099,2.249,True
2026-10-10T21:06:44+00:00,9f07b69b-4b15-4852-9c60-5d293c6cadc5,Sprint,Sprint Berlin Seegefelder Str.,Berlin,52.536163,13.191189,1.6,2.129,2.069,2.199,False
2026-10-10T21:06:44+00:00,005056ba-7cb6-1ed2-bceb-641db1c24d1d,STAR,star Tankstelle,Berlin,52.534388,13.184014,1.7,2.129,2.069,2.199,True
2026-10-10T21:06:44+00:00,51d4b471-a095-1aa0-e100-80009459e03a,JET,JET BERLIN BRUNSBUETTELER DAMM 87-89,BERLIN,52.53379,13.18503,1.7,2.129,2.069,2.199,False
2026-10-10T21:06:44+00:00,d590310c-e209-46b2-bfe7-dacc6148e1f1,TotalEnergies,TotalEnergies Berlin,Berlin,52.55424,13.207408,2,2.139,2.079,2.209,False
2026-10-10T21:06:44+00:00,5d8c8a4c-bce7-4d28-ae12-0d61a971c5cc,Shell,Shell Berlin Streitstr. 19,Berlin,52.558899,13.208409,2.3,2.139,2.079,2.219,True
2026-10-10T21:06:44+00:00,057827cd-6583-4a3a-a461-f8546073fd02,SUN,Sun Klosterstr.,Berlin,52.52943,13.19517,2.4,2.129,2.069,2.199,True
2026-10-10T21:06:44+00:00,905d4775-754e-4b38-baca-89c98fad1d1a,Sprint,Sprint Berlin Ruhlebener Str.,Berlin,52.529285,13.20718,2.9,2.129,2.069,2.199,False
2026-10-10T21:08:15+00:00,cebbe420-bcf3-4db8-9099-c52b783e2158,ESSO,Esso Tankstelle,BERLIN,52.549044,13.17897,0,2.149,2.089,2.209,True
2026-10-10T21:08:15+00:00,7347dd32-bfa1-470a-a6ee-2a2c95ad9af5,ARAL,Aral Tankstelle,Berlin,52.542747,13.199304,1.5,2.159,2.099,2.249,True
2026-10-10T21:08:15+00:00,9f07b69b-4b15-4852-9c60-5d293c6cadc5,Sprint,Sprint Berlin Seegefelder Str.,Berlin,52.536163,13.191189,1.6,2.129,2.069,2.199,False
2026-10-10T21:08:15+00:00,005056ba-7cb6-1ed2-bceb-641db1c24d1d,STAR,star Tankstelle,Berlin,52.534388,13.184014,1.7,2.129,2.069,2.199,True
2026-10-10T21:08:15+00:00,51d4b471-a095-1aa0-e100-80009459e03a,JET,JET BERLIN BRUNSBUETTELER DAMM 87-89,BERLIN,52.53379,13.18503,1.7,2.129,2.069,2.199,False
2026-10-10T21:08:15+00:00,d590310c-e209-46b2-bfe7-dacc6148e1f1,TotalEnergies,TotalEnergies Berlin,Berlin,52.55424,13.207408,2,2.139,2.079,2.209,False
2026-10-10T21:08:15+00:00,5d8c8a4c-bce7-4d28-ae12-0d61a971c5cc,Shell,Shell Berlin Streitstr. 19,Berlin,52.558899,13.208409,2.3,2.139,2.079,2.219,True
2026-10-10T21:08:15+00:00,057827cd-6583-4a3a-a461-f8546073fd02,SUN,Sun Klosterstr.,Berlin,52.52943,13.19517,2.4,2.129,2.069,2.199,True
2026-10-10T21:08:15+00:00,905d4775-754e-4b38-baca-89c98fad1d1a,Sprint,Sprint Berlin Ruhlebener Str.,Berlin,52.529285,13.20718,2.9,2.129,2.069,2.199,False
2026-10-10T21:09:45+00:00,cebbe420-bcf3-4db8-9099-c52b783e2158,ESSO,Esso Tankstelle,BERLIN,52.549044,13.17897,0,2.149,2.089,2.209,True
2026-10-10T21:09:45+00:00,7347dd32-bfa1-470a-a6ee-2a2c95ad9af5,ARAL,Aral Tankstelle,Berlin,52.542747,13.199304,1.5,2.159,2.099,2.249,True
2026-10-10T21:09:45+00:00,9f07b69b-4b15-4852-9c60-5d293c6cadc5,Sprint,Sprint Berlin Seegefelder Str.,Berlin,52.536163,13.191189,1.6,2.129,2.069,2.199,False
2026-10-10T21:09:45+00:00,005056ba-7cb6-1ed2-bceb-641db1c24d1d,STAR,star Tankstelle,Berlin,52.534388,13.184014,1.7,2.129,2.069,2.199,True
2026-10-10T21:09:45+00:00,51d4b471-a095-1aa0-e100-80009459e03a,JET,JET BERLIN BRUNSBUETTELER DAMM 87-89,BERLIN,52.53379,13.18503,1.7,2.129,2.069,2.199,False
2026-10-10T21:09:45+00:00,d590310c-e209-46b2-bfe7-dacc6148e1f1,TotalEnergies,TotalEnergies Berlin,Berlin,52.55424,13.207408,2,2.139,2.079,2.209,False
2026-10-10T21:09:45+00:00,5d8c8a4c-bce7-4d28-ae12-0d61a971c5cc,Shell,Shell Berlin Streitstr. 19,Berlin,52.558899,13.208409,2.3,2.139,2.079,2.219,True
2026-10-10T21:09:45+00:00,057827cd-6583-4a3a-a461-f8546073fd02,SUN,Sun Klosterstr.,Berlin,52.52943,13.19517,2.4,2.129,2.069,2.199,True
2026-10-10T21:09:45+00:00,905d4775-754e-4b38-baca-89c98fad1d1a,Sprint,Sprint Berlin Ruhlebener Str.,Berlin,52.529285,13.20718,2.9,2.129,2.069,2.199,False
2026-10-10T21:11:16+00:00,cebbe420-bcf3-4db8-9099-c52b783e2158,ESSO,Esso Tankstelle,BERLIN,52.549044,13.17897,0,2.149,2.089,2.209,True
2026-10-10T21:11:16+00:00,7347dd32-bfa1-470a-a6ee-2a2c95ad9af5,ARAL,Aral Tankstelle,Berlin,52.542747,13.199304,1.5,2.159,2.099,2.249,True
2026-10-10T21:11:16+00:00,9f07b69b-4b15-4852-9c60-5d293c6cadc5,Sprint,Sprint Berlin Seegefelder Str.,Berlin,52.536163,13.191189,1.6,2.129,2.069,2.199,False
2026-10-10T21:11:16+00:00,005056ba-7cb6-1ed2-bceb-641db1c24d1d,STAR,star Tankstelle,Berlin,52.534388,13.184014,1.7,2.129,2.069,2.199,True
2026-10-10T21:11:16+00:00,51d4b471-a095-1aa0-e100-80009459e03a,JET,JET BERLIN BRUNSBUETTELER DAMM 87-89,BERLIN,52.53379,13.18503,1.7,2.129,2.069,2.199,False
2026-10-10T21:11:16+00:00,d590310c-e209-46b2-bfe7-dacc6148e1f1,TotalEnergies,TotalEnergies Berlin,Berlin,52.55424,13.207408,2,2.139,2.079,2.209,False
2026-10-10T21:11:16+00:00,5d8c8a4c-bce7-4d28-ae12-0d61a971c5cc,Shell,Shell Berlin Streitstr. 19,Berlin,52.558899,13.208409,2.3,2.139,2.079,2.219,True
2026-10-10T21:11:16+00:00,057827cd-6583-4a3a-a461-f8546073fd02,SUN,Sun Klosterstr.,Berlin,52.52943,13.19517,2.4,2.129,2.069,2.199,True
2026-10-10T21:11:16+00:00,905d4775-754e-4b38-baca-89c98fad1d1a,Sprint,Sprint Berlin Ruhlebener Str.,Berlin,52.529285,13.20718,2.9,2.129,2.069,2.199,False
2026-10-10T21:12:47+00:00,cebbe420-bcf3-4db8-9099-c52b783e2158,ESSO,Esso Tankstelle,BERLIN,52.549044,13.17897,0,2.149,2.089,2.209,True
2026-10-10T21:12:47+00:00,7347dd32-bfa1-470a-a6ee-2a2c95ad9af5,ARAL,Aral Tankstelle,Berlin,52.542747,13.199304,1.5,2.159,2.099,2.249,True
2026-10-10T21:12:47+00:00,9f07b69b-4b15-4852-9c60-5d293c6cadc5,Sprint,Sprint Berlin Seegefelder Str.,Berlin,52.536163,13.191189,1.6,2.129,2.069,2.199,False
2026-10-10T21:12:47+00:00,005056ba-7cb6-1ed2-bceb-641db1c24d1d,STAR,star Tankstelle,Berlin,52.534388,13.184014,1.7,2.129,2.069,2.199,True
2026-10-10T21:12:47+00:00,51d4b471-a095-1aa0-e100-80009459e03a,JET,JET BERLIN BRUNSBUETTELER DAMM 87-89,BERLIN,52.53379,13.18503,1.7,2.129,2.069,2.199,False
2026-10-10T21:12:47+00:00,d590310c-e209-46b2-bfe7-dacc6148e1f1,TotalEnergies,TotalEnergies Berlin,Berlin,52.55424,13.207408,2,2.139,2.079,2.209,False
2026-10-10T21:12:47+00:00,5d8c8a4c-bce7-4d28-ae12-0d61a971c5cc,Shell,Shell Berlin Streitstr. 19,Berlin,52.558899,13.208409,2.3,2.139,2.079,2.219,True
2026-10-10T21:12:47+00:00,057827cd-6583-4a3a-a461-f8546073fd02,SUN,Sun Klosterstr.,Berlin,52.52943,13.19517,2.4,2.129,2.069,2.199,True
2026-10-10T21:12:47+00:00,905d4775-754e-4b38-baca-89c98fad1d1a,Sprint,Sprint Berlin Ruhlebener Str.,Berlin,52.529285,13.20718,2.9,2.129,2.069,2.199,False
2026-10-10T21:14:17+00:00,cebbe420-bcf3-4db8-9099-c52b783e2158,ESSO,Esso Tankstelle,BERLIN,52.549044,13.17897,0,2.149,2.089,2.209,True
2026-10-10T21:14:17+00:00,7347dd32-bfa1-470a-a6ee-2a2c95ad9af5,ARAL,Aral Tankstelle,Berlin,52.542747,13.199304,1.5,2.159,2.099,2.249,True
2026-10-10T21:14:17+00:00,9f07b69b-4b15-4852-9c60-5d293c6cadc5,Sprint,Sprint Berlin Seegefelder Str.,Berlin,52.536163,13.191189,1.6,2.129,2.069,2.199,False
2026-10-10T21:14:17+00:00,005056ba-7cb6-1ed2-bceb-641db1c24d1d,STAR,star Tankstelle,Berlin,52.534388,13.184014,1.7,2.129,2.069,2.199,True
2026-10-10T21:14:17+00:00,51d4b471-a095-1aa0-e100-80009459e03a,JET,JET BERLIN BRUNSBUETTELER DAMM 87-89,BERLIN,52.53379,13.18503,1.7,2.129,2.069,2.199,False
2026-10-10T21:14:17+00:00,d590310c-e209-46b2-bfe7-dacc6148e1f1,TotalEnergies,TotalEnergies Berlin,Berlin,52.55424,13.207408,2,2.139,2.079,2.209,False
2026-10-10T21:14:17+00:00,5d8c8a4c-bce7-4d28-ae12-0d61a971c5cc,Shell,Shell Berlin Streitstr. 19,Berlin,52.558899,13.208409,2.3,2.139,2.079,2.219,True
2026-10-10T21:14:17+00:00,057827cd-6583-4a3a-a461-f8546073fd02,SUN,Sun Klosterstr.,Berlin,52.52943,13.19517,2.4,2.129,2.069,2.199,True
2026-10-10T21:14:17+00:00,905d4775-754e-4b38-baca-89c98fad1d1a,Sprint,Sprint Berlin Ruhlebener Str.,Berlin,52.529285,13.20718,2.9,2.129,2.069,2.199,False
2026-10-10T21:15:48+00:00,cebbe420-bcf3-4db8-9099-c52b783e2158,ESSO,Esso Tankstelle,BERLIN,52.549044,13.17897,0,2.149,2.089,2.209,True
2026-10-10T21:15:48+00:00,7347dd32-bfa1-470a-a6ee-2a2c95ad9af5,ARAL,Aral Tankstelle,Berlin,52.542747,13.199304,1.5,2.159,2.099,2.249,True
2026-10-10T21:15:48+00:00,9f07b69b-4b15-4852-9c60-5d293c6cadc5,Sprint,Sprint Berlin Seegefelder Str.,Berlin,52.536163,13.191189,1.6,2.129,2.069,2.199,False
2026-10-10T21:15:48+00:00,005056ba-7cb6-1ed2-bceb-641db1c24d1d,STAR,star Tankstelle,Berlin,52.534388,13.184014,1.7,2.129,2.069,2.199,True
2026-10-10T21:15:48+00:00,51d4b471-a095-1aa0-e100-80009459e03a,JET,JET BERLIN BRUNSBUETTELER DAMM 87-89,BERLIN,52.53379,13.18503,1.7,2.129,2.069,2.199,False
2026-10-10T21:15:48+00:00,d590310c-e209-46b2-bfe7-dacc6148e1f1,TotalEnergies,TotalEnergies Berlin,Berlin,52.55424,13.207408,2,2.139,2.079,2.209,False
2026-10-10T21:15:48+00:00,5d8c8a4c-bce7-4d28-ae12-0d61a971c5cc,Shell,Shell Berlin Streitstr. 19,Berlin,52.558899,13.208409,2.3,2.139,2.079,2.219,True
2026-10-10T21:15:48+00:00,057827cd-6583-4a3a-a461-f8546073fd02,SUN,Sun Klosterstr.,Berlin,52.52943,13.19517,2.4,2.129,2.069,2.199,True
2026-10-10T21:15:48+00:00,905d4775-754e-4b38-baca-89c98fad1d1a,Sprint,Sprint Berlin Ruhlebener Str.,Berlin,52.529285,13.20718,2.9,2.129,2.069,2.199,False
2026-10-10T21:17:19+00:00,cebbe420-bcf3-4db8-9099-c52b783e2158,ESSO,Esso Tankstelle,BERLIN,52.549044,13.17897,0,2.149,2.089,2.209,True
2026-10-10T21:17:19+00:00,7347dd32-bfa1-470a-a6ee-2a2c95ad9af5,ARAL,Aral Tankstelle,Berlin,52.542747,13.199304,1.5,2.159,2.099,2.249,True
2026-10-10T21:17:19+00:00,9f07b69b-4b15-4852-9c60-5d293c6cadc5,Sprint,Sprint Berlin Seegefelder Str.,Berlin,52.536163,13.191189,1.6,2.129,2.069,2.199,False
2026-10-10T21:17:19+00:00,005056ba-7cb6-1ed2-bceb-641db1c24d1d,STAR,star Tankstelle,Berlin,52.534388,13.184014,1.7,2.129,2.069,2.199,True
2026-10-10T21:17:19+00:00,51d4b471-a095-1aa0-e100-80009459e03a,JET,JET BERLIN BRUNSBUETTELER DAMM 87-89,BERLIN,52.53379,13.18503,1.7,2.129,2.069,2.199,False
2026-10-10T21:17:19+00:00,d590310c-e209-46b2-bfe7-dacc6148e1f1,TotalEnergies,TotalEnergies Berlin,Berlin,52.55424,13.207408,2,2.139,2.079,2.209,False
2026-10-10T21:17:19+00:00,5d8c8a4c-bce7-4d28-ae12-0d61a971c5cc,Shell,Shell Berlin Streitstr. 19,Berlin,52.558899,13.208409,2.3,2.139,2.079,2.219,True
2026-10-10T21:17:19+00:00,057827cd-6583-4a3a-a461-f8546073fd02,SUN,Sun Klosterstr.,Berlin,52.52943,13.19517,2.4,2.129,2.069,2.199,True
2026-10-10T21:17:19+00:00,905d4775-754e-4b38-baca-89c98fad1d1a,Sprint,Sprint Berlin Ruhlebener Str.,Berlin,52.529285,13.20718,2.9,2.129,2.069,2.199,False
2026-10-10T21:18:50+00:00,cebbe420-bcf3-4db8-9099-c52b783e2158,ESSO,Esso Tankstelle,BERLIN,52.549044,13.17897,0,2.149,2.089,2.209,True
2026-10-10T21:18:50+00:00,7347dd32-bfa1-470a-a6ee-2a2c95ad9af5,ARAL,Aral Tankstelle,Berlin,52.542747,13.199304,1.5,2.159,2.099,2.249,True
2026-10-10T21:18:50+00:00,9f07b69b-4b15-4852-9c60-5d293c6cadc5,Sprint,Sprint Berlin Seegefelder Str.,Berlin,52.536163,13.191189,1.6,2.129,2.069,2.199,False
2026-10-10T21:18:50+00:00,005056ba-7cb6-1ed2-bceb-641db1c24d1d,STAR,star Tankstelle,Berlin,52.534388,13.184014,1.7,2.129,2.069,2.199,True
2026-10-10T21:18:50+00:00,51d4b471-a095-1aa0-e100-80009459e03a,JET,JET BERLIN BRUNSBUETTELER DAMM 87-89,BERLIN,52.53379,13.18503,1.7,2.129,2.069,2.199,False
2026-10-10T21:18:50+00:00,d590310c-e209-46b2-bfe7-dacc6148e1f1,TotalEnergies,TotalEnergies Berlin,Berlin,52.55424,13.207408,2,2.139,2.079,2.209,False
2026-10-10T21:18:50+00:00,5d8c8a4c-bce7-4d28-ae12-0d61a971c5cc,Shell,Shell Berlin Streitstr. 19,Berlin,52.558899,13.208409,2.3,2.139,2.079,2.219,True
2026-10-10T21:18:50+00:00,057827cd-6583-4a3a-a461-f8546073fd02,SUN,Sun Klosterstr.,Berlin,52.52943,13.19517,2.4,2.129,2.069,2.199,True
2026-10-10T21:18:50+00:00,905d4775-754e-4b38-baca-89c98fad1d1a,Sprint,Sprint Berlin Ruhlebener Str.,Berlin,52.529285,13.20718,2.9,2.129,2.069,2.199,False
2026-10-10T21:20:20+00:00,cebbe420-bcf3-4db8-9099-c52b783e2158,ESSO,Esso Tankstelle,BERLIN,52.549044,13.17897,0,2.149,2.089,2.209,True
2026-10-10T21:20:20+00:00,7347dd32-bfa1-470a-a6ee-2a2c95ad9af5,ARAL,Aral Tankstelle,Berlin,52.542747,13.199304,1.5,2.159,2.099,2.249,True
2026-10-10T21:20:20+00:00,9f07b69b-4b15-4852-9c60-5d293c6cadc5,Sprint,Sprint Berlin Seegefelder Str.,Berlin,52.536163,13.191189,1.6,2.129,2.069,2.199,False
2026-10-10T21:20:20+00:00,005056ba-7cb6-1ed2-bceb-641db1c24d1d,STAR,star Tankstelle,Berlin,52.534388,13.184014,1.7,2.129,2.069,2.199,True
2026-10-10T21:20:20+00:00,51d4b471-a095-1aa0-e100-80009459e03a,JET,JET BERLIN BRUNSBUETTELER DAMM 87-89,BERLIN,52.53379,13.18503,1.7,2.129,2.069,2.199,False
2026-10-10T21:20:20+00:00,d590310c-e209-46b2-bfe7-dacc6148e1f1,TotalEnergies,TotalEnergies Berlin,Berlin,52.55424,13.207408,2,2.139,2.079,2.209,False
2026-10-10T21:20:20+00:00,5d8c8a4c-bce7-4d28-ae12-0d61a971c5cc,Shell,Shell Berlin Streitstr. 19,Berlin,52.558899,13.208409,2.3,2.139,2.079,2.219,True
2026-10-10T21:20:20+00:00,057827cd-6583-4a3a-a461-f8546073fd02,SUN,Sun Klosterstr.,Berlin,52.52943,13.19517,2.4,2.129,2.069,2.199,True
2026-10-10T21:20:20+00:00,905d4775-754e-4b38-baca-89c98fad1d1a,Sprint,Sprint Berlin Ruhlebener Str.,Berlin,52.529285,13.20718,2.9,2.129,2.069,2.199,False
2026-10-10T21:21:51+00:00,cebbe420-bcf3-4db8-9099-c52b783e2158,ESSO,Esso Tankstelle,BERLIN,52.549044,13.17897,0,2.149,2.089,2.209,True
2026-10-10T21:21:51+00:00,7347dd32-bfa1-470a-a6ee-2a2c95ad9af5,ARAL,Aral Tankstelle,Berlin,52.542747,13.199304,1.5,2.159,2.099,2.249,True
2026-10-10T21:21:51+00:00,9f07b69b-4b15-4852-9c60-5d293c6cadc5,Sprint,Sprint Berlin Seegefelder Str.,Berlin,52.536163,13.191189,1.6,2.129,2.069,2.199,False
2026-10-10T21:21:51+00:00,005056ba-7cb6-1ed2-bceb-641db1c24d1d,STAR,star Tankstelle,Berlin,52.534388,13.184014,1.7,2.129,2.069,2.199,True
2026-10-10T21:21:51+00:00,51d4b471-a095-1aa0-e100-80009459e03a,JET,JET BERLIN BRUNSBUETTELER DAMM 87-89,BERLIN,52.53379,13.18503,1.7,2.129,2.069,2.199,False
2026-10-10T21:21:51+00:00,d590310c-e209-46b2-bfe7-dacc6148e1f1,TotalEnergies,TotalEnergies Berlin,Berlin,52.55424,13.207408,2,2.139,2.079,2.209,False
2026-10-10T21:21:51+00:00,5d8c8a4c-bce7-4d28-ae12-0d61a971c5cc,Shell,Shell Berlin Streitstr. 19,Berlin,52.558899,13.208409,2.3,2.139,2.079,2.219,True
2026-10-10T21:21:51+00:00,057827cd-6583-4a3a-a461-f8546073fd02,SUN,Sun Klosterstr.,Berlin,52.52943,13.19517,2.4,2.129,2.069,2.199,True
2026-10-10T21:21:51+00:00,905d4775-754e-4b38-baca-89c98fad1d1a,Sprint,Sprint Berlin Ruhlebener Str.,Berlin,52.529285,13.20718,2.9,2.129,2.069,2.199,False
2026-10-10T21:23:22+00:00,cebbe420-bcf3-4db8-9099-c52b783e2158,ESSO,Esso Tankstelle,BERLIN,52.549044,13.17897,0,2.149,2.089,2.209,True
2026-10-10T21:23:22+00:00,7347dd32-bfa1-470a-a6ee-2a2c95ad9af5,ARAL,Aral Tankstelle,Berlin,52.542747,13.199304,1.5,2.159,2.099,2.249,True
2026-10-10T21:23:22+00:00,9f07b69b-4b15-4852-9c60-5d293c6cadc5,Sprint,Sprint Berlin Seegefelder Str.,Berlin,52.536163,13.191189,1.6,2.129,2.069,2.199,False
2026-10-10T21:23:22+00:00,005056ba-7cb6-1ed2-bceb-641db1c24d1d,STAR,star Tankstelle,Berlin,52.534388,13.184014,1.7,2.129,2.069,2.199,True
2026-10-10T21:23:22+00:00,51d4b471-a095-1aa0-e100-80009459e03a,JET,JET BERLIN BRUNSBUETTELER DAMM 87-89,BERLIN,52.53379,13.18503,1.7,2.129,2.069,2.199,False
2026-10-10T21:23:22+00:00,d590310c-e209-46b2-bfe7-dacc6148e1f1,TotalEnergies,TotalEnergies Berlin,Berlin,52.55424,13.207408,2,2.139,2.079,2.209,False
2026-10-10T21:23:22+00:00,5d8c8a4c-bce7-4d28-ae12-0d61a971c5cc,Shell,Shell Berlin Streitstr. 19,Berlin,52.558899,13.208409,2.3,2.139,2.079,2.219,True
2026-10-10T21:23:22+00:00,057827cd-6583-4a3a-a461-f8546073fd02,SUN,Sun Klosterstr.,Berlin,52.52943,13.19517,2.4,2.129,2.069,2.199,True
2026-10-10T21:23:22+00:00,905d4775-754e-4b38-baca-89c98fad1d1a,Sprint,Sprint Berlin Ruhlebener Str.,Berlin,52.529285,13.20718,2.9,2.129,2.069,2.199,False
2026-10-10T21:24:52+00:00,cebbe420-bcf3-4db8-9099-c52b783e2158,ESSO,Esso Tankstelle,BERLIN,52.549044,13.17897,0,2.149,2.089,2.209,True
2026-10-10T21:24:52+00:00,7347dd32-bfa1-470a-a6ee-2a2c95ad9af5,ARAL,Aral Tankstelle,Berlin,52.542747,13.199304,1.5,2.159,2.099,2.249,True
2026-10-10T21:24:52+00:00,9f07b69b-4b15-4852-9c60-5d293c6cadc5,Sprint,Sprint Berlin Seegefelder Str.,Berlin,52.536163,13.191189,1.6,2.129,2.069,2.199,False
2026-10-10T21:24:52+00:00,005056ba-7cb6-1ed2-bceb-641db1c24d1d,STAR,star Tankstelle,Berlin,52.534388,13.184014,1.7,2.129,2.069,2.199,True
2026-10-10T21:24:52+00:00,51d4b471-a095-1aa0-e100-80009459e03a,JET,JET BERLIN BRUNSBUETTELER DAMM 87-89,BERLIN,52.53379,13.18503,1.7,2.129,2.069,2.199,False
2026-10-10T21:24:52+00:00,d590310c-e209-46b2-bfe7-dacc6148e1f1,TotalEnergies,TotalEnergies Berlin,Berlin,52.55424,13.207408,2,2.139,2.079,2.209,False
2026-10-10T21:24:52+00:00,5d8c8a4c-bce7-4d28-ae12-0d61a971c5cc,Shell,Shell Berlin Streitstr. 19,Berlin,52.558899,13.208409,2.3,2.139,2.079,2.219,True
2026-10-10T21:24:52+00:00,057827cd-6583-4a3a-a461-f8546073fd02,SUN,Sun Klosterstr.,Berlin,52.52943,13.19517,2.4,2.129,2.069,2.199,True
2026-10-10T21:24:52+00:00,905d4775-754e-4b38-baca-89c98fad1d1a,Sprint,Sprint Berlin Ruhlebener Str.,Berlin,52.529285,13.20718,2.9,2.129,2.069,2.199,False
2026-10-10T21:26:23+00:00,cebbe420-bcf3-4db8-9099-c52b783e2158,ESSO,Esso Tankstelle,BERLIN,52.549044,13.17897,0,2.149,2.089,2.209,True
2026-10-10T21:26:23+00:00,7347dd32-bfa1-470a-a6ee-2a2c95ad9af5,ARAL,Aral Tankstelle,Berlin,52.542747,13.199304,1.5,2.159,2.099,2.249,True
2026-10-10T21:26:23+00:00,9f07b69b-4b15-4852-9c60-5d293c6cadc5,Sprint,Sprint Berlin Seegefelder Str.,Berlin,52.536163,13.191189,1.6,2.129,2.069,2.199,False
2026-10-10T21:26:23+00:00,005056ba-7cb6-1ed2-bceb-641db1c24d1d,STAR,star Tankstelle,Berlin,52.534388,13.184014,1.7,2.129,2.069,2.199,True
2026-10-10T21:26:23+00:00,51d4b471-a095-1aa0-e100-80009459e03a,JET,JET BERLIN BRUNSBUETTELER DAMM 87-89,BERLIN,52.53379,13.18503,1.7,2.129,2.069,2.199,False
2026-10-10T21:26:23+00:00,d590310c-e209-46b2-bfe7-dacc6148e1f1,TotalEnergies,TotalEnergies Berlin,Berlin,52.55424,13.207408,2,2.139,2.079,2.209,False
2026-10-10T21:26:23+00:00,5d8c8a4c-bce7-4d28-ae12-0d61a971c5cc,Shell,Shell Berlin Streitstr. 19,Berlin,52.558899,13.208409,2.3,2.139,2.079,2.219,True
2026-10-10T21:26:23+00:00,057827cd-6583-4a3a-a461-f8546073fd02,SUN,Sun Klosterstr.,Berlin,52.52943,13.19517,2.4,2.129,2.069,2.199,True
2026-10-10T21:26:23+00:00,905d4775-754e-4b38-baca-89c98fad1d1a,Sprint,Sprint Berlin Ruhlebener Str.,Berlin,52.529285,13.20718,2.9,2.129,2.069,2.199,False
2026-10-10T21:27:54+00:00,cebbe420-bcf3-4db8-9099-c52b783e2158,ESSO,Esso Tankstelle,BERLIN,52.549044,13.17897,0,2.149,2.089,2.209,True
2026-10-10T21:27:54+00:00,7347dd32-bfa1-470a-a6ee-2a2c95ad9af5,ARAL,Aral Tankstelle,Berlin,52.542747,13.199304,1.5,2.159,2.099,2.249,True
2026-10-10T21:27:54+00:00,9f07b69b-4b15-4852-9c60-5d293c6cadc5,Sprint,Sprint Berlin Seegefelder Str.,Berlin,52.536163,13.191189,1.6,2.129,2.069,2.199,False
2026-10-10T21:27:54+00:00,005056ba-7cb6-1ed2-bceb-641db1c24d1d,STAR,star Tankstelle,Berlin,52.534388,13.184014,1.7,2.129,2.069,2.199,True
2026-10-10T21:27:54+00:00,51d4b471-a095-1aa0-e100-80009459e03a,JET,JET BERLIN BRUNSBUETTELER DAMM 87-89,BERLIN,52.53379,13.18503,1.7,2.129,2.069,2.199,False
2026-10-10T21:27:54+00:00,d590310c-e209-46b2-bfe7-dacc6148e1f1,TotalEnergies,TotalEnergies Berlin,Berlin,52.55424,13.207408,2,2.139,2.079,2.209,False
2026-10-10T21:27:54+00:00,5d8c8a4c-bce7-4d28-ae12-0d61a971c5cc,Shell,Shell Berlin Streitstr. 19,Berlin,52.558899,13.208409,2.3,2.139,2.079,2.219,True
2026-10-10T21:27:54+00:00,057827cd-6583-4a3a-a461-f8546073fd02,SUN,Sun Klosterstr.,Berlin,52.52943,13.19517,2.4,2.129,2.069,2.199,True
2026-10-10T21:27:54+00:00,905d4775-754e-4b38-baca-89c98fad1d1a,Sprint,Sprint Berlin Ruhlebener Str.,Berlin,52.529285,13.20718,2.9,2.129,2.069,2.199,False
2026-10-10T21:29:24+00:00,cebbe420-bcf3-4db8-9099-c52b783e2158,ESSO,Esso Tankstelle,BERLIN,52.549044,13.17897,0,2.149,2.089,2.209,True
2026-10-10T21:29:24+00:00,7347dd32-bfa1-470a-a6ee-2a2c95ad9af5,ARAL,Aral Tankstelle,Berlin,52.542747,13.199304,1.5,2.159,2.099,2.249,True
2026-10-10T21:29:24+00:00,9f07b69b-4b15-4852-9c60-5d293c6cadc5,Sprint,Sprint Berlin Seegefelder Str.,Berlin,52.536163,13.191189,1.6,2.129,2.069,2.199,False
2026-10-10T21:29:24+00:00,005056ba-7cb6-1ed2-bceb-641db1c24d1d,STAR,star Tankstelle,Berlin,52.534388,13.184014,1.7,2.129,2.069,2.199,True
2026-10-10T21:29:24+00:00,51d4b471-a095-1aa0-e100-80009459e03a,JET,JET BERLIN BRUNSBUETTELER DAMM 87-89,BERLIN,52.53379,13.18503,1.7,2.129,2.069,2.199,False
2026-10-10T21:29:24+00:00,d590310c-e209-46b2-bfe7-dacc6148e1f1,TotalEnergies,TotalEnergies Berlin,Berlin,52.55424,13.207408,2,2.139,2.079,2.209,False
2026-10-10T21:29:24+00:00,5d8c8a4c-bce7-4d28-ae12-0d61a971c5cc,Shell,Shell Berlin Streitstr. 19,Berlin,52.558899,13.208409,2.3,2.139,2.079,2.219,True
2026-10-10T21:29:24+00:00,057827cd-6583-4a3a-a461-f8546073fd02,SUN,Sun Klosterstr.,Berlin,52.52943,13.19517,2.4,2.129,2.069,2.199,True
2026-10-10T21:29:24+00:00,905d4775-754e-4b38-baca-89c98fad1d1a,Sprint,Sprint Berlin Ruhlebener Str.,Berlin,52.529285,13.20718,2.9,2.129,2.069,2.199,False
