ts,id,brand,name,place,lat,lng,dist,e5,e10,diesel,isOpen
2026-09-30T17:08:39+00:00,cebbe420-bcf3-4db8-9099-c52b783e2158,ESSO,Esso Tankstelle,BERLIN,52.549044,13.17897,0,2.319,2.259,2.429,True
2026-09-30T17:08:39+00:00,7347dd32-bfa1-470a-a6ee-2a2c95ad9af5,ARAL,Aral Tankstelle,Berlin,52.542747,13.199304,1.5,2.319,2.259,2.419,True
2026-09-30T17:08:39+00:00,9f07b69b-4b15-4852-9c60-5d293c6cadc5,Sprint,Sprint Berlin Seegefelder Str.,Berlin,52.536163,13.191189,1.6,2.299,2.239,2.409,True
2026-09-30T17:08:39+00:00,005056ba-7cb6-1ed2-bceb-641db1c24d1d,STAR,star Tankstelle,Berlin,52.534388,13.184014,1.7,2.299,2.239,2.409,True
2026-09-30T17:08:39+00:00,51d4b471-a095-1aa0-e100-80009459e03a,JET,JET BERLIN BRUNSBUETTELER DAMM 87-89,BERLIN,52.53379,13.18503,1.7,2.299,2.239,2.409,True
2026-09-30T17:08:39+00:00,d590310c-e209-46b2-bfe7-dacc6148e1f1,TotalEnergies,TotalEnergies Berlin,Berlin,52.55424,13.207408,2,2.329,2.269,2.429,True
2026-09-30T17:08:39+00:00,5d8c8a4c-bce7-4d28-ae12-0d61a971c5cc,Shell,Shell Berlin Streitstr. 19,Berlin,52.558899,13.208409,2.3,2.349,2.289,2.469,True
2026-09-30T17:08:39+00:00,057827cd-6583-4a3a-a461-f8546073fd02,SUN,Sun Klosterstr.,Berlin,52.52943,13.19517,2.4,2.299,2.239,2.409,True
2026-09-30T17:08:39+00:00,905d4775-754e-4b38-baca-89c98fad1d1a,Sprint,Sprint Berlin Ruhlebener Str.,Berlin,52.529285,13.20718,2.9,2.299,2.239,2.409,True
2026-09-30T17:10:10+00:00,cebbe420-bcf3-4db8-9099-c52b783e2158,ESSO,Esso Tankstelle,BERLIN,52.549044,13.17897,0,2.319,2.259,2.429,True
2026-09-30T17:10:10+00:00,7347dd32-bfa1-470a-a6ee-2a2c95ad9af5,ARAL,Aral Tankstelle,Berlin,52.542747,13.199304,1.5,2.319,2.259,2.419,True
2026-09-30T17:10:10+00:00,9f07b69b-4b15-4852-9c60-5d293c6cadc5,Sprint,Sprint Berlin Seegefelder Str.,Berlin,52.536163,13.191189,1.6,2.299,2.239,2.409,True
2026-09-30T17:10:10+00:00,005056ba-7cb6-1ed2-bceb-641db1c24d1d,STAR,star Tankstelle,Berlin,52.534388,13.184014,1.7,2.299,2.239,2.409,True
2026-09-30T17:10:10+00:00,51d4b471-a095-1aa0-e100-80009459e03a,JET,JET BERLIN BRUNSBUETTELER DAMM 87-89,BERLIN,52.53379,13.18503,1.7,2.299,2.239,2.409,True
2026-09-30T17:10:10+00:00,d590310c-e209-46b2-bfe7-dacc6148e1f1,TotalEnergies,TotalEnergies Berlin,Berlin,52.55424,13.207408,2,2.329,2.269,2.429,True
2026-09-30T17:10:10+00:00,5d8c8a4c-bce7-4d28-ae12-0d61a971c5cc,Shell,Shell Berlin Streitstr. 19,Berlin,52.558899,13.208409,2.3,2.349,2.289,2.469,True
2026-09-30T17:10:10+00:00,057827cd-6583-4a3a-a461-f8546073fd02,SUN,Sun Klosterstr.,Berlin,52.52943,13.19517,2.4,2.299,2.239,2.409,True
2026-09-30T17:10:10+00:00,905d4775-754e-4b38-baca-89c98fad1d1a,Sprint,Sprint Berlin Ruhlebener Str.,Berlin,52.529285,13.20718,2.9,2.299,2.239,2.409,True
2026-09-30T17:11:41+00:00,cebbe420-bcf3-4db8-9099-c52b783e2158,ESSO,Esso Tankstelle,BERLIN,52.549044,13.17897,0,2.319,2.259,2.429,True
2026-09-30T17:11:41+00:00,7347dd32-bfa1-470a-a6ee-2a2c95ad9af5,ARAL,Aral Tankstelle,Berlin,52.542747,13.199304,1.5,2.319,2.259,2.419,True
2026-09-30T17:11:41+00:00,9f07b69b-4b15-4852-9c60-5d293c6cadc5,Sprint,Sprint Berlin Seegefelder Str.,Berlin,52.536163,13.191189,1.6,2.299,2.239,2.409,True
2026-09-30T17:11:41+00:00,005056ba-7cb6-1ed2-bceb-641db1c24d1d,STAR,star Tankstelle,Berlin,52.534388,13.184014,1.7,2.299,2.239,2.409,True
2026-09-30T17:11:41+00:00,51d4b471-a095-1aa0-e100-80009459e03a,JET,JET BERLIN BRUNSBUETTELER DAMM 87-89,BERLIN,52.53379,13.18503,1.7,2.299,2.239,2.409,True
2026-09-30T17:11:41+00:00,d590310c-e209-46b2-bfe7-dacc6148e1f1,TotalEnergies,TotalEnergies Berlin,Berlin,52.55424,13.207408,2,2.329,2.269,2.429,True
2026-09-30T17:11:41+00:00,5d8c8a4c-bce7-4d28-ae12-0d61a971c5cc,Shell,Shell Berlin Streitstr. 19,Berlin,52.558899,13.208409,2.3,2.349,2.289,2.469,True
2026-09-30T17:11:41+00:00,057827cd-6583-4a3a-a461-f8546073fd02,SUN,Sun Klosterstr.,Berlin,52.52943,13.19517,2.4,2.299,2.239,2.409,True
2026-09-30T17:11:41+00:00,905d4775-754e-4b38-baca-89c98fad1d1a,Sprint,Sprint Berlin Ruhlebener Str.,Berlin,52.529285,13.20718,2.9,2.299,2.239,2.409,True
2026-09-30T17:13:13+00:00,cebbe420-bcf3-4db8-9099-c52b783e2158,ESSO,Esso Tankstelle,BERLIN,52.549044,13.17897,0,2.319,2.259,2.429,True
2026-09-30T17:13:13+00:00,7347dd32-bfa1-470a-a6ee-2a2c95ad9af5,ARAL,Aral Tankstelle,Berlin,52.542747,13.199304,1.5,2.319,2.259,2.419,True
2026-09-30T17:13:13+00:00,9f07b69b-4b15-4852-9c60-5d293c6cadc5,Sprint,Sprint Berlin Seegefelder Str.,Berlin,52.536163,13.191189,1.6,2.299,2.239,2.409,True
2026-09-30T17:13:13+00:00,005056ba-7cb6-1ed2-bceb-641db1c24d1d,STAR,star Tankstelle,Berlin,52.534388,13.184014,1.7,2.299,2.239,2.409,True
2026-09-30T17:13:13+00:00,51d4b471-a095-1aa0-e100-80009459e03a,JET,JET BERLIN BRUNSBUETTELER DAMM 87-89,BERLIN,52.53379,13.18503,1.7,2.299,2.239,2.409,True
2026-09-30T17:13:13+00:00,d590310c-e209-46b2-bfe7-dacc6148e1f1,TotalEnergies,TotalEnergies Berlin,Berlin,52.55424,13.207408,2,2.329,2.269,2.429,True
2026-09-30T17:13:13+00:00,5d8c8a4c-bce7-4d28-ae12-0d61a971c5cc,Shell,Shell Berlin Streitstr. 19,Berlin,52.558899,13.208409,2.3,2.349,2.289,2.469,True
2026-09-30T17:13:13+00:00,057827cd-6583-4a3a-a461-f8546073fd02,SUN,Sun Klosterstr.,Berlin,52.52943,13.19517,2.4,2.299,2.239,2.409,True
2026-09-30T17:13:13+00:00,905d4775-754e-4b38-baca-89c98fad1d1a,Sprint,Sprint Berlin Ruhlebener Str.,Berlin,52.529285,13.20718,2.9,2.299,2.239,2.409,True
2026-09-30T17:14:44+00:00,cebbe420-bcf3-4db8-9099-c52b783e2158,ESSO,Esso Tankstelle,BERLIN,52.549044,13.17897,0,2.319,2.259,2.429,True
2026-09-30T17:14:44+00:00,7347dd32-bfa1-470a-a6ee-2a2c95ad9af5,ARAL,Aral Tankstelle,Berlin,52.542747,13.199304,1.5,2.319,2.259,2.419,True
2026-09-30T17:14:44+00:00,9f07b69b-4b15-4852-9c60-5d293c6cadc5,Sprint,Sprint Berlin Seegefelder Str.,Berlin,52.536163,13.191189,1.6,2.299,2.239,2.409,True
2026-09-30T17:14:44+00:00,005056ba-7cb6-1ed2-bceb-641db1c24d1d,STAR,star Tankstelle,Berlin,52.534388,13.184014,1.7,2.299,2.239,2.409,True
2026-09-30T17:14:44+00:00,51d4b471-a095-1aa0-e100-80009459e03a,JET,JET BERLIN BRUNSBUETTELER DAMM 87-89,BERLIN,52.53379,13.18503,1.7,2.299,2.239,2.409,True
2026-09-30T17:14:44+00:00,d590310c-e209-46b2-bfe7-dacc6148e1f1,TotalEnergies,TotalEnergies Berlin,Berlin,52.55424,13.207408,2,2.329,2.269,2.429,True
2026-09-30T17:14:44+00:00,5d8c8a4c-bce7-4d28-ae12-0d61a971c5cc,Shell,Shell Berlin Streitstr. 19,Berlin,52.558899,13.208409,2.3,2.349,2.289,2.469,True
2026-09-30T17:14:44+00:00,057827cd-6583-4a3a-a461-f8546073fd02,SUN,Sun Klosterstr.,Berlin,52.52943,13.19517,2.4,2.299,2.239,2.409,True
2026-09-30T17:14:44+00:00,905d4775-754e-4b38-baca-89c98fad1d1a,Sprint,Sprint Berlin Ruhlebener Str.,Berlin,52.529285,13.20718,2.9,2.299,2.239,2.409,True
2026-09-30T17:16:15+00:00,cebbe420-bcf3-4db8-9099-c52b783e2158,ESSO,Esso Tankstelle,BERLIN,52.549044,13.17897,0,2.319,2.259,2.429,True
2026-09-30T17:16:15+00:00,7347dd32-bfa1-470a-a6ee-2a2c95ad9af5,ARAL,Aral Tankstelle,Berlin,52.542747,13.199304,1.5,2.319,2.259,2.419,True
2026-09-30T17:16:15+00:00,9f07b69b-4b15-4852-9c60-5d293c6cadc5,Sprint,Sprint Berlin Seegefelder Str.,Berlin,52.536163,13.191189,1.6,2.299,2.239,2.409,True
2026-09-30T17:16:15+00:00,005056ba-7cb6-1ed2-bceb-641db1c24d1d,STAR,star Tankstelle,Berlin,52.534388,13.184014,1.7,2.299,2.239,2.409,True
2026-09-30T17:16:15+00:00,51d4b471-a095-1aa0-e100-80009459e03a,JET,JET BERLIN BRUNSBUETTELER DAMM 87-89,BERLIN,52.53379,13.18503,1.7,2.299,2.239,2.409,True
2026-09-30T17:16:15+00:00,d590310c-e209-46b2-bfe7-dacc6148e1f1,TotalEnergies,TotalEnergies Berlin,Berlin,52.55424,13.207408,2,2.329,2.269,2.429,True
2026-09-30T17:16:15+00:00,5d8c8a4c-bce7-4d28-ae12-0d61a971c5cc,Shell,Shell Berlin Streitstr. 19,Berlin,52.558899,13.208409,2.3,2.349,2.289,2.469,True
2026-09-30T17:16:15+00:00,057827cd-6583-4a3a-a461-f8546073fd02,SUN,Sun Klosterstr.,Berlin,52.52943,13.19517,2.4,2.299,2.239,2.409,True
2026-09-30T17:16:15+00:00,905d4775-754e-4b38-baca-89c98fad1d1a,Sprint,Sprint Berlin Ruhlebener Str.,Berlin,52.529285,13.20718,2.9,2.299,2.239,2.409,True
2026-09-30T17:17:46+00:00,cebbe420-bcf3-4db8-9099-c52b783e2158,ESSO,Esso Tankstelle,BERLIN,52.549044,13.17897,0,2.319,2.259,2.419,True
2026-09-30T17:17:46+00:00,7347dd32-bfa1-470a-a6ee-2a2c95ad9af5,ARAL,Aral Tankstelle,Berlin,52.542747,13.199304,1.5,2.319,2.259,2.419,True
2026-09-30T17:17:46+00:00,9f07b69b-4b15-4852-9c60-5d293c6cadc5,Sprint,Sprint Berlin Seegefelder Str.,Berlin,52.536163,13.191189,1.6,2.299,2.239,2.409,True
2026-09-30T17:17:46+00:00,005056ba-7cb6-1ed2-bceb-641db1c24d1d,STAR,star Tankstelle,Berlin,52.534388,13.184014,1.7,2.299,2.239,2.409,True
2026-09-30T17:17:46+00:00,51d4b471-a095-1aa0-e100-80009459e03a,JET,JET BERLIN BRUNSBUETTELER DAMM 87-89,BERLIN,52.53379,13.18503,1.7,2.299,2.239,2.409,True
2026-09-30T17:17:46+00:00,d590310c-e209-46b2-bfe7-dacc6148e1f1,TotalEnergies,TotalEnergies Berlin,Berlin,52.55424,13.207408,2,2.329,2.269,2.429,True
2026-09-30T17:17:46+00:00,5d8c8a4c-bce7-4d28-ae12-0d61a971c5cc,Shell,Shell Berlin Streitstr. 19,Berlin,52.558899,13.208409,2.3,2.349,2.289,2.469,True
2026-09-30T17:17:46+00:00,057827cd-6583-4a3a-a461-f8546073fd02,SUN,Sun Klosterstr.,Berlin,52.52943,13.19517,2.4,2.299,2.239,2.409,True
2026-09-30T17:17:46+00:00,905d4775-754e-4b38-baca-89c98fad1d1a,Sprint,Sprint Berlin Ruhlebener Str.,Berlin,52.529285,13.20718,2.9,2.299,2.239,2.409,True
2026-09-30T17:19:17+00:00,cebbe420-bcf3-4db8-9099-c52b783e2158,ESSO,Esso Tankstelle,BERLIN,52.549044,13.17897,0,2.319,2.259,2.419,True
2026-09-30T17:19:17+00:00,7347dd32-bfa1-470a-a6ee-2a2c95ad9af5,ARAL,Aral Tankstelle,Berlin,52.542747,13.199304,1.5,2.319,2.259,2.419,True
2026-09-30T17:19:17+00:00,9f07b69b-4b15-4852-9c60-5d293c6cadc5,Sprint,Sprint Berlin Seegefelder Str.,Berlin,52.536163,13.191189,1.6,2.299,2.239,2.409,True
2026-09-30T17:19:17+00:00,005056ba-7cb6-1ed2-bceb-641db1c24d1d,STAR,star Tankstelle,Berlin,52.534388,13.184014,1.7,2.299,2.239,2.409,True
2026-09-30T17:19:17+00:00,51d4b471-a095-1aa0-e100-80009459e03a,JET,JET BERLIN BRUNSBUETTELER DAMM 87-89,BERLIN,52.53379,13.18503,1.7,2.299,2.239,2.409,True
2026-09-30T17:19:17+00:00,d590310c-e209-46b2-bfe7-dacc6148e1f1,TotalEnergies,TotalEnergies Berlin,Berlin,52.55424,13.207408,2,2.329,2.269,2.429,True
2026-09-30T17:19:17+00:00,5d8c8a4c-bce7-4d28-ae12-0d61a971c5cc,Shell,Shell Berlin Streitstr. 19,Berlin,52.558899,13.208409,2.3,2.349,2.289,2.469,True
2026-09-30T17:19:17+00:00,057827cd-6583-4a3a-a461-f8546073fd02,SUN,Sun Klosterstr.,Berlin,52.52943,13.19517,2.4,2.299,2.239,2.409,True
2026-09-30T17:19:17+00:00,905d4775-754e-4b38-baca-89c98fad1d1a,Sprint,Sprint Berlin Ruhlebener Str.,Berlin,52.529285,13.20718,2.9,2.299,2.239,2.409,True
2026-09-30T17:20:48+00:00,cebbe420-bcf3-4db8-9099-c52b783e2158,ESSO,Esso Tankstelle,BERLIN,52.549044,13.17897,0,2.319,2.259,2.419,True
2026-09-30T17:20:48+00:00,7347dd32-bfa1-470a-a6ee-2a2c95ad9af5,ARAL,Aral Tankstelle,Berlin,52.542747,13.199304,1.5,2.319,2.259,2.419,True
2026-09-30T17:20:48+00:00,9f07b69b-4b15-4852-9c60-5d293c6cadc5,Sprint,Sprint Berlin Seegefelder Str.,Berlin,52.536163,13.191189,1.6,2.299,2.239,2.409,True
2026-09-30T17:20:48+00:00,005056ba-7cb6-1ed2-bceb-641db1c24d1d,STAR,star Tankstelle,Berlin,52.534388,13.184014,1.7,2.299,2.239,2.409,True
2026-09-30T17:20:48+00:00,51d4b471-a095-1aa0-e100-80009459e03a,JET,JET BERLIN BRUNSBUETTELER DAMM 87-89,BERLIN,52.53379,13.18503,1.7,2.299,2.239,2.409,True
2026-09-30T17:20:48+00:00,d590310c-e209-46b2-bfe7-dacc6148e1f1,TotalEnergies,TotalEnergies Berlin,Berlin,52.55424,13.207408,2,2.329,2.269,2.429,True
2026-09-30T17:20:48+00:00,5d8c8a4c-bce7-4d28-ae12-0d61a971c5cc,Shell,Shell Berlin Streitstr. 19,Berlin,52.558899,13.208409,2.3,2.349,2.289,2.469,True
2026-09-30T17:20:48+00:00,057827cd-6583-4a3a-a461-f8546073fd02,SUN,Sun Klosterstr.,Berlin,52.52943,13.19517,2.4,2.299,2.239,2.409,True
2026-09-30T17:20:48+00:00,905d4775-754e-4b38-baca-89c98fad1d1a,Sprint,Sprint Berlin Ruhlebener Str.,Berlin,52.529285,13.20718,2.9,2.299,2.239,2.409,True
2026-09-30T17:22:19+00:00,cebbe420-bcf3-4db8-9099-c52b783e2158,ESSO,Esso Tankstelle,BERLIN,52.549044,13.17897,0,2.319,2.259,2.419,True
2026-09-30T17:22:19+00:00,7347dd32-bfa1-470a-a6ee-2a2c95ad9af5,ARAL,Aral Tankstelle,Berlin,52.542747,13.199304,1.5,2.319,2.259,2.419,True
2026-09-30T17:22:19+00:00,9f07b69b-4b15-4852-9c60-5d293c6cadc5,Sprint,Sprint Berlin Seegefelder Str.,Berlin,52.536163,13.191189,1.6,2.299,2.239,2.409,True
2026-09-30T17:22:19+00:00,005056ba-7cb6-1ed2-bceb-641db1c24d1d,STAR,star Tankstelle,Berlin,52.534388,13.184014,1.7,2.299,2.239,2.409,True
2026-09-30T17:22:19+00:00,51d4b471-a095-1aa0-e100-80009459e03a,JET,JET BERLIN BRUNSBUETTELER DAMM 87-89,BERLIN,52.53379,13.18503,1.7,2.299,2.239,2.409,True
2026-09-30T17:22:19+00:00,d590310c-e209-46b2-bfe7-dacc6148e1f1,TotalEnergies,TotalEnergies Berlin,Berlin,52.55424,13.207408,2,2.329,2.269,2.429,True
2026-09-30T17:22:19+00:00,5d8c8a4c-bce7-4d28-ae12-0d61a971c5cc,Shell,Shell Berlin Streitstr. 19,Berlin,52.558899,13.208409,2.3,2.349,2.289,2.469,True
2026-09-30T17:22:19+00:00,057827cd-6583-4a3a-a461-f8546073fd02,SUN,Sun Klosterstr.,Berlin,52.52943,13.19517,2.4,2.299,2.239,2.409,True
2026-09-30T17:22:19+00:00,905d4775-754e-4b38-baca-89c98fad1d1a,Sprint,Sprint Berlin Ruhlebener Str.,Berlin,52.529285,13.20718,2.9,2.299,2.239,2.409,True
2026-09-30T17:23:50+00:00,cebbe420-bcf3-4db8-9099-c52b783e2158,ESSO,Esso Tankstelle,BERLIN,52.549044,13.17897,0,2.319,2.259,2.419,True
2026-09-30T17:23:50+00:00,7347dd32-bfa1-470a-a6ee-2a2c95ad9af5,ARAL,Aral Tankstelle,Berlin,52.542747,13.199304,1.5,2.319,2.259,2.419,True
2026-09-30T17:23:50+00:00,9f07b69b-4b15-4852-9c60-5d293c6cadc5,Sprint,Sprint Berlin Seegefelder Str.,Berlin,52.536163,13.191189,1.6,2.299,2.239,2.409,True
2026-09-30T17:23:50+00:00,005056ba-7cb6-1ed2-bceb-641db1c24d1d,STAR,star Tankstelle,Berlin,52.534388,13.184014,1.7,2.299,2.239,2.409,True
2026-09-30T17:23:50+00:00,51d4b471-a095-1aa0-e100-80009459e03a,JET,JET BERLIN BRUNSBUETTELER DAMM 87-89,BERLIN,52.53379,13.18503,1.7,2.299,2.239,2.409,True
2026-09-30T17:23:50+00:00,d590310c-e209-46b2-bfe7-dacc6148e1f1,TotalEnergies,TotalEnergies Berlin,Berlin,52.55424,13.207408,2,2.329,2.269,2.429,True
2026-09-30T17:23:50+00:00,5d8c8a4c-bce7-4d28-ae12-0d61a971c5cc,Shell,Shell Berlin Streitstr. 19,Berlin,52.558899,13.208409,2.3,2.349,2.289,2.469,True
2026-09-30T17:23:50+00:00,057827cd-6583-4a3a-a461-f8546073fd02,SUN,Sun Klosterstr.,Berlin,52.52943,13.19517,2.4,2.299,2.239,2.409,True
2026-09-30T17:23:50+00:00,905d4775-754e-4b38-baca-89c98fad1d1a,Sprint,Sprint Berlin Ruhlebener Str.,Berlin,52.529285,13.20718,2.9,2.299,2.239,2.409,True
2026-09-30T17:25:21+00:00,cebbe420-bcf3-4db8-9099-c52b783e2158,ESSO,Esso Tankstelle,BERLIN,52.549044,13.17897,0,2.319,2.259,2.419,True
2026-09-30T17:25:21+00:00,7347dd32-bfa1-470a-a6ee-2a2c95ad9af5,ARAL,Aral Tankstelle,Berlin,52.542747,13.199304,1.5,2.319,2.259,2.419,True
2026-09-30T17:25:21+00:00,9f07b69b-4b15-4852-9c60-5d293c6cadc5,Sprint,Sprint Berlin Seegefelder Str.,Berlin,52.536163,13.191189,1.6,2.299,2.239,2.409,True
2026-09-30T17:25:21+00:00,005056ba-7cb6-1ed2-bceb-641db1c24d1d,STAR,star Tankstelle,Berlin,52.534388,13.184014,1.7,2.299,2.239,2.409,True
2026-09-30T17:25:21+00:00,51d4b471-a095-1aa0-e100-80009459e03a,JET,JET BERLIN BRUNSBUETTELER DAMM 87-89,BERLIN,52.53379,13.18503,1.7,2.299,2.239,2.409,True
2026-09-30T17:25:21+00:00,d590310c-e209-46b2-bfe7-dacc6148e1f1,TotalEnergies,TotalEnergies Berlin,Berlin,52.55424,13.207408,2,2.329,2.269,2.429,True
2026-09-30T17:25:21+00:00,5d8c8a4c-bce7-4d28-ae12-0d61a971c5cc,Shell,Shell Berlin Streitstr. 19,Berlin,52.558899,13.208409,2.3,2.349,2.289,2.469,True
2026-09-30T17:25:21+00:00,057827cd-6583-4a3a-a461-f8546073fd02,SUN,Sun Klosterstr.,Berlin,52.52943,13.19517,2.4,2.299,2.239,2.409,True
2026-09-30T17:25:21+00:00,905d4775-754e-4b38-baca-89c98fad1d1a,Sprint,Sprint Berlin Ruhlebener Str.,Berlin,52.529285,13.20718,2.9,2.299,2.239,2.409,True
2026-09-30T17:26:52+00:00,cebbe420-bcf3-4db8-9099-c52b783e2158,ESSO,Esso Tankstelle,BERLIN,52.549044,13.17897,0,2.319,2.259,2.419,True
2026-09-30T17:26:52+00:00,7347dd32-bfa1-470a-a6ee-2a2c95ad9af5,ARAL,Aral Tankstelle,Berlin,52.542747,13.199304,1.5,2.319,2.259,2.419,True
2026-09-30T17:26:52+00:00,9f07b69b-4b15-4852-9c60-5d293c6cadc5,Sprint,Sprint Berlin Seegefelder Str.,Berlin,52.536163,13.191189,1.6,2.299,2.239,2.409,True
2026-09-30T17:26:52+00:00,005056ba-7cb6-1ed2-bceb-641db1c24d1d,STAR,star Tankstelle,Berlin,52.534388,13.184014,1.7,2.299,2.239,2.409,True
2026-09-30T17:26:52+00:00,51d4b471-a095-1aa0-e100-80009459e03a,JET,JET BERLIN BRUNSBUETTELER DAMM 87-89,BERLIN,52.53379,13.18503,1.7,2.299,2.239,2.409,True
2026-09-30T17:26:52+00:00,d590310c-e209-46b2-bfe7-dacc6148e1f1,TotalEnergies,TotalEnergies Berlin,Berlin,52.55424,13.207408,2,2.329,2.269,2.429,True
2026-09-30T17:26:52+00:00,5d8c8a4c-bce7-4d28-ae12-0d61a971c5cc,Shell,Shell Berlin Streitstr. 19,Berlin,52.558899,13.208409,2.3,2.349,2.289,2.469,True
2026-09-30T17:26:52+00:00,057827cd-6583-4a3a-a461-f8546073fd02,SUN,Sun Klosterstr.,Berlin,52.52943,13.19517,2.4,2.299,2.239,2.409,True
2026-09-30T17:26:52+00:00,905d4775-754e-4b38-baca-89c98fad1d1a,Sprint,Sprint Berlin Ruhlebener Str.,Berlin,52.529285,13.20718,2.9,2.299,2.239,2.409,True
2026-09-30T17:28:23+00:00,cebbe420-bcf3-4db8-9099-c52b783e2158,ESSO,Esso Tankstelle,BERLIN,52.549044,13.17897,0,2.319,2.259,2.419,True
2026-09-30T17:28:23+00:00,7347dd32-bfa1-470a-a6ee-2a2c95ad9af5,ARAL,Aral Tankstelle,Berlin,52.542747,13.199304,1.5,2.319,2.259,2.419,True
2026-09-30T17:28:23+00:00,9f07b69b-4b15-4852-9c60-5d293c6cadc5,Sprint,Sprint Berlin Seegefelder Str.,Berlin,52.536163,13.191189,1.6,2.299,2.239,2.409,True
2026-09-30T17:28:23+00:00,005056ba-7cb6-1ed2-bceb-641db1c24d1d,STAR,star Tankstelle,Berlin,52.534388,13.184014,1.7,2.299,2.239,2.409,True
2026-09-30T17:28:23+00:00,51d4b471-a095-1aa0-e100-80009459e03a,JET,JET BERLIN BRUNSBUETTELER DAMM 87-89,BERLIN,52.53379,13.18503,1.7,2.299,2.239,2.409,True
2026-09-30T17:28:23+00:00,d590310c-e209-46b2-bfe7-dacc6148e1f1,TotalEnergies,TotalEnergies Berlin,Berlin,52.55424,13.207408,2,2.329,2.269,2.429,True
2026-09-30T17:28:23+00:00,5d8c8a4c-bce7-4d28-ae12-0d61a971c5cc,Shell,Shell Berlin Streitstr. 19,Berlin,52.558899,13.208409,2.3,2.349,2.289,2.469,True
2026-09-30T17:28:23+00:00,057827cd-6583-4a3a-a461-f8546073fd02,SUN,Sun Klosterstr.,Berlin,52.52943,13.19517,2.4,2.299,2.239,2.409,True
2026-09-30T17:28:23+00:00,905d4775-754e-4b38-baca-89c98fad1d1a,Sprint,Sprint Berlin Ruhlebener Str.,Berlin,52.529285,13.20718,2.9,2.299,2.239,2.409,True
2026-09-30T17:29:54+00:00,cebbe420-bcf3-4db8-9099-c52b783e2158,ESSO,Esso Tankstelle,BERLIN,52.549044,13.17897,0,2.319,2.259,2.419,True
2026-09-30T17:29:54+00:00,7347dd32-bfa1-470a-a6ee-2a2c95ad9af5,ARAL,Aral Tankstelle,Berlin,52.542747,13.199304,1.5,2.319,2.259,2.419,True
2026-09-30T17:29:54+00:00,9f07b69b-4b15-4852-9c60-5d293c6cadc5,Sprint,Sprint Berlin Seegefelder Str.,Berlin,52.536163,13.191189,1.6,2.299,2.239,2.409,True
2026-09-30T17:29:54+00:00,005056ba-7cb6-1ed2-bceb-641db1c24d1d,STAR,star Tankstelle,Berlin,52.534388,13.184014,1.7,2.299,2.239,2.409,True
2026-09-30T17:29:54+00:00,51d4b471-a095-1aa0-e100-80009459e03a,JET,JET BERLIN BRUNSBUETTELER DAMM 87-89,BERLIN,52.53379,13.18503,1.7,2.299,2.239,2.409,True
2026-09-30T17:29:54+00:00,d590310c-e209-46b2-bfe7-dacc6148e1f1,TotalEnergies,TotalEnergies Berlin,Berlin,52.55424,13.207408,2,2.329,2.269,2.429,True
2026-09-30T17:29:54+00:00,5d8c8a4c-bce7-4d28-ae12-0d61a971c5cc,Shell,Shell Berlin Streitstr. 19,Berlin,52.558899,13.208409,2.3,2.349,2.289,2.469,True
2026-09-30T17:29:54+00:00,057827cd-6583-4a3a-a461-f8546073fd02,SUN,Sun Klosterstr.,Berlin,52.52943,13.19517,2.4,2.299,2.239,2.409,True
2026-09-30T17:29:54+00:00,905d4775-754e-4b38-baca-89c98fad1d1a,Sprint,Sprint Berlin Ruhlebener Str.,Berlin,52.529285,13.20718,2.9,2.299,2.239,2.409,True
2026-09-30T17:31:25+00:00,cebbe420-bcf3-4db8-9099-c52b783e2158,ESSO,Esso Tankstelle,BERLIN,52.549044,13.17897,0,2.319,2.259,2.419,True
2026-09-30T17:31:25+00:00,7347dd32-bfa1-470a-a6ee-2a2c95ad9af5,ARAL,Aral Tankstelle,Berlin,52.542747,13.199304,1.5,2.319,2.259,2.419,True
2026-09-30T17:31:25+00:00,9f07b69b-4b15-4852-9c60-5d293c6cadc5,Sprint,Sprint Berlin Seegefelder Str.,Berlin,52.536163,13.191189,1.6,2.299,2.239,2.409,True
2026-09-30T17:31:25+00:00,005056ba-7cb6-1ed2-bceb-641db1c24d1d,STAR,star Tankstelle,Berlin,52.534388,13.184014,1.7,2.299,2.239,2.409,True
2026-09-30T17:31:25+00:00,51d4b471-a095-1aa0-e100-80009459e03a,JET,JET BERLIN BRUNSBUETTELER DAMM 87-89,BERLIN,52.53379,13.18503,1.7,2.299,2.239,2.409,True
2026-09-30T17:31:25+00:00,d590310c-e209-46b2-bfe7-dacc6148e1f1,TotalEnergies,TotalEnergies Berlin,Berlin,52.55424,13.207408,2,2.329,2.269,2.429,True
2026-09-30T17:31:25+00:00,5d8c8a4c-bce7-4d28-ae12-0d61a971c5cc,Shell,Shell Berlin Streitstr. 19,Berlin,52.558899,13.208409,2.3,2.349,2.289,2.469,True
2026-09-30T17:31:25+00:00,057827cd-6583-4a3a-a461-f8546073fd02,SUN,Sun Klosterstr.,Berlin,52.52943,13.19517,2.4,2.299,2.239,2.409,True
2026-09-30T17:31:25+00:00,905d4775-754e-4b38-baca-89c98fad1d1a,Sprint,Sprint Berlin Ruhlebener Str.,Berlin,52.529285,13.20718,2.9,2.299,2.239,2.409,True
2026-09-30T17:32:56+00:00,cebbe420-bcf3-4db8-9099-c52b783e2158,ESSO,Esso Tankstelle,BERLIN,52.549044,13.17897,0,2.319,2.259,2.419,True
2026-09-30T17:32:56+00:00,7347dd32-bfa1-470a-a6ee-2a2c95ad9af5,ARAL,Aral Tankstelle,Berlin,52.542747,13.199304,1.5,2.319,2.259,2.419,True
2026-09-30T17:32:56+00:00,9f07b69b-4b15-4852-9c60-5d293c6cadc5,Sprint,Sprint Berlin Seegefelder Str.,Berlin,52.536163,13.191189,1.6,2.299,2.239,2.409,True
2026-09-30T17:32:56+00:00,005056ba-7cb6-1ed2-bceb-641db1c24d1d,STAR,star Tankstelle,Berlin,52.534388,13.184014,1.7,2.299,2.239,2.409,True
2026-09-30T17:32:56+00:00,51d4b471-a095-1aa0-e100-80009459e03a,JET,JET BERLIN BRUNSBUETTELER DAMM 87-89,BERLIN,52.53379,13.18503,1.7,2.299,2.239,2.409,True
2026-09-30T17:32:56+00:00,d590310c-e209-46b2-bfe7-dacc6148e1f1,TotalEnergies,TotalEnergies Berlin,Berlin,52.55424,13.207408,2,2.329,2.269,2.429,True
2026-09-30T17:32:56+00:00,5d8c8a4c-bce7-4d28-ae12-0d61a971c5cc,Shell,Shell Berlin Streitstr. 19,Berlin,52.558899,13.208409,2.3,2.349,2.289,2.469,True
2026-09-30T17:32:56+00:00,057827cd-6583-4a3a-a461-f8546073fd02,SUN,Sun Klosterstr.,Berlin,52.52943,13.19517,2.4,2.299,2.239,2.409,True
2026-09-30T17:32:56+00:00,905d4775-754e-4b38-baca-89c98fad1d1a,Sprint,Sprint Berlin Ruhlebener Str.,Berlin,52.529285,13.20718,2.9,2.299,2.239,2.409,True
2026-09-30T17:34:27+00:00,cebbe420-bcf3-4db8-9099-c52b783e2158,ESSO,Esso Tankstelle,BERLIN,52.549044,13.17897,0,2.319,2.259,2.419,True
2026-09-30T17:34:27+00:00,7347dd32-bfa1-470a-a6ee-2a2c95ad9af5,ARAL,Aral Tankstelle,Berlin,52.542747,13.199304,1.5,2.319,2.259,2.419,True
2026-09-30T17:34:27+00:00,9f07b69b-4b15-4852-9c60-5d293c6cadc5,Sprint,Sprint Berlin Seegefelder Str.,Berlin,52.536163,13.191189,1.6,2.299,2.239,2.409,True
2026-09-30T17:34:27+00:00,005056ba-7cb6-1ed2-bceb-641db1c24d1d,STAR,star Tankstelle,Berlin,52.534388,13.184014,1.7,2.299,2.239,2.409,True
2026-09-30T17:34:27+00:00,51d4b471-a095-1aa0-e100-80009459e03a,JET,JET BERLIN BRUNSBUETTELER DAMM 87-89,BERLIN,52.53379,13.18503,1.7,2.299,2.239,2.409,True
2026-09-30T17:34:27+00:00,d590310c-e209-46b2-bfe7-dacc6148e1f1,TotalEnergies,TotalEnergies Berlin,Berlin,52.55424,13.207408,2,2.329,2.269,2.429,True
2026-09-30T17:34:27+00:00,5d8c8a4c-bce7-4d28-ae12-0d61a971c5cc,Shell,Shell Berlin Streitstr. 19,Berlin,52.558899,13.208409,2.3,2.349,2.289,2.469,True
2026-09-30T17:34:27+00:00,057827cd-6583-4a3a-a461-f8546073fd02,SUN,Sun Klosterstr.,Berlin,52.52943,13.19517,2.4,2.299,2.239,2.409,True
2026-09-30T17:34:27+00:00,905d4775-754e-4b38-baca-89c98fad1d1a,Sprint,Sprint Berlin Ruhlebener Str.,Berlin,52.529285,13.20718,2.9,2.299,2.239,2.399,True
2026-09-30T17:35:57+00:00,cebbe420-bcf3-4db8-9099-c52b783e2158,ESSO,Esso Tankstelle,BERLIN,52.549044,13.17897,0,2.319,2.259,2.419,True
2026-09-30T17:35:57+00:00,7347dd32-bfa1-470a-a6ee-2a2c95ad9af5,ARAL,Aral Tankstelle,Berlin,52.542747,13.199304,1.5,2.319,2.259,2.419,True
2026-09-30T17:35:57+00:00,9f07b69b-4b15-4852-9c60-5d293c6cadc5,Sprint,Sprint Berlin Seegefelder Str.,Berlin,52.536163,13.191189,1.6,2.299,2.239,2.409,True
2026-09-30T17:35:57+00:00,005056ba-7cb6-1ed2-bceb-641db1c24d1d,STAR,star Tankstelle,Berlin,52.534388,13.184014,1.7,2.299,2.239,2.409,True
2026-09-30T17:35:57+00:00,51d4b471-a095-1aa0-e100-80009459e03a,JET,JET BERLIN BRUNSBUETTELER DAMM 87-89,BERLIN,52.53379,13.18503,1.7,2.299,2.239,2.399,True
2026-09-30T17:35:57+00:00,d590310c-e209-46b2-bfe7-dacc6148e1f1,TotalEnergies,TotalEnergies Berlin,Berlin,52.55424,13.207408,2,2.329,2.269,2.429,True
2026-09-30T17:35:57+00:00,5d8c8a4c-bce7-4d28-ae12-0d61a971c5cc,Shell,Shell Berlin Streitstr. 19,Berlin,52.558899,13.208409,2.3,2.349,2.289,2.469,True
2026-09-30T17:35:57+00:00,057827cd-6583-4a3a-a461-f8546073fd02,SUN,Sun Klosterstr.,Berlin,52.52943,13.19517,2.4,2.299,2.239,2.409,True
2026-09-30T17:35:57+00:00,905d4775-754e-4b38-baca-89c98fad1d1a,Sprint,Sprint Berlin Ruhlebener Str.,Berlin,52.529285,13.20718,2.9,2.299,2.239,2.399,True
2026-09-30T17:37:28+00:00,cebbe420-bcf3-4db8-9099-c52b783e2158,ESSO,Esso Tankstelle,BERLIN,52.549044,13.17897,0,2.319,2.259,2.419,True
2026-09-30T17:37:28+00:00,7347dd32-bfa1-470a-a6ee-2a2c95ad9af5,ARAL,Aral Tankstelle,Berlin,52.542747,13.199304,1.5,2.319,2.259,2.419,True
2026-09-30T17:37:28+00:00,9f07b69b-4b15-4852-9c60-5d293c6cadc5,Sprint,Sprint Berlin Seegefelder Str.,Berlin,52.536163,13.191189,1.6,2.299,2.239,2.409,True
2026-09-30T17:37:28+00:00,005056ba-7cb6-1ed2-bceb-641db1c24d1d,STAR,star Tankstelle,Berlin,52.534388,13.184014,1.7,2.299,2.239,2.409,True
2026-09-30T17:37:28+00:00,51d4b471-a095-1aa0-e100-80009459e03a,JET,JET BERLIN BRUNSBUETTELER DAMM 87-89,BERLIN,52.53379,13.18503,1.7,2.299,2.239,2.399,True
2026-09-30T17:37:28+00:00,d590310c-e209-46b2-bfe7-dacc6148e1f1,TotalEnergies,TotalEnergies Berlin,Berlin,52.55424,13.207408,2,2.329,2.269,2.429,True
2026-09-30T17:37:28+00:00,5d8c8a4c-bce7-4d28-ae12-0d61a971c5cc,Shell,Shell Berlin Streitstr. 19,Berlin,52.558899,13.208409,2.3,2.349,2.289,2.469,True
2026-09-30T17:37:28+00:00,057827cd-6583-4a3a-a461-f8546073fd02,SUN,Sun Klosterstr.,Berlin,52.52943,13.19517,2.4,2.299,2.239,2.409,True
2026-09-30T17:37:28+00:00,905d4775-754e-4b38-baca-89c98fad1d1a,Sprint,Sprint Berlin Ruhlebener Str.,Berlin,52.529285,13.20718,2.9,2.299,2.239,2.399,True
2026-09-30T17:38:59+00:00,cebbe420-bcf3-4db8-9099-c52b783e2158,ESSO,Esso Tankstelle,BERLIN,52.549044,13.17897,0,2.319,2.259,2.419,True
2026-09-30T17:38:59+00:00,7347dd32-bfa1-470a-a6ee-2a2c95ad9af5,ARAL,Aral Tankstelle,Berlin,52.542747,13.199304,1.5,2.319,2.259,2.419,True
2026-09-30T17:38:59+00:00,9f07b69b-4b15-4852-9c60-5d293c6cadc5,Sprint,Sprint Berlin Seegefelder Str.,Berlin,52.536163,13.191189,1.6,2.299,2.239,2.399,True
2026-09-30T17:38:59+00:00,005056ba-7cb6-1ed2-bceb-641db1c24d1d,STAR,star Tankstelle,Berlin,52.534388,13.184014,1.7,2.299,2.239,2.409,True
2026-09-30T17:38:59+00:00,51d4b471-a095-1aa0-e100-80009459e03a,JET,JET BERLIN BRUNSBUETTELER DAMM 87-89,BERLIN,52.53379,13.18503,1.7,2.299,2.239,2.399,True
2026-09-30T17:38:59+00:00,d590310c-e209-46b2-bfe7-dacc6148e1f1,TotalEnergies,TotalEnergies Berlin,Berlin,52.55424,13.207408,2,2.329,2.269,2.429,True
2026-09-30T17:38:59+00:00,5d8c8a4c-bce7-4d28-ae12-0d61a971c5cc,Shell,Shell Berlin Streitstr. 19,Berlin,52.558899,13.208409,2.3,2.349,2.289,2.469,True
2026-09-30T17:38:59+00:00,057827cd-6583-4a3a-a461-f8546073fd02,SUN,Sun Klosterstr.,Berlin,52.52943,13.19517,2.4,2.299,2.239,2.409,True
2026-09-30T17:38:59+00:00,905d4775-754e-4b38-baca-89c98fad1d1a,Sprint,Sprint Berlin Ruhlebener Str.,Berlin,52.529285,13.20718,2.9,2.299,2.239,2.399,True
2026-09-30T17:40:31+00:00,cebbe420-bcf3-4db8-9099-c52b783e2158,ESSO,Esso Tankstelle,BERLIN,52.549044,13.17897,0,2.319,2.259,2.419,True
2026-09-30T17:40:31+00:00,7347dd32-bfa1-470a-a6ee-2a2c95ad9af5,ARAL,Aral Tankstelle,Berlin,52.542747,13.199304,1.5,2.319,2.259,2.419,True
2026-09-30T17:40:31+00:00,9f07b69b-4b15-4852-9c60-5d293c6cadc5,Sprint,Sprint Berlin Seegefelder Str.,Berlin,52.536163,13.191189,1.6,2.299,2.239,2.399,True
2026-09-30T17:40:31+00:00,005056ba-7cb6-1ed2-bceb-641db1c24d1d,STAR,star Tankstelle,Berlin,52.534388,13.184014,1.7,2.299,2.239,2.409,True
2026-09-30T17:40:31+00:00,51d4b471-a095-1aa0-e100-80009459e03a,JET,JET BERLIN BRUNSBUETTELER DAMM 87-89,BERLIN,52.53379,13.18503,1.7,2.299,2.239,2.399,True
2026-09-30T17:40:31+00:00,d590310c-e209-46b2-bfe7-dacc6148e1f1,TotalEnergies,TotalEnergies Berlin,Berlin,52.55424,13.207408,2,2.329,2.269,2.429,True
2026-09-30T17:40:31+00:00,5d8c8a4c-bce7-4d28-ae12-0d61a971c5cc,Shell,Shell Berlin Streitstr. 19,Berlin,52.558899,13.208409,2.3,2.349,2.289,2.469,True
2026-09-30T17:40:31+00:00,057827cd-6583-4a3a-a461-f8546073fd02,SUN,Sun Klosterstr.,Berlin,52.52943,13.19517,2.4,2.299,2.239,2.409,True
2026-09-30T17:40:31+00:00,905d4775-754e-4b38-baca-89c98fad1d1a,Sprint,Sprint Berlin Ruhlebener Str.,Berlin,52.529285,13.20718,2.9,2.299,2.239,2.399,True
2026-09-30T17:42:01+00:00,cebbe420-bcf3-4db8-9099-c52b783e2158,ESSO,Esso Tankstelle,BERLIN,52.549044,13.17897,0,2.319,2.259,2.419,True
2026-09-30T17:42:01+00:00,7347dd32-bfa1-470a-a6ee-2a2c95ad9af5,ARAL,Aral Tankstelle,Berlin,52.542747,13.199304,1.5,2.319,2.259,2.419,True
2026-09-30T17:42:01+00:00,9f07b69b-4b15-4852-9c60-5d293c6cadc5,Sprint,Sprint Berlin Seegefelder Str.,Berlin,52.536163,13.191189,1.6,2.299,2.239,2.399,True
2026-09-30T17:42:01+00:00,005056ba-7cb6-1ed2-bceb-641db1c24d1d,STAR,star Tankstelle,Berlin,52.534388,13.184014,1.7,2.299,2.239,2.409,True
2026-09-30T17:42:01+00:00,51d4b471-a095-1aa0-e100-80009459e03a,JET,JET BERLIN BRUNSBUETTELER DAMM 87-89,BERLIN,52.53379,13.18503,1.7,2.299,2.239,2.399,True
2026-09-30T17:42:01+00:00,d590310c-e209-46b2-bfe7-dacc6148e1f1,TotalEnergies,TotalEnergies Berlin,Berlin,52.55424,13.207408,2,2.329,2.269,2.429,True
2026-09-30T17:42:01+00:00,5d8c8a4c-bce7-4d28-ae12-0d61a971c5cc,Shell,Shell Berlin Streitstr. 19,Berlin,52.558899,13.208409,2.3,2.349,2.289,2.469,True
2026-09-30T17:42:01+00:00,057827cd-6583-4a3a-a461-f8546073fd02,SUN,Sun Klosterstr.,Berlin,52.52943,13.19517,2.4,2.299,2.239,2.409,True
2026-09-30T17:42:01+00:00,905d4775-754e-4b38-baca-89c98fad1d1a,Sprint,Sprint Berlin Ruhlebener Str.,Berlin,52.529285,13.20718,2.9,2.299,2.239,2.399,True
2026-09-30T17:43:34+00:00,cebbe420-bcf3-4db8-9099-c52b783e2158,ESSO,Esso Tankstelle,BERLIN,52.549044,13.17897,0,2.319,2.259,2.419,True
2026-09-30T17:43:34+00:00,7347dd32-bfa1-470a-a6ee-2a2c95ad9af5,ARAL,Aral Tankstelle,Berlin,52.542747,13.199304,1.5,2.319,2.259,2.419,True
2026-09-30T17:43:34+00:00,9f07b69b-4b15-4852-9c60-5d293c6cadc5,Sprint,Sprint Berlin Seegefelder Str.,Berlin,52.536163,13.191189,1.6,2.299,2.239,2.399,True
2026-09-30T17:43:34+00:00,005056ba-7cb6-1ed2-bceb-641db1c24d1d,STAR,star Tankstelle,Berlin,52.534388,13.184014,1.7,2.299,2.239,2.409,True
2026-09-30T17:43:34+00:00,51d4b471-a095-1aa0-e100-80009459e03a,JET,JET BERLIN BRUNSBUETTELER DAMM 87-89,BERLIN,52.53379,13.18503,1.7,2.299,2.239,2.399,True
2026-09-30T17:43:34+00:00,d590310c-e209-46b2-bfe7-dacc6148e1f1,TotalEnergies,TotalEnergies Berlin,Berlin,52.55424,13.207408,2,2.329,2.269,2.429,True
2026-09-30T17:43:34+00:00,5d8c8a4c-bce7-4d28-ae12-0d61a971c5cc,Shell,Shell Berlin Streitstr. 19,Berlin,52.558899,13.208409,2.3,2.349,2.289,2.469,True
2026-09-30T17:43:34+00:00,057827cd-6583-4a3a-a461-f8546073fd02,SUN,Sun Klosterstr.,Berlin,52.52943,13.19517,2.4,2.299,2.239,2.409,True
2026-09-30T17:43:34+00:00,905d4775-754e-4b38-baca-89c98fad1d1a,Sprint,Sprint Berlin Ruhlebener Str.,Berlin,52.529285,13.20718,2.9,2.299,2.239,2.399,True
2026-09-30T17:45:05+00:00,cebbe420-bcf3-4db8-9099-c52b783e2158,ESSO,Esso Tankstelle,BERLIN,52.549044,13.17897,0,2.319,2.259,2.419,True
2026-09-30T17:45:05+00:00,7347dd32-bfa1-470a-a6ee-2a2c95ad9af5,ARAL,Aral Tankstelle,Berlin,52.542747,13.199304,1.5,2.319,2.259,2.419,True
2026-09-30T17:45:05+00:00,9f07b69b-4b15-4852-9c60-5d293c6cadc5,Sprint,Sprint Berlin Seegefelder Str.,Berlin,52.536163,13.191189,1.6,2.299,2.239,2.399,True
2026-09-30T17:45:05+00:00,005056ba-7cb6-1ed2-bceb-641db1c24d1d,STAR,star Tankstelle,Berlin,52.534388,13.184014,1.7,2.299,2.239,2.409,True
2026-09-30T17:45:05+00:00,51d4b471-a095-1aa0-e100-80009459e03a,JET,JET BERLIN BRUNSBUETTELER DAMM 87-89,BERLIN,52.53379,13.18503,1.7,2.299,2.239,2.399,True
2026-09-30T17:45:05+00:00,d590310c-e209-46b2-bfe7-dacc6148e1f1,TotalEnergies,TotalEnergies Berlin,Berlin,52.55424,13.207408,2,2.329,2.269,2.429,True
2026-09-30T17:45:05+00:00,5d8c8a4c-bce7-4d28-ae12-0d61a971c5cc,Shell,Shell Berlin Streitstr. 19,Berlin,52.558899,13.208409,2.3,2.349,2.289,2.469,True
2026-09-30T17:45:05+00:00,057827cd-6583-4a3a-a461-f8546073fd02,SUN,Sun Klosterstr.,Berlin,52.52943,13.19517,2.4,2.299,2.239,2.409,True
2026-09-30T17:45:05+00:00,905d4775-754e-4b38-baca-89c98fad1d1a,Sprint,Sprint Berlin Ruhlebener Str.,Berlin,52.529285,13.20718,2.9,2.299,2.239,2.399,True
2026-09-30T17:46:39+00:00,cebbe420-bcf3-4db8-9099-c52b783e2158,ESSO,Esso Tankstelle,BERLIN,52.549044,13.17897,0,2.319,2.259,2.419,True
2026-09-30T17:46:39+00:00,7347dd32-bfa1-470a-a6ee-2a2c95ad9af5,ARAL,Aral Tankstelle,Berlin,52.542747,13.199304,1.5,2.319,2.259,2.419,True
2026-09-30T17:46:39+00:00,9f07b69b-4b15-4852-9c60-5d293c6cadc5,Sprint,Sprint Berlin Seegefelder Str.,Berlin,52.536163,13.191189,1.6,2.299,2.239,2.399,True
2026-09-30T17:46:39+00:00,005056ba-7cb6-1ed2-bceb-641db1c24d1d,STAR,star Tankstelle,Berlin,52.534388,13.184014,1.7,2.299,2.239,2.409,True
2026-09-30T17:46:39+00:00,51d4b471-a095-1aa0-e100-80009459e03a,JET,JET BERLIN BRUNSBUETTELER DAMM 87-89,BERLIN,52.53379,13.18503,1.7,2.299,2.239,2.399,True
2026-09-30T17:46:39+00:00,d590310c-e209-46b2-bfe7-dacc6148e1f1,TotalEnergies,TotalEnergies Berlin,Berlin,52.55424,13.207408,2,2.329,2.269,2.429,True
2026-09-30T17:46:39+00:00,5d8c8a4c-bce7-4d28-ae12-0d61a971c5cc,Shell,Shell Berlin Streitstr. 19,Berlin,52.558899,13.208409,2.3,2.349,2.289,2.469,True
2026-09-30T17:46:39+00:00,057827cd-6583-4a3a-a461-f8546073fd02,SUN,Sun Klosterstr.,Berlin,52.52943,13.19517,2.4,2.299,2.239,2.409,True
2026-09-30T17:46:39+00:00,905d4775-754e-4b38-baca-89c98fad1d1a,Sprint,Sprint Berlin Ruhlebener Str.,Berlin,52.529285,13.20718,2.9,2.299,2.239,2.399,True
2026-09-30T17:48:10+00:00,cebbe420-bcf3-4db8-9099-c52b783e2158,ESSO,Esso Tankstelle,BERLIN,52.549044,13.17897,0,2.319,2.259,2.419,True
2026-09-30T17:48:10+00:00,7347dd32-bfa1-470a-a6ee-2a2c95ad9af5,ARAL,Aral Tankstelle,Berlin,52.542747,13.199304,1.5,2.319,2.259,2.419,True
2026-09-30T17:48:10+00:00,9f07b69b-4b15-4852-9c60-5d293c6cadc5,Sprint,Sprint Berlin Seegefelder Str.,Berlin,52.536163,13.191189,1.6,2.299,2.239,2.399,True
2026-09-30T17:48:10+00:00,005056ba-7cb6-1ed2-bceb-641db1c24d1d,STAR,star Tankstelle,Berlin,52.534388,13.184014,1.7,2.299,2.239,2.409,True
2026-09-30T17:48:10+00:00,51d4b471-a095-1aa0-e100-80009459e03a,JET,JET BERLIN BRUNSBUETTELER DAMM 87-89,BERLIN,52.53379,13.18503,1.7,2.299,2.239,2.399,True
2026-09-30T17:48:10+00:00,d590310c-e209-46b2-bfe7-dacc6148e1f1,TotalEnergies,TotalEnergies Berlin,Berlin,52.55424,13.207408,2,2.329,2.269,2.429,True
2026-09-30T17:48:10+00:00,5d8c8a4c-bce7-4d28-ae12-0d61a971c5cc,Shell,Shell Berlin Streitstr. 19,Berlin,52.558899,13.208409,2.3,2.349,2.289,2.469,True
2026-09-30T17:48:10+00:00,057827cd-6583-4a3a-a461-f8546073fd02,SUN,Sun Klosterstr.,Berlin,52.52943,13.19517,2.4,2.299,2.239,2.409,True
2026-09-30T17:48:10+00:00,905d4775-754e-4b38-baca-89c98fad1d1a,Sprint,Sprint Berlin Ruhlebener Str.,Berlin,52.529285,13.20718,2.9,2.299,2.239,2.399,True
2026-09-30T17:49:41+00:00,cebbe420-bcf3-4db8-9099-c52b783e2158,ESSO,Esso Tankstelle,BERLIN,52.549044,13.17897,0,2.319,2.259,2.419,True
2026-09-30T17:49:41+00:00,7347dd32-bfa1-470a-a6ee-2a2c95ad9af5,ARAL,Aral Tankstelle,Berlin,52.542747,13.199304,1.5,2.319,2.259,2.419,True
2026-09-30T17:49:41+00:00,9f07b69b-4b15-4852-9c60-5d293c6cadc5,Sprint,Sprint Berlin Seegefelder Str.,Berlin,52.536163,13.191189,1.6,2.299,2.239,2.399,True
2026-09-30T17:49:41+00:00,005056ba-7cb6-1ed2-bceb-641db1c24d1d,STAR,star Tankstelle,Berlin,52.534388,13.184014,1.7,2.299,2.239,2.399,True
2026-09-30T17:49:41+00:00,51d4b471-a095-1aa0-e100-80009459e03a,JET,JET BERLIN BRUNSBUETTELER DAMM 87-89,BERLIN,52.53379,13.18503,1.7,2.299,2.239,2.399,True
2026-09-30T17:49:41+00:00,d590310c-e209-46b2-bfe7-dacc6148e1f1,TotalEnergies,TotalEnergies Berlin,Berlin,52.55424,13.207408,2,2.329,2.269,2.429,True
2026-09-30T17:49:41+00:00,5d8c8a4c-bce7-4d28-ae12-0d61a971c5cc,Shell,Shell Berlin Streitstr. 19,Berlin,52.558899,13.208409,2.3,2.349,2.289,2.469,True
2026-09-30T17:49:41+00:00,057827cd-6583-4a3a-a461-f8546073fd02,SUN,Sun Klosterstr.,Berlin,52.52943,13.19517,2.4,2.299,2.239,2.399,True
2026-09-30T17:49:41+00:00,905d4775-754e-4b38-baca-89c98fad1d1a,Sprint,Sprint Berlin Ruhlebener Str.,Berlin,52.529285,13.20718,2.9,2.299,2.239,2.399,True
2026-09-30T17:51:12+00:00,cebbe420-bcf3-4db8-9099-c52b783e2158,ESSO,Esso Tankstelle,BERLIN,52.549044,13.17897,0,2.319,2.259,2.419,True
2026-09-30T17:51:12+00:00,7347dd32-bfa1-470a-a6ee-2a2c95ad9af5,ARAL,Aral Tankstelle,Berlin,52.542747,13.199304,1.5,2.319,2.259,2.419,True
2026-09-30T17:51:12+00:00,9f07b69b-4b15-4852-9c60-5d293c6cadc5,Sprint,Sprint Berlin Seegefelder Str.,Berlin,52.536163,13.191189,1.6,2.299,2.239,2.399,True
2026-09-30T17:51:12+00:00,005056ba-7cb6-1ed2-bceb-641db1c24d1d,STAR,star Tankstelle,Berlin,52.534388,13.184014,1.7,2.299,2.239,2.399,True
2026-09-30T17:51:12+00:00,51d4b471-a095-1aa0-e100-80009459e03a,JET,JET BERLIN BRUNSBUETTELER DAMM 87-89,BERLIN,52.53379,13.18503,1.7,2.299,2.239,2.399,True
2026-09-30T17:51:12+00:00,d590310c-e209-46b2-bfe7-dacc6148e1f1,TotalEnergies,TotalEnergies Berlin,Berlin,52.55424,13.207408,2,2.329,2.269,2.429,True
2026-09-30T17:51:12+00:00,5d8c8a4c-bce7-4d28-ae12-0d61a971c5cc,Shell,Shell Berlin Streitstr. 19,Berlin,52.558899,13.208409,2.3,2.349,2.289,2.469,True
2026-09-30T17:51:12+00:00,057827cd-6583-4a3a-a461-f8546073fd02,SUN,Sun Klosterstr.,Berlin,52.52943,13.19517,2.4,2.299,2.239,2.399,True
2026-09-30T17:51:12+00:00,905d4775-754e-4b38-baca-89c98fad1d1a,Sprint,Sprint Berlin Ruhlebener Str.,Berlin,52.529285,13.20718,2.9,2.299,2.239,2.399,True
2026-09-30T17:52:43+00:00,cebbe420-bcf3-4db8-9099-c52b783e2158,ESSO,Esso Tankstelle,BERLIN,52.549044,13.17897,0,2.319,2.259,2.419,True
2026-09-30T17:52:43+00:00,7347dd32-bfa1-470a-a6ee-2a2c95ad9af5,ARAL,Aral Tankstelle,Berlin,52.542747,13.199304,1.5,2.319,2.259,2.419,True
2026-09-30T17:52:43+00:00,9f07b69b-4b15-4852-9c60-5d293c6cadc5,Sprint,Sprint Berlin Seegefelder Str.,Berlin,52.536163,13.191189,1.6,2.299,2.239,2.399,True
2026-09-30T17:52:43+00:00,005056ba-7cb6-1ed2-bceb-641db1c24d1d,STAR,star Tankstelle,Berlin,52.534388,13.184014,1.7,2.299,2.239,2.399,True
2026-09-30T17:52:43+00:00,51d4b471-a095-1aa0-e100-80009459e03a,JET,JET BERLIN BRUNSBUETTELER DAMM 87-89,BERLIN,52.53379,13.18503,1.7,2.299,2.239,2.399,True
2026-09-30T17:52:43+00:00,d590310c-e209-46b2-bfe7-dacc6148e1f1,TotalEnergies,TotalEnergies Berlin,Berlin,52.55424,13.207408,2,2.329,2.269,2.429,True
2026-09-30T17:52:43+00:00,5d8c8a4c-bce7-4d28-ae12-0d61a971c5cc,Shell,Shell Berlin Streitstr. 19,Berlin,52.558899,13.208409,2.3,2.349,2.289,2.469,True
2026-09-30T17:52:43+00:00,057827cd-6583-4a3a-a461-f8546073fd02,SUN,Sun Klosterstr.,Berlin,52.52943,13.19517,2.4,2.299,2.239,2.399,True
2026-09-30T17:52:43+00:00,905d4775-754e-4b38-baca-89c98fad1d1a,Sprint,Sprint Berlin Ruhlebener Str.,Berlin,52.529285,13.20718,2.9,2.299,2.239,2.399,True
2026-09-30T17:54:15+00:00,cebbe420-bcf3-4db8-9099-c52b783e2158,ESSO,Esso Tankstelle,BERLIN,52.549044,13.17897,0,2.319,2.259,2.419,True
2026-09-30T17:54:15+00:00,7347dd32-bfa1-470a-a6ee-2a2c95ad9af5,ARAL,Aral Tankstelle,Berlin,52.542747,13.199304,1.5,2.319,2.259,2.419,True
2026-09-30T17:54:15+00:00,9f07b69b-4b15-4852-9c60-5d293c6cadc5,Sprint,Sprint Berlin Seegefelder Str.,Berlin,52.536163,13.191189,1.6,2.299,2.239,2.399,True
2026-09-30T17:54:15+00:00,005056ba-7cb6-1ed2-bceb-641db1c24d1d,STAR,star Tankstelle,Berlin,52.534388,13.184014,1.7,2.299,2.239,2.399,True
2026-09-30T17:54:15+00:00,51d4b471-a095-1aa0-e100-80009459e03a,JET,JET BERLIN BRUNSBUETTELER DAMM 87-89,BERLIN,52.53379,13.18503,1.7,2.299,2.239,2.399,True
2026-09-30T17:54:15+00:00,d590310c-e209-46b2-bfe7-dacc6148e1f1,TotalEnergies,TotalEnergies Berlin,Berlin,52.55424,13.207408,2,2.329,2.269,2.429,True
2026-09-30T17:54:15+00:00,5d8c8a4c-bce7-4d28-ae12-0d61a971c5cc,Shell,Shell Berlin Streitstr. 19,Berlin,52.558899,13.208409,2.3,2.349,2.289,2.469,True
2026-09-30T17:54:15+00:00,057827cd-6583-4a3a-a461-f8546073fd02,SUN,Sun Klosterstr.,Berlin,52.52943,13.19517,2.4,2.299,2.239,2.399,True
2026-09-30T17:54:15+00:00,905d4775-754e-4b38-baca-89c98fad1d1a,Sprint,Sprint Berlin Ruhlebener Str.,Berlin,52.529285,13.20718,2.9,2.299,2.239,2.399,True
2026-09-30T17:55:46+00:00,cebbe420-bcf3-4db8-9099-c52b783e2158,ESSO,Esso Tankstelle,BERLIN,52.549044,13.17897,0,2.319,2.259,2.419,True
2026-09-30T17:55:46+00:00,7347dd32-bfa1-470a-a6ee-2a2c95ad9af5,ARAL,Aral Tankstelle,Berlin,52.542747,13.199304,1.5,2.319,2.259,2.419,True
2026-09-30T17:55:46+00:00,9f07b69b-4b15-4852-9c60-5d293c6cadc5,Sprint,Sprint Berlin Seegefelder Str.,Berlin,52.536163,13.191189,1.6,2.299,2.239,2.399,True
2026-09-30T17:55:46+00:00,005056ba-7cb6-1ed2-bceb-641db1c24d1d,STAR,star Tankstelle,Berlin,52.534388,13.184014,1.7,2.299,2.239,2.399,True
2026-09-30T17:55:46+00:00,51d4b471-a095-1aa0-e100-80009459e03a,JET,JET BERLIN BRUNSBUETTELER DAMM 87-89,BERLIN,52.53379,13.18503,1.7,2.299,2.239,2.399,True
2026-09-30T17:55:46+00:00,d590310c-e209-46b2-bfe7-dacc6148e1f1,TotalEnergies,TotalEnergies Berlin,Berlin,52.55424,13.207408,2,2.329,2.269,2.429,True
2026-09-30T17:55:46+00:00,5d8c8a4c-bce7-4d28-ae12-0d61a971c5cc,Shell,Shell Berlin Streitstr. 19,Berlin,52.558899,13.208409,2.3,2.349,2.289,2.469,True
2026-09-30T17:55:46+00:00,057827cd-6583-4a3a-a461-f8546073fd02,SUN,Sun Klosterstr.,Berlin,52.52943,13.19517,2.4,2.299,2.239,2.399,True
2026-09-30T17:55:46+00:00,905d4775-754e-4b38-baca-89c98fad1d1a,Sprint,Sprint Berlin Ruhlebener Str.,Berlin,52.529285,13.20718,2.9,2.299,2.239,2.399,True
2026-09-30T17:57:17+00:00,cebbe420-bcf3-4db8-9099-c52b783e2158,ESSO,Esso Tankstelle,BERLIN,52.549044,13.17897,0,2.319,2.259,2.419,True
2026-09-30T17:57:17+00:00,7347dd32-bfa1-470a-a6ee-2a2c95ad9af5,ARAL,Aral Tankstelle,Berlin,52.542747,13.199304,1.5,2.319,2.259,2.419,True
2026-09-30T17:57:17+00:00,9f07b69b-4b15-4852-9c60-5d293c6cadc5,Sprint,Sprint Berlin Seegefelder Str.,Berlin,52.536163,13.191189,1.6,2.299,2.239,2.399,True
2026-09-30T17:57:17+00:00,005056ba-7cb6-1ed2-bceb-641db1c24d1d,STAR,star Tankstelle,Berlin,52.534388,13.184014,1.7,2.299,2.239,2.399,True
2026-09-30T17:57:17+00:00,51d4b471-a095-1aa0-e100-80009459e03a,JET,JET BERLIN BRUNSBUETTELER DAMM 87-89,BERLIN,52.53379,13.18503,1.7,2.299,2.239,2.399,True
2026-09-30T17:57:17+00:00,d590310c-e209-46b2-bfe7-dacc6148e1f1,TotalEnergies,TotalEnergies Berlin,Berlin,52.55424,13.207408,2,2.329,2.269,2.429,True
2026-09-30T17:57:17+00:00,5d8c8a4c-bce7-4d28-ae12-0d61a971c5cc,Shell,Shell Berlin Streitstr. 19,Berlin,52.558899,13.208409,2.3,2.349,2.289,2.469,True
2026-09-30T17:57:17+00:00,057827cd-6583-4a3a-a461-f8546073fd02,SUN,Sun Klosterstr.,Berlin,52.52943,13.19517,2.4,2.299,2.239,2.399,True
2026-09-30T17:57:17+00:00,905d4775-754e-4b38-baca-89c98fad1d1a,Sprint,Sprint Berlin Ruhlebener Str.,Berlin,52.529285,13.20718,2.9,2.299,2.239,2.399,True
2026-09-30T17:58:48+00:00,cebbe420-bcf3-4db8-9099-c52b783e2158,ESSO,Esso Tankstelle,BERLIN,52.549044,13.17897,0,2.319,2.259,2.419,True
2026-09-30T17:58:48+00:00,7347dd32-bfa1-470a-a6ee-2a2c95ad9af5,ARAL,Aral Tankstelle,Berlin,52.542747,13.199304,1.5,2.319,2.259,2.419,True
2026-09-30T17:58:48+00:00,9f07b69b-4b15-4852-9c60-5d293c6cadc5,Sprint,Sprint Berlin Seegefelder Str.,Berlin,52.536163,13.191189,1.6,2.299,2.239,2.399,True
2026-09-30T17:58:48+00:00,005056ba-7cb6-1ed2-bceb-641db1c24d1d,STAR,star Tankstelle,Berlin,52.534388,13.184014,1.7,2.299,2.239,2.399,True
2026-09-30T17:58:48+00:00,51d4b471-a095-1aa0-e100-80009459e03a,JET,JET BERLIN BRUNSBUETTELER DAMM 87-89,BERLIN,52.53379,13.18503,1.7,2.299,2.239,2.399,True
2026-09-30T17:58:48+00:00,d590310c-e209-46b2-bfe7-dacc6148e1f1,TotalEnergies,TotalEnergies Berlin,Berlin,52.55424,13.207408,2,2.329,2.269,2.429,True
2026-09-30T17:58:48+00:00,5d8c8a4c-bce7-4d28-ae12-0d61a971c5cc,Shell,Shell Berlin Streitstr. 19,Berlin,52.558899,13.208409,2.3,2.349,2.289,2.469,True
2026-09-30T17:58:48+00:00,057827cd-6583-4a3a-a461-f8546073fd02,SUN,Sun Klosterstr.,Berlin,52.52943,13.19517,2.4,2.299,2.239,2.399,True
2026-09-30T17:58:48+00:00,905d4775-754e-4b38-baca-89c98fad1d1a,Sprint,Sprint Berlin Ruhlebener Str.,Berlin,52.529285,13.20718,2.9,2.299,2.239,2.399,True
2026-09-30T18:00:19+00:00,cebbe420-bcf3-4db8-9099-c52b783e2158,ESSO,Esso Tankstelle,BERLIN,52.549044,13.17897,0,2.319,2.259,2.419,True
2026-09-30T18:00:19+00:00,7347dd32-bfa1-470a-a6ee-2a2c95ad9af5,ARAL,Aral Tankstelle,Berlin,52.542747,13.199304,1.5,2.319,2.259,2.419,True
2026-09-30T18:00:19+00:00,9f07b69b-4b15-4852-9c60-5d293c6cadc5,Sprint,Sprint Berlin Seegefelder Str.,Berlin,52.536163,13.191189,1.6,2.299,2.239,2.399,True
2026-09-30T18:00:19+00:00,005056ba-7cb6-1ed2-bceb-641db1c24d1d,STAR,star Tankstelle,Berlin,52.534388,13.184014,1.7,2.299,2.239,2.399,True
2026-09-30T18:00:19+00:00,51d4b471-a095-1aa0-e100-80009459e03a,JET,JET BERLIN BRUNSBUETTELER DAMM 87-89,BERLIN,52.53379,13.18503,1.7,2.299,2.239,2.399,True
2026-09-30T18:00:19+00:00,d590310c-e209-46b2-bfe7-dacc6148e1f1,TotalEnergies,TotalEnergies Berlin,Berlin,52.55424,13.207408,2,2.329,2.269,2.429,True
2026-09-30T18:00:19+00:00,5d8c8a4c-bce7-4d28-ae12-0d61a971c5cc,Shell,Shell Berlin Streitstr. 19,Berlin,52.558899,13.208409,2.3,2.349,2.289,2.469,True
2026-09-30T18:00:19+00:00,057827cd-6583-4a3a-a461-f8546073fd02,SUN,Sun Klosterstr.,Berlin,52.52943,13.19517,2.4,2.299,2.239,2.399,True
2026-09-30T18:00:19+00:00,905d4775-754e-4b38-baca-89c98fad1d1a,Sprint,Sprint Berlin Ruhlebener Str.,Berlin,52.529285,13.20718,2.9,2.299,2.239,2.399,True
2026-09-30T18:02:00+00:00,cebbe420-bcf3-4db8-9099-c52b783e2158,ESSO,Esso Tankstelle,BERLIN,52.549044,13.17897,0,2.319,2.259,2.419,True
2026-09-30T18:02:00+00:00,7347dd32-bfa1-470a-a6ee-2a2c95ad9af5,ARAL,Aral Tankstelle,Berlin,52.542747,13.199304,1.5,2.319,2.259,2.419,True
2026-09-30T18:02:00+00:00,9f07b69b-4b15-4852-9c60-5d293c6cadc5,Sprint,Sprint Berlin Seegefelder Str.,Berlin,52.536163,13.191189,1.6,2.299,2.239,2.399,True
2026-09-30T18:02:00+00:00,005056ba-7cb6-1ed2-bceb-641db1c24d1d,STAR,star Tankstelle,Berlin,52.534388,13.184014,1.7,2.299,2.239,2.399,True
2026-09-30T18:02:00+00:00,51d4b471-a095-1aa0-e100-80009459e03a,JET,JET BERLIN BRUNSBUETTELER DAMM 87-89,BERLIN,52.53379,13.18503,1.7,2.299,2.239,2.399,True
2026-09-30T18:02:00+00:00,d590310c-e209-46b2-bfe7-dacc6148e1f1,TotalEnergies,TotalEnergies Berlin,Berlin,52.55424,13.207408,2,2.329,2.269,2.429,True
2026-09-30T18:02:00+00:00,5d8c8a4c-bce7-4d28-ae12-0d61a971c5cc,Shell,Shell Berlin Streitstr. 19,Berlin,52.558899,13.208409,2.3,2.349,2.289,2.469,True
2026-09-30T18:02:00+00:00,057827cd-6583-4a3a-a461-f8546073fd02,SUN,Sun Klosterstr.,Berlin,52.52943,13.19517,2.4,2.299,2.239,2.399,True
2026-09-30T18:02:00+00:00,905d4775-754e-4b38-baca-89c98fad1d1a,Sprint,Sprint Berlin Ruhlebener Str.,Berlin,52.529285,13.20718,2.9,2.299,2.239,2.399,True
2026-09-30T18:03:31+00:00,cebbe420-bcf3-4db8-9099-c52b783e2158,ESSO,Esso Tankstelle,BERLIN,52.549044,13.17897,0,2.319,2.259,2.419,True
2026-09-30T18:03:31+00:00,7347dd32-bfa1-470a-a6ee-2a2c95ad9af5,ARAL,Aral Tankstelle,Berlin,52.542747,13.199304,1.5,2.319,2.259,2.419,True
2026-09-30T18:03:31+00:00,9f07b69b-4b15-4852-9c60-5d293c6cadc5,Sprint,Sprint Berlin Seegefelder Str.,Berlin,52.536163,13.191189,1.6,2.299,2.239,2.399,True
2026-09-30T18:03:31+00:00,005056ba-7cb6-1ed2-bceb-641db1c24d1d,STAR,star Tankstelle,Berlin,52.534388,13.184014,1.7,2.299,2.239,2.399,True
2026-09-30T18:03:31+00:00,51d4b471-a095-1aa0-e100-80009459e03a,JET,JET BERLIN BRUNSBUETTELER DAMM 87-89,BERLIN,52.53379,13.18503,1.7,2.299,2.239,2.399,True
2026-09-30T18:03:31+00:00,d590310c-e209-46b2-bfe7-dacc6148e1f1,TotalEnergies,TotalEnergies Berlin,Berlin,52.55424,13.207408,2,2.329,2.269,2.429,True
2026-09-30T18:03:31+00:00,5d8c8a4c-bce7-4d28-ae12-0d61a971c5cc,Shell,Shell Berlin Streitstr. 19,Berlin,52.558899,13.208409,2.3,2.349,2.289,2.469,True
2026-09-30T18:03:31+00:00,057827cd-6583-4a3a-a461-f8546073fd02,SUN,Sun Klosterstr.,Berlin,52.52943,13.19517,2.4,2.299,2.239,2.399,True
2026-09-30T18:03:31+00:00,905d4775-754e-4b38-baca-89c98fad1d1a,Sprint,Sprint Berlin Ruhlebener Str.,Berlin,52.529285,13.20718,2.9,2.299,2.239,2.399,True
2026-09-30T18:05:02+00:00,cebbe420-bcf3-4db8-9099-c52b783e2158,ESSO,Esso Tankstelle,BERLIN,52.549044,13.17897,0,2.319,2.259,2.419,True
2026-09-30T18:05:02+00:00,7347dd32-bfa1-470a-a6ee-2a2c95ad9af5,ARAL,Aral Tankstelle,Berlin,52.542747,13.199304,1.5,2.319,2.259,2.419,True
2026-09-30T18:05:02+00:00,9f07b69b-4b15-4852-9c60-5d293c6cadc5,Sprint,Sprint Berlin Seegefelder Str.,Berlin,52.536163,13.191189,1.6,2.299,2.239,2.399,True
2026-09-30T18:05:02+00:00,005056ba-7cb6-1ed2-bceb-641db1c24d1d,STAR,star Tankstelle,Berlin,52.534388,13.184014,1.7,2.299,2.239,2.399,True
2026-09-30T18:05:02+00:00,51d4b471-a095-1aa0-e100-80009459e03a,JET,JET BERLIN BRUNSBUETTELER DAMM 87-89,BERLIN,52.53379,13.18503,1.7,2.299,2.239,2.399,True
2026-09-30T18:05:02+00:00,d590310c-e209-46b2-bfe7-dacc6148e1f1,TotalEnergies,TotalEnergies Berlin,Berlin,52.55424,13.207408,2,2.329,2.269,2.429,True
2026-09-30T18:05:02+00:00,5d8c8a4c-bce7-4d28-ae12-0d61a971c5cc,Shell,Shell Berlin Streitstr. 19,Berlin,52.558899,13.208409,2.3,2.349,2.289,2.469,True
2026-09-30T18:05:02+00:00,057827cd-6583-4a3a-a461-f8546073fd02,SUN,Sun Klosterstr.,Berlin,52.52943,13.19517,2.4,2.299,2.239,2.399,True
2026-09-30T18:05:02+00:00,905d4775-754e-4b38-baca-89c98fad1d1a,Sprint,Sprint Berlin Ruhlebener Str.,Berlin,52.529285,13.20718,2.9,2.299,2.239,2.399,True
2026-09-30T18:06:36+00:00,cebbe420-bcf3-4db8-9099-c52b783e2158,ESSO,Esso Tankstelle,BERLIN,52.549044,13.17897,0,2.319,2.259,2.419,True
2026-09-30T18:06:36+00:00,7347dd32-bfa1-470a-a6ee-2a2c95ad9af5,ARAL,Aral Tankstelle,Berlin,52.542747,13.199304,1.5,2.319,2.259,2.419,True
2026-09-30T18:06:36+00:00,9f07b69b-4b15-4852-9c60-5d293c6cadc5,Sprint,Sprint Berlin Seegefelder Str.,Berlin,52.536163,13.191189,1.6,2.299,2.239,2.399,True
2026-09-30T18:06:36+00:00,005056ba-7cb6-1ed2-bceb-641db1c24d1d,STAR,star Tankstelle,Berlin,52.534388,13.184014,1.7,2.299,2.239,2.399,True
2026-09-30T18:06:36+00:00,51d4b471-a095-1aa0-e100-80009459e03a,JET,JET BERLIN BRUNSBUETTELER DAMM 87-89,BERLIN,52.53379,13.18503,1.7,2.299,2.239,2.399,True
2026-09-30T18:06:36+00:00,d590310c-e209-46b2-bfe7-dacc6148e1f1,TotalEnergies,TotalEnergies Berlin,Berlin,52.55424,13.207408,2,2.329,2.269,2.429,True
2026-09-30T18:06:36+00:00,5d8c8a4c-bce7-4d28-ae12-0d61a971c5cc,Shell,Shell Berlin Streitstr. 19,Berlin,52.558899,13.208409,2.3,2.349,2.289,2.469,True
2026-09-30T18:06:36+00:00,057827cd-6583-4a3a-a461-f8546073fd02,SUN,Sun Klosterstr.,Berlin,52.52943,13.19517,2.4,2.299,2.239,2.399,True
2026-09-30T18:06:36+00:00,905d4775-754e-4b38-baca-89c98fad1d1a,Sprint,Sprint Berlin Ruhlebener Str.,Berlin,52.529285,13.20718,2.9,2.299,2.239,2.399,True
2026-09-30T18:08:08+00:00,cebbe420-bcf3-4db8-9099-c52b783e2158,ESSO,Esso Tankstelle,BERLIN,52.549044,13.17897,0,2.319,2.259,2.419,True
2026-09-30T18:08:08+00:00,7347dd32-bfa1-470a-a6ee-2a2c95ad9af5,ARAL,Aral Tankstelle,Berlin,52.542747,13.199304,1.5,2.319,2.259,2.409,True
2026-09-30T18:08:08+00:00,9f07b69b-4b15-4852-9c60-5d293c6cadc5,Sprint,Sprint Berlin Seegefelder Str.,Berlin,52.536163,13.191189,1.6,2.299,2.239,2.399,True
2026-09-30T18:08:08+00:00,005056ba-7cb6-1ed2-bceb-641db1c24d1d,STAR,star Tankstelle,Berlin,52.534388,13.184014,1.7,2.299,2.239,2.399,True
2026-09-30T18:08:08+00:00,51d4b471-a095-1aa0-e100-80009459e03a,JET,JET BERLIN BRUNSBUETTELER DAMM 87-89,BERLIN,52.53379,13.18503,1.7,2.299,2.239,2.399,True
2026-09-30T18:08:08+00:00,d590310c-e209-46b2-bfe7-dacc6148e1f1,TotalEnergies,TotalEnergies Berlin,Berlin,52.55424,13.207408,2,2.329,2.269,2.429,True
2026-09-30T18:08:08+00:00,5d8c8a4c-bce7-4d28-ae12-0d61a971c5cc,Shell,Shell Berlin Streitstr. 19,Berlin,52.558899,13.208409,2.3,2.349,2.289,2.469,True
2026-09-30T18:08:08+00:00,057827cd-6583-4a3a-a461-f8546073fd02,SUN,Sun Klosterstr.,Berlin,52.52943,13.19517,2.4,2.299,2.239,2.399,True
2026-09-30T18:08:08+00:00,905d4775-754e-4b38-baca-89c98fad1d1a,Sprint,Sprint Berlin Ruhlebener Str.,Berlin,52.529285,13.20718,2.9,2.299,2.239,2.399,True
2026-09-30T18:09:39+00:00,cebbe420-bcf3-4db8-9099-c52b783e2158,ESSO,Esso Tankstelle,BERLIN,52.549044,13.17897,0,2.319,2.259,2.419,True
2026-09-30T18:09:39+00:00,7347dd32-bfa1-470a-a6ee-2a2c95ad9af5,ARAL,Aral Tankstelle,Berlin,52.542747,13.199304,1.5,2.319,2.259,2.409,True
2026-09-30T18:09:39+00:00,9f07b69b-4b15-4852-9c60-5d293c6cadc5,Sprint,Sprint Berlin Seegefelder Str.,Berlin,52.536163,13.191189,1.6,2.299,2.239,2.399,True
2026-09-30T18:09:39+00:00,005056ba-7cb6-1ed2-bceb-641db1c24d1d,STAR,star Tankstelle,Berlin,52.534388,13.184014,1.7,2.299,2.239,2.399,True
2026-09-30T18:09:39+00:00,51d4b471-a095-1aa0-e100-80009459e03a,JET,JET BERLIN BRUNSBUETTELER DAMM 87-89,BERLIN,52.53379,13.18503,1.7,2.299,2.239,2.399,True
2026-09-30T18:09:39+00:00,d590310c-e209-46b2-bfe7-dacc6148e1f1,TotalEnergies,TotalEnergies Berlin,Berlin,52.55424,13.207408,2,2.329,2.269,2.429,True
2026-09-30T18:09:39+00:00,5d8c8a4c-bce7-4d28-ae12-0d61a971c5cc,Shell,Shell Berlin Streitstr. 19,Berlin,52.558899,13.208409,2.3,2.349,2.289,2.469,True
2026-09-30T18:09:39+00:00,057827cd-6583-4a3a-a461-f8546073fd02,SUN,Sun Klosterstr.,Berlin,52.52943,13.19517,2.4,2.299,2.239,2.399,True
2026-09-30T18:09:39+00:00,905d4775-754e-4b38-baca-89c98fad1d1a,Sprint,Sprint Berlin Ruhlebener Str.,Berlin,52.529285,13.20718,2.9,2.299,2.239,2.399,True
2026-09-30T18:11:10+00:00,cebbe420-bcf3-4db8-9099-c52b783e2158,ESSO,Esso Tankstelle,BERLIN,52.549044,13.17897,0,2.319,2.259,2.419,True
2026-09-30T18:11:10+00:00,7347dd32-bfa1-470a-a6ee-2a2c95ad9af5,ARAL,Aral Tankstelle,Berlin,52.542747,13.199304,1.5,2.319,2.259,2.409,True
2026-09-30T18:11:10+00:00,9f07b69b-4b15-4852-9c60-5d293c6cadc5,Sprint,Sprint Berlin Seegefelder Str.,Berlin,52.536163,13.191189,1.6,2.299,2.239,2.399,True
2026-09-30T18:11:10+00:00,005056ba-7cb6-1ed2-bceb-641db1c24d1d,STAR,star Tankstelle,Berlin,52.534388,13.184014,1.7,2.299,2.239,2.399,True
2026-09-30T18:11:10+00:00,51d4b471-a095-1aa0-e100-80009459e03a,JET,JET BERLIN BRUNSBUETTELER DAMM 87-89,BERLIN,52.53379,13.18503,1.7,2.299,2.239,2.399,True
2026-09-30T18:11:10+00:00,d590310c-e209-46b2-bfe7-dacc6148e1f1,TotalEnergies,TotalEnergies Berlin,Berlin,52.55424,13.207408,2,2.329,2.269,2.429,True
2026-09-30T18:11:10+00:00,5d8c8a4c-bce7-4d28-ae12-0d61a971c5cc,Shell,Shell Berlin Streitstr. 19,Berlin,52.558899,13.208409,2.3,2.349,2.289,2.469,True
2026-09-30T18:11:10+00:00,057827cd-6583-4a3a-a461-f8546073fd02,SUN,Sun Klosterstr.,Berlin,52.52943,13.19517,2.4,2.299,2.239,2.399,True
2026-09-30T18:11:10+00:00,905d4775-754e-4b38-baca-89c98fad1d1a,Sprint,Sprint Berlin Ruhlebener Str.,Berlin,52.529285,13.20718,2.9,2.299,2.239,2.399,True
2026-09-30T18:12:41+00:00,cebbe420-bcf3-4db8-9099-c52b783e2158,ESSO,Esso Tankstelle,BERLIN,52.549044,13.17897,0,2.319,2.259,2.419,True
2026-09-30T18:12:41+00:00,7347dd32-bfa1-470a-a6ee-2a2c95ad9af5,ARAL,Aral Tankstelle,Berlin,52.542747,13.199304,1.5,2.319,2.259,2.409,True
2026-09-30T18:12:41+00:00,9f07b69b-4b15-4852-9c60-5d293c6cadc5,Sprint,Sprint Berlin Seegefelder Str.,Berlin,52.536163,13.191189,1.6,2.299,2.239,2.399,True
2026-09-30T18:12:41+00:00,005056ba-7cb6-1ed2-bceb-641db1c24d1d,STAR,star Tankstelle,Berlin,52.534388,13.184014,1.7,2.299,2.239,2.399,True
2026-09-30T18:12:41+00:00,51d4b471-a095-1aa0-e100-80009459e03a,JET,JET BERLIN BRUNSBUETTELER DAMM 87-89,BERLIN,52.53379,13.18503,1.7,2.299,2.239,2.399,True
2026-09-30T18:12:41+00:00,d590310c-e209-46b2-bfe7-dacc6148e1f1,TotalEnergies,TotalEnergies Berlin,Berlin,52.55424,13.207408,2,2.329,2.269,2.429,True
2026-09-30T18:12:41+00:00,5d8c8a4c-bce7-4d28-ae12-0d61a971c5cc,Shell,Shell Berlin Streitstr. 19,Berlin,52.558899,13.208409,2.3,2.349,2.289,2.469,True
2026-09-30T18:12:41+00:00,057827cd-6583-4a3a-a461-f8546073fd02,SUN,Sun Klosterstr.,Berlin,52.52943,13.19517,2.4,2.299,2.239,2.399,True
2026-09-30T18:12:41+00:00,905d4775-754e-4b38-baca-89c98fad1d1a,Sprint,Sprint Berlin Ruhlebener Str.,Berlin,52.529285,13.20718,2.9,2.299,2.239,2.399,True
2026-09-30T18:14:12+00:00,cebbe420-bcf3-4db8-9099-c52b783e2158,ESSO,Esso Tankstelle,BERLIN,52.549044,13.17897,0,2.319,2.259,2.419,True
2026-09-30T18:14:12+00:00,7347dd32-bfa1-470a-a6ee-2a2c95ad9af5,ARAL,Aral Tankstelle,Berlin,52.542747,13.199304,1.5,2.319,2.259,2.409,True
2026-09-30T18:14:12+00:00,9f07b69b-4b15-4852-9c60-5d293c6cadc5,Sprint,Sprint Berlin Seegefelder Str.,Berlin,52.536163,13.191189,1.6,2.299,2.239,2.399,True
2026-09-30T18:14:12+00:00,005056ba-7cb6-1ed2-bceb-641db1c24d1d,STAR,star Tankstelle,Berlin,52.534388,13.184014,1.7,2.299,2.239,2.399,True
2026-09-30T18:14:12+00:00,51d4b471-a095-1aa0-e100-80009459e03a,JET,JET BERLIN BRUNSBUETTELER DAMM 87-89,BERLIN,52.53379,13.18503,1.7,2.299,2.239,2.399,True
2026-09-30T18:14:12+00:00,d590310c-e209-46b2-bfe7-dacc6148e1f1,TotalEnergies,TotalEnergies Berlin,Berlin,52.55424,13.207408,2,2.329,2.269,2.429,True
2026-09-30T18:14:12+00:00,5d8c8a4c-bce7-4d28-ae12-0d61a971c5cc,Shell,Shell Berlin Streitstr. 19,Berlin,52.558899,13.208409,2.3,2.349,2.289,2.469,True
2026-09-30T18:14:12+00:00,057827cd-6583-4a3a-a461-f8546073fd02,SUN,Sun Klosterstr.,Berlin,52.52943,13.19517,2.4,2.299,2.239,2.399,True
2026-09-30T18:14:12+00:00,905d4775-754e-4b38-baca-89c98fad1d1a,Sprint,Sprint Berlin Ruhlebener Str.,Berlin,52.529285,13.20718,2.9,2.299,2.239,2.399,True
2026-09-30T18:15:43+00:00,cebbe420-bcf3-4db8-9099-c52b783e2158,ESSO,Esso Tankstelle,BERLIN,52.549044,13.17897,0,2.319,2.259,2.419,True
2026-09-30T18:15:43+00:00,7347dd32-bfa1-470a-a6ee-2a2c95ad9af5,ARAL,Aral Tankstelle,Berlin,52.542747,13.199304,1.5,2.319,2.259,2.409,True
2026-09-30T18:15:43+00:00,9f07b69b-4b15-4852-9c60-5d293c6cadc5,Sprint,Sprint Berlin Seegefelder Str.,Berlin,52.536163,13.191189,1.6,2.299,2.239,2.399,True
2026-09-30T18:15:43+00:00,005056ba-7cb6-1ed2-bceb-641db1c24d1d,STAR,star Tankstelle,Berlin,52.534388,13.184014,1.7,2.299,2.239,2.399,True
2026-09-30T18:15:43+00:00,51d4b471-a095-1aa0-e100-80009459e03a,JET,JET BERLIN BRUNSBUETTELER DAMM 87-89,BERLIN,52.53379,13.18503,1.7,2.299,2.239,2.399,True
2026-09-30T18:15:43+00:00,d590310c-e209-46b2-bfe7-dacc6148e1f1,TotalEnergies,TotalEnergies Berlin,Berlin,52.55424,13.207408,2,2.329,2.269,2.429,True
2026-09-30T18:15:43+00:00,5d8c8a4c-bce7-4d28-ae12-0d61a971c5cc,Shell,Shell Berlin Streitstr. 19,Berlin,52.558899,13.208409,2.3,2.349,2.289,2.469,True
2026-09-30T18:15:43+00:00,057827cd-6583-4a3a-a461-f8546073fd02,SUN,Sun Klosterstr.,Berlin,52.52943,13.19517,2.4,2.299,2.239,2.399,True
2026-09-30T18:15:43+00:00,905d4775-754e-4b38-baca-89c98fad1d1a,Sprint,Sprint Berlin Ruhlebener Str.,Berlin,52.529285,13.20718,2.9,2.299,2.239,2.399,True
2026-09-30T18:17:14+00:00,cebbe420-bcf3-4db8-9099-c52b783e2158,ESSO,Esso Tankstelle,BERLIN,52.549044,13.17897,0,2.319,2.259,2.409,True
2026-09-30T18:17:14+00:00,7347dd32-bfa1-470a-a6ee-2a2c95ad9af5,ARAL,Aral Tankstelle,Berlin,52.542747,13.199304,1.5,2.319,2.259,2.409,True
2026-09-30T18:17:14+00:00,9f07b69b-4b15-4852-9c60-5d293c6cadc5,Sprint,Sprint Berlin Seegefelder Str.,Berlin,52.536163,13.191189,1.6,2.299,2.239,2.399,True
2026-09-30T18:17:14+00:00,005056ba-7cb6-1ed2-bceb-641db1c24d1d,STAR,star Tankstelle,Berlin,52.534388,13.184014,1.7,2.299,2.239,2.399,True
2026-09-30T18:17:14+00:00,51d4b471-a095-1aa0-e100-80009459e03a,JET,JET BERLIN BRUNSBUETTELER DAMM 87-89,BERLIN,52.53379,13.18503,1.7,2.299,2.239,2.399,True
2026-09-30T18:17:14+00:00,d590310c-e209-46b2-bfe7-dacc6148e1f1,TotalEnergies,TotalEnergies Berlin,Berlin,52.55424,13.207408,2,2.329,2.269,2.429,True
2026-09-30T18:17:14+00:00,5d8c8a4c-bce7-4d28-ae12-0d61a971c5cc,Shell,Shell Berlin Streitstr. 19,Berlin,52.558899,13.208409,2.3,2.349,2.289,2.469,True
2026-09-30T18:17:14+00:00,057827cd-6583-4a3a-a461-f8546073fd02,SUN,Sun Klosterstr.,Berlin,52.52943,13.19517,2.4,2.299,2.239,2.399,True
2026-09-30T18:17:14+00:00,905d4775-754e-4b38-baca-89c98fad1d1a,Sprint,Sprint Berlin Ruhlebener Str.,Berlin,52.529285,13.20718,2.9,2.299,2.239,2.399,True
2026-09-30T18:18:44+00:00,cebbe420-bcf3-4db8-9099-c52b783e2158,ESSO,Esso Tankstelle,BERLIN,52.549044,13.17897,0,2.319,2.259,2.409,True
2026-09-30T18:18:44+00:00,7347dd32-bfa1-470a-a6ee-2a2c95ad9af5,ARAL,Aral Tankstelle,Berlin,52.542747,13.199304,1.5,2.319,2.259,2.409,True
2026-09-30T18:18:44+00:00,9f07b69b-4b15-4852-9c60-5d293c6cadc5,Sprint,Sprint Berlin Seegefelder Str.,Berlin,52.536163,13.191189,1.6,2.299,2.239,2.399,True
2026-09-30T18:18:44+00:00,005056ba-7cb6-1ed2-bceb-641db1c24d1d,STAR,star Tankstelle,Berlin,52.534388,13.184014,1.7,2.299,2.239,2.399,True
2026-09-30T18:18:44+00:00,51d4b471-a095-1aa0-e100-80009459e03a,JET,JET BERLIN BRUNSBUETTELER DAMM 87-89,BERLIN,52.53379,13.18503,1.7,2.299,2.239,2.399,True
2026-09-30T18:18:44+00:00,d590310c-e209-46b2-bfe7-dacc6148e1f1,TotalEnergies,TotalEnergies Berlin,Berlin,52.55424,13.207408,2,2.329,2.269,2.429,True
2026-09-30T18:18:44+00:00,5d8c8a4c-bce7-4d28-ae12-0d61a971c5cc,Shell,Shell Berlin Streitstr. 19,Berlin,52.558899,13.208409,2.3,2.349,2.289,2.469,True
2026-09-30T18:18:44+00:00,057827cd-6583-4a3a-a461-f8546073fd02,SUN,Sun Klosterstr.,Berlin,52.52943,13.19517,2.4,2.299,2.239,2.399,True
2026-09-30T18:18:44+00:00,905d4775-754e-4b38-baca-89c98fad1d1a,Sprint,Sprint Berlin Ruhlebener Str.,Berlin,52.529285,13.20718,2.9,2.299,2.239,2.399,True
2026-09-30T18:20:15+00:00,cebbe420-bcf3-4db8-9099-c52b783e2158,ESSO,Esso Tankstelle,BERLIN,52.549044,13.17897,0,2.319,2.259,2.409,True
2026-09-30T18:20:15+00:00,7347dd32-bfa1-470a-a6ee-2a2c95ad9af5,ARAL,Aral Tankstelle,Berlin,52.542747,13.199304,1.5,2.319,2.259,2.409,True
2026-09-30T18:20:15+00:00,9f07b69b-4b15-4852-9c60-5d293c6cadc5,Sprint,Sprint Berlin Seegefelder Str.,Berlin,52.536163,13.191189,1.6,2.299,2.239,2.399,True
2026-09-30T18:20:15+00:00,005056ba-7cb6-1ed2-bceb-641db1c24d1d,STAR,star Tankstelle,Berlin,52.534388,13.184014,1.7,2.299,2.239,2.399,True
2026-09-30T18:20:15+00:00,51d4b471-a095-1aa0-e100-80009459e03a,JET,JET BERLIN BRUNSBUETTELER DAMM 87-89,BERLIN,52.53379,13.18503,1.7,2.299,2.239,2.399,True
2026-09-30T18:20:15+00:00,d590310c-e209-46b2-bfe7-dacc6148e1f1,TotalEnergies,TotalEnergies Berlin,Berlin,52.55424,13.207408,2,2.329,2.269,2.429,True
2026-09-30T18:20:15+00:00,5d8c8a4c-bce7-4d28-ae12-0d61a971c5cc,Shell,Shell Berlin Streitstr. 19,Berlin,52.558899,13.208409,2.3,2.349,2.289,2.469,True
2026-09-30T18:20:15+00:00,057827cd-6583-4a3a-a461-f8546073fd02,SUN,Sun Klosterstr.,Berlin,52.52943,13.19517,2.4,2.299,2.239,2.399,True
2026-09-30T18:20:15+00:00,905d4775-754e-4b38-baca-89c98fad1d1a,Sprint,Sprint Berlin Ruhlebener Str.,Berlin,52.529285,13.20718,2.9,2.299,2.239,2.399,True
2026-09-30T18:21:46+00:00,cebbe420-bcf3-4db8-9099-c52b783e2158,ESSO,Esso Tankstelle,BERLIN,52.549044,13.17897,0,2.319,2.259,2.409,True
2026-09-30T18:21:46+00:00,7347dd32-bfa1-470a-a6ee-2a2c95ad9af5,ARAL,Aral Tankstelle,Berlin,52.542747,13.199304,1.5,2.319,2.259,2.409,True
2026-09-30T18:21:46+00:00,9f07b69b-4b15-4852-9c60-5d293c6cadc5,Sprint,Sprint Berlin Seegefelder Str.,Berlin,52.536163,13.191189,1.6,2.299,2.239,2.399,True
2026-09-30T18:21:46+00:00,005056ba-7cb6-1ed2-bceb-641db1c24d1d,STAR,star Tankstelle,Berlin,52.534388,13.184014,1.7,2.299,2.239,2.399,True
2026-09-30T18:21:46+00:00,51d4b471-a095-1aa0-e100-80009459e03a,JET,JET BERLIN BRUNSBUETTELER DAMM 87-89,BERLIN,52.53379,13.18503,1.7,2.299,2.239,2.399,True
2026-09-30T18:21:46+00:00,d590310c-e209-46b2-bfe7-dacc6148e1f1,TotalEnergies,TotalEnergies Berlin,Berlin,52.55424,13.207408,2,2.329,2.269,2.429,True
2026-09-30T18:21:46+00:00,5d8c8a4c-bce7-4d28-ae12-0d61a971c5cc,Shell,Shell Berlin Streitstr. 19,Berlin,52.558899,13.208409,2.3,2.349,2.289,2.469,True
2026-09-30T18:21:46+00:00,057827cd-6583-4a3a-a461-f8546073fd02,SUN,Sun Klosterstr.,Berlin,52.52943,13.19517,2.4,2.299,2.239,2.399,True
2026-09-30T18:21:46+00:00,905d4775-754e-4b38-baca-89c98fad1d1a,Sprint,Sprint Berlin Ruhlebener Str.,Berlin,52.529285,13.20718,2.9,2.299,2.239,2.399,True
2026-09-30T18:23:17+00:00,cebbe420-bcf3-4db8-9099-c52b783e2158,ESSO,Esso Tankstelle,BERLIN,52.549044,13.17897,0,2.319,2.259,2.409,True
2026-09-30T18:23:17+00:00,7347dd32-bfa1-470a-a6ee-2a2c95ad9af5,ARAL,Aral Tankstelle,Berlin,52.542747,13.199304,1.5,2.319,2.259,2.409,True
2026-09-30T18:23:17+00:00,9f07b69b-4b15-4852-9c60-5d293c6cadc5,Sprint,Sprint Berlin Seegefelder Str.,Berlin,52.536163,13.191189,1.6,2.299,2.239,2.399,True
2026-09-30T18:23:17+00:00,005056ba-7cb6-1ed2-bceb-641db1c24d1d,STAR,star Tankstelle,Berlin,52.534388,13.184014,1.7,2.299,2.239,2.399,True
2026-09-30T18:23:17+00:00,51d4b471-a095-1aa0-e100-80009459e03a,JET,JET BERLIN BRUNSBUETTELER DAMM 87-89,BERLIN,52.53379,13.18503,1.7,2.299,2.239,2.399,True
2026-09-30T18:23:17+00:00,d590310c-e209-46b2-bfe7-dacc6148e1f1,TotalEnergies,TotalEnergies Berlin,Berlin,52.55424,13.207408,2,2.329,2.269,2.429,True
2026-09-30T18:23:17+00:00,5d8c8a4c-bce7-4d28-ae12-0d61a971c5cc,Shell,Shell Berlin Streitstr. 19,Berlin,52.558899,13.208409,2.3,2.349,2.289,2.469,True
2026-09-30T18:23:17+00:00,057827cd-6583-4a3a-a461-f8546073fd02,SUN,Sun Klosterstr.,Berlin,52.52943,13.19517,2.4,2.299,2.239,2.399,True
2026-09-30T18:23:17+00:00,905d4775-754e-4b38-baca-89c98fad1d1a,Sprint,Sprint Berlin Ruhlebener Str.,Berlin,52.529285,13.20718,2.9,2.299,2.239,2.399,True
2026-09-30T18:24:48+00:00,cebbe420-bcf3-4db8-9099-c52b783e2158,ESSO,Esso Tankstelle,BERLIN,52.549044,13.17897,0,2.319,2.259,2.409,True
2026-09-30T18:24:48+00:00,7347dd32-bfa1-470a-a6ee-2a2c95ad9af5,ARAL,Aral Tankstelle,Berlin,52.542747,13.199304,1.5,2.319,2.259,2.409,True
2026-09-30T18:24:48+00:00,9f07b69b-4b15-4852-9c60-5d293c6cadc5,Sprint,Sprint Berlin Seegefelder Str.,Berlin,52.536163,13.191189,1.6,2.299,2.239,2.399,True
2026-09-30T18:24:48+00:00,005056ba-7cb6-1ed2-bceb-641db1c24d1d,STAR,star Tankstelle,Berlin,52.534388,13.184014,1.7,2.299,2.239,2.399,True
2026-09-30T18:24:48+00:00,51d4b471-a095-1aa0-e100-80009459e03a,JET,JET BERLIN BRUNSBUETTELER DAMM 87-89,BERLIN,52.53379,13.18503,1.7,2.299,2.239,2.399,True
2026-09-30T18:24:48+00:00,d590310c-e209-46b2-bfe7-dacc6148e1f1,TotalEnergies,TotalEnergies Berlin,Berlin,52.55424,13.207408,2,2.329,2.269,2.429,True
2026-09-30T18:24:48+00:00,5d8c8a4c-bce7-4d28-ae12-0d61a971c5cc,Shell,Shell Berlin Streitstr. 19,Berlin,52.558899,13.208409,2.3,2.349,2.289,2.469,True
2026-09-30T18:24:48+00:00,057827cd-6583-4a3a-a461-f8546073fd02,SUN,Sun Klosterstr.,Berlin,52.52943,13.19517,2.4,2.299,2.239,2.399,True
2026-09-30T18:24:48+00:00,905d4775-754e-4b38-baca-89c98fad1d1a,Sprint,Sprint Berlin Ruhlebener Str.,Berlin,52.529285,13.20718,2.9,2.299,2.239,2.399,True
2026-09-30T18:26:19+00:00,cebbe420-bcf3-4db8-9099-c52b783e2158,ESSO,Esso Tankstelle,BERLIN,52.549044,13.17897,0,2.319,2.259,2.409,True
2026-09-30T18:26:19+00:00,7347dd32-bfa1-470a-a6ee-2a2c95ad9af5,ARAL,Aral Tankstelle,Berlin,52.542747,13.199304,1.5,2.319,2.259,2.409,True
2026-09-30T18:26:19+00:00,9f07b69b-4b15-4852-9c60-5d293c6cadc5,Sprint,Sprint Berlin Seegefelder Str.,Berlin,52.536163,13.191189,1.6,2.299,2.239,2.399,True
2026-09-30T18:26:19+00:00,005056ba-7cb6-1ed2-bceb-641db1c24d1d,STAR,star Tankstelle,Berlin,52.534388,13.184014,1.7,2.299,2.239,2.399,True
2026-09-30T18:26:19+00:00,51d4b471-a095-1aa0-e100-80009459e03a,JET,JET BERLIN BRUNSBUETTELER DAMM 87-89,BERLIN,52.53379,13.18503,1.7,2.299,2.239,2.399,True
2026-09-30T18:26:19+00:00,d590310c-e209-46b2-bfe7-dacc6148e1f1,TotalEnergies,TotalEnergies Berlin,Berlin,52.55424,13.207408,2,2.329,2.269,2.429,True
2026-09-30T18:26:19+00:00,5d8c8a4c-bce7-4d28-ae12-0d61a971c5cc,Shell,Shell Berlin Streitstr. 19,Berlin,52.558899,13.208409,2.3,2.349,2.289,2.469,True
2026-09-30T18:26:19+00:00,057827cd-6583-4a3a-a461-f8546073fd02,SUN,Sun Klosterstr.,Berlin,52.52943,13.19517,2.4,2.299,2.239,2.399,True
2026-09-30T18:26:19+00:00,905d4775-754e-4b38-baca-89c98fad1d1a,Sprint,Sprint Berlin Ruhlebener Str.,Berlin,52.529285,13.20718,2.9,2.299,2.239,2.399,True
2026-09-30T18:27:50+00:00,cebbe420-bcf3-4db8-9099-c52b783e2158,ESSO,Esso Tankstelle,BERLIN,52.549044,13.17897,0,2.319,2.259,2.409,True
2026-09-30T18:27:50+00:00,7347dd32-bfa1-470a-a6ee-2a2c95ad9af5,ARAL,Aral Tankstelle,Berlin,52.542747,13.199304,1.5,2.319,2.259,2.409,True
2026-09-30T18:27:50+00:00,9f07b69b-4b15-4852-9c60-5d293c6cadc5,Sprint,Sprint Berlin Seegefelder Str.,Berlin,52.536163,13.191189,1.6,2.299,2.239,2.399,True
2026-09-30T18:27:50+00:00,005056ba-7cb6-1ed2-bceb-641db1c24d1d,STAR,star Tankstelle,Berlin,52.534388,13.184014,1.7,2.299,2.239,2.399,True
2026-09-30T18:27:50+00:00,51d4b471-a095-1aa0-e100-80009459e03a,JET,JET BERLIN BRUNSBUETTELER DAMM 87-89,BERLIN,52.53379,13.18503,1.7,2.299,2.239,2.399,True
2026-09-30T18:27:50+00:00,d590310c-e209-46b2-bfe7-dacc6148e1f1,TotalEnergies,TotalEnergies Berlin,Berlin,52.55424,13.207408,2,2.329,2.269,2.429,True
2026-09-30T18:27:50+00:00,5d8c8a4c-bce7-4d28-ae12-0d61a971c5cc,Shell,Shell Berlin Streitstr. 19,Berlin,52.558899,13.208409,2.3,2.349,2.289,2.469,True
2026-09-30T18:27:50+00:00,057827cd-6583-4a3a-a461-f8546073fd02,SUN,Sun Klosterstr.,Berlin,52.52943,13.19517,2.4,2.299,2.239,2.399,True
2026-09-30T18:27:50+00:00,905d4775-754e-4b38-baca-89c98fad1d1a,Sprint,Sprint Berlin Ruhlebener Str.,Berlin,52.529285,13.20718,2.9,2.299,2.239,2.399,True
2026-09-30T18:29:20+00:00,cebbe420-bcf3-4db8-9099-c52b783e2158,ESSO,Esso Tankstelle,BERLIN,52.549044,13.17897,0,2.319,2.259,2.409,True
2026-09-30T18:29:20+00:00,7347dd32-bfa1-470a-a6ee-2a2c95ad9af5,ARAL,Aral Tankstelle,Berlin,52.542747,13.199304,1.5,2.319,2.259,2.409,True
2026-09-30T18:29:20+00:00,9f07b69b-4b15-4852-9c60-5d293c6cadc5,Sprint,Sprint Berlin Seegefelder Str.,Berlin,52.536163,13.191189,1.6,2.299,2.239,2.399,True
2026-09-30T18:29:20+00:00,005056ba-7cb6-1ed2-bceb-641db1c24d1d,STAR,star Tankstelle,Berlin,52.534388,13.184014,1.7,2.299,2.239,2.399,True
2026-09-30T18:29:20+00:00,51d4b471-a095-1aa0-e100-80009459e03a,JET,JET BERLIN BRUNSBUETTELER DAMM 87-89,BERLIN,52.53379,13.18503,1.7,2.299,2.239,2.399,True
2026-09-30T18:29:20+00:00,d590310c-e209-46b2-bfe7-dacc6148e1f1,TotalEnergies,TotalEnergies Berlin,Berlin,52.55424,13.207408,2,2.329,2.269,2.429,True
2026-09-30T18:29:20+00:00,5d8c8a4c-bce7-4d28-ae12-0d61a971c5cc,Shell,Shell Berlin Streitstr. 19,Berlin,52.558899,13.208409,2.3,2.349,2.289,2.469,True
2026-09-30T18:29:20+00:00,057827cd-6583-4a3a-a461-f8546073fd02,SUN,Sun Klosterstr.,Berlin,52.52943,13.19517,2.4,2.299,2.239,2.399,True
2026-09-30T18:29:20+00:00,905d4775-754e-4b38-baca-89c98fad1d1a,Sprint,Sprint Berlin Ruhlebener Str.,Berlin,52.529285,13.20718,2.9,2.299,2.239,2.399,True
2026-09-30T18:30:52+00:00,cebbe420-bcf3-4db8-9099-c52b783e2158,ESSO,Esso Tankstelle,BERLIN,52.549044,13.17897,0,2.319,2.259,2.409,True
2026-09-30T18:30:52+00:00,7347dd32-bfa1-470a-a6ee-2a2c95ad9af5,ARAL,Aral Tankstelle,Berlin,52.542747,13.199304,1.5,2.319,2.259,2.409,True
2026-09-30T18:30:52+00:00,9f07b69b-4b15-4852-9c60-5d293c6cadc5,Sprint,Sprint Berlin Seegefelder Str.,Berlin,52.536163,13.191189,1.6,2.299,2.239,2.399,True
2026-09-30T18:30:52+00:00,005056ba-7cb6-1ed2-bceb-641db1c24d1d,STAR,star Tankstelle,Berlin,52.534388,13.184014,1.7,2.299,2.239,2.399,True
2026-09-30T18:30:52+00:00,51d4b471-a095-1aa0-e100-80009459e03a,JET,JET BERLIN BRUNSBUETTELER DAMM 87-89,BERLIN,52.53379,13.18503,1.7,2.299,2.239,2.399,True
2026-09-30T18:30:52+00:00,d590310c-e209-46b2-bfe7-dacc6148e1f1,TotalEnergies,TotalEnergies Berlin,Berlin,52.55424,13.207408,2,2.329,2.269,2.429,True
2026-09-30T18:30:52+00:00,5d8c8a4c-bce7-4d28-ae12-0d61a971c5cc,Shell,Shell Berlin Streitstr. 19,Berlin,52.558899,13.208409,2.3,2.349,2.289,2.469,True
2026-09-30T18:30:52+00:00,057827cd-6583-4a3a-a461-f8546073fd02,SUN,Sun Klosterstr.,Berlin,52.52943,13.19517,2.4,2.299,2.239,2.399,True
2026-09-30T18:30:52+00:00,905d4775-754e-4b38-baca-89c98fad1d1a,Sprint,Sprint Berlin Ruhlebener Str.,Berlin,52.529285,13.20718,2.9,2.299,2.239,2.399,True
2026-09-30T18:32:22+00:00,cebbe420-bcf3-4db8-9099-c52b783e2158,ESSO,Esso Tankstelle,BERLIN,52.549044,13.17897,0,2.319,2.259,2.409,True
2026-09-30T18:32:22+00:00,7347dd32-bfa1-470a-a6ee-2a2c95ad9af5,ARAL,Aral Tankstelle,Berlin,52.542747,13.199304,1.5,2.319,2.259,2.409,True
2026-09-30T18:32:22+00:00,9f07b69b-4b15-4852-9c60-5d293c6cadc5,Sprint,Sprint Berlin Seegefelder Str.,Berlin,52.536163,13.191189,1.6,2.299,2.239,2.399,True
2026-09-30T18:32:22+00:00,005056ba-7cb6-1ed2-bceb-641db1c24d1d,STAR,star Tankstelle,Berlin,52.534388,13.184014,1.7,2.299,2.239,2.399,True
2026-09-30T18:32:22+00:00,51d4b471-a095-1aa0-e100-80009459e03a,JET,JET BERLIN BRUNSBUETTELER DAMM 87-89,BERLIN,52.53379,13.18503,1.7,2.299,2.239,2.399,True
2026-09-30T18:32:22+00:00,d590310c-e209-46b2-bfe7-dacc6148e1f1,TotalEnergies,TotalEnergies Berlin,Berlin,52.55424,13.207408,2,2.329,2.269,2.429,True
2026-09-30T18:32:22+00:00,5d8c8a4c-bce7-4d28-ae12-0d61a971c5cc,Shell,Shell Berlin Streitstr. 19,Berlin,52.558899,13.208409,2.3,2.349,2.289,2.469,True
2026-09-30T18:32:22+00:00,057827cd-6583-4a3a-a461-f8546073fd02,SUN,Sun Klosterstr.,Berlin,52.52943,13.19517,2.4,2.299,2.239,2.399,True
2026-09-30T18:32:22+00:00,905d4775-754e-4b38-baca-89c98fad1d1a,Sprint,Sprint Berlin Ruhlebener Str.,Berlin,52.529285,13.20718,2.9,2.299,2.239,2.399,True
2026-09-30T18:33:53+00:00,cebbe420-bcf3-4db8-9099-c52b783e2158,ESSO,Esso Tankstelle,BERLIN,52.549044,13.17897,0,2.319,2.259,2.409,True
2026-09-30T18:33:53+00:00,7347dd32-bfa1-470a-a6ee-2a2c95ad9af5,ARAL,Aral Tankstelle,Berlin,52.542747,13.199304,1.5,2.319,2.259,2.409,True
2026-09-30T18:33:53+00:00,9f07b69b-4b15-4852-9c60-5d293c6cadc5,Sprint,Sprint Berlin Seegefelder Str.,Berlin,52.536163,13.191189,1.6,2.299,2.239,2.399,True
2026-09-30T18:33:53+00:00,005056ba-7cb6-1ed2-bceb-641db1c24d1d,STAR,star Tankstelle,Berlin,52.534388,13.184014,1.7,2.299,2.239,2.399,True
2026-09-30T18:33:53+00:00,51d4b471-a095-1aa0-e100-80009459e03a,JET,JET BERLIN BRUNSBUETTELER DAMM 87-89,BERLIN,52.53379,13.18503,1.7,2.299,2.239,2.399,True
2026-09-30T18:33:53+00:00,d590310c-e209-46b2-bfe7-dacc6148e1f1,TotalEnergies,TotalEnergies Berlin,Berlin,52.55424,13.207408,2,2.329,2.269,2.429,True
2026-09-30T18:33:53+00:00,5d8c8a4c-bce7-4d28-ae12-0d61a971c5cc,Shell,Shell Berlin Streitstr. 19,Berlin,52.558899,13.208409,2.3,2.349,2.289,2.469,True
2026-09-30T18:33:53+00:00,057827cd-6583-4a3a-a461-f8546073fd02,SUN,Sun Klosterstr.,Berlin,52.52943,13.19517,2.4,2.299,2.239,2.399,True
2026-09-30T18:33:53+00:00,905d4775-754e-4b38-baca-89c98fad1d1a,Sprint,Sprint Berlin Ruhlebener Str.,Berlin,52.529285,13.20718,2.9,2.299,2.239,2.399,True
2026-09-30T18:35:24+00:00,cebbe420-bcf3-4db8-9099-c52b783e2158,ESSO,Esso Tankstelle,BERLIN,52.549044,13.17897,0,2.319,2.259,2.409,True
2026-09-30T18:35:24+00:00,7347dd32-bfa1-470a-a6ee-2a2c95ad9af5,ARAL,Aral Tankstelle,Berlin,52.542747,13.199304,1.5,2.319,2.259,2.409,True
2026-09-30T18:35:24+00:00,9f07b69b-4b15-4852-9c60-5d293c6cadc5,Sprint,Sprint Berlin Seegefelder Str.,Berlin,52.536163,13.191189,1.6,2.299,2.239,2.399,True
2026-09-30T18:35:24+00:00,005056ba-7cb6-1ed2-bceb-641db1c24d1d,STAR,star Tankstelle,Berlin,52.534388,13.184014,1.7,2.299,2.239,2.399,True
2026-09-30T18:35:24+00:00,51d4b471-a095-1aa0-e100-80009459e03a,JET,JET BERLIN BRUNSBUETTELER DAMM 87-89,BERLIN,52.53379,13.18503,1.7,2.299,2.239,2.399,True
2026-09-30T18:35:24+00:00,d590310c-e209-46b2-bfe7-dacc6148e1f1,TotalEnergies,TotalEnergies Berlin,Berlin,52.55424,13.207408,2,2.329,2.269,2.429,True
2026-09-30T18:35:24+00:00,5d8c8a4c-bce7-4d28-ae12-0d61a971c5cc,Shell,Shell Berlin Streitstr. 19,Berlin,52.558899,13.208409,2.3,2.349,2.289,2.469,True
2026-09-30T18:35:24+00:00,057827cd-6583-4a3a-a461-f8546073fd02,SUN,Sun Klosterstr.,Berlin,52.52943,13.19517,2.4,2.299,2.239,2.399,True
2026-09-30T18:35:24+00:00,905d4775-754e-4b38-baca-89c98fad1d1a,Sprint,Sprint Berlin Ruhlebener Str.,Berlin,52.529285,13.20718,2.9,2.299,2.239,2.399,True
2026-09-30T18:36:55+00:00,cebbe420-bcf3-4db8-9099-c52b783e2158,ESSO,Esso Tankstelle,BERLIN,52.549044,13.17897,0,2.319,2.259,2.409,True
2026-09-30T18:36:55+00:00,7347dd32-bfa1-470a-a6ee-2a2c95ad9af5,ARAL,Aral Tankstelle,Berlin,52.542747,13.199304,1.5,2.319,2.259,2.409,True
2026-09-30T18:36:55+00:00,9f07b69b-4b15-4852-9c60-5d293c6cadc5,Sprint,Sprint Berlin Seegefelder Str.,Berlin,52.536163,13.191189,1.6,2.299,2.239,2.399,True
2026-09-30T18:36:55+00:00,005056ba-7cb6-1ed2-bceb-641db1c24d1d,STAR,star Tankstelle,Berlin,52.534388,13.184014,1.7,2.299,2.239,2.399,True
2026-09-30T18:36:55+00:00,51d4b471-a095-1aa0-e100-80009459e03a,JET,JET BERLIN BRUNSBUETTELER DAMM 87-89,BERLIN,52.53379,13.18503,1.7,2.299,2.239,2.399,True
2026-09-30T18:36:55+00:00,d590310c-e209-46b2-bfe7-dacc6148e1f1,TotalEnergies,TotalEnergies Berlin,Berlin,52.55424,13.207408,2,2.329,2.269,2.429,True
2026-09-30T18:36:55+00:00,5d8c8a4c-bce7-4d28-ae12-0d61a971c5cc,Shell,Shell Berlin Streitstr. 19,Berlin,52.558899,13.208409,2.3,2.349,2.289,2.469,True
2026-09-30T18:36:55+00:00,057827cd-6583-4a3a-a461-f8546073fd02,SUN,Sun Klosterstr.,Berlin,52.52943,13.19517,2.4,2.299,2.239,2.399,True
2026-09-30T18:36:55+00:00,905d4775-754e-4b38-baca-89c98fad1d1a,Sprint,Sprint Berlin Ruhlebener Str.,Berlin,52.529285,13.20718,2.9,2.299,2.239,2.399,True
2026-09-30T18:38:26+00:00,cebbe420-bcf3-4db8-9099-c52b783e2158,ESSO,Esso Tankstelle,BERLIN,52.549044,13.17897,0,2.319,2.259,2.409,True
2026-09-30T18:38:26+00:00,7347dd32-bfa1-470a-a6ee-2a2c95ad9af5,ARAL,Aral Tankstelle,Berlin,52.542747,13.199304,1.5,2.319,2.259,2.409,True
2026-09-30T18:38:26+00:00,9f07b69b-4b15-4852-9c60-5d293c6cadc5,Sprint,Sprint Berlin Seegefelder Str.,Berlin,52.536163,13.191189,1.6,2.299,2.239,2.399,True
2026-09-30T18:38:26+00:00,005056ba-7cb6-1ed2-bceb-641db1c24d1d,STAR,star Tankstelle,Berlin,52.534388,13.184014,1.7,2.299,2.239,2.399,True
2026-09-30T18:38:26+00:00,51d4b471-a095-1aa0-e100-80009459e03a,JET,JET BERLIN BRUNSBUETTELER DAMM 87-89,BERLIN,52.53379,13.18503,1.7,2.299,2.239,2.399,True
2026-09-30T18:38:26+00:00,d590310c-e209-46b2-bfe7-dacc6148e1f1,TotalEnergies,TotalEnergies Berlin,Berlin,52.55424,13.207408,2,2.329,2.269,2.429,True
2026-09-30T18:38:26+00:00,5d8c8a4c-bce7-4d28-ae12-0d61a971c5cc,Shell,Shell Berlin Streitstr. 19,Berlin,52.558899,13.208409,2.3,2.349,2.289,2.469,True
2026-09-30T18:38:26+00:00,057827cd-6583-4a3a-a461-f8546073fd02,SUN,Sun Klosterstr.,Berlin,52.52943,13.19517,2.4,2.299,2.239,2.399,True
2026-09-30T18:38:26+00:00,905d4775-754e-4b38-baca-89c98fad1d1a,Sprint,Sprint Berlin Ruhlebener Str.,Berlin,52.529285,13.20718,2.9,2.299,2.239,2.399,True
2026-09-30T18:39:56+00:00,cebbe420-bcf3-4db8-9099-c52b783e2158,ESSO,Esso Tankstelle,BERLIN,52.549044,13.17897,0,2.319,2.259,2.409,True
2026-09-30T18:39:56+00:00,7347dd32-bfa1-470a-a6ee-2a2c95ad9af5,ARAL,Aral Tankstelle,Berlin,52.542747,13.199304,1.5,2.319,2.259,2.409,True
2026-09-30T18:39:56+00:00,9f07b69b-4b15-4852-9c60-5d293c6cadc5,Sprint,Sprint Berlin Seegefelder Str.,Berlin,52.536163,13.191189,1.6,2.299,2.239,2.399,True
2026-09-30T18:39:56+00:00,005056ba-7cb6-1ed2-bceb-641db1c24d1d,STAR,star Tankstelle,Berlin,52.534388,13.184014,1.7,2.299,2.239,2.399,True
2026-09-30T18:39:56+00:00,51d4b471-a095-1aa0-e100-80009459e03a,JET,JET BERLIN BRUNSBUETTELER DAMM 87-89,BERLIN,52.53379,13.18503,1.7,2.299,2.239,2.399,True
2026-09-30T18:39:56+00:00,d590310c-e209-46b2-bfe7-dacc6148e1f1,TotalEnergies,TotalEnergies Berlin,Berlin,52.55424,13.207408,2,2.329,2.269,2.429,True
2026-09-30T18:39:56+00:00,5d8c8a4c-bce7-4d28-ae12-0d61a971c5cc,Shell,Shell Berlin Streitstr. 19,Berlin,52.558899,13.208409,2.3,2.349,2.289,2.469,True
2026-09-30T18:39:56+00:00,057827cd-6583-4a3a-a461-f8546073fd02,SUN,Sun Klosterstr.,Berlin,52.52943,13.19517,2.4,2.299,2.239,2.399,True
2026-09-30T18:39:56+00:00,905d4775-754e-4b38-baca-89c98fad1d1a,Sprint,Sprint Berlin Ruhlebener Str.,Berlin,52.529285,13.20718,2.9,2.299,2.239,2.399,True
2026-09-30T18:41:28+00:00,cebbe420-bcf3-4db8-9099-c52b783e2158,ESSO,Esso Tankstelle,BERLIN,52.549044,13.17897,0,2.319,2.259,2.409,True
2026-09-30T18:41:28+00:00,7347dd32-bfa1-470a-a6ee-2a2c95ad9af5,ARAL,Aral Tankstelle,Berlin,52.542747,13.199304,1.5,2.319,2.259,2.409,True
2026-09-30T18:41:28+00:00,9f07b69b-4b15-4852-9c60-5d293c6cadc5,Sprint,Sprint Berlin Seegefelder Str.,Berlin,52.536163,13.191189,1.6,2.299,2.239,2.399,True
2026-09-30T18:41:28+00:00,005056ba-7cb6-1ed2-bceb-641db1c24d1d,STAR,star Tankstelle,Berlin,52.534388,13.184014,1.7,2.299,2.239,2.399,True
2026-09-30T18:41:28+00:00,51d4b471-a095-1aa0-e100-80009459e03a,JET,JET BERLIN BRUNSBUETTELER DAMM 87-89,BERLIN,52.53379,13.18503,1.7,2.299,2.239,2.399,True
2026-09-30T18:41:28+00:00,d590310c-e209-46b2-bfe7-dacc6148e1f1,TotalEnergies,TotalEnergies Berlin,Berlin,52.55424,13.207408,2,2.329,2.269,2.429,True
2026-09-30T18:41:28+00:00,5d8c8a4c-bce7-4d28-ae12-0d61a971c5cc,Shell,Shell Berlin Streitstr. 19,Berlin,52.558899,13.208409,2.3,2.349,2.289,2.469,True
2026-09-30T18:41:28+00:00,057827cd-6583-4a3a-a461-f8546073fd02,SUN,Sun Klosterstr.,Berlin,52.52943,13.19517,2.4,2.299,2.239,2.399,True
2026-09-30T18:41:28+00:00,905d4775-754e-4b38-baca-89c98fad1d1a,Sprint,Sprint Berlin Ruhlebener Str.,Berlin,52.529285,13.20718,2.9,2.299,2.239,2.399,True
2026-09-30T18:42:58+00:00,cebbe420-bcf3-4db8-9099-c52b783e2158,ESSO,Esso Tankstelle,BERLIN,52.549044,13.17897,0,2.319,2.259,2.409,True
2026-09-30T18:42:58+00:00,7347dd32-bfa1-470a-a6ee-2a2c95ad9af5,ARAL,Aral Tankstelle,Berlin,52.542747,13.199304,1.5,2.319,2.259,2.409,True
2026-09-30T18:42:58+00:00,9f07b69b-4b15-4852-9c60-5d293c6cadc5,Sprint,Sprint Berlin Seegefelder Str.,Berlin,52.536163,13.191189,1.6,2.299,2.239,2.399,True
2026-09-30T18:42:58+00:00,005056ba-7cb6-1ed2-bceb-641db1c24d1d,STAR,star Tankstelle,Berlin,52.534388,13.184014,1.7,2.299,2.239,2.399,True
2026-09-30T18:42:58+00:00,51d4b471-a095-1aa0-e100-80009459e03a,JET,JET BERLIN BRUNSBUETTELER DAMM 87-89,BERLIN,52.53379,13.18503,1.7,2.299,2.239,2.399,True
2026-09-30T18:42:58+00:00,d590310c-e209-46b2-bfe7-dacc6148e1f1,TotalEnergies,TotalEnergies Berlin,Berlin,52.55424,13.207408,2,2.329,2.269,2.429,True
2026-09-30T18:42:58+00:00,5d8c8a4c-bce7-4d28-ae12-0d61a971c5cc,Shell,Shell Berlin Streitstr. 19,Berlin,52.558899,13.208409,2.3,2.349,2.289,2.469,True
2026-09-30T18:42:58+00:00,057827cd-6583-4a3a-a461-f8546073fd02,SUN,Sun Klosterstr.,Berlin,52.52943,13.19517,2.4,2.299,2.239,2.399,True
2026-09-30T18:42:58+00:00,905d4775-754e-4b38-baca-89c98fad1d1a,Sprint,Sprint Berlin Ruhlebener Str.,Berlin,52.529285,13.20718,2.9,2.299,2.239,2.399,True
2026-09-30T18:44:30+00:00,cebbe420-bcf3-4db8-9099-c52b783e2158,ESSO,Esso Tankstelle,BERLIN,52.549044,13.17897,0,2.319,2.259,2.409,True
2026-09-30T18:44:30+00:00,7347dd32-bfa1-470a-a6ee-2a2c95ad9af5,ARAL,Aral Tankstelle,Berlin,52.542747,13.199304,1.5,2.319,2.259,2.409,True
2026-09-30T18:44:30+00:00,9f07b69b-4b15-4852-9c60-5d293c6cadc5,Sprint,Sprint Berlin Seegefelder Str.,Berlin,52.536163,13.191189,1.6,2.299,2.239,2.399,True
2026-09-30T18:44:30+00:00,005056ba-7cb6-1ed2-bceb-641db1c24d1d,STAR,star Tankstelle,Berlin,52.534388,13.184014,1.7,2.299,2.239,2.399,True
2026-09-30T18:44:30+00:00,51d4b471-a095-1aa0-e100-80009459e03a,JET,JET BERLIN BRUNSBUETTELER DAMM 87-89,BERLIN,52.53379,13.18503,1.7,2.299,2.239,2.399,True
2026-09-30T18:44:30+00:00,d590310c-e209-46b2-bfe7-dacc6148e1f1,TotalEnergies,TotalEnergies Berlin,Berlin,52.55424,13.207408,2,2.329,2.269,2.429,True
2026-09-30T18:44:30+00:00,5d8c8a4c-bce7-4d28-ae12-0d61a971c5cc,Shell,Shell Berlin Streitstr. 19,Berlin,52.558899,13.208409,2.3,2.349,2.289,2.469,True
2026-09-30T18:44:30+00:00,057827cd-6583-4a3a-a461-f8546073fd02,SUN,Sun Klosterstr.,Berlin,52.52943,13.19517,2.4,2.299,2.239,2.399,True
2026-09-30T18:44:30+00:00,905d4775-754e-4b38-baca-89c98fad1d1a,Sprint,Sprint Berlin Ruhlebener Str.,Berlin,52.529285,13.20718,2.9,2.299,2.239,2.399,True
2026-09-30T18:46:01+00:00,cebbe420-bcf3-4db8-9099-c52b783e2158,ESSO,Esso Tankstelle,BERLIN,52.549044,13.17897,0,2.319,2.259,2.409,True
2026-09-30T18:46:01+00:00,7347dd32-bfa1-470a-a6ee-2a2c95ad9af5,ARAL,Aral Tankstelle,Berlin,52.542747,13.199304,1.5,2.319,2.259,2.409,True
2026-09-30T18:46:01+00:00,9f07b69b-4b15-4852-9c60-5d293c6cadc5,Sprint,Sprint Berlin Seegefelder Str.,Berlin,52.536163,13.191189,1.6,2.299,2.239,2.399,True
2026-09-30T18:46:01+00:00,005056ba-7cb6-1ed2-bceb-641db1c24d1d,STAR,star Tankstelle,Berlin,52.534388,13.184014,1.7,2.299,2.239,2.399,True
2026-09-30T18:46:01+00:00,51d4b471-a095-1aa0-e100-80009459e03a,JET,JET BERLIN BRUNSBUETTELER DAMM 87-89,BERLIN,52.53379,13.18503,1.7,2.299,2.239,2.399,True
2026-09-30T18:46:01+00:00,d590310c-e209-46b2-bfe7-dacc6148e1f1,TotalEnergies,TotalEnergies Berlin,Berlin,52.55424,13.207408,2,2.329,2.269,2.429,True
2026-09-30T18:46:01+00:00,5d8c8a4c-bce7-4d28-ae12-0d61a971c5cc,Shell,Shell Berlin Streitstr. 19,Berlin,52.558899,13.208409,2.3,2.349,2.289,2.469,True
2026-09-30T18:46:01+00:00,057827cd-6583-4a3a-a461-f8546073fd02,SUN,Sun Klosterstr.,Berlin,52.52943,13.19517,2.4,2.299,2.239,2.399,True
2026-09-30T18:46:01+00:00,905d4775-754e-4b38-baca-89c98fad1d1a,Sprint,Sprint Berlin Ruhlebener Str.,Berlin,52.529285,13.20718,2.9,2.299,2.239,2.399,True
2026-09-30T18:47:32+00:00,cebbe420-bcf3-4db8-9099-c52b783e2158,ESSO,Esso Tankstelle,BERLIN,52.549044,13.17897,0,2.319,2.259,2.409,True
2026-09-30T18:47:32+00:00,7347dd32-bfa1-470a-a6ee-2a2c95ad9af5,ARAL,Aral Tankstelle,Berlin,52.542747,13.199304,1.5,2.319,2.259,2.409,True
2026-09-30T18:47:32+00:00,9f07b69b-4b15-4852-9c60-5d293c6cadc5,Sprint,Sprint Berlin Seegefelder Str.,Berlin,52.536163,13.191189,1.6,2.299,2.239,2.399,True
2026-09-30T18:47:32+00:00,005056ba-7cb6-1ed2-bceb-641db1c24d1d,STAR,star Tankstelle,Berlin,52.534388,13.184014,1.7,2.299,2.239,2.399,True
2026-09-30T18:47:32+00:00,51d4b471-a095-1aa0-e100-80009459e03a,JET,JET BERLIN BRUNSBUETTELER DAMM 87-89,BERLIN,52.53379,13.18503,1.7,2.299,2.239,2.399,True
2026-09-30T18:47:32+00:00,d590310c-e209-46b2-bfe7-dacc6148e1f1,TotalEnergies,TotalEnergies Berlin,Berlin,52.55424,13.207408,2,2.329,2.269,2.429,True
2026-09-30T18:47:32+00:00,5d8c8a4c-bce7-4d28-ae12-0d61a971c5cc,Shell,Shell Berlin Streitstr. 19,Berlin,52.558899,13.208409,2.3,2.349,2.289,2.469,True
2026-09-30T18:47:32+00:00,057827cd-6583-4a3a-a461-f8546073fd02,SUN,Sun Klosterstr.,Berlin,52.52943,13.19517,2.4,2.299,2.239,2.399,True
2026-09-30T18:47:32+00:00,905d4775-754e-4b38-baca-89c98fad1d1a,Sprint,Sprint Berlin Ruhlebener Str.,Berlin,52.529285,13.20718,2.9,2.299,2.239,2.399,True
2026-09-30T18:49:03+00:00,cebbe420-bcf3-4db8-9099-c52b783e2158,ESSO,Esso Tankstelle,BERLIN,52.549044,13.17897,0,2.319,2.259,2.409,True
2026-09-30T18:49:03+00:00,7347dd32-bfa1-470a-a6ee-2a2c95ad9af5,ARAL,Aral Tankstelle,Berlin,52.542747,13.199304,1.5,2.319,2.259,2.409,True
2026-09-30T18:49:03+00:00,9f07b69b-4b15-4852-9c60-5d293c6cadc5,Sprint,Sprint Berlin Seegefelder Str.,Berlin,52.536163,13.191189,1.6,2.299,2.239,2.399,True
2026-09-30T18:49:03+00:00,005056ba-7cb6-1ed2-bceb-641db1c24d1d,STAR,star Tankstelle,Berlin,52.534388,13.184014,1.7,2.299,2.239,2.399,True
2026-09-30T18:49:03+00:00,51d4b471-a095-1aa0-e100-80009459e03a,JET,JET BERLIN BRUNSBUETTELER DAMM 87-89,BERLIN,52.53379,13.18503,1.7,2.299,2.239,2.399,True
2026-09-30T18:49:03+00:00,d590310c-e209-46b2-bfe7-dacc6148e1f1,TotalEnergies,TotalEnergies Berlin,Berlin,52.55424,13.207408,2,2.329,2.269,2.429,True
2026-09-30T18:49:03+00:00,5d8c8a4c-bce7-4d28-ae12-0d61a971c5cc,Shell,Shell Berlin Streitstr. 19,Berlin,52.558899,13.208409,2.3,2.349,2.289,2.469,True
2026-09-30T18:49:03+00:00,057827cd-6583-4a3a-a461-f8546073fd02,SUN,Sun Klosterstr.,Berlin,52.52943,13.19517,2.4,2.299,2.239,2.399,True
2026-09-30T18:49:03+00:00,905d4775-754e-4b38-baca-89c98fad1d1a,Sprint,Sprint Berlin Ruhlebener Str.,Berlin,52.529285,13.20718,2.9,2.299,2.239,2.399,True
2026-09-30T18:50:33+00:00,cebbe420-bcf3-4db8-9099-c52b783e2158,ESSO,Esso Tankstelle,BERLIN,52.549044,13.17897,0,2.319,2.259,2.409,True
2026-09-30T18:50:33+00:00,7347dd32-bfa1-470a-a6ee-2a2c95ad9af5,ARAL,Aral Tankstelle,Berlin,52.542747,13.199304,1.5,2.319,2.259,2.409,True
2026-09-30T18:50:33+00:00,9f07b69b-4b15-4852-9c60-5d293c6cadc5,Sprint,Sprint Berlin Seegefelder Str.,Berlin,52.536163,13.191189,1.6,2.299,2.239,2.399,True
2026-09-30T18:50:33+00:00,005056ba-7cb6-1ed2-bceb-641db1c24d1d,STAR,star Tankstelle,Berlin,52.534388,13.184014,1.7,2.299,2.239,2.399,True
2026-09-30T18:50:33+00:00,51d4b471-a095-1aa0-e100-80009459e03a,JET,JET BERLIN BRUNSBUETTELER DAMM 87-89,BERLIN,52.53379,13.18503,1.7,2.299,2.239,2.399,True
2026-09-30T18:50:33+00:00,d590310c-e209-46b2-bfe7-dacc6148e1f1,TotalEnergies,TotalEnergies Berlin,Berlin,52.55424,13.207408,2,2.329,2.269,2.429,True
2026-09-30T18:50:33+00:00,5d8c8a4c-bce7-4d28-ae12-0d61a971c5cc,Shell,Shell Berlin Streitstr. 19,Berlin,52.558899,13.208409,2.3,2.349,2.289,2.469,True
2026-09-30T18:50:33+00:00,057827cd-6583-4a3a-a461-f8546073fd02,SUN,Sun Klosterstr.,Berlin,52.52943,13.19517,2.4,2.299,2.239,2.399,True
2026-09-30T18:50:33+00:00,905d4775-754e-4b38-baca-89c98fad1d1a,Sprint,Sprint Berlin Ruhlebener Str.,Berlin,52.529285,13.20718,2.9,2.299,2.239,2.399,True
2026-09-30T18:52:04+00:00,cebbe420-bcf3-4db8-9099-c52b783e2158,ESSO,Esso Tankstelle,BERLIN,52.549044,13.17897,0,2.319,2.259,2.409,True
2026-09-30T18:52:04+00:00,7347dd32-bfa1-470a-a6ee-2a2c95ad9af5,ARAL,Aral Tankstelle,Berlin,52.542747,13.199304,1.5,2.319,2.259,2.409,True
2026-09-30T18:52:04+00:00,9f07b69b-4b15-4852-9c60-5d293c6cadc5,Sprint,Sprint Berlin Seegefelder Str.,Berlin,52.536163,13.191189,1.6,2.299,2.239,2.399,True
2026-09-30T18:52:04+00:00,005056ba-7cb6-1ed2-bceb-641db1c24d1d,STAR,star Tankstelle,Berlin,52.534388,13.184014,1.7,2.299,2.239,2.399,True
2026-09-30T18:52:04+00:00,51d4b471-a095-1aa0-e100-80009459e03a,JET,JET BERLIN BRUNSBUETTELER DAMM 87-89,BERLIN,52.53379,13.18503,1.7,2.299,2.239,2.399,True
2026-09-30T18:52:04+00:00,d590310c-e209-46b2-bfe7-dacc6148e1f1,TotalEnergies,TotalEnergies Berlin,Berlin,52.55424,13.207408,2,2.329,2.269,2.429,True
2026-09-30T18:52:04+00:00,5d8c8a4c-bce7-4d28-ae12-0d61a971c5cc,Shell,Shell Berlin Streitstr. 19,Berlin,52.558899,13.208409,2.3,2.349,2.289,2.469,True
2026-09-30T18:52:04+00:00,057827cd-6583-4a3a-a461-f8546073fd02,SUN,Sun Klosterstr.,Berlin,52.52943,13.19517,2.4,2.299,2.239,2.399,True
2026-09-30T18:52:04+00:00,905d4775-754e-4b38-baca-89c98fad1d1a,Sprint,Sprint Berlin Ruhlebener Str.,Berlin,52.529285,13.20718,2.9,2.299,2.239,2.399,True
2026-09-30T18:53:35+00:00,cebbe420-bcf3-4db8-9099-c52b783e2158,ESSO,Esso Tankstelle,BERLIN,52.549044,13.17897,0,2.319,2.259,2.409,True
2026-09-30T18:53:35+00:00,7347dd32-bfa1-470a-a6ee-2a2c95ad9af5,ARAL,Aral Tankstelle,Berlin,52.542747,13.199304,1.5,2.319,2.259,2.409,True
2026-09-30T18:53:35+00:00,9f07b69b-4b15-4852-9c60-5d293c6cadc5,Sprint,Sprint Berlin Seegefelder Str.,Berlin,52.536163,13.191189,1.6,2.299,2.239,2.399,True
2026-09-30T18:53:35+00:00,005056ba-7cb6-1ed2-bceb-641db1c24d1d,STAR,star Tankstelle,Berlin,52.534388,13.184014,1.7,2.299,2.239,2.399,True
2026-09-30T18:53:35+00:00,51d4b471-a095-1aa0-e100-80009459e03a,JET,JET BERLIN BRUNSBUETTELER DAMM 87-89,BERLIN,52.53379,13.18503,1.7,2.299,2.239,2.399,True
2026-09-30T18:53:35+00:00,d590310c-e209-46b2-bfe7-dacc6148e1f1,TotalEnergies,TotalEnergies Berlin,Berlin,52.55424,13.207408,2,2.329,2.269,2.429,True
2026-09-30T18:53:35+00:00,5d8c8a4c-bce7-4d28-ae12-0d61a971c5cc,Shell,Shell Berlin Streitstr. 19,Berlin,52.558899,13.208409,2.3,2.349,2.289,2.469,True
2026-09-30T18:53:35+00:00,057827cd-6583-4a3a-a461-f8546073fd02,SUN,Sun Klosterstr.,Berlin,52.52943,13.19517,2.4,2.299,2.239,2.399,True
2026-09-30T18:53:35+00:00,905d4775-754e-4b38-baca-89c98fad1d1a,Sprint,Sprint Berlin Ruhlebener Str.,Berlin,52.529285,13.20718,2.9,2.299,2.239,2.399,True
2026-09-30T18:55:06+00:00,cebbe420-bcf3-4db8-9099-c52b783e2158,ESSO,Esso Tankstelle,BERLIN,52.549044,13.17897,0,2.319,2.259,2.409,True
2026-09-30T18:55:06+00:00,7347dd32-bfa1-470a-a6ee-2a2c95ad9af5,ARAL,Aral Tankstelle,Berlin,52.542747,13.199304,1.5,2.319,2.259,2.409,True
2026-09-30T18:55:06+00:00,9f07b69b-4b15-4852-9c60-5d293c6cadc5,Sprint,Sprint Berlin Seegefelder Str.,Berlin,52.536163,13.191189,1.6,2.299,2.239,2.399,True
2026-09-30T18:55:06+00:00,005056ba-7cb6-1ed2-bceb-641db1c24d1d,STAR,star Tankstelle,Berlin,52.534388,13.184014,1.7,2.299,2.239,2.399,True
2026-09-30T18:55:06+00:00,51d4b471-a095-1aa0-e100-80009459e03a,JET,JET BERLIN BRUNSBUETTELER DAMM 87-89,BERLIN,52.53379,13.18503,1.7,2.299,2.239,2.399,True
2026-09-30T18:55:06+00:00,d590310c-e209-46b2-bfe7-dacc6148e1f1,TotalEnergies,TotalEnergies Berlin,Berlin,52.55424,13.207408,2,2.329,2.269,2.429,True
2026-09-30T18:55:06+00:00,5d8c8a4c-bce7-4d28-ae12-0d61a971c5cc,Shell,Shell Berlin Streitstr. 19,Berlin,52.558899,13.208409,2.3,2.349,2.289,2.469,True
2026-09-30T18:55:06+00:00,057827cd-6583-4a3a-a461-f8546073fd02,SUN,Sun Klosterstr.,Berlin,52.52943,13.19517,2.4,2.299,2.239,2.399,True
2026-09-30T18:55:06+00:00,905d4775-754e-4b38-baca-89c98fad1d1a,Sprint,Sprint Berlin Ruhlebener Str.,Berlin,52.529285,13.20718,2.9,2.299,2.239,2.399,True
2026-09-30T18:56:37+00:00,cebbe420-bcf3-4db8-9099-c52b783e2158,ESSO,Esso Tankstelle,BERLIN,52.549044,13.17897,0,2.319,2.259,2.409,True
2026-09-30T18:56:37+00:00,7347dd32-bfa1-470a-a6ee-2a2c95ad9af5,ARAL,Aral Tankstelle,Berlin,52.542747,13.199304,1.5,2.319,2.259,2.409,True
2026-09-30T18:56:37+00:00,9f07b69b-4b15-4852-9c60-5d293c6cadc5,Sprint,Sprint Berlin Seegefelder Str.,Berlin,52.536163,13.191189,1.6,2.299,2.239,2.399,True
2026-09-30T18:56:37+00:00,005056ba-7cb6-1ed2-bceb-641db1c24d1d,STAR,star Tankstelle,Berlin,52.534388,13.184014,1.7,2.299,2.239,2.399,True
2026-09-30T18:56:37+00:00,51d4b471-a095-1aa0-e100-80009459e03a,JET,JET BERLIN BRUNSBUETTELER DAMM 87-89,BERLIN,52.53379,13.18503,1.7,2.299,2.239,2.399,True
2026-09-30T18:56:37+00:00,d590310c-e209-46b2-bfe7-dacc6148e1f1,TotalEnergies,TotalEnergies Berlin,Berlin,52.55424,13.207408,2,2.329,2.269,2.429,True
2026-09-30T18:56:37+00:00,5d8c8a4c-bce7-4d28-ae12-0d61a971c5cc,Shell,Shell Berlin Streitstr. 19,Berlin,52.558899,13.208409,2.3,2.349,2.289,2.469,True
2026-09-30T18:56:37+00:00,057827cd-6583-4a3a-a461-f8546073fd02,SUN,Sun Klosterstr.,Berlin,52.52943,13.19517,2.4,2.299,2.239,2.399,True
2026-09-30T18:56:37+00:00,905d4775-754e-4b38-baca-89c98fad1d1a,Sprint,Sprint Berlin Ruhlebener Str.,Berlin,52.529285,13.20718,2.9,2.299,2.239,2.399,True
2026-09-30T18:58:08+00:00,cebbe420-bcf3-4db8-9099-c52b783e2158,ESSO,Esso Tankstelle,BERLIN,52.549044,13.17897,0,2.319,2.259,2.409,True
2026-09-30T18:58:08+00:00,7347dd32-bfa1-470a-a6ee-2a2c95ad9af5,ARAL,Aral Tankstelle,Berlin,52.542747,13.199304,1.5,2.319,2.259,2.409,True
2026-09-30T18:58:08+00:00,9f07b69b-4b15-4852-9c60-5d293c6cadc5,Sprint,Sprint Berlin Seegefelder Str.,Berlin,52.536163,13.191189,1.6,2.299,2.239,2.399,True
2026-09-30T18:58:08+00:00,005056ba-7cb6-1ed2-bceb-641db1c24d1d,STAR,star Tankstelle,Berlin,52.534388,13.184014,1.7,2.299,2.239,2.399,True
2026-09-30T18:58:08+00:00,51d4b471-a095-1aa0-e100-80009459e03a,JET,JET BERLIN BRUNSBUETTELER DAMM 87-89,BERLIN,52.53379,13.18503,1.7,2.299,2.239,2.399,True
2026-09-30T18:58:08+00:00,d590310c-e209-46b2-bfe7-dacc6148e1f1,TotalEnergies,TotalEnergies Berlin,Berlin,52.55424,13.207408,2,2.329,2.269,2.429,True
2026-09-30T18:58:08+00:00,5d8c8a4c-bce7-4d28-ae12-0d61a971c5cc,Shell,Shell Berlin Streitstr. 19,Berlin,52.558899,13.208409,2.3,2.349,2.289,2.469,True
2026-09-30T18:58:08+00:00,057827cd-6583-4a3a-a461-f8546073fd02,SUN,Sun Klosterstr.,Berlin,52.52943,13.19517,2.4,2.299,2.239,2.399,True
2026-09-30T18:58:08+00:00,905d4775-754e-4b38-baca-89c98fad1d1a,Sprint,Sprint Berlin Ruhlebener Str.,Berlin,52.529285,13.20718,2.9,2.299,2.239,2.399,True
2026-09-30T18:59:39+00:00,cebbe420-bcf3-4db8-9099-c52b783e2158,ESSO,Esso Tankstelle,BERLIN,52.549044,13.17897,0,2.319,2.259,2.409,True
2026-09-30T18:59:39+00:00,7347dd32-bfa1-470a-a6ee-2a2c95ad9af5,ARAL,Aral Tankstelle,Berlin,52.542747,13.199304,1.5,2.319,2.259,2.409,True
2026-09-30T18:59:39+00:00,9f07b69b-4b15-4852-9c60-5d293c6cadc5,Sprint,Sprint Berlin Seegefelder Str.,Berlin,52.536163,13.191189,1.6,2.299,2.239,2.399,True
2026-09-30T18:59:39+00:00,005056ba-7cb6-1ed2-bceb-641db1c24d1d,STAR,star Tankstelle,Berlin,52.534388,13.184014,1.7,2.299,2.239,2.399,True
2026-09-30T18:59:39+00:00,51d4b471-a095-1aa0-e100-80009459e03a,JET,JET BERLIN BRUNSBUETTELER DAMM 87-89,BERLIN,52.53379,13.18503,1.7,2.299,2.239,2.399,True
2026-09-30T18:59:39+00:00,d590310c-e209-46b2-bfe7-dacc6148e1f1,TotalEnergies,TotalEnergies Berlin,Berlin,52.55424,13.207408,2,2.329,2.269,2.429,True
2026-09-30T18:59:39+00:00,5d8c8a4c-bce7-4d28-ae12-0d61a971c5cc,Shell,Shell Berlin Streitstr. 19,Berlin,52.558899,13.208409,2.3,2.349,2.289,2.469,True
2026-09-30T18:59:39+00:00,057827cd-6583-4a3a-a461-f8546073fd02,SUN,Sun Klosterstr.,Berlin,52.52943,13.19517,2.4,2.299,2.239,2.399,True
2026-09-30T18:59:39+00:00,905d4775-754e-4b38-baca-89c98fad1d1a,Sprint,Sprint Berlin Ruhlebener Str.,Berlin,52.529285,13.20718,2.9,2.299,2.239,2.399,True
2026-09-30T19:01:10+00:00,cebbe420-bcf3-4db8-9099-c52b783e2158,ESSO,Esso Tankstelle,BERLIN,52.549044,13.17897,0,2.319,2.259,2.409,True
2026-09-30T19:01:10+00:00,7347dd32-bfa1-470a-a6ee-2a2c95ad9af5,ARAL,Aral Tankstelle,Berlin,52.542747,13.199304,1.5,2.319,2.259,2.409,True
2026-09-30T19:01:10+00:00,9f07b69b-4b15-4852-9c60-5d293c6cadc5,Sprint,Sprint Berlin Seegefelder Str.,Berlin,52.536163,13.191189,1.6,2.299,2.239,2.399,True
2026-09-30T19:01:10+00:00,005056ba-7cb6-1ed2-bceb-641db1c24d1d,STAR,star Tankstelle,Berlin,52.534388,13.184014,1.7,2.299,2.239,2.399,True
2026-09-30T19:01:10+00:00,51d4b471-a095-1aa0-e100-80009459e03a,JET,JET BERLIN BRUNSBUETTELER DAMM 87-89,BERLIN,52.53379,13.18503,1.7,2.299,2.239,2.399,True
2026-09-30T19:01:10+00:00,d590310c-e209-46b2-bfe7-dacc6148e1f1,TotalEnergies,TotalEnergies Berlin,Berlin,52.55424,13.207408,2,2.329,2.269,2.429,True
2026-09-30T19:01:10+00:00,5d8c8a4c-bce7-4d28-ae12-0d61a971c5cc,Shell,Shell Berlin Streitstr. 19,Berlin,52.558899,13.208409,2.3,2.349,2.289,2.469,True
2026-09-30T19:01:10+00:00,057827cd-6583-4a3a-a461-f8546073fd02,SUN,Sun Klosterstr.,Berlin,52.52943,13.19517,2.4,2.299,2.239,2.399,True
2026-09-30T19:01:10+00:00,905d4775-754e-4b38-baca-89c98fad1d1a,Sprint,Sprint Berlin Ruhlebener Str.,Berlin,52.529285,13.20718,2.9,2.299,2.239,2.399,True
2026-09-30T19:02:41+00:00,cebbe420-bcf3-4db8-9099-c52b783e2158,ESSO,Esso Tankstelle,BERLIN,52.549044,13.17897,0,2.319,2.259,2.409,True
2026-09-30T19:02:41+00:00,7347dd32-bfa1-470a-a6ee-2a2c95ad9af5,ARAL,Aral Tankstelle,Berlin,52.542747,13.199304,1.5,2.319,2.259,2.409,True
2026-09-30T19:02:41+00:00,9f07b69b-4b15-4852-9c60-5d293c6cadc5,Sprint,Sprint Berlin Seegefelder Str.,Berlin,52.536163,13.191189,1.6,2.299,2.239,2.399,True
2026-09-30T19:02:41+00:00,005056ba-7cb6-1ed2-bceb-641db1c24d1d,STAR,star Tankstelle,Berlin,52.534388,13.184014,1.7,2.299,2.239,2.399,True
2026-09-30T19:02:41+00:00,51d4b471-a095-1aa0-e100-80009459e03a,JET,JET BERLIN BRUNSBUETTELER DAMM 87-89,BERLIN,52.53379,13.18503,1.7,2.299,2.239,2.399,True
2026-09-30T19:02:41+00:00,d590310c-e209-46b2-bfe7-dacc6148e1f1,TotalEnergies,TotalEnergies Berlin,Berlin,52.55424,13.207408,2,2.329,2.269,2.429,True
2026-09-30T19:02:41+00:00,5d8c8a4c-bce7-4d28-ae12-0d61a971c5cc,Shell,Shell Berlin Streitstr. 19,Berlin,52.558899,13.208409,2.3,2.349,2.289,2.469,True
2026-09-30T19:02:41+00:00,057827cd-6583-4a3a-a461-f8546073fd02,SUN,Sun Klosterstr.,Berlin,52.52943,13.19517,2.4,2.299,2.239,2.399,True
2026-09-30T19:02:41+00:00,905d4775-754e-4b38-baca-89c98fad1d1a,Sprint,Sprint Berlin Ruhlebener Str.,Berlin,52.529285,13.20718,2.9,2.299,2.239,2.399,True
2026-09-30T19:04:12+00:00,cebbe420-bcf3-4db8-9099-c52b783e2158,ESSO,Esso Tankstelle,BERLIN,52.549044,13.17897,0,2.319,2.259,2.409,True
2026-09-30T19:04:12+00:00,7347dd32-bfa1-470a-a6ee-2a2c95ad9af5,ARAL,Aral Tankstelle,Berlin,52.542747,13.199304,1.5,2.319,2.259,2.409,True
2026-09-30T19:04:12+00:00,9f07b69b-4b15-4852-9c60-5d293c6cadc5,Sprint,Sprint Berlin Seegefelder Str.,Berlin,52.536163,13.191189,1.6,2.299,2.239,2.399,True
2026-09-30T19:04:12+00:00,005056ba-7cb6-1ed2-bceb-641db1c24d1d,STAR,star Tankstelle,Berlin,52.534388,13.184014,1.7,2.299,2.239,2.399,True
2026-09-30T19:04:12+00:00,51d4b471-a095-1aa0-e100-80009459e03a,JET,JET BERLIN BRUNSBUETTELER DAMM 87-89,BERLIN,52.53379,13.18503,1.7,2.299,2.239,2.399,True
2026-09-30T19:04:12+00:00,d590310c-e209-46b2-bfe7-dacc6148e1f1,TotalEnergies,TotalEnergies Berlin,Berlin,52.55424,13.207408,2,2.329,2.269,2.429,True
2026-09-30T19:04:12+00:00,5d8c8a4c-bce7-4d28-ae12-0d61a971c5cc,Shell,Shell Berlin Streitstr. 19,Berlin,52.558899,13.208409,2.3,2.349,2.289,2.469,True
2026-09-30T19:04:12+00:00,057827cd-6583-4a3a-a461-f8546073fd02,SUN,Sun Klosterstr.,Berlin,52.52943,13.19517,2.4,2.299,2.239,2.399,True
2026-09-30T19:04:12+00:00,905d4775-754e-4b38-baca-89c98fad1d1a,Sprint,Sprint Berlin Ruhlebener Str.,Berlin,52.529285,13.20718,2.9,2.299,2.239,2.399,True
2026-09-30T19:05:43+00:00,cebbe420-bcf3-4db8-9099-c52b783e2158,ESSO,Esso Tankstelle,BERLIN,52.549044,13.17897,0,2.319,2.259,2.409,True
2026-09-30T19:05:43+00:00,7347dd32-bfa1-470a-a6ee-2a2c95ad9af5,ARAL,Aral Tankstelle,Berlin,52.542747,13.199304,1.5,2.319,2.259,2.409,True
2026-09-30T19:05:43+00:00,9f07b69b-4b15-4852-9c60-5d293c6cadc5,Sprint,Sprint Berlin Seegefelder Str.,Berlin,52.536163,13.191189,1.6,2.299,2.239,2.399,True
2026-09-30T19:05:43+00:00,005056ba-7cb6-1ed2-bceb-641db1c24d1d,STAR,star Tankstelle,Berlin,52.534388,13.184014,1.7,2.299,2.239,2.399,True
2026-09-30T19:05:43+00:00,51d4b471-a095-1aa0-e100-80009459e03a,JET,JET BERLIN BRUNSBUETTELER DAMM 87-89,BERLIN,52.53379,13.18503,1.7,2.299,2.239,2.399,True
2026-09-30T19:05:43+00:00,d590310c-e209-46b2-bfe7-dacc6148e1f1,TotalEnergies,TotalEnergies Berlin,Berlin,52.55424,13.207408,2,2.329,2.269,2.429,True
2026-09-30T19:05:43+00:00,5d8c8a4c-bce7-4d28-ae12-0d61a971c5cc,Shell,Shell Berlin Streitstr. 19,Berlin,52.558899,13.208409,2.3,2.349,2.289,2.469,True
2026-09-30T19:05:43+00:00,057827cd-6583-4a3a-a461-f8546073fd02,SUN,Sun Klosterstr.,Berlin,52.52943,13.19517,2.4,2.299,2.239,2.399,True
2026-09-30T19:05:43+00:00,905d4775-754e-4b38-baca-89c98fad1d1a,Sprint,Sprint Berlin Ruhlebener Str.,Berlin,52.529285,13.20718,2.9,2.299,2.239,2.399,True
2026-09-30T19:07:14+00:00,cebbe420-bcf3-4db8-9099-c52b783e2158,ESSO,Esso Tankstelle,BERLIN,52.549044,13.17897,0,2.319,2.259,2.409,True
2026-09-30T19:07:14+00:00,7347dd32-bfa1-470a-a6ee-2a2c95ad9af5,ARAL,Aral Tankstelle,Berlin,52.542747,13.199304,1.5,2.319,2.259,2.409,True
2026-09-30T19:07:14+00:00,9f07b69b-4b15-4852-9c60-5d293c6cadc5,Sprint,Sprint Berlin Seegefelder Str.,Berlin,52.536163,13.191189,1.6,2.299,2.239,2.399,True
2026-09-30T19:07:14+00:00,005056ba-7cb6-1ed2-bceb-641db1c24d1d,STAR,star Tankstelle,Berlin,52.534388,13.184014,1.7,2.299,2.239,2.399,True
2026-09-30T19:07:14+00:00,51d4b471-a095-1aa0-e100-80009459e03a,JET,JET BERLIN BRUNSBUETTELER DAMM 87-89,BERLIN,52.53379,13.18503,1.7,2.299,2.239,2.399,True
2026-09-30T19:07:14+00:00,d590310c-e209-46b2-bfe7-dacc6148e1f1,TotalEnergies,TotalEnergies Berlin,Berlin,52.55424,13.207408,2,2.329,2.269,2.429,True
2026-09-30T19:07:14+00:00,5d8c8a4c-bce7-4d28-ae12-0d61a971c5cc,Shell,Shell Berlin Streitstr. 19,Berlin,52.558899,13.208409,2.3,2.349,2.289,2.469,True
2026-09-30T19:07:14+00:00,057827cd-6583-4a3a-a461-f8546073fd02,SUN,Sun Klosterstr.,Berlin,52.52943,13.19517,2.4,2.299,2.239,2.399,True
2026-09-30T19:07:14+00:00,905d4775-754e-4b38-baca-89c98fad1d1a,Sprint,Sprint Berlin Ruhlebener Str.,Berlin,52.529285,13.20718,2.9,2.299,2.239,2.399,True
2026-09-30T19:08:45+00:00,cebbe420-bcf3-4db8-9099-c52b783e2158,ESSO,Esso Tankstelle,BERLIN,52.549044,13.17897,0,2.319,2.259,2.409,True
2026-09-30T19:08:45+00:00,7347dd32-bfa1-470a-a6ee-2a2c95ad9af5,ARAL,Aral Tankstelle,Berlin,52.542747,13.199304,1.5,2.319,2.259,2.409,True
2026-09-30T19:08:45+00:00,9f07b69b-4b15-4852-9c60-5d293c6cadc5,Sprint,Sprint Berlin Seegefelder Str.,Berlin,52.536163,13.191189,1.6,2.299,2.239,2.399,True
2026-09-30T19:08:45+00:00,005056ba-7cb6-1ed2-bceb-641db1c24d1d,STAR,star Tankstelle,Berlin,52.534388,13.184014,1.7,2.299,2.239,2.399,True
2026-09-30T19:08:45+00:00,51d4b471-a095-1aa0-e100-80009459e03a,JET,JET BERLIN BRUNSBUETTELER DAMM 87-89,BERLIN,52.53379,13.18503,1.7,2.299,2.239,2.399,True
2026-09-30T19:08:45+00:00,d590310c-e209-46b2-bfe7-dacc6148e1f1,TotalEnergies,TotalEnergies Berlin,Berlin,52.55424,13.207408,2,2.329,2.269,2.429,True
2026-09-30T19:08:45+00:00,5d8c8a4c-bce7-4d28-ae12-0d61a971c5cc,Shell,Shell Berlin Streitstr. 19,Berlin,52.558899,13.208409,2.3,2.349,2.289,2.469,True
2026-09-30T19:08:45+00:00,057827cd-6583-4a3a-a461-f8546073fd02,SUN,Sun Klosterstr.,Berlin,52.52943,13.19517,2.4,2.299,2.239,2.399,True
2026-09-30T19:08:45+00:00,905d4775-754e-4b38-baca-89c98fad1d1a,Sprint,Sprint Berlin Ruhlebener Str.,Berlin,52.529285,13.20718,2.9,2.299,2.239,2.399,True
2026-09-30T19:10:16+00:00,cebbe420-bcf3-4db8-9099-c52b783e2158,ESSO,Esso Tankstelle,BERLIN,52.549044,13.17897,0,2.319,2.259,2.409,True
2026-09-30T19:10:16+00:00,7347dd32-bfa1-470a-a6ee-2a2c95ad9af5,ARAL,Aral Tankstelle,Berlin,52.542747,13.199304,1.5,2.319,2.259,2.409,True
2026-09-30T19:10:16+00:00,9f07b69b-4b15-4852-9c60-5d293c6cadc5,Sprint,Sprint Berlin Seegefelder Str.,Berlin,52.536163,13.191189,1.6,2.299,2.239,2.399,True
2026-09-30T19:10:16+00:00,005056ba-7cb6-1ed2-bceb-641db1c24d1d,STAR,star Tankstelle,Berlin,52.534388,13.184014,1.7,2.299,2.239,2.399,True
2026-09-30T19:10:16+00:00,51d4b471-a095-1aa0-e100-80009459e03a,JET,JET BERLIN BRUNSBUETTELER DAMM 87-89,BERLIN,52.53379,13.18503,1.7,2.299,2.239,2.399,True
2026-09-30T19:10:16+00:00,d590310c-e209-46b2-bfe7-dacc6148e1f1,TotalEnergies,TotalEnergies Berlin,Berlin,52.55424,13.207408,2,2.329,2.269,2.429,True
2026-09-30T19:10:16+00:00,5d8c8a4c-bce7-4d28-ae12-0d61a971c5cc,Shell,Shell Berlin Streitstr. 19,Berlin,52.558899,13.208409,2.3,2.349,2.289,2.469,True
2026-09-30T19:10:16+00:00,057827cd-6583-4a3a-a461-f8546073fd02,SUN,Sun Klosterstr.,Berlin,52.52943,13.19517,2.4,2.299,2.239,2.399,True
2026-09-30T19:10:16+00:00,905d4775-754e-4b38-baca-89c98fad1d1a,Sprint,Sprint Berlin Ruhlebener Str.,Berlin,52.529285,13.20718,2.9,2.299,2.239,2.399,True
2026-09-30T19:11:47+00:00,cebbe420-bcf3-4db8-9099-c52b783e2158,ESSO,Esso Tankstelle,BERLIN,52.549044,13.17897,0,2.319,2.259,2.409,True
2026-09-30T19:11:47+00:00,7347dd32-bfa1-470a-a6ee-2a2c95ad9af5,ARAL,Aral Tankstelle,Berlin,52.542747,13.199304,1.5,2.319,2.259,2.409,True
2026-09-30T19:11:47+00:00,9f07b69b-4b15-4852-9c60-5d293c6cadc5,Sprint,Sprint Berlin Seegefelder Str.,Berlin,52.536163,13.191189,1.6,2.299,2.239,2.399,True
2026-09-30T19:11:47+00:00,005056ba-7cb6-1ed2-bceb-641db1c24d1d,STAR,star Tankstelle,Berlin,52.534388,13.184014,1.7,2.299,2.239,2.399,True
2026-09-30T19:11:47+00:00,51d4b471-a095-1aa0-e100-80009459e03a,JET,JET BERLIN BRUNSBUETTELER DAMM 87-89,BERLIN,52.53379,13.18503,1.7,2.299,2.239,2.399,True
2026-09-30T19:11:47+00:00,d590310c-e209-46b2-bfe7-dacc6148e1f1,TotalEnergies,TotalEnergies Berlin,Berlin,52.55424,13.207408,2,2.329,2.269,2.429,True
2026-09-30T19:11:47+00:00,5d8c8a4c-bce7-4d28-ae12-0d61a971c5cc,Shell,Shell Berlin Streitstr. 19,Berlin,52.558899,13.208409,2.3,2.349,2.289,2.469,True
2026-09-30T19:11:47+00:00,057827cd-6583-4a3a-a461-f8546073fd02,SUN,Sun Klosterstr.,Berlin,52.52943,13.19517,2.4,2.299,2.239,2.399,True
2026-09-30T19:11:47+00:00,905d4775-754e-4b38-baca-89c98fad1d1a,Sprint,Sprint Berlin Ruhlebener Str.,Berlin,52.529285,13.20718,2.9,2.299,2.239,2.399,True
2026-09-30T19:13:18+00:00,cebbe420-bcf3-4db8-9099-c52b783e2158,ESSO,Esso Tankstelle,BERLIN,52.549044,13.17897,0,2.319,2.259,2.409,True
2026-09-30T19:13:18+00:00,7347dd32-bfa1-470a-a6ee-2a2c95ad9af5,ARAL,Aral Tankstelle,Berlin,52.542747,13.199304,1.5,2.319,2.259,2.409,True
2026-09-30T19:13:18+00:00,9f07b69b-4b15-4852-9c60-5d293c6cadc5,Sprint,Sprint Berlin Seegefelder Str.,Berlin,52.536163,13.191189,1.6,2.299,2.239,2.399,True
2026-09-30T19:13:18+00:00,005056ba-7cb6-1ed2-bceb-641db1c24d1d,STAR,star Tankstelle,Berlin,52.534388,13.184014,1.7,2.299,2.239,2.399,True
2026-09-30T19:13:18+00:00,51d4b471-a095-1aa0-e100-80009459e03a,JET,JET BERLIN BRUNSBUETTELER DAMM 87-89,BERLIN,52.53379,13.18503,1.7,2.299,2.239,2.399,True
2026-09-30T19:13:18+00:00,d590310c-e209-46b2-bfe7-dacc6148e1f1,TotalEnergies,TotalEnergies Berlin,Berlin,52.55424,13.207408,2,2.329,2.269,2.429,True
2026-09-30T19:13:18+00:00,5d8c8a4c-bce7-4d28-ae12-0d61a971c5cc,Shell,Shell Berlin Streitstr. 19,Berlin,52.558899,13.208409,2.3,2.349,2.289,2.469,True
2026-09-30T19:13:18+00:00,057827cd-6583-4a3a-a461-f8546073fd02,SUN,Sun Klosterstr.,Berlin,52.52943,13.19517,2.4,2.299,2.239,2.399,True
2026-09-30T19:13:18+00:00,905d4775-754e-4b38-baca-89c98fad1d1a,Sprint,Sprint Berlin Ruhlebener Str.,Berlin,52.529285,13.20718,2.9,2.299,2.239,2.399,True
2026-09-30T19:14:49+00:00,cebbe420-bcf3-4db8-9099-c52b783e2158,ESSO,Esso Tankstelle,BERLIN,52.549044,13.17897,0,2.319,2.259,2.409,True
2026-09-30T19:14:49+00:00,7347dd32-bfa1-470a-a6ee-2a2c95ad9af5,ARAL,Aral Tankstelle,Berlin,52.542747,13.199304,1.5,2.319,2.259,2.409,True
2026-09-30T19:14:49+00:00,9f07b69b-4b15-4852-9c60-5d293c6cadc5,Sprint,Sprint Berlin Seegefelder Str.,Berlin,52.536163,13.191189,1.6,2.299,2.239,2.399,True
2026-09-30T19:14:49+00:00,005056ba-7cb6-1ed2-bceb-641db1c24d1d,STAR,star Tankstelle,Berlin,52.534388,13.184014,1.7,2.299,2.239,2.399,True
2026-09-30T19:14:49+00:00,51d4b471-a095-1aa0-e100-80009459e03a,JET,JET BERLIN BRUNSBUETTELER DAMM 87-89,BERLIN,52.53379,13.18503,1.7,2.299,2.239,2.399,True
2026-09-30T19:14:49+00:00,d590310c-e209-46b2-bfe7-dacc6148e1f1,TotalEnergies,TotalEnergies Berlin,Berlin,52.55424,13.207408,2,2.329,2.269,2.429,True
2026-09-30T19:14:49+00:00,5d8c8a4c-bce7-4d28-ae12-0d61a971c5cc,Shell,Shell Berlin Streitstr. 19,Berlin,52.558899,13.208409,2.3,2.349,2.289,2.469,True
2026-09-30T19:14:49+00:00,057827cd-6583-4a3a-a461-f8546073fd02,SUN,Sun Klosterstr.,Berlin,52.52943,13.19517,2.4,2.299,2.239,2.399,True
2026-09-30T19:14:49+00:00,905d4775-754e-4b38-baca-89c98fad1d1a,Sprint,Sprint Berlin Ruhlebener Str.,Berlin,52.529285,13.20718,2.9,2.299,2.239,2.399,True
2026-09-30T19:16:20+00:00,cebbe420-bcf3-4db8-9099-c52b783e2158,ESSO,Esso Tankstelle,BERLIN,52.549044,13.17897,0,2.319,2.259,2.409,True
2026-09-30T19:16:20+00:00,7347dd32-bfa1-470a-a6ee-2a2c95ad9af5,ARAL,Aral Tankstelle,Berlin,52.542747,13.199304,1.5,2.319,2.259,2.409,True
2026-09-30T19:16:20+00:00,9f07b69b-4b15-4852-9c60-5d293c6cadc5,Sprint,Sprint Berlin Seegefelder Str.,Berlin,52.536163,13.191189,1.6,2.299,2.239,2.399,True
2026-09-30T19:16:20+00:00,005056ba-7cb6-1ed2-bceb-641db1c24d1d,STAR,star Tankstelle,Berlin,52.534388,13.184014,1.7,2.299,2.239,2.399,True
2026-09-30T19:16:20+00:00,51d4b471-a095-1aa0-e100-80009459e03a,JET,JET BERLIN BRUNSBUETTELER DAMM 87-89,BERLIN,52.53379,13.18503,1.7,2.299,2.239,2.399,True
2026-09-30T19:16:20+00:00,d590310c-e209-46b2-bfe7-dacc6148e1f1,TotalEnergies,TotalEnergies Berlin,Berlin,52.55424,13.207408,2,2.329,2.269,2.429,True
2026-09-30T19:16:20+00:00,5d8c8a4c-bce7-4d28-ae12-0d61a971c5cc,Shell,Shell Berlin Streitstr. 19,Berlin,52.558899,13.208409,2.3,2.349,2.289,2.469,True
2026-09-30T19:16:20+00:00,057827cd-6583-4a3a-a461-f8546073fd02,SUN,Sun Klosterstr.,Berlin,52.52943,13.19517,2.4,2.299,2.239,2.399,True
2026-09-30T19:16:20+00:00,905d4775-754e-4b38-baca-89c98fad1d1a,Sprint,Sprint Berlin Ruhlebener Str.,Berlin,52.529285,13.20718,2.9,2.299,2.239,2.399,True
2026-09-30T19:17:51+00:00,cebbe420-bcf3-4db8-9099-c52b783e2158,ESSO,Esso Tankstelle,BERLIN,52.549044,13.17897,0,2.319,2.259,2.409,True
2026-09-30T19:17:51+00:00,7347dd32-bfa1-470a-a6ee-2a2c95ad9af5,ARAL,Aral Tankstelle,Berlin,52.542747,13.199304,1.5,2.319,2.259,2.409,True
2026-09-30T19:17:51+00:00,9f07b69b-4b15-4852-9c60-5d293c6cadc5,Sprint,Sprint Berlin Seegefelder Str.,Berlin,52.536163,13.191189,1.6,2.299,2.239,2.399,True
2026-09-30T19:17:51+00:00,005056ba-7cb6-1ed2-bceb-641db1c24d1d,STAR,star Tankstelle,Berlin,52.534388,13.184014,1.7,2.299,2.239,2.399,True
2026-09-30T19:17:51+00:00,51d4b471-a095-1aa0-e100-80009459e03a,JET,JET BERLIN BRUNSBUETTELER DAMM 87-89,BERLIN,52.53379,13.18503,1.7,2.299,2.239,2.399,True
2026-09-30T19:17:51+00:00,d590310c-e209-46b2-bfe7-dacc6148e1f1,TotalEnergies,TotalEnergies Berlin,Berlin,52.55424,13.207408,2,2.329,2.269,2.429,True
2026-09-30T19:17:51+00:00,5d8c8a4c-bce7-4d28-ae12-0d61a971c5cc,Shell,Shell Berlin Streitstr. 19,Berlin,52.558899,13.208409,2.3,2.349,2.289,2.469,True
2026-09-30T19:17:51+00:00,057827cd-6583-4a3a-a461-f8546073fd02,SUN,Sun Klosterstr.,Berlin,52.52943,13.19517,2.4,2.299,2.239,2.399,True
2026-09-30T19:17:51+00:00,905d4775-754e-4b38-baca-89c98fad1d1a,Sprint,Sprint Berlin Ruhlebener Str.,Berlin,52.529285,13.20718,2.9,2.299,2.239,2.399,True
2026-09-30T19:19:21+00:00,cebbe420-bcf3-4db8-9099-c52b783e2158,ESSO,Esso Tankstelle,BERLIN,52.549044,13.17897,0,2.319,2.259,2.409,True
2026-09-30T19:19:21+00:00,7347dd32-bfa1-470a-a6ee-2a2c95ad9af5,ARAL,Aral Tankstelle,Berlin,52.542747,13.199304,1.5,2.319,2.259,2.409,True
2026-09-30T19:19:21+00:00,9f07b69b-4b15-4852-9c60-5d293c6cadc5,Sprint,Sprint Berlin Seegefelder Str.,Berlin,52.536163,13.191189,1.6,2.299,2.239,2.399,True
2026-09-30T19:19:21+00:00,005056ba-7cb6-1ed2-bceb-641db1c24d1d,STAR,star Tankstelle,Berlin,52.534388,13.184014,1.7,2.299,2.239,2.399,True
2026-09-30T19:19:21+00:00,51d4b471-a095-1aa0-e100-80009459e03a,JET,JET BERLIN BRUNSBUETTELER DAMM 87-89,BERLIN,52.53379,13.18503,1.7,2.299,2.239,2.399,True
2026-09-30T19:19:21+00:00,d590310c-e209-46b2-bfe7-dacc6148e1f1,TotalEnergies,TotalEnergies Berlin,Berlin,52.55424,13.207408,2,2.329,2.269,2.429,True
2026-09-30T19:19:21+00:00,5d8c8a4c-bce7-4d28-ae12-0d61a971c5cc,Shell,Shell Berlin Streitstr. 19,Berlin,52.558899,13.208409,2.3,2.349,2.289,2.469,True
2026-09-30T19:19:21+00:00,057827cd-6583-4a3a-a461-f8546073fd02,SUN,Sun Klosterstr.,Berlin,52.52943,13.19517,2.4,2.299,2.239,2.399,True
2026-09-30T19:19:21+00:00,905d4775-754e-4b38-baca-89c98fad1d1a,Sprint,Sprint Berlin Ruhlebener Str.,Berlin,52.529285,13.20718,2.9,2.299,2.239,2.399,True
2026-09-30T19:20:52+00:00,cebbe420-bcf3-4db8-9099-c52b783e2158,ESSO,Esso Tankstelle,BERLIN,52.549044,13.17897,0,2.319,2.259,2.409,True
2026-09-30T19:20:52+00:00,7347dd32-bfa1-470a-a6ee-2a2c95ad9af5,ARAL,Aral Tankstelle,Berlin,52.542747,13.199304,1.5,2.319,2.259,2.409,True
2026-09-30T19:20:52+00:00,9f07b69b-4b15-4852-9c60-5d293c6cadc5,Sprint,Sprint Berlin Seegefelder Str.,Berlin,52.536163,13.191189,1.6,2.299,2.239,2.399,True
2026-09-30T19:20:52+00:00,005056ba-7cb6-1ed2-bceb-641db1c24d1d,STAR,star Tankstelle,Berlin,52.534388,13.184014,1.7,2.299,2.239,2.399,True
2026-09-30T19:20:52+00:00,51d4b471-a095-1aa0-e100-80009459e03a,JET,JET BERLIN BRUNSBUETTELER DAMM 87-89,BERLIN,52.53379,13.18503,1.7,2.299,2.239,2.399,True
2026-09-30T19:20:52+00:00,d590310c-e209-46b2-bfe7-dacc6148e1f1,TotalEnergies,TotalEnergies Berlin,Berlin,52.55424,13.207408,2,2.329,2.269,2.429,True
2026-09-30T19:20:52+00:00,5d8c8a4c-bce7-4d28-ae12-0d61a971c5cc,Shell,Shell Berlin Streitstr. 19,Berlin,52.558899,13.208409,2.3,2.349,2.289,2.469,True
2026-09-30T19:20:52+00:00,057827cd-6583-4a3a-a461-f8546073fd02,SUN,Sun Klosterstr.,Berlin,52.52943,13.19517,2.4,2.299,2.239,2.399,True
2026-09-30T19:20:52+00:00,905d4775-754e-4b38-baca-89c98fad1d1a,Sprint,Sprint Berlin Ruhlebener Str.,Berlin,52.529285,13.20718,2.9,2.299,2.239,2.399,True
2026-09-30T19:22:23+00:00,cebbe420-bcf3-4db8-9099-c52b783e2158,ESSO,Esso Tankstelle,BERLIN,52.549044,13.17897,0,2.319,2.259,2.409,True
2026-09-30T19:22:23+00:00,7347dd32-bfa1-470a-a6ee-2a2c95ad9af5,ARAL,Aral Tankstelle,Berlin,52.542747,13.199304,1.5,2.319,2.259,2.409,True
2026-09-30T19:22:23+00:00,9f07b69b-4b15-4852-9c60-5d293c6cadc5,Sprint,Sprint Berlin Seegefelder Str.,Berlin,52.536163,13.191189,1.6,2.299,2.239,2.399,True
2026-09-30T19:22:23+00:00,005056ba-7cb6-1ed2-bceb-641db1c24d1d,STAR,star Tankstelle,Berlin,52.534388,13.184014,1.7,2.299,2.239,2.399,True
2026-09-30T19:22:23+00:00,51d4b471-a095-1aa0-e100-80009459e03a,JET,JET BERLIN BRUNSBUETTELER DAMM 87-89,BERLIN,52.53379,13.18503,1.7,2.299,2.239,2.399,True
2026-09-30T19:22:23+00:00,d590310c-e209-46b2-bfe7-dacc6148e1f1,TotalEnergies,TotalEnergies Berlin,Berlin,52.55424,13.207408,2,2.329,2.269,2.429,True
2026-09-30T19:22:23+00:00,5d8c8a4c-bce7-4d28-ae12-0d61a971c5cc,Shell,Shell Berlin Streitstr. 19,Berlin,52.558899,13.208409,2.3,2.349,2.289,2.469,True
2026-09-30T19:22:23+00:00,057827cd-6583-4a3a-a461-f8546073fd02,SUN,Sun Klosterstr.,Berlin,52.52943,13.19517,2.4,2.299,2.239,2.399,True
2026-09-30T19:22:23+00:00,905d4775-754e-4b38-baca-89c98fad1d1a,Sprint,Sprint Berlin Ruhlebener Str.,Berlin,52.529285,13.20718,2.9,2.299,2.239,2.399,True
2026-09-30T19:23:54+00:00,cebbe420-bcf3-4db8-9099-c52b783e2158,ESSO,Esso Tankstelle,BERLIN,52.549044,13.17897,0,2.319,2.259,2.409,True
2026-09-30T19:23:54+00:00,7347dd32-bfa1-470a-a6ee-2a2c95ad9af5,ARAL,Aral Tankstelle,Berlin,52.542747,13.199304,1.5,2.319,2.259,2.409,True
2026-09-30T19:23:54+00:00,9f07b69b-4b15-4852-9c60-5d293c6cadc5,Sprint,Sprint Berlin Seegefelder Str.,Berlin,52.536163,13.191189,1.6,2.299,2.239,2.399,True
2026-09-30T19:23:54+00:00,005056ba-7cb6-1ed2-bceb-641db1c24d1d,STAR,star Tankstelle,Berlin,52.534388,13.184014,1.7,2.299,2.239,2.399,True
2026-09-30T19:23:54+00:00,51d4b471-a095-1aa0-e100-80009459e03a,JET,JET BERLIN BRUNSBUETTELER DAMM 87-89,BERLIN,52.53379,13.18503,1.7,2.299,2.239,2.399,True
2026-09-30T19:23:54+00:00,d590310c-e209-46b2-bfe7-dacc6148e1f1,TotalEnergies,TotalEnergies Berlin,Berlin,52.55424,13.207408,2,2.329,2.269,2.429,True
2026-09-30T19:23:54+00:00,5d8c8a4c-bce7-4d28-ae12-0d61a971c5cc,Shell,Shell Berlin Streitstr. 19,Berlin,52.558899,13.208409,2.3,2.349,2.289,2.469,True
2026-09-30T19:23:54+00:00,057827cd-6583-4a3a-a461-f8546073fd02,SUN,Sun Klosterstr.,Berlin,52.52943,13.19517,2.4,2.299,2.239,2.399,True
2026-09-30T19:23:54+00:00,905d4775-754e-4b38-baca-89c98fad1d1a,Sprint,Sprint Berlin Ruhlebener Str.,Berlin,52.529285,13.20718,2.9,2.299,2.239,2.399,True
2026-09-30T19:25:25+00:00,cebbe420-bcf3-4db8-9099-c52b783e2158,ESSO,Esso Tankstelle,BERLIN,52.549044,13.17897,0,2.319,2.259,2.409,True
2026-09-30T19:25:25+00:00,7347dd32-bfa1-470a-a6ee-2a2c95ad9af5,ARAL,Aral Tankstelle,Berlin,52.542747,13.199304,1.5,2.319,2.259,2.409,True
2026-09-30T19:25:25+00:00,9f07b69b-4b15-4852-9c60-5d293c6cadc5,Sprint,Sprint Berlin Seegefelder Str.,Berlin,52.536163,13.191189,1.6,2.299,2.239,2.399,True
2026-09-30T19:25:25+00:00,005056ba-7cb6-1ed2-bceb-641db1c24d1d,STAR,star Tankstelle,Berlin,52.534388,13.184014,1.7,2.299,2.239,2.399,True
2026-09-30T19:25:25+00:00,51d4b471-a095-1aa0-e100-80009459e03a,JET,JET BERLIN BRUNSBUETTELER DAMM 87-89,BERLIN,52.53379,13.18503,1.7,2.299,2.239,2.399,True
2026-09-30T19:25:25+00:00,d590310c-e209-46b2-bfe7-dacc6148e1f1,TotalEnergies,TotalEnergies Berlin,Berlin,52.55424,13.207408,2,2.329,2.269,2.429,True
2026-09-30T19:25:25+00:00,5d8c8a4c-bce7-4d28-ae12-0d61a971c5cc,Shell,Shell Berlin Streitstr. 19,Berlin,52.558899,13.208409,2.3,2.349,2.289,2.469,True
2026-09-30T19:25:25+00:00,057827cd-6583-4a3a-a461-f8546073fd02,SUN,Sun Klosterstr.,Berlin,52.52943,13.19517,2.4,2.299,2.239,2.399,True
2026-09-30T19:25:25+00:00,905d4775-754e-4b38-baca-89c98fad1d1a,Sprint,Sprint Berlin Ruhlebener Str.,Berlin,52.529285,13.20718,2.9,2.299,2.239,2.399,True
2026-09-30T19:26:56+00:00,cebbe420-bcf3-4db8-9099-c52b783e2158,ESSO,Esso Tankstelle,BERLIN,52.549044,13.17897,0,2.319,2.259,2.409,True
2026-09-30T19:26:56+00:00,7347dd32-bfa1-470a-a6ee-2a2c95ad9af5,ARAL,Aral Tankstelle,Berlin,52.542747,13.199304,1.5,2.319,2.259,2.409,True
2026-09-30T19:26:56+00:00,9f07b69b-4b15-4852-9c60-5d293c6cadc5,Sprint,Sprint Berlin Seegefelder Str.,Berlin,52.536163,13.191189,1.6,2.299,2.239,2.399,True
2026-09-30T19:26:56+00:00,005056ba-7cb6-1ed2-bceb-641db1c24d1d,STAR,star Tankstelle,Berlin,52.534388,13.184014,1.7,2.299,2.239,2.399,True
2026-09-30T19:26:56+00:00,51d4b471-a095-1aa0-e100-80009459e03a,JET,JET BERLIN BRUNSBUETTELER DAMM 87-89,BERLIN,52.53379,13.18503,1.7,2.299,2.239,2.399,True
2026-09-30T19:26:56+00:00,d590310c-e209-46b2-bfe7-dacc6148e1f1,TotalEnergies,TotalEnergies Berlin,Berlin,52.55424,13.207408,2,2.329,2.269,2.429,True
2026-09-30T19:26:56+00:00,5d8c8a4c-bce7-4d28-ae12-0d61a971c5cc,Shell,Shell Berlin Streitstr. 19,Berlin,52.558899,13.208409,2.3,2.349,2.289,2.469,True
2026-09-30T19:26:56+00:00,057827cd-6583-4a3a-a461-f8546073fd02,SUN,Sun Klosterstr.,Berlin,52.52943,13.19517,2.4,2.299,2.239,2.399,True
2026-09-30T19:26:56+00:00,905d4775-754e-4b38-baca-89c98fad1d1a,Sprint,Sprint Berlin Ruhlebener Str.,Berlin,52.529285,13.20718,2.9,2.299,2.239,2.399,True
2026-09-30T19:28:27+00:00,cebbe420-bcf3-4db8-9099-c52b783e2158,ESSO,Esso Tankstelle,BERLIN,52.549044,13.17897,0,2.319,2.259,2.409,True
2026-09-30T19:28:27+00:00,7347dd32-bfa1-470a-a6ee-2a2c95ad9af5,ARAL,Aral Tankstelle,Berlin,52.542747,13.199304,1.5,2.319,2.259,2.409,True
2026-09-30T19:28:27+00:00,9f07b69b-4b15-4852-9c60-5d293c6cadc5,Sprint,Sprint Berlin Seegefelder Str.,Berlin,52.536163,13.191189,1.6,2.299,2.239,2.399,True
2026-09-30T19:28:27+00:00,005056ba-7cb6-1ed2-bceb-641db1c24d1d,STAR,star Tankstelle,Berlin,52.534388,13.184014,1.7,2.299,2.239,2.399,True
2026-09-30T19:28:27+00:00,51d4b471-a095-1aa0-e100-80009459e03a,JET,JET BERLIN BRUNSBUETTELER DAMM 87-89,BERLIN,52.53379,13.18503,1.7,2.299,2.239,2.399,True
2026-09-30T19:28:27+00:00,d590310c-e209-46b2-bfe7-dacc6148e1f1,TotalEnergies,TotalEnergies Berlin,Berlin,52.55424,13.207408,2,2.329,2.269,2.429,True
2026-09-30T19:28:27+00:00,5d8c8a4c-bce7-4d28-ae12-0d61a971c5cc,Shell,Shell Berlin Streitstr. 19,Berlin,52.558899,13.208409,2.3,2.349,2.289,2.469,True
2026-09-30T19:28:27+00:00,057827cd-6583-4a3a-a461-f8546073fd02,SUN,Sun Klosterstr.,Berlin,52.52943,13.19517,2.4,2.299,2.239,2.399,True
2026-09-30T19:28:27+00:00,905d4775-754e-4b38-baca-89c98fad1d1a,Sprint,Sprint Berlin Ruhlebener Str.,Berlin,52.529285,13.20718,2.9,2.299,2.239,2.399,True
2026-09-30T19:29:58+00:00,cebbe420-bcf3-4db8-9099-c52b783e2158,ESSO,Esso Tankstelle,BERLIN,52.549044,13.17897,0,2.319,2.259,2.409,True
2026-09-30T19:29:58+00:00,7347dd32-bfa1-470a-a6ee-2a2c95ad9af5,ARAL,Aral Tankstelle,Berlin,52.542747,13.199304,1.5,2.319,2.259,2.409,True
2026-09-30T19:29:58+00:00,9f07b69b-4b15-4852-9c60-5d293c6cadc5,Sprint,Sprint Berlin Seegefelder Str.,Berlin,52.536163,13.191189,1.6,2.299,2.239,2.399,True
2026-09-30T19:29:58+00:00,005056ba-7cb6-1ed2-bceb-641db1c24d1d,STAR,star Tankstelle,Berlin,52.534388,13.184014,1.7,2.299,2.239,2.399,True
2026-09-30T19:29:58+00:00,51d4b471-a095-1aa0-e100-80009459e03a,JET,JET BERLIN BRUNSBUETTELER DAMM 87-89,BERLIN,52.53379,13.18503,1.7,2.299,2.239,2.399,True
2026-09-30T19:29:58+00:00,d590310c-e209-46b2-bfe7-dacc6148e1f1,TotalEnergies,TotalEnergies Berlin,Berlin,52.55424,13.207408,2,2.329,2.269,2.429,True
2026-09-30T19:29:58+00:00,5d8c8a4c-bce7-4d28-ae12-0d61a971c5cc,Shell,Shell Berlin Streitstr. 19,Berlin,52.558899,13.208409,2.3,2.349,2.289,2.469,True
2026-09-30T19:29:58+00:00,057827cd-6583-4a3a-a461-f8546073fd02,SUN,Sun Klosterstr.,Berlin,52.52943,13.19517,2.4,2.299,2.239,2.399,True
2026-09-30T19:29:58+00:00,905d4775-754e-4b38-baca-89c98fad1d1a,Sprint,Sprint Berlin Ruhlebener Str.,Berlin,52.529285,13.20718,2.9,2.299,2.239,2.399,True
2026-09-30T19:31:28+00:00,cebbe420-bcf3-4db8-9099-c52b783e2158,ESSO,Esso Tankstelle,BERLIN,52.549044,13.17897,0,2.319,2.259,2.409,True
2026-09-30T19:31:28+00:00,7347dd32-bfa1-470a-a6ee-2a2c95ad9af5,ARAL,Aral Tankstelle,Berlin,52.542747,13.199304,1.5,2.319,2.259,2.409,True
2026-09-30T19:31:28+00:00,9f07b69b-4b15-4852-9c60-5d293c6cadc5,Sprint,Sprint Berlin Seegefelder Str.,Berlin,52.536163,13.191189,1.6,2.299,2.239,2.399,True
2026-09-30T19:31:28+00:00,005056ba-7cb6-1ed2-bceb-641db1c24d1d,STAR,star Tankstelle,Berlin,52.534388,13.184014,1.7,2.299,2.239,2.399,True
2026-09-30T19:31:28+00:00,51d4b471-a095-1aa0-e100-80009459e03a,JET,JET BERLIN BRUNSBUETTELER DAMM 87-89,BERLIN,52.53379,13.18503,1.7,2.299,2.239,2.399,True
2026-09-30T19:31:28+00:00,d590310c-e209-46b2-bfe7-dacc6148e1f1,TotalEnergies,TotalEnergies Berlin,Berlin,52.55424,13.207408,2,2.329,2.269,2.429,True
2026-09-30T19:31:28+00:00,5d8c8a4c-bce7-4d28-ae12-0d61a971c5cc,Shell,Shell Berlin Streitstr. 19,Berlin,52.558899,13.208409,2.3,2.349,2.289,2.469,True
2026-09-30T19:31:28+00:00,057827cd-6583-4a3a-a461-f8546073fd02,SUN,Sun Klosterstr.,Berlin,52.52943,13.19517,2.4,2.299,2.239,2.399,True
2026-09-30T19:31:28+00:00,905d4775-754e-4b38-baca-89c98fad1d1a,Sprint,Sprint Berlin Ruhlebener Str.,Berlin,52.529285,13.20718,2.9,2.299,2.239,2.399,True
2026-09-30T19:32:59+00:00,cebbe420-bcf3-4db8-9099-c52b783e2158,ESSO,Esso Tankstelle,BERLIN,52.549044,13.17897,0,2.319,2.259,2.409,True
2026-09-30T19:32:59+00:00,7347dd32-bfa1-470a-a6ee-2a2c95ad9af5,ARAL,Aral Tankstelle,Berlin,52.542747,13.199304,1.5,2.319,2.259,2.409,True
2026-09-30T19:32:59+00:00,9f07b69b-4b15-4852-9c60-5d293c6cadc5,Sprint,Sprint Berlin Seegefelder Str.,Berlin,52.536163,13.191189,1.6,2.299,2.239,2.399,True
2026-09-30T19:32:59+00:00,005056ba-7cb6-1ed2-bceb-641db1c24d1d,STAR,star Tankstelle,Berlin,52.534388,13.184014,1.7,2.299,2.239,2.399,True
2026-09-30T19:32:59+00:00,51d4b471-a095-1aa0-e100-80009459e03a,JET,JET BERLIN BRUNSBUETTELER DAMM 87-89,BERLIN,52.53379,13.18503,1.7,2.299,2.239,2.399,True
2026-09-30T19:32:59+00:00,d590310c-e209-46b2-bfe7-dacc6148e1f1,TotalEnergies,TotalEnergies Berlin,Berlin,52.55424,13.207408,2,2.329,2.269,2.429,True
2026-09-30T19:32:59+00:00,5d8c8a4c-bce7-4d28-ae12-0d61a971c5cc,Shell,Shell Berlin Streitstr. 19,Berlin,52.558899,13.208409,2.3,2.349,2.289,2.469,True
2026-09-30T19:32:59+00:00,057827cd-6583-4a3a-a461-f8546073fd02,SUN,Sun Klosterstr.,Berlin,52.52943,13.19517,2.4,2.299,2.239,2.399,True
2026-09-30T19:32:59+00:00,905d4775-754e-4b38-baca-89c98fad1d1a,Sprint,Sprint Berlin Ruhlebener Str.,Berlin,52.529285,13.20718,2.9,2.299,2.239,2.399,True
2026-09-30T19:34:30+00:00,cebbe420-bcf3-4db8-9099-c52b783e2158,ESSO,Esso Tankstelle,BERLIN,52.549044,13.17897,0,2.319,2.259,2.409,True
2026-09-30T19:34:30+00:00,7347dd32-bfa1-470a-a6ee-2a2c95ad9af5,ARAL,Aral Tankstelle,Berlin,52.542747,13.199304,1.5,2.319,2.259,2.409,True
2026-09-30T19:34:30+00:00,9f07b69b-4b15-4852-9c60-5d293c6cadc5,Sprint,Sprint Berlin Seegefelder Str.,Berlin,52.536163,13.191189,1.6,2.299,2.239,2.399,True
2026-09-30T19:34:30+00:00,005056ba-7cb6-1ed2-bceb-641db1c24d1d,STAR,star Tankstelle,Berlin,52.534388,13.184014,1.7,2.299,2.239,2.399,True
2026-09-30T19:34:30+00:00,51d4b471-a095-1aa0-e100-80009459e03a,JET,JET BERLIN BRUNSBUETTELER DAMM 87-89,BERLIN,52.53379,13.18503,1.7,2.299,2.239,2.399,True
2026-09-30T19:34:30+00:00,d590310c-e209-46b2-bfe7-dacc6148e1f1,TotalEnergies,TotalEnergies Berlin,Berlin,52.55424,13.207408,2,2.329,2.269,2.429,True
2026-09-30T19:34:30+00:00,5d8c8a4c-bce7-4d28-ae12-0d61a971c5cc,Shell,Shell Berlin Streitstr. 19,Berlin,52.558899,13.208409,2.3,2.349,2.289,2.469,True
2026-09-30T19:34:30+00:00,057827cd-6583-4a3a-a461-f8546073fd02,SUN,Sun Klosterstr.,Berlin,52.52943,13.19517,2.4,2.299,2.239,2.399,True
2026-09-30T19:34:30+00:00,905d4775-754e-4b38-baca-89c98fad1d1a,Sprint,Sprint Berlin Ruhlebener Str.,Berlin,52.529285,13.20718,2.9,2.299,2.239,2.399,True
2026-09-30T19:36:01+00:00,cebbe420-bcf3-4db8-9099-c52b783e2158,ESSO,Esso Tankstelle,BERLIN,52.549044,13.17897,0,2.319,2.259,2.409,True
2026-09-30T19:36:01+00:00,7347dd32-bfa1-470a-a6ee-2a2c95ad9af5,ARAL,Aral Tankstelle,Berlin,52.542747,13.199304,1.5,2.319,2.259,2.409,True
2026-09-30T19:36:01+00:00,9f07b69b-4b15-4852-9c60-5d293c6cadc5,Sprint,Sprint Berlin Seegefelder Str.,Berlin,52.536163,13.191189,1.6,2.299,2.239,2.399,True
2026-09-30T19:36:01+00:00,005056ba-7cb6-1ed2-bceb-641db1c24d1d,STAR,star Tankstelle,Berlin,52.534388,13.184014,1.7,2.299,2.239,2.399,True
2026-09-30T19:36:01+00:00,51d4b471-a095-1aa0-e100-80009459e03a,JET,JET BERLIN BRUNSBUETTELER DAMM 87-89,BERLIN,52.53379,13.18503,1.7,2.299,2.239,2.399,True
2026-09-30T19:36:01+00:00,d590310c-e209-46b2-bfe7-dacc6148e1f1,TotalEnergies,TotalEnergies Berlin,Berlin,52.55424,13.207408,2,2.329,2.269,2.429,True
2026-09-30T19:36:01+00:00,5d8c8a4c-bce7-4d28-ae12-0d61a971c5cc,Shell,Shell Berlin Streitstr. 19,Berlin,52.558899,13.208409,2.3,2.349,2.289,2.469,True
2026-09-30T19:36:01+00:00,057827cd-6583-4a3a-a461-f8546073fd02,SUN,Sun Klosterstr.,Berlin,52.52943,13.19517,2.4,2.299,2.239,2.399,True
2026-09-30T19:36:01+00:00,905d4775-754e-4b38-baca-89c98fad1d1a,Sprint,Sprint Berlin Ruhlebener Str.,Berlin,52.529285,13.20718,2.9,2.299,2.239,2.399,True
2026-09-30T19:37:33+00:00,cebbe420-bcf3-4db8-9099-c52b783e2158,ESSO,Esso Tankstelle,BERLIN,52.549044,13.17897,0,2.319,2.259,2.409,True
2026-09-30T19:37:33+00:00,7347dd32-bfa1-470a-a6ee-2a2c95ad9af5,ARAL,Aral Tankstelle,Berlin,52.542747,13.199304,1.5,2.319,2.259,2.409,True
2026-09-30T19:37:33+00:00,9f07b69b-4b15-4852-9c60-5d293c6cadc5,Sprint,Sprint Berlin Seegefelder Str.,Berlin,52.536163,13.191189,1.6,2.299,2.239,2.399,True
2026-09-30T19:37:33+00:00,005056ba-7cb6-1ed2-bceb-641db1c24d1d,STAR,star Tankstelle,Berlin,52.534388,13.184014,1.7,2.299,2.239,2.399,True
2026-09-30T19:37:33+00:00,51d4b471-a095-1aa0-e100-80009459e03a,JET,JET BERLIN BRUNSBUETTELER DAMM 87-89,BERLIN,52.53379,13.18503,1.7,2.299,2.239,2.399,True
2026-09-30T19:37:33+00:00,d590310c-e209-46b2-bfe7-dacc6148e1f1,TotalEnergies,TotalEnergies Berlin,Berlin,52.55424,13.207408,2,2.329,2.269,2.429,True
2026-09-30T19:37:33+00:00,5d8c8a4c-bce7-4d28-ae12-0d61a971c5cc,Shell,Shell Berlin Streitstr. 19,Berlin,52.558899,13.208409,2.3,2.349,2.289,2.469,True
2026-09-30T19:37:33+00:00,057827cd-6583-4a3a-a461-f8546073fd02,SUN,Sun Klosterstr.,Berlin,52.52943,13.19517,2.4,2.299,2.239,2.399,True
2026-09-30T19:37:33+00:00,905d4775-754e-4b38-baca-89c98fad1d1a,Sprint,Sprint Berlin Ruhlebener Str.,Berlin,52.529285,13.20718,2.9,2.299,2.239,2.399,True
2026-09-30T19:39:04+00:00,cebbe420-bcf3-4db8-9099-c52b783e2158,ESSO,Esso Tankstelle,BERLIN,52.549044,13.17897,0,2.319,2.259,2.409,True
2026-09-30T19:39:04+00:00,7347dd32-bfa1-470a-a6ee-2a2c95ad9af5,ARAL,Aral Tankstelle,Berlin,52.542747,13.199304,1.5,2.319,2.259,2.409,True
2026-09-30T19:39:04+00:00,9f07b69b-4b15-4852-9c60-5d293c6cadc5,Sprint,Sprint Berlin Seegefelder Str.,Berlin,52.536163,13.191189,1.6,2.299,2.239,2.399,True
2026-09-30T19:39:04+00:00,005056ba-7cb6-1ed2-bceb-641db1c24d1d,STAR,star Tankstelle,Berlin,52.534388,13.184014,1.7,2.299,2.239,2.399,True
2026-09-30T19:39:04+00:00,51d4b471-a095-1aa0-e100-80009459e03a,JET,JET BERLIN BRUNSBUETTELER DAMM 87-89,BERLIN,52.53379,13.18503,1.7,2.299,2.239,2.399,True
2026-09-30T19:39:04+00:00,d590310c-e209-46b2-bfe7-dacc6148e1f1,TotalEnergies,TotalEnergies Berlin,Berlin,52.55424,13.207408,2,2.329,2.269,2.429,True
2026-09-30T19:39:04+00:00,5d8c8a4c-bce7-4d28-ae12-0d61a971c5cc,Shell,Shell Berlin Streitstr. 19,Berlin,52.558899,13.208409,2.3,2.349,2.289,2.469,True
2026-09-30T19:39:04+00:00,057827cd-6583-4a3a-a461-f8546073fd02,SUN,Sun Klosterstr.,Berlin,52.52943,13.19517,2.4,2.299,2.239,2.399,True
2026-09-30T19:39:04+00:00,905d4775-754e-4b38-baca-89c98fad1d1a,Sprint,Sprint Berlin Ruhlebener Str.,Berlin,52.529285,13.20718,2.9,2.299,2.239,2.399,True
2026-09-30T19:40:35+00:00,cebbe420-bcf3-4db8-9099-c52b783e2158,ESSO,Esso Tankstelle,BERLIN,52.549044,13.17897,0,2.319,2.259,2.409,True
2026-09-30T19:40:35+00:00,7347dd32-bfa1-470a-a6ee-2a2c95ad9af5,ARAL,Aral Tankstelle,Berlin,52.542747,13.199304,1.5,2.319,2.259,2.409,True
2026-09-30T19:40:35+00:00,9f07b69b-4b15-4852-9c60-5d293c6cadc5,Sprint,Sprint Berlin Seegefelder Str.,Berlin,52.536163,13.191189,1.6,2.299,2.239,2.399,True
2026-09-30T19:40:35+00:00,005056ba-7cb6-1ed2-bceb-641db1c24d1d,STAR,star Tankstelle,Berlin,52.534388,13.184014,1.7,2.299,2.239,2.399,True
2026-09-30T19:40:35+00:00,51d4b471-a095-1aa0-e100-80009459e03a,JET,JET BERLIN BRUNSBUETTELER DAMM 87-89,BERLIN,52.53379,13.18503,1.7,2.299,2.239,2.399,True
2026-09-30T19:40:35+00:00,d590310c-e209-46b2-bfe7-dacc6148e1f1,TotalEnergies,TotalEnergies Berlin,Berlin,52.55424,13.207408,2,2.329,2.269,2.429,True
2026-09-30T19:40:35+00:00,5d8c8a4c-bce7-4d28-ae12-0d61a971c5cc,Shell,Shell Berlin Streitstr. 19,Berlin,52.558899,13.208409,2.3,2.349,2.289,2.469,True
2026-09-30T19:40:35+00:00,057827cd-6583-4a3a-a461-f8546073fd02,SUN,Sun Klosterstr.,Berlin,52.52943,13.19517,2.4,2.299,2.239,2.399,True
2026-09-30T19:40:35+00:00,905d4775-754e-4b38-baca-89c98fad1d1a,Sprint,Sprint Berlin Ruhlebener Str.,Berlin,52.529285,13.20718,2.9,2.299,2.239,2.399,True
2026-09-30T19:42:06+00:00,cebbe420-bcf3-4db8-9099-c52b783e2158,ESSO,Esso Tankstelle,BERLIN,52.549044,13.17897,0,2.319,2.259,2.409,True
2026-09-30T19:42:06+00:00,7347dd32-bfa1-470a-a6ee-2a2c95ad9af5,ARAL,Aral Tankstelle,Berlin,52.542747,13.199304,1.5,2.319,2.259,2.409,True
2026-09-30T19:42:06+00:00,9f07b69b-4b15-4852-9c60-5d293c6cadc5,Sprint,Sprint Berlin Seegefelder Str.,Berlin,52.536163,13.191189,1.6,2.299,2.239,2.399,True
2026-09-30T19:42:06+00:00,005056ba-7cb6-1ed2-bceb-641db1c24d1d,STAR,star Tankstelle,Berlin,52.534388,13.184014,1.7,2.299,2.239,2.399,True
2026-09-30T19:42:06+00:00,51d4b471-a095-1aa0-e100-80009459e03a,JET,JET BERLIN BRUNSBUETTELER DAMM 87-89,BERLIN,52.53379,13.18503,1.7,2.299,2.239,2.399,True
2026-09-30T19:42:06+00:00,d590310c-e209-46b2-bfe7-dacc6148e1f1,TotalEnergies,TotalEnergies Berlin,Berlin,52.55424,13.207408,2,2.329,2.269,2.429,True
2026-09-30T19:42:06+00:00,5d8c8a4c-bce7-4d28-ae12-0d61a971c5cc,Shell,Shell Berlin Streitstr. 19,Berlin,52.558899,13.208409,2.3,2.349,2.289,2.469,True
2026-09-30T19:42:06+00:00,057827cd-6583-4a3a-a461-f8546073fd02,SUN,Sun Klosterstr.,Berlin,52.52943,13.19517,2.4,2.299,2.239,2.399,True
2026-09-30T19:42:06+00:00,905d4775-754e-4b38-baca-89c98fad1d1a,Sprint,Sprint Berlin Ruhlebener Str.,Berlin,52.529285,13.20718,2.9,2.299,2.239,2.399,True
2026-09-30T19:43:37+00:00,cebbe420-bcf3-4db8-9099-c52b783e2158,ESSO,Esso Tankstelle,BERLIN,52.549044,13.17897,0,2.319,2.259,2.409,True
2026-09-30T19:43:37+00:00,7347dd32-bfa1-470a-a6ee-2a2c95ad9af5,ARAL,Aral Tankstelle,Berlin,52.542747,13.199304,1.5,2.319,2.259,2.409,True
2026-09-30T19:43:37+00:00,9f07b69b-4b15-4852-9c60-5d293c6cadc5,Sprint,Sprint Berlin Seegefelder Str.,Berlin,52.536163,13.191189,1.6,2.299,2.239,2.399,True
2026-09-30T19:43:37+00:00,005056ba-7cb6-1ed2-bceb-641db1c24d1d,STAR,star Tankstelle,Berlin,52.534388,13.184014,1.7,2.299,2.239,2.399,True
2026-09-30T19:43:37+00:00,51d4b471-a095-1aa0-e100-80009459e03a,JET,JET BERLIN BRUNSBUETTELER DAMM 87-89,BERLIN,52.53379,13.18503,1.7,2.299,2.239,2.399,True
2026-09-30T19:43:37+00:00,d590310c-e209-46b2-bfe7-dacc6148e1f1,TotalEnergies,TotalEnergies Berlin,Berlin,52.55424,13.207408,2,2.329,2.269,2.429,True
2026-09-30T19:43:37+00:00,5d8c8a4c-bce7-4d28-ae12-0d61a971c5cc,Shell,Shell Berlin Streitstr. 19,Berlin,52.558899,13.208409,2.3,2.349,2.289,2.469,True
2026-09-30T19:43:37+00:00,057827cd-6583-4a3a-a461-f8546073fd02,SUN,Sun Klosterstr.,Berlin,52.52943,13.19517,2.4,2.299,2.239,2.399,True
2026-09-30T19:43:37+00:00,905d4775-754e-4b38-baca-89c98fad1d1a,Sprint,Sprint Berlin Ruhlebener Str.,Berlin,52.529285,13.20718,2.9,2.299,2.239,2.399,True
2026-09-30T19:45:08+00:00,cebbe420-bcf3-4db8-9099-c52b783e2158,ESSO,Esso Tankstelle,BERLIN,52.549044,13.17897,0,2.319,2.259,2.409,True
2026-09-30T19:45:08+00:00,7347dd32-bfa1-470a-a6ee-2a2c95ad9af5,ARAL,Aral Tankstelle,Berlin,52.542747,13.199304,1.5,2.319,2.259,2.409,True
2026-09-30T19:45:08+00:00,9f07b69b-4b15-4852-9c60-5d293c6cadc5,Sprint,Sprint Berlin Seegefelder Str.,Berlin,52.536163,13.191189,1.6,2.299,2.239,2.399,True
2026-09-30T19:45:08+00:00,005056ba-7cb6-1ed2-bceb-641db1c24d1d,STAR,star Tankstelle,Berlin,52.534388,13.184014,1.7,2.299,2.239,2.399,True
2026-09-30T19:45:08+00:00,51d4b471-a095-1aa0-e100-80009459e03a,JET,JET BERLIN BRUNSBUETTELER DAMM 87-89,BERLIN,52.53379,13.18503,1.7,2.299,2.239,2.399,True
2026-09-30T19:45:08+00:00,d590310c-e209-46b2-bfe7-dacc6148e1f1,TotalEnergies,TotalEnergies Berlin,Berlin,52.55424,13.207408,2,2.329,2.269,2.429,True
2026-09-30T19:45:08+00:00,5d8c8a4c-bce7-4d28-ae12-0d61a971c5cc,Shell,Shell Berlin Streitstr. 19,Berlin,52.558899,13.208409,2.3,2.349,2.289,2.469,True
2026-09-30T19:45:08+00:00,057827cd-6583-4a3a-a461-f8546073fd02,SUN,Sun Klosterstr.,Berlin,52.52943,13.19517,2.4,2.299,2.239,2.399,True
2026-09-30T19:45:08+00:00,905d4775-754e-4b38-baca-89c98fad1d1a,Sprint,Sprint Berlin Ruhlebener Str.,Berlin,52.529285,13.20718,2.9,2.299,2.239,2.399,True
2026-09-30T19:46:40+00:00,cebbe420-bcf3-4db8-9099-c52b783e2158,ESSO,Esso Tankstelle,BERLIN,52.549044,13.17897,0,2.319,2.259,2.409,True
2026-09-30T19:46:40+00:00,7347dd32-bfa1-470a-a6ee-2a2c95ad9af5,ARAL,Aral Tankstelle,Berlin,52.542747,13.199304,1.5,2.319,2.259,2.409,True
2026-09-30T19:46:40+00:00,9f07b69b-4b15-4852-9c60-5d293c6cadc5,Sprint,Sprint Berlin Seegefelder Str.,Berlin,52.536163,13.191189,1.6,2.299,2.239,2.399,True
2026-09-30T19:46:40+00:00,005056ba-7cb6-1ed2-bceb-641db1c24d1d,STAR,star Tankstelle,Berlin,52.534388,13.184014,1.7,2.299,2.239,2.399,True
2026-09-30T19:46:40+00:00,51d4b471-a095-1aa0-e100-80009459e03a,JET,JET BERLIN BRUNSBUETTELER DAMM 87-89,BERLIN,52.53379,13.18503,1.7,2.299,2.239,2.399,True
2026-09-30T19:46:40+00:00,d590310c-e209-46b2-bfe7-dacc6148e1f1,TotalEnergies,TotalEnergies Berlin,Berlin,52.55424,13.207408,2,2.329,2.269,2.429,True
2026-09-30T19:46:40+00:00,5d8c8a4c-bce7-4d28-ae12-0d61a971c5cc,Shell,Shell Berlin Streitstr. 19,Berlin,52.558899,13.208409,2.3,2.349,2.289,2.469,True
2026-09-30T19:46:40+00:00,057827cd-6583-4a3a-a461-f8546073fd02,SUN,Sun Klosterstr.,Berlin,52.52943,13.19517,2.4,2.299,2.239,2.399,True
2026-09-30T19:46:40+00:00,905d4775-754e-4b38-baca-89c98fad1d1a,Sprint,Sprint Berlin Ruhlebener Str.,Berlin,52.529285,13.20718,2.9,2.299,2.239,2.399,True
2026-09-30T19:48:11+00:00,cebbe420-bcf3-4db8-9099-c52b783e2158,ESSO,Esso Tankstelle,BERLIN,52.549044,13.17897,0,2.319,2.259,2.409,True
2026-09-30T19:48:11+00:00,7347dd32-bfa1-470a-a6ee-2a2c95ad9af5,ARAL,Aral Tankstelle,Berlin,52.542747,13.199304,1.5,2.319,2.259,2.409,True
2026-09-30T19:48:11+00:00,9f07b69b-4b15-4852-9c60-5d293c6cadc5,Sprint,Sprint Berlin Seegefelder Str.,Berlin,52.536163,13.191189,1.6,2.299,2.239,2.399,True
2026-09-30T19:48:11+00:00,005056ba-7cb6-1ed2-bceb-641db1c24d1d,STAR,star Tankstelle,Berlin,52.534388,13.184014,1.7,2.299,2.239,2.399,True
2026-09-30T19:48:11+00:00,51d4b471-a095-1aa0-e100-80009459e03a,JET,JET BERLIN BRUNSBUETTELER DAMM 87-89,BERLIN,52.53379,13.18503,1.7,2.299,2.239,2.399,True
2026-09-30T19:48:11+00:00,d590310c-e209-46b2-bfe7-dacc6148e1f1,TotalEnergies,TotalEnergies Berlin,Berlin,52.55424,13.207408,2,2.329,2.269,2.429,True
2026-09-30T19:48:11+00:00,5d8c8a4c-bce7-4d28-ae12-0d61a971c5cc,Shell,Shell Berlin Streitstr. 19,Berlin,52.558899,13.208409,2.3,2.349,2.289,2.469,True
2026-09-30T19:48:11+00:00,057827cd-6583-4a3a-a461-f8546073fd02,SUN,Sun Klosterstr.,Berlin,52.52943,13.19517,2.4,2.299,2.239,2.399,True
2026-09-30T19:48:11+00:00,905d4775-754e-4b38-baca-89c98fad1d1a,Sprint,Sprint Berlin Ruhlebener Str.,Berlin,52.529285,13.20718,2.9,2.299,2.239,2.399,True
2026-09-30T19:49:43+00:00,cebbe420-bcf3-4db8-9099-c52b783e2158,ESSO,Esso Tankstelle,BERLIN,52.549044,13.17897,0,2.319,2.259,2.409,True
2026-09-30T19:49:43+00:00,7347dd32-bfa1-470a-a6ee-2a2c95ad9af5,ARAL,Aral Tankstelle,Berlin,52.542747,13.199304,1.5,2.319,2.259,2.409,True
2026-09-30T19:49:43+00:00,9f07b69b-4b15-4852-9c60-5d293c6cadc5,Sprint,Sprint Berlin Seegefelder Str.,Berlin,52.536163,13.191189,1.6,2.299,2.239,2.399,True
2026-09-30T19:49:43+00:00,005056ba-7cb6-1ed2-bceb-641db1c24d1d,STAR,star Tankstelle,Berlin,52.534388,13.184014,1.7,2.299,2.239,2.399,True
2026-09-30T19:49:43+00:00,51d4b471-a095-1aa0-e100-80009459e03a,JET,JET BERLIN BRUNSBUETTELER DAMM 87-89,BERLIN,52.53379,13.18503,1.7,2.299,2.239,2.399,True
2026-09-30T19:49:43+00:00,d590310c-e209-46b2-bfe7-dacc6148e1f1,TotalEnergies,TotalEnergies Berlin,Berlin,52.55424,13.207408,2,2.329,2.269,2.429,True
2026-09-30T19:49:43+00:00,5d8c8a4c-bce7-4d28-ae12-0d61a971c5cc,Shell,Shell Berlin Streitstr. 19,Berlin,52.558899,13.208409,2.3,2.349,2.289,2.469,True
2026-09-30T19:49:43+00:00,057827cd-6583-4a3a-a461-f8546073fd02,SUN,Sun Klosterstr.,Berlin,52.52943,13.19517,2.4,2.299,2.239,2.399,True
2026-09-30T19:49:43+00:00,905d4775-754e-4b38-baca-89c98fad1d1a,Sprint,Sprint Berlin Ruhlebener Str.,Berlin,52.529285,13.20718,2.9,2.299,2.239,2.399,True
2026-09-30T19:51:14+00:00,cebbe420-bcf3-4db8-9099-c52b783e2158,ESSO,Esso Tankstelle,BERLIN,52.549044,13.17897,0,2.319,2.259,2.409,True
2026-09-30T19:51:14+00:00,7347dd32-bfa1-470a-a6ee-2a2c95ad9af5,ARAL,Aral Tankstelle,Berlin,52.542747,13.199304,1.5,2.319,2.259,2.409,True
2026-09-30T19:51:14+00:00,9f07b69b-4b15-4852-9c60-5d293c6cadc5,Sprint,Sprint Berlin Seegefelder Str.,Berlin,52.536163,13.191189,1.6,2.299,2.239,2.399,True
2026-09-30T19:51:14+00:00,005056ba-7cb6-1ed2-bceb-641db1c24d1d,STAR,star Tankstelle,Berlin,52.534388,13.184014,1.7,2.299,2.239,2.399,True
2026-09-30T19:51:14+00:00,51d4b471-a095-1aa0-e100-80009459e03a,JET,JET BERLIN BRUNSBUETTELER DAMM 87-89,BERLIN,52.53379,13.18503,1.7,2.299,2.239,2.399,True
2026-09-30T19:51:14+00:00,d590310c-e209-46b2-bfe7-dacc6148e1f1,TotalEnergies,TotalEnergies Berlin,Berlin,52.55424,13.207408,2,2.329,2.269,2.429,True
2026-09-30T19:51:14+00:00,5d8c8a4c-bce7-4d28-ae12-0d61a971c5cc,Shell,Shell Berlin Streitstr. 19,Berlin,52.558899,13.208409,2.3,2.349,2.289,2.469,True
2026-09-30T19:51:14+00:00,057827cd-6583-4a3a-a461-f8546073fd02,SUN,Sun Klosterstr.,Berlin,52.52943,13.19517,2.4,2.299,2.239,2.399,True
2026-09-30T19:51:14+00:00,905d4775-754e-4b38-baca-89c98fad1d1a,Sprint,Sprint Berlin Ruhlebener Str.,Berlin,52.529285,13.20718,2.9,2.299,2.239,2.399,True
2026-09-30T19:52:45+00:00,cebbe420-bcf3-4db8-9099-c52b783e2158,ESSO,Esso Tankstelle,BERLIN,52.549044,13.17897,0,2.319,2.259,2.409,True
2026-09-30T19:52:45+00:00,7347dd32-bfa1-470a-a6ee-2a2c95ad9af5,ARAL,Aral Tankstelle,Berlin,52.542747,13.199304,1.5,2.319,2.259,2.409,True
2026-09-30T19:52:45+00:00,9f07b69b-4b15-4852-9c60-5d293c6cadc5,Sprint,Sprint Berlin Seegefelder Str.,Berlin,52.536163,13.191189,1.6,2.299,2.239,2.399,True
2026-09-30T19:52:45+00:00,005056ba-7cb6-1ed2-bceb-641db1c24d1d,STAR,star Tankstelle,Berlin,52.534388,13.184014,1.7,2.299,2.239,2.399,True
2026-09-30T19:52:45+00:00,51d4b471-a095-1aa0-e100-80009459e03a,JET,JET BERLIN BRUNSBUETTELER DAMM 87-89,BERLIN,52.53379,13.18503,1.7,2.299,2.239,2.399,True
2026-09-30T19:52:45+00:00,d590310c-e209-46b2-bfe7-dacc6148e1f1,TotalEnergies,TotalEnergies Berlin,Berlin,52.55424,13.207408,2,2.329,2.269,2.429,True
2026-09-30T19:52:45+00:00,5d8c8a4c-bce7-4d28-ae12-0d61a971c5cc,Shell,Shell Berlin Streitstr. 19,Berlin,52.558899,13.208409,2.3,2.349,2.289,2.469,True
2026-09-30T19:52:45+00:00,057827cd-6583-4a3a-a461-f8546073fd02,SUN,Sun Klosterstr.,Berlin,52.52943,13.19517,2.4,2.299,2.239,2.399,True
2026-09-30T19:52:45+00:00,905d4775-754e-4b38-baca-89c98fad1d1a,Sprint,Sprint Berlin Ruhlebener Str.,Berlin,52.529285,13.20718,2.9,2.299,2.239,2.399,True
2026-09-30T19:54:16+00:00,cebbe420-bcf3-4db8-9099-c52b783e2158,ESSO,Esso Tankstelle,BERLIN,52.549044,13.17897,0,2.319,2.259,2.409,True
2026-09-30T19:54:16+00:00,7347dd32-bfa1-470a-a6ee-2a2c95ad9af5,ARAL,Aral Tankstelle,Berlin,52.542747,13.199304,1.5,2.319,2.259,2.409,True
2026-09-30T19:54:16+00:00,9f07b69b-4b15-4852-9c60-5d293c6cadc5,Sprint,Sprint Berlin Seegefelder Str.,Berlin,52.536163,13.191189,1.6,2.299,2.239,2.399,True
2026-09-30T19:54:16+00:00,005056ba-7cb6-1ed2-bceb-641db1c24d1d,STAR,star Tankstelle,Berlin,52.534388,13.184014,1.7,2.299,2.239,2.399,True
2026-09-30T19:54:16+00:00,51d4b471-a095-1aa0-e100-80009459e03a,JET,JET BERLIN BRUNSBUETTELER DAMM 87-89,BERLIN,52.53379,13.18503,1.7,2.299,2.239,2.399,True
2026-09-30T19:54:16+00:00,d590310c-e209-46b2-bfe7-dacc6148e1f1,TotalEnergies,TotalEnergies Berlin,Berlin,52.55424,13.207408,2,2.329,2.269,2.429,True
2026-09-30T19:54:16+00:00,5d8c8a4c-bce7-4d28-ae12-0d61a971c5cc,Shell,Shell Berlin Streitstr. 19,Berlin,52.558899,13.208409,2.3,2.349,2.289,2.469,True
2026-09-30T19:54:16+00:00,057827cd-6583-4a3a-a461-f8546073fd02,SUN,Sun Klosterstr.,Berlin,52.52943,13.19517,2.4,2.299,2.239,2.399,True
2026-09-30T19:54:16+00:00,905d4775-754e-4b38-baca-89c98fad1d1a,Sprint,Sprint Berlin Ruhlebener Str.,Berlin,52.529285,13.20718,2.9,2.299,2.239,2.399,True
2026-09-30T19:55:46+00:00,cebbe420-bcf3-4db8-9099-c52b783e2158,ESSO,Esso Tankstelle,BERLIN,52.549044,13.17897,0,2.319,2.259,2.409,True
2026-09-30T19:55:46+00:00,7347dd32-bfa1-470a-a6ee-2a2c95ad9af5,ARAL,Aral Tankstelle,Berlin,52.542747,13.199304,1.5,2.319,2.259,2.409,True
2026-09-30T19:55:46+00:00,9f07b69b-4b15-4852-9c60-5d293c6cadc5,Sprint,Sprint Berlin Seegefelder Str.,Berlin,52.536163,13.191189,1.6,2.299,2.239,2.399,True
2026-09-30T19:55:46+00:00,005056ba-7cb6-1ed2-bceb-641db1c24d1d,STAR,star Tankstelle,Berlin,52.534388,13.184014,1.7,2.299,2.239,2.399,True
2026-09-30T19:55:46+00:00,51d4b471-a095-1aa0-e100-80009459e03a,JET,JET BERLIN BRUNSBUETTELER DAMM 87-89,BERLIN,52.53379,13.18503,1.7,2.299,2.239,2.399,True
2026-09-30T19:55:46+00:00,d590310c-e209-46b2-bfe7-dacc6148e1f1,TotalEnergies,TotalEnergies Berlin,Berlin,52.55424,13.207408,2,2.329,2.269,2.429,True
2026-09-30T19:55:46+00:00,5d8c8a4c-bce7-4d28-ae12-0d61a971c5cc,Shell,Shell Berlin Streitstr. 19,Berlin,52.558899,13.208409,2.3,2.349,2.289,2.469,True
2026-09-30T19:55:46+00:00,057827cd-6583-4a3a-a461-f8546073fd02,SUN,Sun Klosterstr.,Berlin,52.52943,13.19517,2.4,2.299,2.239,2.399,True
2026-09-30T19:55:46+00:00,905d4775-754e-4b38-baca-89c98fad1d1a,Sprint,Sprint Berlin Ruhlebener Str.,Berlin,52.529285,13.20718,2.9,2.299,2.239,2.399,True
2026-09-30T19:57:17+00:00,cebbe420-bcf3-4db8-9099-c52b783e2158,ESSO,Esso Tankstelle,BERLIN,52.549044,13.17897,0,2.319,2.259,2.409,True
2026-09-30T19:57:17+00:00,7347dd32-bfa1-470a-a6ee-2a2c95ad9af5,ARAL,Aral Tankstelle,Berlin,52.542747,13.199304,1.5,2.319,2.259,2.409,True
2026-09-30T19:57:17+00:00,9f07b69b-4b15-4852-9c60-5d293c6cadc5,Sprint,Sprint Berlin Seegefelder Str.,Berlin,52.536163,13.191189,1.6,2.299,2.239,2.399,True
2026-09-30T19:57:17+00:00,005056ba-7cb6-1ed2-bceb-641db1c24d1d,STAR,star Tankstelle,Berlin,52.534388,13.184014,1.7,2.299,2.239,2.399,True
2026-09-30T19:57:17+00:00,51d4b471-a095-1aa0-e100-80009459e03a,JET,JET BERLIN BRUNSBUETTELER DAMM 87-89,BERLIN,52.53379,13.18503,1.7,2.299,2.239,2.399,True
2026-09-30T19:57:17+00:00,d590310c-e209-46b2-bfe7-dacc6148e1f1,TotalEnergies,TotalEnergies Berlin,Berlin,52.55424,13.207408,2,2.329,2.269,2.429,True
2026-09-30T19:57:17+00:00,5d8c8a4c-bce7-4d28-ae12-0d61a971c5cc,Shell,Shell Berlin Streitstr. 19,Berlin,52.558899,13.208409,2.3,2.349,2.289,2.469,True
2026-09-30T19:57:17+00:00,057827cd-6583-4a3a-a461-f8546073fd02,SUN,Sun Klosterstr.,Berlin,52.52943,13.19517,2.4,2.299,2.239,2.399,True
2026-09-30T19:57:17+00:00,905d4775-754e-4b38-baca-89c98fad1d1a,Sprint,Sprint Berlin Ruhlebener Str.,Berlin,52.529285,13.20718,2.9,2.299,2.239,2.399,True
2026-09-30T19:58:48+00:00,cebbe420-bcf3-4db8-9099-c52b783e2158,ESSO,Esso Tankstelle,BERLIN,52.549044,13.17897,0,2.319,2.259,2.409,True
2026-09-30T19:58:48+00:00,7347dd32-bfa1-470a-a6ee-2a2c95ad9af5,ARAL,Aral Tankstelle,Berlin,52.542747,13.199304,1.5,2.319,2.259,2.409,True
2026-09-30T19:58:48+00:00,9f07b69b-4b15-4852-9c60-5d293c6cadc5,Sprint,Sprint Berlin Seegefelder Str.,Berlin,52.536163,13.191189,1.6,2.299,2.239,2.399,True
2026-09-30T19:58:48+00:00,005056ba-7cb6-1ed2-bceb-641db1c24d1d,STAR,star Tankstelle,Berlin,52.534388,13.184014,1.7,2.299,2.239,2.399,True
2026-09-30T19:58:48+00:00,51d4b471-a095-1aa0-e100-80009459e03a,JET,JET BERLIN BRUNSBUETTELER DAMM 87-89,BERLIN,52.53379,13.18503,1.7,2.299,2.239,2.399,True
2026-09-30T19:58:48+00:00,d590310c-e209-46b2-bfe7-dacc6148e1f1,TotalEnergies,TotalEnergies Berlin,Berlin,52.55424,13.207408,2,2.329,2.269,2.429,True
2026-09-30T19:58:48+00:00,5d8c8a4c-bce7-4d28-ae12-0d61a971c5cc,Shell,Shell Berlin Streitstr. 19,Berlin,52.558899,13.208409,2.3,2.349,2.289,2.469,True
2026-09-30T19:58:48+00:00,057827cd-6583-4a3a-a461-f8546073fd02,SUN,Sun Klosterstr.,Berlin,52.52943,13.19517,2.4,2.299,2.239,2.399,True
2026-09-30T19:58:48+00:00,905d4775-754e-4b38-baca-89c98fad1d1a,Sprint,Sprint Berlin Ruhlebener Str.,Berlin,52.529285,13.20718,2.9,2.299,2.239,2.399,True
2026-09-30T20:00:19+00:00,cebbe420-bcf3-4db8-9099-c52b783e2158,ESSO,Esso Tankstelle,BERLIN,52.549044,13.17897,0,2.319,2.259,2.409,True
2026-09-30T20:00:19+00:00,7347dd32-bfa1-470a-a6ee-2a2c95ad9af5,ARAL,Aral Tankstelle,Berlin,52.542747,13.199304,1.5,2.319,2.259,2.409,True
2026-09-30T20:00:19+00:00,9f07b69b-4b15-4852-9c60-5d293c6cadc5,Sprint,Sprint Berlin Seegefelder Str.,Berlin,52.536163,13.191189,1.6,2.299,2.239,2.399,True
2026-09-30T20:00:19+00:00,005056ba-7cb6-1ed2-bceb-641db1c24d1d,STAR,star Tankstelle,Berlin,52.534388,13.184014,1.7,2.299,2.239,2.399,True
2026-09-30T20:00:19+00:00,51d4b471-a095-1aa0-e100-80009459e03a,JET,JET BERLIN BRUNSBUETTELER DAMM 87-89,BERLIN,52.53379,13.18503,1.7,2.299,2.239,2.399,True
2026-09-30T20:00:19+00:00,d590310c-e209-46b2-bfe7-dacc6148e1f1,TotalEnergies,TotalEnergies Berlin,Berlin,52.55424,13.207408,2,2.329,2.269,2.429,True
2026-09-30T20:00:19+00:00,5d8c8a4c-bce7-4d28-ae12-0d61a971c5cc,Shell,Shell Berlin Streitstr. 19,Berlin,52.558899,13.208409,2.3,2.349,2.289,2.469,True
2026-09-30T20:00:19+00:00,057827cd-6583-4a3a-a461-f8546073fd02,SUN,Sun Klosterstr.,Berlin,52.52943,13.19517,2.4,2.299,2.239,2.399,True
2026-09-30T20:00:19+00:00,905d4775-754e-4b38-baca-89c98fad1d1a,Sprint,Sprint Berlin Ruhlebener Str.,Berlin,52.529285,13.20718,2.9,2.299,2.239,2.399,True
2026-09-30T20:01:58+00:00,cebbe420-bcf3-4db8-9099-c52b783e2158,ESSO,Esso Tankstelle,BERLIN,52.549044,13.17897,0,2.319,2.259,2.409,True
2026-09-30T20:01:58+00:00,7347dd32-bfa1-470a-a6ee-2a2c95ad9af5,ARAL,Aral Tankstelle,Berlin,52.542747,13.199304,1.5,2.319,2.259,2.409,True
2026-09-30T20:01:58+00:00,9f07b69b-4b15-4852-9c60-5d293c6cadc5,Sprint,Sprint Berlin Seegefelder Str.,Berlin,52.536163,13.191189,1.6,2.299,2.239,2.399,True
2026-09-30T20:01:58+00:00,005056ba-7cb6-1ed2-bceb-641db1c24d1d,STAR,star Tankstelle,Berlin,52.534388,13.184014,1.7,2.299,2.239,2.399,True
2026-09-30T20:01:58+00:00,51d4b471-a095-1aa0-e100-80009459e03a,JET,JET BERLIN BRUNSBUETTELER DAMM 87-89,BERLIN,52.53379,13.18503,1.7,2.299,2.239,2.399,False
2026-09-30T20:01:58+00:00,d590310c-e209-46b2-bfe7-dacc6148e1f1,TotalEnergies,TotalEnergies Berlin,Berlin,52.55424,13.207408,2,2.329,2.269,2.429,False
2026-09-30T20:01:58+00:00,5d8c8a4c-bce7-4d28-ae12-0d61a971c5cc,Shell,Shell Berlin Streitstr. 19,Berlin,52.558899,13.208409,2.3,2.349,2.289,2.469,True
2026-09-30T20:01:58+00:00,057827cd-6583-4a3a-a461-f8546073fd02,SUN,Sun Klosterstr.,Berlin,52.52943,13.19517,2.4,2.299,2.239,2.399,True
2026-09-30T20:01:58+00:00,905d4775-754e-4b38-baca-89c98fad1d1a,Sprint,Sprint Berlin Ruhlebener Str.,Berlin,52.529285,13.20718,2.9,2.299,2.239,2.399,False
2026-09-30T20:03:29+00:00,cebbe420-bcf3-4db8-9099-c52b783e2158,ESSO,Esso Tankstelle,BERLIN,52.549044,13.17897,0,2.319,2.259,2.409,True
2026-09-30T20:03:29+00:00,7347dd32-bfa1-470a-a6ee-2a2c95ad9af5,ARAL,Aral Tankstelle,Berlin,52.542747,13.199304,1.5,2.319,2.259,2.409,True
2026-09-30T20:03:29+00:00,9f07b69b-4b15-4852-9c60-5d293c6cadc5,Sprint,Sprint Berlin Seegefelder Str.,Berlin,52.536163,13.191189,1.6,2.299,2.239,2.399,True
2026-09-30T20:03:29+00:00,005056ba-7cb6-1ed2-bceb-641db1c24d1d,STAR,star Tankstelle,Berlin,52.534388,13.184014,1.7,2.299,2.239,2.399,True
2026-09-30T20:03:29+00:00,51d4b471-a095-1aa0-e100-80009459e03a,JET,JET BERLIN BRUNSBUETTELER DAMM 87-89,BERLIN,52.53379,13.18503,1.7,2.299,2.239,2.399,False
2026-09-30T20:03:29+00:00,d590310c-e209-46b2-bfe7-dacc6148e1f1,TotalEnergies,TotalEnergies Berlin,Berlin,52.55424,13.207408,2,2.329,2.269,2.429,False
2026-09-30T20:03:29+00:00,5d8c8a4c-bce7-4d28-ae12-0d61a971c5cc,Shell,Shell Berlin Streitstr. 19,Berlin,52.558899,13.208409,2.3,2.349,2.289,2.469,True
2026-09-30T20:03:29+00:00,057827cd-6583-4a3a-a461-f8546073fd02,SUN,Sun Klosterstr.,Berlin,52.52943,13.19517,2.4,2.299,2.239,2.399,True
2026-09-30T20:03:29+00:00,905d4775-754e-4b38-baca-89c98fad1d1a,Sprint,Sprint Berlin Ruhlebener Str.,Berlin,52.529285,13.20718,2.9,2.299,2.239,2.399,False
2026-09-30T20:05:00+00:00,cebbe420-bcf3-4db8-9099-c52b783e2158,ESSO,Esso Tankstelle,BERLIN,52.549044,13.17897,0,2.319,2.259,2.409,True
2026-09-30T20:05:00+00:00,7347dd32-bfa1-470a-a6ee-2a2c95ad9af5,ARAL,Aral Tankstelle,Berlin,52.542747,13.199304,1.5,2.319,2.259,2.409,True
2026-09-30T20:05:00+00:00,9f07b69b-4b15-4852-9c60-5d293c6cadc5,Sprint,Sprint Berlin Seegefelder Str.,Berlin,52.536163,13.191189,1.6,2.299,2.239,2.399,True
2026-09-30T20:05:00+00:00,005056ba-7cb6-1ed2-bceb-641db1c24d1d,STAR,star Tankstelle,Berlin,52.534388,13.184014,1.7,2.299,2.239,2.399,True
2026-09-30T20:05:00+00:00,51d4b471-a095-1aa0-e100-80009459e03a,JET,JET BERLIN BRUNSBUETTELER DAMM 87-89,BERLIN,52.53379,13.18503,1.7,2.299,2.239,2.399,False
2026-09-30T20:05:00+00:00,d590310c-e209-46b2-bfe7-dacc6148e1f1,TotalEnergies,TotalEnergies Berlin,Berlin,52.55424,13.207408,2,2.329,2.269,2.429,False
2026-09-30T20:05:00+00:00,5d8c8a4c-bce7-4d28-ae12-0d61a971c5cc,Shell,Shell Berlin Streitstr. 19,Berlin,52.558899,13.208409,2.3,2.349,2.289,2.469,True
2026-09-30T20:05:00+00:00,057827cd-6583-4a3a-a461-f8546073fd02,SUN,Sun Klosterstr.,Berlin,52.52943,13.19517,2.4,2.299,2.239,2.399,True
2026-09-30T20:05:00+00:00,905d4775-754e-4b38-baca-89c98fad1d1a,Sprint,Sprint Berlin Ruhlebener Str.,Berlin,52.529285,13.20718,2.9,2.299,2.239,2.399,False
2026-09-30T20:06:33+00:00,cebbe420-bcf3-4db8-9099-c52b783e2158,ESSO,Esso Tankstelle,BERLIN,52.549044,13.17897,0,2.319,2.259,2.409,True
2026-09-30T20:06:33+00:00,7347dd32-bfa1-470a-a6ee-2a2c95ad9af5,ARAL,Aral Tankstelle,Berlin,52.542747,13.199304,1.5,2.319,2.259,2.409,True
2026-09-30T20:06:33+00:00,9f07b69b-4b15-4852-9c60-5d293c6cadc5,Sprint,Sprint Berlin Seegefelder Str.,Berlin,52.536163,13.191189,1.6,2.299,2.239,2.399,True
2026-09-30T20:06:33+00:00,005056ba-7cb6-1ed2-bceb-641db1c24d1d,STAR,star Tankstelle,Berlin,52.534388,13.184014,1.7,2.299,2.239,2.399,True
2026-09-30T20:06:33+00:00,51d4b471-a095-1aa0-e100-80009459e03a,JET,JET BERLIN BRUNSBUETTELER DAMM 87-89,BERLIN,52.53379,13.18503,1.7,2.299,2.239,2.399,False
2026-09-30T20:06:33+00:00,d590310c-e209-46b2-bfe7-dacc6148e1f1,TotalEnergies,TotalEnergies Berlin,Berlin,52.55424,13.207408,2,2.329,2.269,2.429,False
2026-09-30T20:06:33+00:00,5d8c8a4c-bce7-4d28-ae12-0d61a971c5cc,Shell,Shell Berlin Streitstr. 19,Berlin,52.558899,13.208409,2.3,2.349,2.289,2.469,True
2026-09-30T20:06:33+00:00,057827cd-6583-4a3a-a461-f8546073fd02,SUN,Sun Klosterstr.,Berlin,52.52943,13.19517,2.4,2.299,2.239,2.399,True
2026-09-30T20:06:33+00:00,905d4775-754e-4b38-baca-89c98fad1d1a,Sprint,Sprint Berlin Ruhlebener Str.,Berlin,52.529285,13.20718,2.9,2.299,2.239,2.399,False
2026-09-30T20:08:04+00:00,cebbe420-bcf3-4db8-9099-c52b783e2158,ESSO,Esso Tankstelle,BERLIN,52.549044,13.17897,0,2.319,2.259,2.409,True
2026-09-30T20:08:04+00:00,7347dd32-bfa1-470a-a6ee-2a2c95ad9af5,ARAL,Aral Tankstelle,Berlin,52.542747,13.199304,1.5,2.319,2.259,2.409,True
2026-09-30T20:08:04+00:00,9f07b69b-4b15-4852-9c60-5d293c6cadc5,Sprint,Sprint Berlin Seegefelder Str.,Berlin,52.536163,13.191189,1.6,2.299,2.239,2.399,True
2026-09-30T20:08:04+00:00,005056ba-7cb6-1ed2-bceb-641db1c24d1d,STAR,star Tankstelle,Berlin,52.534388,13.184014,1.7,2.299,2.239,2.399,True
2026-09-30T20:08:04+00:00,51d4b471-a095-1aa0-e100-80009459e03a,JET,JET BERLIN BRUNSBUETTELER DAMM 87-89,BERLIN,52.53379,13.18503,1.7,2.299,2.239,2.399,False
2026-09-30T20:08:04+00:00,d590310c-e209-46b2-bfe7-dacc6148e1f1,TotalEnergies,TotalEnergies Berlin,Berlin,52.55424,13.207408,2,2.329,2.269,2.429,False
2026-09-30T20:08:04+00:00,5d8c8a4c-bce7-4d28-ae12-0d61a971c5cc,Shell,Shell Berlin Streitstr. 19,Berlin,52.558899,13.208409,2.3,2.349,2.289,2.469,True
2026-09-30T20:08:04+00:00,057827cd-6583-4a3a-a461-f8546073fd02,SUN,Sun Klosterstr.,Berlin,52.52943,13.19517,2.4,2.299,2.239,2.399,True
2026-09-30T20:08:04+00:00,905d4775-754e-4b38-baca-89c98fad1d1a,Sprint,Sprint Berlin Ruhlebener Str.,Berlin,52.529285,13.20718,2.9,2.299,2.239,2.399,False
2026-09-30T20:09:36+00:00,cebbe420-bcf3-4db8-9099-c52b783e2158,ESSO,Esso Tankstelle,BERLIN,52.549044,13.17897,0,2.319,2.259,2.409,True
2026-09-30T20:09:36+00:00,7347dd32-bfa1-470a-a6ee-2a2c95ad9af5,ARAL,Aral Tankstelle,Berlin,52.542747,13.199304,1.5,2.319,2.259,2.409,True
2026-09-30T20:09:36+00:00,9f07b69b-4b15-4852-9c60-5d293c6cadc5,Sprint,Sprint Berlin Seegefelder Str.,Berlin,52.536163,13.191189,1.6,2.299,2.239,2.399,True
2026-09-30T20:09:36+00:00,005056ba-7cb6-1ed2-bceb-641db1c24d1d,STAR,star Tankstelle,Berlin,52.534388,13.184014,1.7,2.299,2.239,2.399,True
2026-09-30T20:09:36+00:00,51d4b471-a095-1aa0-e100-80009459e03a,JET,JET BERLIN BRUNSBUETTELER DAMM 87-89,BERLIN,52.53379,13.18503,1.7,2.299,2.239,2.399,False
2026-09-30T20:09:36+00:00,d590310c-e209-46b2-bfe7-dacc6148e1f1,TotalEnergies,TotalEnergies Berlin,Berlin,52.55424,13.207408,2,2.329,2.269,2.429,False
2026-09-30T20:09:36+00:00,5d8c8a4c-bce7-4d28-ae12-0d61a971c5cc,Shell,Shell Berlin Streitstr. 19,Berlin,52.558899,13.208409,2.3,2.349,2.289,2.469,True
2026-09-30T20:09:36+00:00,057827cd-6583-4a3a-a461-f8546073fd02,SUN,Sun Klosterstr.,Berlin,52.52943,13.19517,2.4,2.299,2.239,2.399,True
2026-09-30T20:09:36+00:00,905d4775-754e-4b38-baca-89c98fad1d1a,Sprint,Sprint Berlin Ruhlebener Str.,Berlin,52.529285,13.20718,2.9,2.299,2.239,2.399,False
2026-09-30T20:11:07+00:00,cebbe420-bcf3-4db8-9099-c52b783e2158,ESSO,Esso Tankstelle,BERLIN,52.549044,13.17897,0,2.319,2.259,2.409,True
2026-09-30T20:11:07+00:00,7347dd32-bfa1-470a-a6ee-2a2c95ad9af5,ARAL,Aral Tankstelle,Berlin,52.542747,13.199304,1.5,2.319,2.259,2.409,True
2026-09-30T20:11:07+00:00,9f07b69b-4b15-4852-9c60-5d293c6cadc5,Sprint,Sprint Berlin Seegefelder Str.,Berlin,52.536163,13.191189,1.6,2.299,2.239,2.399,True
2026-09-30T20:11:07+00:00,005056ba-7cb6-1ed2-bceb-641db1c24d1d,STAR,star Tankstelle,Berlin,52.534388,13.184014,1.7,2.299,2.239,2.399,True
2026-09-30T20:11:07+00:00,51d4b471-a095-1aa0-e100-80009459e03a,JET,JET BERLIN BRUNSBUETTELER DAMM 87-89,BERLIN,52.53379,13.18503,1.7,2.299,2.239,2.399,False
2026-09-30T20:11:07+00:00,d590310c-e209-46b2-bfe7-dacc6148e1f1,TotalEnergies,TotalEnergies Berlin,Berlin,52.55424,13.207408,2,2.329,2.269,2.429,False
2026-09-30T20:11:07+00:00,5d8c8a4c-bce7-4d28-ae12-0d61a971c5cc,Shell,Shell Berlin Streitstr. 19,Berlin,52.558899,13.208409,2.3,2.349,2.289,2.469,True
2026-09-30T20:11:07+00:00,057827cd-6583-4a3a-a461-f8546073fd02,SUN,Sun Klosterstr.,Berlin,52.52943,13.19517,2.4,2.299,2.239,2.399,True
2026-09-30T20:11:07+00:00,905d4775-754e-4b38-baca-89c98fad1d1a,Sprint,Sprint Berlin Ruhlebener Str.,Berlin,52.529285,13.20718,2.9,2.299,2.239,2.399,False
2026-09-30T20:12:38+00:00,cebbe420-bcf3-4db8-9099-c52b783e2158,ESSO,Esso Tankstelle,BERLIN,52.549044,13.17897,0,2.319,2.259,2.409,True
2026-09-30T20:12:38+00:00,7347dd32-bfa1-470a-a6ee-2a2c95ad9af5,ARAL,Aral Tankstelle,Berlin,52.542747,13.199304,1.5,2.319,2.259,2.409,True
2026-09-30T20:12:38+00:00,9f07b69b-4b15-4852-9c60-5d293c6cadc5,Sprint,Sprint Berlin Seegefelder Str.,Berlin,52.536163,13.191189,1.6,2.299,2.239,2.399,True
2026-09-30T20:12:38+00:00,005056ba-7cb6-1ed2-bceb-641db1c24d1d,STAR,star Tankstelle,Berlin,52.534388,13.184014,1.7,2.299,2.239,2.399,True
2026-09-30T20:12:38+00:00,51d4b471-a095-1aa0-e100-80009459e03a,JET,JET BERLIN BRUNSBUETTELER DAMM 87-89,BERLIN,52.53379,13.18503,1.7,2.299,2.239,2.399,False
2026-09-30T20:12:38+00:00,d590310c-e209-46b2-bfe7-dacc6148e1f1,TotalEnergies,TotalEnergies Berlin,Berlin,52.55424,13.207408,2,2.329,2.269,2.429,False
2026-09-30T20:12:38+00:00,5d8c8a4c-bce7-4d28-ae12-0d61a971c5cc,Shell,Shell Berlin Streitstr. 19,Berlin,52.558899,13.208409,2.3,2.349,2.289,2.469,True
2026-09-30T20:12:38+00:00,057827cd-6583-4a3a-a461-f8546073fd02,SUN,Sun Klosterstr.,Berlin,52.52943,13.19517,2.4,2.299,2.239,2.399,True
2026-09-30T20:12:38+00:00,905d4775-754e-4b38-baca-89c98fad1d1a,Sprint,Sprint Berlin Ruhlebener Str.,Berlin,52.529285,13.20718,2.9,2.299,2.239,2.399,False
2026-09-30T20:14:09+00:00,cebbe420-bcf3-4db8-9099-c52b783e2158,ESSO,Esso Tankstelle,BERLIN,52.549044,13.17897,0,2.319,2.259,2.409,True
2026-09-30T20:14:09+00:00,7347dd32-bfa1-470a-a6ee-2a2c95ad9af5,ARAL,Aral Tankstelle,Berlin,52.542747,13.199304,1.5,2.319,2.259,2.409,True
2026-09-30T20:14:09+00:00,9f07b69b-4b15-4852-9c60-5d293c6cadc5,Sprint,Sprint Berlin Seegefelder Str.,Berlin,52.536163,13.191189,1.6,2.299,2.239,2.399,True
2026-09-30T20:14:09+00:00,005056ba-7cb6-1ed2-bceb-641db1c24d1d,STAR,star Tankstelle,Berlin,52.534388,13.184014,1.7,2.299,2.239,2.399,True
2026-09-30T20:14:09+00:00,51d4b471-a095-1aa0-e100-80009459e03a,JET,JET BERLIN BRUNSBUETTELER DAMM 87-89,BERLIN,52.53379,13.18503,1.7,2.299,2.239,2.399,False
2026-09-30T20:14:09+00:00,d590310c-e209-46b2-bfe7-dacc6148e1f1,TotalEnergies,TotalEnergies Berlin,Berlin,52.55424,13.207408,2,2.329,2.269,2.429,False
2026-09-30T20:14:09+00:00,5d8c8a4c-bce7-4d28-ae12-0d61a971c5cc,Shell,Shell Berlin Streitstr. 19,Berlin,52.558899,13.208409,2.3,2.349,2.289,2.469,True
2026-09-30T20:14:09+00:00,057827cd-6583-4a3a-a461-f8546073fd02,SUN,Sun Klosterstr.,Berlin,52.52943,13.19517,2.4,2.299,2.239,2.399,True
2026-09-30T20:14:09+00:00,905d4775-754e-4b38-baca-89c98fad1d1a,Sprint,Sprint Berlin Ruhlebener Str.,Berlin,52.529285,13.20718,2.9,2.299,2.239,2.399,False
2026-09-30T20:15:40+00:00,cebbe420-bcf3-4db8-9099-c52b783e2158,ESSO,Esso Tankstelle,BERLIN,52.549044,13.17897,0,2.319,2.259,2.409,True
2026-09-30T20:15:40+00:00,7347dd32-bfa1-470a-a6ee-2a2c95ad9af5,ARAL,Aral Tankstelle,Berlin,52.542747,13.199304,1.5,2.319,2.259,2.409,True
2026-09-30T20:15:40+00:00,9f07b69b-4b15-4852-9c60-5d293c6cadc5,Sprint,Sprint Berlin Seegefelder Str.,Berlin,52.536163,13.191189,1.6,2.299,2.239,2.399,True
2026-09-30T20:15:40+00:00,005056ba-7cb6-1ed2-bceb-641db1c24d1d,STAR,star Tankstelle,Berlin,52.534388,13.184014,1.7,2.299,2.239,2.399,True
2026-09-30T20:15:40+00:00,51d4b471-a095-1aa0-e100-80009459e03a,JET,JET BERLIN BRUNSBUETTELER DAMM 87-89,BERLIN,52.53379,13.18503,1.7,2.299,2.239,2.399,False
2026-09-30T20:15:40+00:00,d590310c-e209-46b2-bfe7-dacc6148e1f1,TotalEnergies,TotalEnergies Berlin,Berlin,52.55424,13.207408,2,2.329,2.269,2.429,False
2026-09-30T20:15:40+00:00,5d8c8a4c-bce7-4d28-ae12-0d61a971c5cc,Shell,Shell Berlin Streitstr. 19,Berlin,52.558899,13.208409,2.3,2.349,2.289,2.469,True
2026-09-30T20:15:40+00:00,057827cd-6583-4a3a-a461-f8546073fd02,SUN,Sun Klosterstr.,Berlin,52.52943,13.19517,2.4,2.299,2.239,2.399,True
2026-09-30T20:15:40+00:00,905d4775-754e-4b38-baca-89c98fad1d1a,Sprint,Sprint Berlin Ruhlebener Str.,Berlin,52.529285,13.20718,2.9,2.299,2.239,2.399,False
2026-09-30T20:17:11+00:00,cebbe420-bcf3-4db8-9099-c52b783e2158,ESSO,Esso Tankstelle,BERLIN,52.549044,13.17897,0,2.319,2.259,2.409,True
2026-09-30T20:17:11+00:00,7347dd32-bfa1-470a-a6ee-2a2c95ad9af5,ARAL,Aral Tankstelle,Berlin,52.542747,13.199304,1.5,2.319,2.259,2.409,True
2026-09-30T20:17:11+00:00,9f07b69b-4b15-4852-9c60-5d293c6cadc5,Sprint,Sprint Berlin Seegefelder Str.,Berlin,52.536163,13.191189,1.6,2.299,2.239,2.399,True
2026-09-30T20:17:11+00:00,005056ba-7cb6-1ed2-bceb-641db1c24d1d,STAR,star Tankstelle,Berlin,52.534388,13.184014,1.7,2.299,2.239,2.399,True
2026-09-30T20:17:11+00:00,51d4b471-a095-1aa0-e100-80009459e03a,JET,JET BERLIN BRUNSBUETTELER DAMM 87-89,BERLIN,52.53379,13.18503,1.7,2.299,2.239,2.399,False
2026-09-30T20:17:11+00:00,d590310c-e209-46b2-bfe7-dacc6148e1f1,TotalEnergies,TotalEnergies Berlin,Berlin,52.55424,13.207408,2,2.329,2.269,2.429,False
2026-09-30T20:17:11+00:00,5d8c8a4c-bce7-4d28-ae12-0d61a971c5cc,Shell,Shell Berlin Streitstr. 19,Berlin,52.558899,13.208409,2.3,2.349,2.289,2.469,True
2026-09-30T20:17:11+00:00,057827cd-6583-4a3a-a461-f8546073fd02,SUN,Sun Klosterstr.,Berlin,52.52943,13.19517,2.4,2.299,2.239,2.399,True
2026-09-30T20:17:11+00:00,905d4775-754e-4b38-baca-89c98fad1d1a,Sprint,Sprint Berlin Ruhlebener Str.,Berlin,52.529285,13.20718,2.9,2.299,2.239,2.399,False
2026-09-30T20:18:42+00:00,cebbe420-bcf3-4db8-9099-c52b783e2158,ESSO,Esso Tankstelle,BERLIN,52.549044,13.17897,0,2.319,2.259,2.409,True
2026-09-30T20:18:42+00:00,7347dd32-bfa1-470a-a6ee-2a2c95ad9af5,ARAL,Aral Tankstelle,Berlin,52.542747,13.199304,1.5,2.319,2.259,2.409,True
2026-09-30T20:18:42+00:00,9f07b69b-4b15-4852-9c60-5d293c6cadc5,Sprint,Sprint Berlin Seegefelder Str.,Berlin,52.536163,13.191189,1.6,2.299,2.239,2.399,True
2026-09-30T20:18:42+00:00,005056ba-7cb6-1ed2-bceb-641db1c24d1d,STAR,star Tankstelle,Berlin,52.534388,13.184014,1.7,2.299,2.239,2.399,True
2026-09-30T20:18:42+00:00,51d4b471-a095-1aa0-e100-80009459e03a,JET,JET BERLIN BRUNSBUETTELER DAMM 87-89,BERLIN,52.53379,13.18503,1.7,2.299,2.239,2.399,False
2026-09-30T20:18:42+00:00,d590310c-e209-46b2-bfe7-dacc6148e1f1,TotalEnergies,TotalEnergies Berlin,Berlin,52.55424,13.207408,2,2.329,2.269,2.429,False
2026-09-30T20:18:42+00:00,5d8c8a4c-bce7-4d28-ae12-0d61a971c5cc,Shell,Shell Berlin Streitstr. 19,Berlin,52.558899,13.208409,2.3,2.349,2.289,2.469,True
2026-09-30T20:18:42+00:00,057827cd-6583-4a3a-a461-f8546073fd02,SUN,Sun Klosterstr.,Berlin,52.52943,13.19517,2.4,2.299,2.239,2.399,True
2026-09-30T20:18:42+00:00,905d4775-754e-4b38-baca-89c98fad1d1a,Sprint,Sprint Berlin Ruhlebener Str.,Berlin,52.529285,13.20718,2.9,2.299,2.239,2.399,False
2026-09-30T20:20:12+00:00,cebbe420-bcf3-4db8-9099-c52b783e2158,ESSO,Esso Tankstelle,BERLIN,52.549044,13.17897,0,2.319,2.259,2.409,True
2026-09-30T20:20:12+00:00,7347dd32-bfa1-470a-a6ee-2a2c95ad9af5,ARAL,Aral Tankstelle,Berlin,52.542747,13.199304,1.5,2.319,2.259,2.409,True
2026-09-30T20:20:12+00:00,9f07b69b-4b15-4852-9c60-5d293c6cadc5,Sprint,Sprint Berlin Seegefelder Str.,Berlin,52.536163,13.191189,1.6,2.299,2.239,2.399,True
2026-09-30T20:20:12+00:00,005056ba-7cb6-1ed2-bceb-641db1c24d1d,STAR,star Tankstelle,Berlin,52.534388,13.184014,1.7,2.299,2.239,2.399,True
2026-09-30T20:20:12+00:00,51d4b471-a095-1aa0-e100-80009459e03a,JET,JET BERLIN BRUNSBUETTELER DAMM 87-89,BERLIN,52.53379,13.18503,1.7,2.299,2.239,2.399,False
2026-09-30T20:20:12+00:00,d590310c-e209-46b2-bfe7-dacc6148e1f1,TotalEnergies,TotalEnergies Berlin,Berlin,52.55424,13.207408,2,2.329,2.269,2.429,False
2026-09-30T20:20:12+00:00,5d8c8a4c-bce7-4d28-ae12-0d61a971c5cc,Shell,Shell Berlin Streitstr. 19,Berlin,52.558899,13.208409,2.3,2.349,2.289,2.469,True
2026-09-30T20:20:12+00:00,057827cd-6583-4a3a-a461-f8546073fd02,SUN,Sun Klosterstr.,Berlin,52.52943,13.19517,2.4,2.299,2.239,2.399,True
2026-09-30T20:20:12+00:00,905d4775-754e-4b38-baca-89c98fad1d1a,Sprint,Sprint Berlin Ruhlebener Str.,Berlin,52.529285,13.20718,2.9,2.299,2.239,2.399,False
2026-09-30T20:21:44+00:00,cebbe420-bcf3-4db8-9099-c52b783e2158,ESSO,Esso Tankstelle,BERLIN,52.549044,13.17897,0,2.319,2.259,2.409,True
2026-09-30T20:21:44+00:00,7347dd32-bfa1-470a-a6ee-2a2c95ad9af5,ARAL,Aral Tankstelle,Berlin,52.542747,13.199304,1.5,2.319,2.259,2.409,True
2026-09-30T20:21:44+00:00,9f07b69b-4b15-4852-9c60-5d293c6cadc5,Sprint,Sprint Berlin Seegefelder Str.,Berlin,52.536163,13.191189,1.6,2.299,2.239,2.399,True
2026-09-30T20:21:44+00:00,005056ba-7cb6-1ed2-bceb-641db1c24d1d,STAR,star Tankstelle,Berlin,52.534388,13.184014,1.7,2.299,2.239,2.399,True
2026-09-30T20:21:44+00:00,51d4b471-a095-1aa0-e100-80009459e03a,JET,JET BERLIN BRUNSBUETTELER DAMM 87-89,BERLIN,52.53379,13.18503,1.7,2.299,2.239,2.399,False
2026-09-30T20:21:44+00:00,d590310c-e209-46b2-bfe7-dacc6148e1f1,TotalEnergies,TotalEnergies Berlin,Berlin,52.55424,13.207408,2,2.329,2.269,2.429,False
2026-09-30T20:21:44+00:00,5d8c8a4c-bce7-4d28-ae12-0d61a971c5cc,Shell,Shell Berlin Streitstr. 19,Berlin,52.558899,13.208409,2.3,2.349,2.289,2.469,True
2026-09-30T20:21:44+00:00,057827cd-6583-4a3a-a461-f8546073fd02,SUN,Sun Klosterstr.,Berlin,52.52943,13.19517,2.4,2.299,2.239,2.399,True
2026-09-30T20:21:44+00:00,905d4775-754e-4b38-baca-89c98fad1d1a,Sprint,Sprint Berlin Ruhlebener Str.,Berlin,52.529285,13.20718,2.9,2.299,2.239,2.399,False
2026-09-30T20:23:15+00:00,cebbe420-bcf3-4db8-9099-c52b783e2158,ESSO,Esso Tankstelle,BERLIN,52.549044,13.17897,0,2.319,2.259,2.409,True
2026-09-30T20:23:15+00:00,7347dd32-bfa1-470a-a6ee-2a2c95ad9af5,ARAL,Aral Tankstelle,Berlin,52.542747,13.199304,1.5,2.319,2.259,2.409,True
2026-09-30T20:23:15+00:00,9f07b69b-4b15-4852-9c60-5d293c6cadc5,Sprint,Sprint Berlin Seegefelder Str.,Berlin,52.536163,13.191189,1.6,2.299,2.239,2.399,True
2026-09-30T20:23:15+00:00,005056ba-7cb6-1ed2-bceb-641db1c24d1d,STAR,star Tankstelle,Berlin,52.534388,13.184014,1.7,2.299,2.239,2.399,True
2026-09-30T20:23:15+00:00,51d4b471-a095-1aa0-e100-80009459e03a,JET,JET BERLIN BRUNSBUETTELER DAMM 87-89,BERLIN,52.53379,13.18503,1.7,2.299,2.239,2.399,False
2026-09-30T20:23:15+00:00,d590310c-e209-46b2-bfe7-dacc6148e1f1,TotalEnergies,TotalEnergies Berlin,Berlin,52.55424,13.207408,2,2.329,2.269,2.429,False
2026-09-30T20:23:15+00:00,5d8c8a4c-bce7-4d28-ae12-0d61a971c5cc,Shell,Shell Berlin Streitstr. 19,Berlin,52.558899,13.208409,2.3,2.349,2.289,2.469,True
2026-09-30T20:23:15+00:00,057827cd-6583-4a3a-a461-f8546073fd02,SUN,Sun Klosterstr.,Berlin,52.52943,13.19517,2.4,2.299,2.239,2.399,True
2026-09-30T20:23:15+00:00,905d4775-754e-4b38-baca-89c98fad1d1a,Sprint,Sprint Berlin Ruhlebener Str.,Berlin,52.529285,13.20718,2.9,2.299,2.239,2.399,False
2026-09-30T20:24:46+00:00,cebbe420-bcf3-4db8-9099-c52b783e2158,ESSO,Esso Tankstelle,BERLIN,52.549044,13.17897,0,2.319,2.259,2.409,True
2026-09-30T20:24:46+00:00,7347dd32-bfa1-470a-a6ee-2a2c95ad9af5,ARAL,Aral Tankstelle,Berlin,52.542747,13.199304,1.5,2.319,2.259,2.409,True
2026-09-30T20:24:46+00:00,9f07b69b-4b15-4852-9c60-5d293c6cadc5,Sprint,Sprint Berlin Seegefelder Str.,Berlin,52.536163,13.191189,1.6,2.299,2.239,2.399,True
2026-09-30T20:24:46+00:00,005056ba-7cb6-1ed2-bceb-641db1c24d1d,STAR,star Tankstelle,Berlin,52.534388,13.184014,1.7,2.299,2.239,2.399,True
2026-09-30T20:24:46+00:00,51d4b471-a095-1aa0-e100-80009459e03a,JET,JET BERLIN BRUNSBUETTELER DAMM 87-89,BERLIN,52.53379,13.18503,1.7,2.299,2.239,2.399,False
2026-09-30T20:24:46+00:00,d590310c-e209-46b2-bfe7-dacc6148e1f1,TotalEnergies,TotalEnergies Berlin,Berlin,52.55424,13.207408,2,2.329,2.269,2.429,False
2026-09-30T20:24:46+00:00,5d8c8a4c-bce7-4d28-ae12-0d61a971c5cc,Shell,Shell Berlin Streitstr. 19,Berlin,52.558899,13.208409,2.3,2.349,2.289,2.469,True
2026-09-30T20:24:46+00:00,057827cd-6583-4a3a-a461-f8546073fd02,SUN,Sun Klosterstr.,Berlin,52.52943,13.19517,2.4,2.299,2.239,2.399,True
2026-09-30T20:24:46+00:00,905d4775-754e-4b38-baca-89c98fad1d1a,Sprint,Sprint Berlin Ruhlebener Str.,Berlin,52.529285,13.20718,2.9,2.299,2.239,2.399,False
2026-09-30T20:26:17+00:00,cebbe420-bcf3-4db8-9099-c52b783e2158,ESSO,Esso Tankstelle,BERLIN,52.549044,13.17897,0,2.319,2.259,2.409,True
2026-09-30T20:26:17+00:00,7347dd32-bfa1-470a-a6ee-2a2c95ad9af5,ARAL,Aral Tankstelle,Berlin,52.542747,13.199304,1.5,2.319,2.259,2.409,True
2026-09-30T20:26:17+00:00,9f07b69b-4b15-4852-9c60-5d293c6cadc5,Sprint,Sprint Berlin Seegefelder Str.,Berlin,52.536163,13.191189,1.6,2.299,2.239,2.399,True
2026-09-30T20:26:17+00:00,005056ba-7cb6-1ed2-bceb-641db1c24d1d,STAR,star Tankstelle,Berlin,52.534388,13.184014,1.7,2.299,2.239,2.399,True
2026-09-30T20:26:17+00:00,51d4b471-a095-1aa0-e100-80009459e03a,JET,JET BERLIN BRUNSBUETTELER DAMM 87-89,BERLIN,52.53379,13.18503,1.7,2.299,2.239,2.399,False
2026-09-30T20:26:17+00:00,d590310c-e209-46b2-bfe7-dacc6148e1f1,TotalEnergies,TotalEnergies Berlin,Berlin,52.55424,13.207408,2,2.329,2.269,2.429,False
2026-09-30T20:26:17+00:00,5d8c8a4c-bce7-4d28-ae12-0d61a971c5cc,Shell,Shell Berlin Streitstr. 19,Berlin,52.558899,13.208409,2.3,2.349,2.289,2.469,True
2026-09-30T20:26:17+00:00,057827cd-6583-4a3a-a461-f8546073fd02,SUN,Sun Klosterstr.,Berlin,52.52943,13.19517,2.4,2.299,2.239,2.399,True
2026-09-30T20:26:17+00:00,905d4775-754e-4b38-baca-89c98fad1d1a,Sprint,Sprint Berlin Ruhlebener Str.,Berlin,52.529285,13.20718,2.9,2.299,2.239,2.399,False
2026-09-30T20:27:48+00:00,cebbe420-bcf3-4db8-9099-c52b783e2158,ESSO,Esso Tankstelle,BERLIN,52.549044,13.17897,0,2.319,2.259,2.409,True
2026-09-30T20:27:48+00:00,7347dd32-bfa1-470a-a6ee-2a2c95ad9af5,ARAL,Aral Tankstelle,Berlin,52.542747,13.199304,1.5,2.319,2.259,2.409,True
2026-09-30T20:27:48+00:00,9f07b69b-4b15-4852-9c60-5d293c6cadc5,Sprint,Sprint Berlin Seegefelder Str.,Berlin,52.536163,13.191189,1.6,2.299,2.239,2.399,True
2026-09-30T20:27:48+00:00,005056ba-7cb6-1ed2-bceb-641db1c24d1d,STAR,star Tankstelle,Berlin,52.534388,13.184014,1.7,2.299,2.239,2.399,True
2026-09-30T20:27:48+00:00,51d4b471-a095-1aa0-e100-80009459e03a,JET,JET BERLIN BRUNSBUETTELER DAMM 87-89,BERLIN,52.53379,13.18503,1.7,2.299,2.239,2.399,False
2026-09-30T20:27:48+00:00,d590310c-e209-46b2-bfe7-dacc6148e1f1,TotalEnergies,TotalEnergies Berlin,Berlin,52.55424,13.207408,2,2.329,2.269,2.429,False
2026-09-30T20:27:48+00:00,5d8c8a4c-bce7-4d28-ae12-0d61a971c5cc,Shell,Shell Berlin Streitstr. 19,Berlin,52.558899,13.208409,2.3,2.349,2.289,2.469,True
2026-09-30T20:27:48+00:00,057827cd-6583-4a3a-a461-f8546073fd02,SUN,Sun Klosterstr.,Berlin,52.52943,13.19517,2.4,2.299,2.239,2.399,True
2026-09-30T20:27:48+00:00,905d4775-754e-4b38-baca-89c98fad1d1a,Sprint,Sprint Berlin Ruhlebener Str.,Berlin,52.529285,13.20718,2.9,2.299,2.239,2.399,False
2026-09-30T20:29:18+00:00,cebbe420-bcf3-4db8-9099-c52b783e2158,ESSO,Esso Tankstelle,BERLIN,52.549044,13.17897,0,2.319,2.259,2.409,True
2026-09-30T20:29:18+00:00,7347dd32-bfa1-470a-a6ee-2a2c95ad9af5,ARAL,Aral Tankstelle,Berlin,52.542747,13.199304,1.5,2.319,2.259,2.409,True
2026-09-30T20:29:18+00:00,9f07b69b-4b15-4852-9c60-5d293c6cadc5,Sprint,Sprint Berlin Seegefelder Str.,Berlin,52.536163,13.191189,1.6,2.299,2.239,2.399,True
2026-09-30T20:29:18+00:00,005056ba-7cb6-1ed2-bceb-641db1c24d1d,STAR,star Tankstelle,Berlin,52.534388,13.184014,1.7,2.299,2.239,2.399,True
2026-09-30T20:29:18+00:00,51d4b471-a095-1aa0-e100-80009459e03a,JET,JET BERLIN BRUNSBUETTELER DAMM 87-89,BERLIN,52.53379,13.18503,1.7,2.299,2.239,2.399,False
2026-09-30T20:29:18+00:00,d590310c-e209-46b2-bfe7-dacc6148e1f1,TotalEnergies,TotalEnergies Berlin,Berlin,52.55424,13.207408,2,2.329,2.269,2.429,False
2026-09-30T20:29:18+00:00,5d8c8a4c-bce7-4d28-ae12-0d61a971c5cc,Shell,Shell Berlin Streitstr. 19,Berlin,52.558899,13.208409,2.3,2.349,2.289,2.469,True
2026-09-30T20:29:18+00:00,057827cd-6583-4a3a-a461-f8546073fd02,SUN,Sun Klosterstr.,Berlin,52.52943,13.19517,2.4,2.299,2.239,2.399,True
2026-09-30T20:29:18+00:00,905d4775-754e-4b38-baca-89c98fad1d1a,Sprint,Sprint Berlin Ruhlebener Str.,Berlin,52.529285,13.20718,2.9,2.299,2.239,2.399,False
2026-09-30T20:30:49+00:00,cebbe420-bcf3-4db8-9099-c52b783e2158,ESSO,Esso Tankstelle,BERLIN,52.549044,13.17897,0,2.319,2.259,2.409,True
2026-09-30T20:30:49+00:00,7347dd32-bfa1-470a-a6ee-2a2c95ad9af5,ARAL,Aral Tankstelle,Berlin,52.542747,13.199304,1.5,2.319,2.259,2.409,True
2026-09-30T20:30:49+00:00,9f07b69b-4b15-4852-9c60-5d293c6cadc5,Sprint,Sprint Berlin Seegefelder Str.,Berlin,52.536163,13.191189,1.6,2.299,2.239,2.399,False
2026-09-30T20:30:49+00:00,005056ba-7cb6-1ed2-bceb-641db1c24d1d,STAR,star Tankstelle,Berlin,52.534388,13.184014,1.7,2.299,2.239,2.399,True
2026-09-30T20:30:49+00:00,51d4b471-a095-1aa0-e100-80009459e03a,JET,JET BERLIN BRUNSBUETTELER DAMM 87-89,BERLIN,52.53379,13.18503,1.7,2.299,2.239,2.399,False
2026-09-30T20:30:49+00:00,d590310c-e209-46b2-bfe7-dacc6148e1f1,TotalEnergies,TotalEnergies Berlin,Berlin,52.55424,13.207408,2,2.329,2.269,2.429,False
2026-09-30T20:30:49+00:00,5d8c8a4c-bce7-4d28-ae12-0d61a971c5cc,Shell,Shell Berlin Streitstr. 19,Berlin,52.558899,13.208409,2.3,2.349,2.289,2.469,True
2026-09-30T20:30:49+00:00,057827cd-6583-4a3a-a461-f8546073fd02,SUN,Sun Klosterstr.,Berlin,52.52943,13.19517,2.4,2.299,2.239,2.399,True
2026-09-30T20:30:49+00:00,905d4775-754e-4b38-baca-89c98fad1d1a,Sprint,Sprint Berlin Ruhlebener Str.,Berlin,52.529285,13.20718,2.9,2.299,2.239,2.399,False
2026-09-30T20:32:20+00:00,cebbe420-bcf3-4db8-9099-c52b783e2158,ESSO,Esso Tankstelle,BERLIN,52.549044,13.17897,0,2.319,2.259,2.409,True
2026-09-30T20:32:20+00:00,7347dd32-bfa1-470a-a6ee-2a2c95ad9af5,ARAL,Aral Tankstelle,Berlin,52.542747,13.199304,1.5,2.319,2.259,2.409,True
2026-09-30T20:32:20+00:00,9f07b69b-4b15-4852-9c60-5d293c6cadc5,Sprint,Sprint Berlin Seegefelder Str.,Berlin,52.536163,13.191189,1.6,2.299,2.239,2.399,False
2026-09-30T20:32:20+00:00,005056ba-7cb6-1ed2-bceb-641db1c24d1d,STAR,star Tankstelle,Berlin,52.534388,13.184014,1.7,2.299,2.239,2.399,True
2026-09-30T20:32:20+00:00,51d4b471-a095-1aa0-e100-80009459e03a,JET,JET BERLIN BRUNSBUETTELER DAMM 87-89,BERLIN,52.53379,13.18503,1.7,2.299,2.239,2.399,False
2026-09-30T20:32:20+00:00,d590310c-e209-46b2-bfe7-dacc6148e1f1,TotalEnergies,TotalEnergies Berlin,Berlin,52.55424,13.207408,2,2.329,2.269,2.429,False
2026-09-30T20:32:20+00:00,5d8c8a4c-bce7-4d28-ae12-0d61a971c5cc,Shell,Shell Berlin Streitstr. 19,Berlin,52.558899,13.208409,2.3,2.349,2.289,2.469,True
2026-09-30T20:32:20+00:00,057827cd-6583-4a3a-a461-f8546073fd02,SUN,Sun Klosterstr.,Berlin,52.52943,13.19517,2.4,2.299,2.239,2.399,True
2026-09-30T20:32:20+00:00,905d4775-754e-4b38-baca-89c98fad1d1a,Sprint,Sprint Berlin Ruhlebener Str.,Berlin,52.529285,13.20718,2.9,2.299,2.239,2.399,False
2026-09-30T20:33:51+00:00,cebbe420-bcf3-4db8-9099-c52b783e2158,ESSO,Esso Tankstelle,BERLIN,52.549044,13.17897,0,2.319,2.259,2.409,True
2026-09-30T20:33:51+00:00,7347dd32-bfa1-470a-a6ee-2a2c95ad9af5,ARAL,Aral Tankstelle,Berlin,52.542747,13.199304,1.5,2.319,2.259,2.409,True
2026-09-30T20:33:51+00:00,9f07b69b-4b15-4852-9c60-5d293c6cadc5,Sprint,Sprint Berlin Seegefelder Str.,Berlin,52.536163,13.191189,1.6,2.299,2.239,2.399,False
2026-09-30T20:33:51+00:00,005056ba-7cb6-1ed2-bceb-641db1c24d1d,STAR,star Tankstelle,Berlin,52.534388,13.184014,1.7,2.299,2.239,2.399,True
2026-09-30T20:33:51+00:00,51d4b471-a095-1aa0-e100-80009459e03a,JET,JET BERLIN BRUNSBUETTELER DAMM 87-89,BERLIN,52.53379,13.18503,1.7,2.299,2.239,2.399,False
2026-09-30T20:33:51+00:00,d590310c-e209-46b2-bfe7-dacc6148e1f1,TotalEnergies,TotalEnergies Berlin,Berlin,52.55424,13.207408,2,2.329,2.269,2.429,False
2026-09-30T20:33:51+00:00,5d8c8a4c-bce7-4d28-ae12-0d61a971c5cc,Shell,Shell Berlin Streitstr. 19,Berlin,52.558899,13.208409,2.3,2.349,2.289,2.469,True
2026-09-30T20:33:51+00:00,057827cd-6583-4a3a-a461-f8546073fd02,SUN,Sun Klosterstr.,Berlin,52.52943,13.19517,2.4,2.299,2.239,2.399,True
2026-09-30T20:33:51+00:00,905d4775-754e-4b38-baca-89c98fad1d1a,Sprint,Sprint Berlin Ruhlebener Str.,Berlin,52.529285,13.20718,2.9,2.299,2.239,2.399,False
2026-09-30T20:35:22+00:00,cebbe420-bcf3-4db8-9099-c52b783e2158,ESSO,Esso Tankstelle,BERLIN,52.549044,13.17897,0,2.319,2.259,2.409,True
2026-09-30T20:35:22+00:00,7347dd32-bfa1-470a-a6ee-2a2c95ad9af5,ARAL,Aral Tankstelle,Berlin,52.542747,13.199304,1.5,2.319,2.259,2.409,True
2026-09-30T20:35:22+00:00,9f07b69b-4b15-4852-9c60-5d293c6cadc5,Sprint,Sprint Berlin Seegefelder Str.,Berlin,52.536163,13.191189,1.6,2.299,2.239,2.399,False
2026-09-30T20:35:22+00:00,005056ba-7cb6-1ed2-bceb-641db1c24d1d,STAR,star Tankstelle,Berlin,52.534388,13.184014,1.7,2.299,2.239,2.399,True
2026-09-30T20:35:22+00:00,51d4b471-a095-1aa0-e100-80009459e03a,JET,JET BERLIN BRUNSBUETTELER DAMM 87-89,BERLIN,52.53379,13.18503,1.7,2.299,2.239,2.399,False
2026-09-30T20:35:22+00:00,d590310c-e209-46b2-bfe7-dacc6148e1f1,TotalEnergies,TotalEnergies Berlin,Berlin,52.55424,13.207408,2,2.329,2.269,2.429,False
2026-09-30T20:35:22+00:00,5d8c8a4c-bce7-4d28-ae12-0d61a971c5cc,Shell,Shell Berlin Streitstr. 19,Berlin,52.558899,13.208409,2.3,2.349,2.289,2.469,True
2026-09-30T20:35:22+00:00,057827cd-6583-4a3a-a461-f8546073fd02,SUN,Sun Klosterstr.,Berlin,52.52943,13.19517,2.4,2.299,2.239,2.399,True
2026-09-30T20:35:22+00:00,905d4775-754e-4b38-baca-89c98fad1d1a,Sprint,Sprint Berlin Ruhlebener Str.,Berlin,52.529285,13.20718,2.9,2.299,2.239,2.399,False
2026-09-30T20:36:53+00:00,cebbe420-bcf3-4db8-9099-c52b783e2158,ESSO,Esso Tankstelle,BERLIN,52.549044,13.17897,0,2.319,2.259,2.409,True
2026-09-30T20:36:53+00:00,7347dd32-bfa1-470a-a6ee-2a2c95ad9af5,ARAL,Aral Tankstelle,Berlin,52.542747,13.199304,1.5,2.319,2.259,2.409,True
2026-09-30T20:36:53+00:00,9f07b69b-4b15-4852-9c60-5d293c6cadc5,Sprint,Sprint Berlin Seegefelder Str.,Berlin,52.536163,13.191189,1.6,2.299,2.239,2.399,False
2026-09-30T20:36:53+00:00,005056ba-7cb6-1ed2-bceb-641db1c24d1d,STAR,star Tankstelle,Berlin,52.534388,13.184014,1.7,2.299,2.239,2.399,True
2026-09-30T20:36:53+00:00,51d4b471-a095-1aa0-e100-80009459e03a,JET,JET BERLIN BRUNSBUETTELER DAMM 87-89,BERLIN,52.53379,13.18503,1.7,2.299,2.239,2.399,False
2026-09-30T20:36:53+00:00,d590310c-e209-46b2-bfe7-dacc6148e1f1,TotalEnergies,TotalEnergies Berlin,Berlin,52.55424,13.207408,2,2.329,2.269,2.429,False
2026-09-30T20:36:53+00:00,5d8c8a4c-bce7-4d28-ae12-0d61a971c5cc,Shell,Shell Berlin Streitstr. 19,Berlin,52.558899,13.208409,2.3,2.349,2.289,2.469,True
2026-09-30T20:36:53+00:00,057827cd-6583-4a3a-a461-f8546073fd02,SUN,Sun Klosterstr.,Berlin,52.52943,13.19517,2.4,2.299,2.239,2.399,True
2026-09-30T20:36:53+00:00,905d4775-754e-4b38-baca-89c98fad1d1a,Sprint,Sprint Berlin Ruhlebener Str.,Berlin,52.529285,13.20718,2.9,2.299,2.239,2.399,False
2026-09-30T20:38:24+00:00,cebbe420-bcf3-4db8-9099-c52b783e2158,ESSO,Esso Tankstelle,BERLIN,52.549044,13.17897,0,2.319,2.259,2.409,True
2026-09-30T20:38:24+00:00,7347dd32-bfa1-470a-a6ee-2a2c95ad9af5,ARAL,Aral Tankstelle,Berlin,52.542747,13.199304,1.5,2.319,2.259,2.409,True
2026-09-30T20:38:24+00:00,9f07b69b-4b15-4852-9c60-5d293c6cadc5,Sprint,Sprint Berlin Seegefelder Str.,Berlin,52.536163,13.191189,1.6,2.299,2.239,2.399,False
2026-09-30T20:38:24+00:00,005056ba-7cb6-1ed2-bceb-641db1c24d1d,STAR,star Tankstelle,Berlin,52.534388,13.184014,1.7,2.299,2.239,2.399,True
2026-09-30T20:38:24+00:00,51d4b471-a095-1aa0-e100-80009459e03a,JET,JET BERLIN BRUNSBUETTELER DAMM 87-89,BERLIN,52.53379,13.18503,1.7,2.299,2.239,2.399,False
2026-09-30T20:38:24+00:00,d590310c-e209-46b2-bfe7-dacc6148e1f1,TotalEnergies,TotalEnergies Berlin,Berlin,52.55424,13.207408,2,2.329,2.269,2.429,False
2026-09-30T20:38:24+00:00,5d8c8a4c-bce7-4d28-ae12-0d61a971c5cc,Shell,Shell Berlin Streitstr. 19,Berlin,52.558899,13.208409,2.3,2.349,2.289,2.469,True
2026-09-30T20:38:24+00:00,057827cd-6583-4a3a-a461-f8546073fd02,SUN,Sun Klosterstr.,Berlin,52.52943,13.19517,2.4,2.299,2.239,2.399,True
2026-09-30T20:38:24+00:00,905d4775-754e-4b38-baca-89c98fad1d1a,Sprint,Sprint Berlin Ruhlebener Str.,Berlin,52.529285,13.20718,2.9,2.299,2.239,2.399,False
2026-09-30T20:39:54+00:00,cebbe420-bcf3-4db8-9099-c52b783e2158,ESSO,Esso Tankstelle,BERLIN,52.549044,13.17897,0,2.319,2.259,2.409,True
2026-09-30T20:39:54+00:00,7347dd32-bfa1-470a-a6ee-2a2c95ad9af5,ARAL,Aral Tankstelle,Berlin,52.542747,13.199304,1.5,2.319,2.259,2.409,True
2026-09-30T20:39:54+00:00,9f07b69b-4b15-4852-9c60-5d293c6cadc5,Sprint,Sprint Berlin Seegefelder Str.,Berlin,52.536163,13.191189,1.6,2.299,2.239,2.399,False
2026-09-30T20:39:54+00:00,005056ba-7cb6-1ed2-bceb-641db1c24d1d,STAR,star Tankstelle,Berlin,52.534388,13.184014,1.7,2.299,2.239,2.399,True
2026-09-30T20:39:54+00:00,51d4b471-a095-1aa0-e100-80009459e03a,JET,JET BERLIN BRUNSBUETTELER DAMM 87-89,BERLIN,52.53379,13.18503,1.7,2.299,2.239,2.399,False
2026-09-30T20:39:54+00:00,d590310c-e209-46b2-bfe7-dacc6148e1f1,TotalEnergies,TotalEnergies Berlin,Berlin,52.55424,13.207408,2,2.329,2.269,2.429,False
2026-09-30T20:39:54+00:00,5d8c8a4c-bce7-4d28-ae12-0d61a971c5cc,Shell,Shell Berlin Streitstr. 19,Berlin,52.558899,13.208409,2.3,2.349,2.289,2.469,True
2026-09-30T20:39:54+00:00,057827cd-6583-4a3a-a461-f8546073fd02,SUN,Sun Klosterstr.,Berlin,52.52943,13.19517,2.4,2.299,2.239,2.399,True
2026-09-30T20:39:54+00:00,905d4775-754e-4b38-baca-89c98fad1d1a,Sprint,Sprint Berlin Ruhlebener Str.,Berlin,52.529285,13.20718,2.9,2.299,2.239,2.399,False
2026-09-30T20:41:25+00:00,cebbe420-bcf3-4db8-9099-c52b783e2158,ESSO,Esso Tankstelle,BERLIN,52.549044,13.17897,0,2.319,2.259,2.409,True
2026-09-30T20:41:25+00:00,7347dd32-bfa1-470a-a6ee-2a2c95ad9af5,ARAL,Aral Tankstelle,Berlin,52.542747,13.199304,1.5,2.319,2.259,2.409,True
2026-09-30T20:41:25+00:00,9f07b69b-4b15-4852-9c60-5d293c6cadc5,Sprint,Sprint Berlin Seegefelder Str.,Berlin,52.536163,13.191189,1.6,2.299,2.239,2.399,False
2026-09-30T20:41:25+00:00,005056ba-7cb6-1ed2-bceb-641db1c24d1d,STAR,star Tankstelle,Berlin,52.534388,13.184014,1.7,2.299,2.239,2.399,True
2026-09-30T20:41:25+00:00,51d4b471-a095-1aa0-e100-80009459e03a,JET,JET BERLIN BRUNSBUETTELER DAMM 87-89,BERLIN,52.53379,13.18503,1.7,2.299,2.239,2.399,False
2026-09-30T20:41:25+00:00,d590310c-e209-46b2-bfe7-dacc6148e1f1,TotalEnergies,TotalEnergies Berlin,Berlin,52.55424,13.207408,2,2.329,2.269,2.429,False
2026-09-30T20:41:25+00:00,5d8c8a4c-bce7-4d28-ae12-0d61a971c5cc,Shell,Shell Berlin Streitstr. 19,Berlin,52.558899,13.208409,2.3,2.349,2.289,2.469,True
2026-09-30T20:41:25+00:00,057827cd-6583-4a3a-a461-f8546073fd02,SUN,Sun Klosterstr.,Berlin,52.52943,13.19517,2.4,2.299,2.239,2.399,True
2026-09-30T20:41:25+00:00,905d4775-754e-4b38-baca-89c98fad1d1a,Sprint,Sprint Berlin Ruhlebener Str.,Berlin,52.529285,13.20718,2.9,2.299,2.239,2.399,False
2026-09-30T20:42:56+00:00,cebbe420-bcf3-4db8-9099-c52b783e2158,ESSO,Esso Tankstelle,BERLIN,52.549044,13.17897,0,2.319,2.259,2.409,True
2026-09-30T20:42:56+00:00,7347dd32-bfa1-470a-a6ee-2a2c95ad9af5,ARAL,Aral Tankstelle,Berlin,52.542747,13.199304,1.5,2.319,2.259,2.409,True
2026-09-30T20:42:56+00:00,9f07b69b-4b15-4852-9c60-5d293c6cadc5,Sprint,Sprint Berlin Seegefelder Str.,Berlin,52.536163,13.191189,1.6,2.299,2.239,2.399,False
2026-09-30T20:42:56+00:00,005056ba-7cb6-1ed2-bceb-641db1c24d1d,STAR,star Tankstelle,Berlin,52.534388,13.184014,1.7,2.299,2.239,2.399,True
2026-09-30T20:42:56+00:00,51d4b471-a095-1aa0-e100-80009459e03a,JET,JET BERLIN BRUNSBUETTELER DAMM 87-89,BERLIN,52.53379,13.18503,1.7,2.299,2.239,2.399,False
2026-09-30T20:42:56+00:00,d590310c-e209-46b2-bfe7-dacc6148e1f1,TotalEnergies,TotalEnergies Berlin,Berlin,52.55424,13.207408,2,2.329,2.269,2.429,False
2026-09-30T20:42:56+00:00,5d8c8a4c-bce7-4d28-ae12-0d61a971c5cc,Shell,Shell Berlin Streitstr. 19,Berlin,52.558899,13.208409,2.3,2.349,2.289,2.469,True
2026-09-30T20:42:56+00:00,057827cd-6583-4a3a-a461-f8546073fd02,SUN,Sun Klosterstr.,Berlin,52.52943,13.19517,2.4,2.299,2.239,2.399,True
2026-09-30T20:42:56+00:00,905d4775-754e-4b38-baca-89c98fad1d1a,Sprint,Sprint Berlin Ruhlebener Str.,Berlin,52.529285,13.20718,2.9,2.299,2.239,2.399,False
2026-09-30T20:44:28+00:00,cebbe420-bcf3-4db8-9099-c52b783e2158,ESSO,Esso Tankstelle,BERLIN,52.549044,13.17897,0,2.319,2.259,2.409,True
2026-09-30T20:44:28+00:00,7347dd32-bfa1-470a-a6ee-2a2c95ad9af5,ARAL,Aral Tankstelle,Berlin,52.542747,13.199304,1.5,2.319,2.259,2.409,True
2026-09-30T20:44:28+00:00,9f07b69b-4b15-4852-9c60-5d293c6cadc5,Sprint,Sprint Berlin Seegefelder Str.,Berlin,52.536163,13.191189,1.6,2.299,2.239,2.399,False
2026-09-30T20:44:28+00:00,005056ba-7cb6-1ed2-bceb-641db1c24d1d,STAR,star Tankstelle,Berlin,52.534388,13.184014,1.7,2.299,2.239,2.399,True
2026-09-30T20:44:28+00:00,51d4b471-a095-1aa0-e100-80009459e03a,JET,JET BERLIN BRUNSBUETTELER DAMM 87-89,BERLIN,52.53379,13.18503,1.7,2.299,2.239,2.399,False
2026-09-30T20:44:28+00:00,d590310c-e209-46b2-bfe7-dacc6148e1f1,TotalEnergies,TotalEnergies Berlin,Berlin,52.55424,13.207408,2,2.329,2.269,2.429,False
2026-09-30T20:44:28+00:00,5d8c8a4c-bce7-4d28-ae12-0d61a971c5cc,Shell,Shell Berlin Streitstr. 19,Berlin,52.558899,13.208409,2.3,2.349,2.289,2.469,True
2026-09-30T20:44:28+00:00,057827cd-6583-4a3a-a461-f8546073fd02,SUN,Sun Klosterstr.,Berlin,52.52943,13.19517,2.4,2.299,2.239,2.399,True
2026-09-30T20:44:28+00:00,905d4775-754e-4b38-baca-89c98fad1d1a,Sprint,Sprint Berlin Ruhlebener Str.,Berlin,52.529285,13.20718,2.9,2.299,2.239,2.399,False
2026-09-30T20:45:58+00:00,cebbe420-bcf3-4db8-9099-c52b783e2158,ESSO,Esso Tankstelle,BERLIN,52.549044,13.17897,0,2.319,2.259,2.409,True
2026-09-30T20:45:58+00:00,7347dd32-bfa1-470a-a6ee-2a2c95ad9af5,ARAL,Aral Tankstelle,Berlin,52.542747,13.199304,1.5,2.319,2.259,2.409,True
2026-09-30T20:45:58+00:00,9f07b69b-4b15-4852-9c60-5d293c6cadc5,Sprint,Sprint Berlin Seegefelder Str.,Berlin,52.536163,13.191189,1.6,2.299,2.239,2.399,False
2026-09-30T20:45:58+00:00,005056ba-7cb6-1ed2-bceb-641db1c24d1d,STAR,star Tankstelle,Berlin,52.534388,13.184014,1.7,2.299,2.239,2.399,True
2026-09-30T20:45:58+00:00,51d4b471-a095-1aa0-e100-80009459e03a,JET,JET BERLIN BRUNSBUETTELER DAMM 87-89,BERLIN,52.53379,13.18503,1.7,2.299,2.239,2.399,False
2026-09-30T20:45:58+00:00,d590310c-e209-46b2-bfe7-dacc6148e1f1,TotalEnergies,TotalEnergies Berlin,Berlin,52.55424,13.207408,2,2.329,2.269,2.429,False
2026-09-30T20:45:58+00:00,5d8c8a4c-bce7-4d28-ae12-0d61a971c5cc,Shell,Shell Berlin Streitstr. 19,Berlin,52.558899,13.208409,2.3,2.349,2.289,2.469,True
2026-09-30T20:45:58+00:00,057827cd-6583-4a3a-a461-f8546073fd02,SUN,Sun Klosterstr.,Berlin,52.52943,13.19517,2.4,2.299,2.239,2.399,True
2026-09-30T20:45:58+00:00,905d4775-754e-4b38-baca-89c98fad1d1a,Sprint,Sprint Berlin Ruhlebener Str.,Berlin,52.529285,13.20718,2.9,2.299,2.239,2.399,False
2026-09-30T20:47:29+00:00,cebbe420-bcf3-4db8-9099-c52b783e2158,ESSO,Esso Tankstelle,BERLIN,52.549044,13.17897,0,2.319,2.259,2.409,True
2026-09-30T20:47:29+00:00,7347dd32-bfa1-470a-a6ee-2a2c95ad9af5,ARAL,Aral Tankstelle,Berlin,52.542747,13.199304,1.5,2.319,2.259,2.409,True
2026-09-30T20:47:29+00:00,9f07b69b-4b15-4852-9c60-5d293c6cadc5,Sprint,Sprint Berlin Seegefelder Str.,Berlin,52.536163,13.191189,1.6,2.299,2.239,2.399,False
2026-09-30T20:47:29+00:00,005056ba-7cb6-1ed2-bceb-641db1c24d1d,STAR,star Tankstelle,Berlin,52.534388,13.184014,1.7,2.299,2.239,2.399,True
2026-09-30T20:47:29+00:00,51d4b471-a095-1aa0-e100-80009459e03a,JET,JET BERLIN BRUNSBUETTELER DAMM 87-89,BERLIN,52.53379,13.18503,1.7,2.299,2.239,2.399,False
2026-09-30T20:47:29+00:00,d590310c-e209-46b2-bfe7-dacc6148e1f1,TotalEnergies,TotalEnergies Berlin,Berlin,52.55424,13.207408,2,2.329,2.269,2.429,False
2026-09-30T20:47:29+00:00,5d8c8a4c-bce7-4d28-ae12-0d61a971c5cc,Shell,Shell Berlin Streitstr. 19,Berlin,52.558899,13.208409,2.3,2.349,2.289,2.469,True
2026-09-30T20:47:29+00:00,057827cd-6583-4a3a-a461-f8546073fd02,SUN,Sun Klosterstr.,Berlin,52.52943,13.19517,2.4,2.299,2.239,2.399,True
2026-09-30T20:47:29+00:00,905d4775-754e-4b38-baca-89c98fad1d1a,Sprint,Sprint Berlin Ruhlebener Str.,Berlin,52.529285,13.20718,2.9,2.299,2.239,2.399,False
2026-09-30T20:49:00+00:00,cebbe420-bcf3-4db8-9099-c52b783e2158,ESSO,Esso Tankstelle,BERLIN,52.549044,13.17897,0,2.319,2.259,2.409,True
2026-09-30T20:49:00+00:00,7347dd32-bfa1-470a-a6ee-2a2c95ad9af5,ARAL,Aral Tankstelle,Berlin,52.542747,13.199304,1.5,2.319,2.259,2.409,True
2026-09-30T20:49:00+00:00,9f07b69b-4b15-4852-9c60-5d293c6cadc5,Sprint,Sprint Berlin Seegefelder Str.,Berlin,52.536163,13.191189,1.6,2.299,2.239,2.399,False
2026-09-30T20:49:00+00:00,005056ba-7cb6-1ed2-bceb-641db1c24d1d,STAR,star Tankstelle,Berlin,52.534388,13.184014,1.7,2.299,2.239,2.399,True
2026-09-30T20:49:00+00:00,51d4b471-a095-1aa0-e100-80009459e03a,JET,JET BERLIN BRUNSBUETTELER DAMM 87-89,BERLIN,52.53379,13.18503,1.7,2.299,2.239,2.399,False
2026-09-30T20:49:00+00:00,d590310c-e209-46b2-bfe7-dacc6148e1f1,TotalEnergies,TotalEnergies Berlin,Berlin,52.55424,13.207408,2,2.329,2.269,2.429,False
2026-09-30T20:49:00+00:00,5d8c8a4c-bce7-4d28-ae12-0d61a971c5cc,Shell,Shell Berlin Streitstr. 19,Berlin,52.558899,13.208409,2.3,2.349,2.289,2.469,True
2026-09-30T20:49:00+00:00,057827cd-6583-4a3a-a461-f8546073fd02,SUN,Sun Klosterstr.,Berlin,52.52943,13.19517,2.4,2.299,2.239,2.399,True
2026-09-30T20:49:00+00:00,905d4775-754e-4b38-baca-89c98fad1d1a,Sprint,Sprint Berlin Ruhlebener Str.,Berlin,52.529285,13.20718,2.9,2.299,2.239,2.399,False
2026-09-30T20:50:31+00:00,cebbe420-bcf3-4db8-9099-c52b783e2158,ESSO,Esso Tankstelle,BERLIN,52.549044,13.17897,0,2.319,2.259,2.409,True
2026-09-30T20:50:31+00:00,7347dd32-bfa1-470a-a6ee-2a2c95ad9af5,ARAL,Aral Tankstelle,Berlin,52.542747,13.199304,1.5,2.319,2.259,2.409,True
2026-09-30T20:50:31+00:00,9f07b69b-4b15-4852-9c60-5d293c6cadc5,Sprint,Sprint Berlin Seegefelder Str.,Berlin,52.536163,13.191189,1.6,2.299,2.239,2.399,False
2026-09-30T20:50:31+00:00,005056ba-7cb6-1ed2-bceb-641db1c24d1d,STAR,star Tankstelle,Berlin,52.534388,13.184014,1.7,2.299,2.239,2.399,True
2026-09-30T20:50:31+00:00,51d4b471-a095-1aa0-e100-80009459e03a,JET,JET BERLIN BRUNSBUETTELER DAMM 87-89,BERLIN,52.53379,13.18503,1.7,2.299,2.239,2.399,False
2026-09-30T20:50:31+00:00,d590310c-e209-46b2-bfe7-dacc6148e1f1,TotalEnergies,TotalEnergies Berlin,Berlin,52.55424,13.207408,2,2.329,2.269,2.429,False
2026-09-30T20:50:31+00:00,5d8c8a4c-bce7-4d28-ae12-0d61a971c5cc,Shell,Shell Berlin Streitstr. 19,Berlin,52.558899,13.208409,2.3,2.349,2.289,2.469,True
2026-09-30T20:50:31+00:00,057827cd-6583-4a3a-a461-f8546073fd02,SUN,Sun Klosterstr.,Berlin,52.52943,13.19517,2.4,2.299,2.239,2.399,True
2026-09-30T20:50:31+00:00,905d4775-754e-4b38-baca-89c98fad1d1a,Sprint,Sprint Berlin Ruhlebener Str.,Berlin,52.529285,13.20718,2.9,2.299,2.239,2.399,False
2026-09-30T20:52:02+00:00,cebbe420-bcf3-4db8-9099-c52b783e2158,ESSO,Esso Tankstelle,BERLIN,52.549044,13.17897,0,2.319,2.259,2.409,True
2026-09-30T20:52:02+00:00,7347dd32-bfa1-470a-a6ee-2a2c95ad9af5,ARAL,Aral Tankstelle,Berlin,52.542747,13.199304,1.5,2.319,2.259,2.409,True
2026-09-30T20:52:02+00:00,9f07b69b-4b15-4852-9c60-5d293c6cadc5,Sprint,Sprint Berlin Seegefelder Str.,Berlin,52.536163,13.191189,1.6,2.299,2.239,2.399,False
2026-09-30T20:52:02+00:00,005056ba-7cb6-1ed2-bceb-641db1c24d1d,STAR,star Tankstelle,Berlin,52.534388,13.184014,1.7,2.299,2.239,2.399,True
2026-09-30T20:52:02+00:00,51d4b471-a095-1aa0-e100-80009459e03a,JET,JET BERLIN BRUNSBUETTELER DAMM 87-89,BERLIN,52.53379,13.18503,1.7,2.299,2.239,2.399,False
2026-09-30T20:52:02+00:00,d590310c-e209-46b2-bfe7-dacc6148e1f1,TotalEnergies,TotalEnergies Berlin,Berlin,52.55424,13.207408,2,2.329,2.269,2.429,False
2026-09-30T20:52:02+00:00,5d8c8a4c-bce7-4d28-ae12-0d61a971c5cc,Shell,Shell Berlin Streitstr. 19,Berlin,52.558899,13.208409,2.3,2.349,2.289,2.469,True
2026-09-30T20:52:02+00:00,057827cd-6583-4a3a-a461-f8546073fd02,SUN,Sun Klosterstr.,Berlin,52.52943,13.19517,2.4,2.299,2.239,2.399,True
2026-09-30T20:52:02+00:00,905d4775-754e-4b38-baca-89c98fad1d1a,Sprint,Sprint Berlin Ruhlebener Str.,Berlin,52.529285,13.20718,2.9,2.299,2.239,2.399,False
2026-09-30T20:53:33+00:00,cebbe420-bcf3-4db8-9099-c52b783e2158,ESSO,Esso Tankstelle,BERLIN,52.549044,13.17897,0,2.319,2.259,2.409,True
2026-09-30T20:53:33+00:00,7347dd32-bfa1-470a-a6ee-2a2c95ad9af5,ARAL,Aral Tankstelle,Berlin,52.542747,13.199304,1.5,2.319,2.259,2.409,True
2026-09-30T20:53:33+00:00,9f07b69b-4b15-4852-9c60-5d293c6cadc5,Sprint,Sprint Berlin Seegefelder Str.,Berlin,52.536163,13.191189,1.6,2.299,2.239,2.399,False
2026-09-30T20:53:33+00:00,005056ba-7cb6-1ed2-bceb-641db1c24d1d,STAR,star Tankstelle,Berlin,52.534388,13.184014,1.7,2.299,2.239,2.399,True
2026-09-30T20:53:33+00:00,51d4b471-a095-1aa0-e100-80009459e03a,JET,JET BERLIN BRUNSBUETTELER DAMM 87-89,BERLIN,52.53379,13.18503,1.7,2.299,2.239,2.399,False
2026-09-30T20:53:33+00:00,d590310c-e209-46b2-bfe7-dacc6148e1f1,TotalEnergies,TotalEnergies Berlin,Berlin,52.55424,13.207408,2,2.329,2.269,2.429,False
2026-09-30T20:53:33+00:00,5d8c8a4c-bce7-4d28-ae12-0d61a971c5cc,Shell,Shell Berlin Streitstr. 19,Berlin,52.558899,13.208409,2.3,2.349,2.289,2.469,True
2026-09-30T20:53:33+00:00,057827cd-6583-4a3a-a461-f8546073fd02,SUN,Sun Klosterstr.,Berlin,52.52943,13.19517,2.4,2.299,2.239,2.399,True
2026-09-30T20:53:33+00:00,905d4775-754e-4b38-baca-89c98fad1d1a,Sprint,Sprint Berlin Ruhlebener Str.,Berlin,52.529285,13.20718,2.9,2.299,2.239,2.399,False
2026-09-30T20:55:03+00:00,cebbe420-bcf3-4db8-9099-c52b783e2158,ESSO,Esso Tankstelle,BERLIN,52.549044,13.17897,0,2.319,2.259,2.409,True
2026-09-30T20:55:03+00:00,7347dd32-bfa1-470a-a6ee-2a2c95ad9af5,ARAL,Aral Tankstelle,Berlin,52.542747,13.199304,1.5,2.319,2.259,2.409,True
2026-09-30T20:55:03+00:00,9f07b69b-4b15-4852-9c60-5d293c6cadc5,Sprint,Sprint Berlin Seegefelder Str.,Berlin,52.536163,13.191189,1.6,2.299,2.239,2.399,False
2026-09-30T20:55:03+00:00,005056ba-7cb6-1ed2-bceb-641db1c24d1d,STAR,star Tankstelle,Berlin,52.534388,13.184014,1.7,2.299,2.239,2.399,True
2026-09-30T20:55:03+00:00,51d4b471-a095-1aa0-e100-80009459e03a,JET,JET BERLIN BRUNSBUETTELER DAMM 87-89,BERLIN,52.53379,13.18503,1.7,2.299,2.239,2.399,False
2026-09-30T20:55:03+00:00,d590310c-e209-46b2-bfe7-dacc6148e1f1,TotalEnergies,TotalEnergies Berlin,Berlin,52.55424,13.207408,2,2.329,2.269,2.429,False
2026-09-30T20:55:03+00:00,5d8c8a4c-bce7-4d28-ae12-0d61a971c5cc,Shell,Shell Berlin Streitstr. 19,Berlin,52.558899,13.208409,2.3,2.349,2.289,2.469,True
2026-09-30T20:55:03+00:00,057827cd-6583-4a3a-a461-f8546073fd02,SUN,Sun Klosterstr.,Berlin,52.52943,13.19517,2.4,2.299,2.239,2.399,True
2026-09-30T20:55:03+00:00,905d4775-754e-4b38-baca-89c98fad1d1a,Sprint,Sprint Berlin Ruhlebener Str.,Berlin,52.529285,13.20718,2.9,2.299,2.239,2.399,False
2026-09-30T20:56:35+00:00,cebbe420-bcf3-4db8-9099-c52b783e2158,ESSO,Esso Tankstelle,BERLIN,52.549044,13.17897,0,2.319,2.259,2.409,True
2026-09-30T20:56:35+00:00,7347dd32-bfa1-470a-a6ee-2a2c95ad9af5,ARAL,Aral Tankstelle,Berlin,52.542747,13.199304,1.5,2.319,2.259,2.409,True
2026-09-30T20:56:35+00:00,9f07b69b-4b15-4852-9c60-5d293c6cadc5,Sprint,Sprint Berlin Seegefelder Str.,Berlin,52.536163,13.191189,1.6,2.299,2.239,2.399,False
2026-09-30T20:56:35+00:00,005056ba-7cb6-1ed2-bceb-641db1c24d1d,STAR,star Tankstelle,Berlin,52.534388,13.184014,1.7,2.299,2.239,2.399,True
2026-09-30T20:56:35+00:00,51d4b471-a095-1aa0-e100-80009459e03a,JET,JET BERLIN BRUNSBUETTELER DAMM 87-89,BERLIN,52.53379,13.18503,1.7,2.299,2.239,2.399,False
2026-09-30T20:56:35+00:00,d590310c-e209-46b2-bfe7-dacc6148e1f1,TotalEnergies,TotalEnergies Berlin,Berlin,52.55424,13.207408,2,2.329,2.269,2.429,False
2026-09-30T20:56:35+00:00,5d8c8a4c-bce7-4d28-ae12-0d61a971c5cc,Shell,Shell Berlin Streitstr. 19,Berlin,52.558899,13.208409,2.3,2.349,2.289,2.469,True
2026-09-30T20:56:35+00:00,057827cd-6583-4a3a-a461-f8546073fd02,SUN,Sun Klosterstr.,Berlin,52.52943,13.19517,2.4,2.299,2.239,2.399,True
2026-09-30T20:56:35+00:00,905d4775-754e-4b38-baca-89c98fad1d1a,Sprint,Sprint Berlin Ruhlebener Str.,Berlin,52.529285,13.20718,2.9,2.299,2.239,2.399,False
2026-09-30T20:58:05+00:00,cebbe420-bcf3-4db8-9099-c52b783e2158,ESSO,Esso Tankstelle,BERLIN,52.549044,13.17897,0,2.319,2.259,2.409,True
2026-09-30T20:58:05+00:00,7347dd32-bfa1-470a-a6ee-2a2c95ad9af5,ARAL,Aral Tankstelle,Berlin,52.542747,13.199304,1.5,2.319,2.259,2.409,True
2026-09-30T20:58:05+00:00,9f07b69b-4b15-4852-9c60-5d293c6cadc5,Sprint,Sprint Berlin Seegefelder Str.,Berlin,52.536163,13.191189,1.6,2.299,2.239,2.399,False
2026-09-30T20:58:05+00:00,005056ba-7cb6-1ed2-bceb-641db1c24d1d,STAR,star Tankstelle,Berlin,52.534388,13.184014,1.7,2.299,2.239,2.399,True
2026-09-30T20:58:05+00:00,51d4b471-a095-1aa0-e100-80009459e03a,JET,JET BERLIN BRUNSBUETTELER DAMM 87-89,BERLIN,52.53379,13.18503,1.7,2.299,2.239,2.399,False
2026-09-30T20:58:05+00:00,d590310c-e209-46b2-bfe7-dacc6148e1f1,TotalEnergies,TotalEnergies Berlin,Berlin,52.55424,13.207408,2,2.329,2.269,2.429,False
2026-09-30T20:58:05+00:00,5d8c8a4c-bce7-4d28-ae12-0d61a971c5cc,Shell,Shell Berlin Streitstr. 19,Berlin,52.558899,13.208409,2.3,2.349,2.289,2.469,True
2026-09-30T20:58:05+00:00,057827cd-6583-4a3a-a461-f8546073fd02,SUN,Sun Klosterstr.,Berlin,52.52943,13.19517,2.4,2.299,2.239,2.399,True
2026-09-30T20:58:05+00:00,905d4775-754e-4b38-baca-89c98fad1d1a,Sprint,Sprint Berlin Ruhlebener Str.,Berlin,52.529285,13.20718,2.9,2.299,2.239,2.399,False
2026-09-30T20:59:37+00:00,cebbe420-bcf3-4db8-9099-c52b783e2158,ESSO,Esso Tankstelle,BERLIN,52.549044,13.17897,0,2.319,2.259,2.409,True
2026-09-30T20:59:37+00:00,7347dd32-bfa1-470a-a6ee-2a2c95ad9af5,ARAL,Aral Tankstelle,Berlin,52.542747,13.199304,1.5,2.319,2.259,2.409,True
2026-09-30T20:59:37+00:00,9f07b69b-4b15-4852-9c60-5d293c6cadc5,Sprint,Sprint Berlin Seegefelder Str.,Berlin,52.536163,13.191189,1.6,2.299,2.239,2.399,False
2026-09-30T20:59:37+00:00,005056ba-7cb6-1ed2-bceb-641db1c24d1d,STAR,star Tankstelle,Berlin,52.534388,13.184014,1.7,2.299,2.239,2.399,True
2026-09-30T20:59:37+00:00,51d4b471-a095-1aa0-e100-80009459e03a,JET,JET BERLIN BRUNSBUETTELER DAMM 87-89,BERLIN,52.53379,13.18503,1.7,2.299,2.239,2.399,False
2026-09-30T20:59:37+00:00,d590310c-e209-46b2-bfe7-dacc6148e1f1,TotalEnergies,TotalEnergies Berlin,Berlin,52.55424,13.207408,2,2.329,2.269,2.429,False
2026-09-30T20:59:37+00:00,5d8c8a4c-bce7-4d28-ae12-0d61a971c5cc,Shell,Shell Berlin Streitstr. 19,Berlin,52.558899,13.208409,2.3,2.349,2.289,2.469,True
2026-09-30T20:59:37+00:00,057827cd-6583-4a3a-a461-f8546073fd02,SUN,Sun Klosterstr.,Berlin,52.52943,13.19517,2.4,2.299,2.239,2.399,True
2026-09-30T20:59:37+00:00,905d4775-754e-4b38-baca-89c98fad1d1a,Sprint,Sprint Berlin Ruhlebener Str.,Berlin,52.529285,13.20718,2.9,2.299,2.239,2.399,False
2026-09-30T21:01:07+00:00,cebbe420-bcf3-4db8-9099-c52b783e2158,ESSO,Esso Tankstelle,BERLIN,52.549044,13.17897,0,2.319,2.259,2.409,True
2026-09-30T21:01:07+00:00,7347dd32-bfa1-470a-a6ee-2a2c95ad9af5,ARAL,Aral Tankstelle,Berlin,52.542747,13.199304,1.5,2.319,2.259,2.409,True
2026-09-30T21:01:07+00:00,9f07b69b-4b15-4852-9c60-5d293c6cadc5,Sprint,Sprint Berlin Seegefelder Str.,Berlin,52.536163,13.191189,1.6,2.299,2.239,2.399,False
2026-09-30T21:01:07+00:00,005056ba-7cb6-1ed2-bceb-641db1c24d1d,STAR,star Tankstelle,Berlin,52.534388,13.184014,1.7,2.299,2.239,2.399,True
2026-09-30T21:01:07+00:00,51d4b471-a095-1aa0-e100-80009459e03a,JET,JET BERLIN BRUNSBUETTELER DAMM 87-89,BERLIN,52.53379,13.18503,1.7,2.299,2.239,2.399,False
2026-09-30T21:01:07+00:00,d590310c-e209-46b2-bfe7-dacc6148e1f1,TotalEnergies,TotalEnergies Berlin,Berlin,52.55424,13.207408,2,2.329,2.269,2.429,False
2026-09-30T21:01:07+00:00,5d8c8a4c-bce7-4d28-ae12-0d61a971c5cc,Shell,Shell Berlin Streitstr. 19,Berlin,52.558899,13.208409,2.3,2.349,2.289,2.469,True
2026-09-30T21:01:07+00:00,057827cd-6583-4a3a-a461-f8546073fd02,SUN,Sun Klosterstr.,Berlin,52.52943,13.19517,2.4,2.299,2.239,2.399,True
2026-09-30T21:01:07+00:00,905d4775-754e-4b38-baca-89c98fad1d1a,Sprint,Sprint Berlin Ruhlebener Str.,Berlin,52.529285,13.20718,2.9,2.299,2.239,2.399,False
2026-09-30T21:02:39+00:00,cebbe420-bcf3-4db8-9099-c52b783e2158,ESSO,Esso Tankstelle,BERLIN,52.549044,13.17897,0,2.319,2.259,2.409,True
2026-09-30T21:02:39+00:00,7347dd32-bfa1-470a-a6ee-2a2c95ad9af5,ARAL,Aral Tankstelle,Berlin,52.542747,13.199304,1.5,2.319,2.259,2.409,True
2026-09-30T21:02:39+00:00,9f07b69b-4b15-4852-9c60-5d293c6cadc5,Sprint,Sprint Berlin Seegefelder Str.,Berlin,52.536163,13.191189,1.6,2.299,2.239,2.399,False
2026-09-30T21:02:39+00:00,005056ba-7cb6-1ed2-bceb-641db1c24d1d,STAR,star Tankstelle,Berlin,52.534388,13.184014,1.7,2.299,2.239,2.399,True
2026-09-30T21:02:39+00:00,51d4b471-a095-1aa0-e100-80009459e03a,JET,JET BERLIN BRUNSBUETTELER DAMM 87-89,BERLIN,52.53379,13.18503,1.7,2.299,2.239,2.399,False
2026-09-30T21:02:39+00:00,d590310c-e209-46b2-bfe7-dacc6148e1f1,TotalEnergies,TotalEnergies Berlin,Berlin,52.55424,13.207408,2,2.329,2.269,2.429,False
2026-09-30T21:02:39+00:00,5d8c8a4c-bce7-4d28-ae12-0d61a971c5cc,Shell,Shell Berlin Streitstr. 19,Berlin,52.558899,13.208409,2.3,2.349,2.289,2.469,True
2026-09-30T21:02:39+00:00,057827cd-6583-4a3a-a461-f8546073fd02,SUN,Sun Klosterstr.,Berlin,52.52943,13.19517,2.4,2.299,2.239,2.399,True
2026-09-30T21:02:39+00:00,905d4775-754e-4b38-baca-89c98fad1d1a,Sprint,Sprint Berlin Ruhlebener Str.,Berlin,52.529285,13.20718,2.9,2.299,2.239,2.399,False
2026-09-30T21:04:09+00:00,cebbe420-bcf3-4db8-9099-c52b783e2158,ESSO,Esso Tankstelle,BERLIN,52.549044,13.17897,0,2.319,2.259,2.409,True
2026-09-30T21:04:09+00:00,7347dd32-bfa1-470a-a6ee-2a2c95ad9af5,ARAL,Aral Tankstelle,Berlin,52.542747,13.199304,1.5,2.319,2.259,2.409,True
2026-09-30T21:04:09+00:00,9f07b69b-4b15-4852-9c60-5d293c6cadc5,Sprint,Sprint Berlin Seegefelder Str.,Berlin,52.536163,13.191189,1.6,2.299,2.239,2.399,False
2026-09-30T21:04:09+00:00,005056ba-7cb6-1ed2-bceb-641db1c24d1d,STAR,star Tankstelle,Berlin,52.534388,13.184014,1.7,2.299,2.239,2.399,True
2026-09-30T21:04:09+00:00,51d4b471-a095-1aa0-e100-80009459e03a,JET,JET BERLIN BRUNSBUETTELER DAMM 87-89,BERLIN,52.53379,13.18503,1.7,2.299,2.239,2.399,False
2026-09-30T21:04:09+00:00,d590310c-e209-46b2-bfe7-dacc6148e1f1,TotalEnergies,TotalEnergies Berlin,Berlin,52.55424,13.207408,2,2.329,2.269,2.429,False
2026-09-30T21:04:09+00:00,5d8c8a4c-bce7-4d28-ae12-0d61a971c5cc,Shell,Shell Berlin Streitstr. 19,Berlin,52.558899,13.208409,2.3,2.349,2.289,2.469,True
2026-09-30T21:04:09+00:00,057827cd-6583-4a3a-a461-f8546073fd02,SUN,Sun Klosterstr.,Berlin,52.52943,13.19517,2.4,2.299,2.239,2.399,True
2026-09-30T21:04:09+00:00,905d4775-754e-4b38-baca-89c98fad1d1a,Sprint,Sprint Berlin Ruhlebener Str.,Berlin,52.529285,13.20718,2.9,2.299,2.239,2.399,False
2026-09-30T21:05:40+00:00,cebbe420-bcf3-4db8-9099-c52b783e2158,ESSO,Esso Tankstelle,BERLIN,52.549044,13.17897,0,2.319,2.259,2.409,True
2026-09-30T21:05:40+00:00,7347dd32-bfa1-470a-a6ee-2a2c95ad9af5,ARAL,Aral Tankstelle,Berlin,52.542747,13.199304,1.5,2.319,2.259,2.409,True
2026-09-30T21:05:40+00:00,9f07b69b-4b15-4852-9c60-5d293c6cadc5,Sprint,Sprint Berlin Seegefelder Str.,Berlin,52.536163,13.191189,1.6,2.299,2.239,2.399,False
2026-09-30T21:05:40+00:00,005056ba-7cb6-1ed2-bceb-641db1c24d1d,STAR,star Tankstelle,Berlin,52.534388,13.184014,1.7,2.299,2.239,2.399,True
2026-09-30T21:05:40+00:00,51d4b471-a095-1aa0-e100-80009459e03a,JET,JET BERLIN BRUNSBUETTELER DAMM 87-89,BERLIN,52.53379,13.18503,1.7,2.299,2.239,2.399,False
2026-09-30T21:05:40+00:00,d590310c-e209-46b2-bfe7-dacc6148e1f1,TotalEnergies,TotalEnergies Berlin,Berlin,52.55424,13.207408,2,2.329,2.269,2.429,False
2026-09-30T21:05:40+00:00,5d8c8a4c-bce7-4d28-ae12-0d61a971c5cc,Shell,Shell Berlin Streitstr. 19,Berlin,52.558899,13.208409,2.3,2.349,2.289,2.469,True
2026-09-30T21:05:40+00:00,057827cd-6583-4a3a-a461-f8546073fd02,SUN,Sun Klosterstr.,Berlin,52.52943,13.19517,2.4,2.299,2.239,2.399,True
2026-09-30T21:05:40+00:00,905d4775-754e-4b38-baca-89c98fad1d1a,Sprint,Sprint Berlin Ruhlebener Str.,Berlin,52.529285,13.20718,2.9,2.299,2.239,2.399,False
2026-09-30T21:07:11+00:00,cebbe420-bcf3-4db8-9099-c52b783e2158,ESSO,Esso Tankstelle,BERLIN,52.549044,13.17897,0,2.319,2.259,2.409,True
2026-09-30T21:07:11+00:00,7347dd32-bfa1-470a-a6ee-2a2c95ad9af5,ARAL,Aral Tankstelle,Berlin,52.542747,13.199304,1.5,2.319,2.259,2.409,True
2026-09-30T21:07:11+00:00,9f07b69b-4b15-4852-9c60-5d293c6cadc5,Sprint,Sprint Berlin Seegefelder Str.,Berlin,52.536163,13.191189,1.6,2.299,2.239,2.399,False
2026-09-30T21:07:11+00:00,005056ba-7cb6-1ed2-bceb-641db1c24d1d,STAR,star Tankstelle,Berlin,52.534388,13.184014,1.7,2.299,2.239,2.399,True
2026-09-30T21:07:11+00:00,51d4b471-a095-1aa0-e100-80009459e03a,JET,JET BERLIN BRUNSBUETTELER DAMM 87-89,BERLIN,52.53379,13.18503,1.7,2.299,2.239,2.399,False
2026-09-30T21:07:11+00:00,d590310c-e209-46b2-bfe7-dacc6148e1f1,TotalEnergies,TotalEnergies Berlin,Berlin,52.55424,13.207408,2,2.329,2.269,2.429,False
2026-09-30T21:07:11+00:00,5d8c8a4c-bce7-4d28-ae12-0d61a971c5cc,Shell,Shell Berlin Streitstr. 19,Berlin,52.558899,13.208409,2.3,2.349,2.289,2.469,True
2026-09-30T21:07:11+00:00,057827cd-6583-4a3a-a461-f8546073fd02,SUN,Sun Klosterstr.,Berlin,52.52943,13.19517,2.4,2.299,2.239,2.399,True
2026-09-30T21:07:11+00:00,905d4775-754e-4b38-baca-89c98fad1d1a,Sprint,Sprint Berlin Ruhlebener Str.,Berlin,52.529285,13.20718,2.9,2.299,2.239,2.399,False
2026-09-30T21:08:42+00:00,cebbe420-bcf3-4db8-9099-c52b783e2158,ESSO,Esso Tankstelle,BERLIN,52.549044,13.17897,0,2.319,2.259,2.409,True
2026-09-30T21:08:42+00:00,7347dd32-bfa1-470a-a6ee-2a2c95ad9af5,ARAL,Aral Tankstelle,Berlin,52.542747,13.199304,1.5,2.319,2.259,2.409,True
2026-09-30T21:08:42+00:00,9f07b69b-4b15-4852-9c60-5d293c6cadc5,Sprint,Sprint Berlin Seegefelder Str.,Berlin,52.536163,13.191189,1.6,2.299,2.239,2.399,False
2026-09-30T21:08:42+00:00,005056ba-7cb6-1ed2-bceb-641db1c24d1d,STAR,star Tankstelle,Berlin,52.534388,13.184014,1.7,2.299,2.239,2.399,True
2026-09-30T21:08:42+00:00,51d4b471-a095-1aa0-e100-80009459e03a,JET,JET BERLIN BRUNSBUETTELER DAMM 87-89,BERLIN,52.53379,13.18503,1.7,2.299,2.239,2.399,False
2026-09-30T21:08:42+00:00,d590310c-e209-46b2-bfe7-dacc6148e1f1,TotalEnergies,TotalEnergies Berlin,Berlin,52.55424,13.207408,2,2.329,2.269,2.429,False
2026-09-30T21:08:42+00:00,5d8c8a4c-bce7-4d28-ae12-0d61a971c5cc,Shell,Shell Berlin Streitstr. 19,Berlin,52.558899,13.208409,2.3,2.349,2.289,2.469,True
2026-09-30T21:08:42+00:00,057827cd-6583-4a3a-a461-f8546073fd02,SUN,Sun Klosterstr.,Berlin,52.52943,13.19517,2.4,2.299,2.239,2.399,True
2026-09-30T21:08:42+00:00,905d4775-754e-4b38-baca-89c98fad1d1a,Sprint,Sprint Berlin Ruhlebener Str.,Berlin,52.529285,13.20718,2.9,2.299,2.239,2.399,False
2026-09-30T21:10:13+00:00,cebbe420-bcf3-4db8-9099-c52b783e2158,ESSO,Esso Tankstelle,BERLIN,52.549044,13.17897,0,2.319,2.259,2.409,True
2026-09-30T21:10:13+00:00,7347dd32-bfa1-470a-a6ee-2a2c95ad9af5,ARAL,Aral Tankstelle,Berlin,52.542747,13.199304,1.5,2.319,2.259,2.409,True
2026-09-30T21:10:13+00:00,9f07b69b-4b15-4852-9c60-5d293c6cadc5,Sprint,Sprint Berlin Seegefelder Str.,Berlin,52.536163,13.191189,1.6,2.299,2.239,2.399,False
2026-09-30T21:10:13+00:00,005056ba-7cb6-1ed2-bceb-641db1c24d1d,STAR,star Tankstelle,Berlin,52.534388,13.184014,1.7,2.299,2.239,2.399,True
2026-09-30T21:10:13+00:00,51d4b471-a095-1aa0-e100-80009459e03a,JET,JET BERLIN BRUNSBUETTELER DAMM 87-89,BERLIN,52.53379,13.18503,1.7,2.299,2.239,2.399,False
2026-09-30T21:10:13+00:00,d590310c-e209-46b2-bfe7-dacc6148e1f1,TotalEnergies,TotalEnergies Berlin,Berlin,52.55424,13.207408,2,2.329,2.269,2.429,False
2026-09-30T21:10:13+00:00,5d8c8a4c-bce7-4d28-ae12-0d61a971c5cc,Shell,Shell Berlin Streitstr. 19,Berlin,52.558899,13.208409,2.3,2.349,2.289,2.469,True
2026-09-30T21:10:13+00:00,057827cd-6583-4a3a-a461-f8546073fd02,SUN,Sun Klosterstr.,Berlin,52.52943,13.19517,2.4,2.299,2.239,2.399,True
2026-09-30T21:10:13+00:00,905d4775-754e-4b38-baca-89c98fad1d1a,Sprint,Sprint Berlin Ruhlebener Str.,Berlin,52.529285,13.20718,2.9,2.299,2.239,2.399,False
2026-09-30T21:11:44+00:00,cebbe420-bcf3-4db8-9099-c52b783e2158,ESSO,Esso Tankstelle,BERLIN,52.549044,13.17897,0,2.319,2.259,2.409,True
2026-09-30T21:11:44+00:00,7347dd32-bfa1-470a-a6ee-2a2c95ad9af5,ARAL,Aral Tankstelle,Berlin,52.542747,13.199304,1.5,2.319,2.259,2.409,True
2026-09-30T21:11:44+00:00,9f07b69b-4b15-4852-9c60-5d293c6cadc5,Sprint,Sprint Berlin Seegefelder Str.,Berlin,52.536163,13.191189,1.6,2.299,2.239,2.399,False
2026-09-30T21:11:44+00:00,005056ba-7cb6-1ed2-bceb-641db1c24d1d,STAR,star Tankstelle,Berlin,52.534388,13.184014,1.7,2.299,2.239,2.399,True
2026-09-30T21:11:44+00:00,51d4b471-a095-1aa0-e100-80009459e03a,JET,JET BERLIN BRUNSBUETTELER DAMM 87-89,BERLIN,52.53379,13.18503,1.7,2.299,2.239,2.399,False
2026-09-30T21:11:44+00:00,d590310c-e209-46b2-bfe7-dacc6148e1f1,TotalEnergies,TotalEnergies Berlin,Berlin,52.55424,13.207408,2,2.329,2.269,2.429,False
2026-09-30T21:11:44+00:00,5d8c8a4c-bce7-4d28-ae12-0d61a971c5cc,Shell,Shell Berlin Streitstr. 19,Berlin,52.558899,13.208409,2.3,2.349,2.289,2.469,True
2026-09-30T21:11:44+00:00,057827cd-6583-4a3a-a461-f8546073fd02,SUN,Sun Klosterstr.,Berlin,52.52943,13.19517,2.4,2.299,2.239,2.399,True
2026-09-30T21:11:44+00:00,905d4775-754e-4b38-baca-89c98fad1d1a,Sprint,Sprint Berlin Ruhlebener Str.,Berlin,52.529285,13.20718,2.9,2.299,2.239,2.399,False
2026-09-30T21:13:15+00:00,cebbe420-bcf3-4db8-9099-c52b783e2158,ESSO,Esso Tankstelle,BERLIN,52.549044,13.17897,0,2.319,2.259,2.409,True
2026-09-30T21:13:15+00:00,7347dd32-bfa1-470a-a6ee-2a2c95ad9af5,ARAL,Aral Tankstelle,Berlin,52.542747,13.199304,1.5,2.319,2.259,2.409,True
2026-09-30T21:13:15+00:00,9f07b69b-4b15-4852-9c60-5d293c6cadc5,Sprint,Sprint Berlin Seegefelder Str.,Berlin,52.536163,13.191189,1.6,2.299,2.239,2.399,False
2026-09-30T21:13:15+00:00,005056ba-7cb6-1ed2-bceb-641db1c24d1d,STAR,star Tankstelle,Berlin,52.534388,13.184014,1.7,2.299,2.239,2.399,True
2026-09-30T21:13:15+00:00,51d4b471-a095-1aa0-e100-80009459e03a,JET,JET BERLIN BRUNSBUETTELER DAMM 87-89,BERLIN,52.53379,13.18503,1.7,2.299,2.239,2.399,False
2026-09-30T21:13:15+00:00,d590310c-e209-46b2-bfe7-dacc6148e1f1,TotalEnergies,TotalEnergies Berlin,Berlin,52.55424,13.207408,2,2.329,2.269,2.429,False
2026-09-30T21:13:15+00:00,5d8c8a4c-bce7-4d28-ae12-0d61a971c5cc,Shell,Shell Berlin Streitstr. 19,Berlin,52.558899,13.208409,2.3,2.349,2.289,2.469,True
2026-09-30T21:13:15+00:00,057827cd-6583-4a3a-a461-f8546073fd02,SUN,Sun Klosterstr.,Berlin,52.52943,13.19517,2.4,2.299,2.239,2.399,True
2026-09-30T21:13:15+00:00,905d4775-754e-4b38-baca-89c98fad1d1a,Sprint,Sprint Berlin Ruhlebener Str.,Berlin,52.529285,13.20718,2.9,2.299,2.239,2.399,False
2026-09-30T21:14:46+00:00,cebbe420-bcf3-4db8-9099-c52b783e2158,ESSO,Esso Tankstelle,BERLIN,52.549044,13.17897,0,2.319,2.259,2.409,True
2026-09-30T21:14:46+00:00,7347dd32-bfa1-470a-a6ee-2a2c95ad9af5,ARAL,Aral Tankstelle,Berlin,52.542747,13.199304,1.5,2.319,2.259,2.409,True
2026-09-30T21:14:46+00:00,9f07b69b-4b15-4852-9c60-5d293c6cadc5,Sprint,Sprint Berlin Seegefelder Str.,Berlin,52.536163,13.191189,1.6,2.299,2.239,2.399,False
2026-09-30T21:14:46+00:00,005056ba-7cb6-1ed2-bceb-641db1c24d1d,STAR,star Tankstelle,Berlin,52.534388,13.184014,1.7,2.299,2.239,2.399,True
2026-09-30T21:14:46+00:00,51d4b471-a095-1aa0-e100-80009459e03a,JET,JET BERLIN BRUNSBUETTELER DAMM 87-89,BERLIN,52.53379,13.18503,1.7,2.299,2.239,2.399,False
2026-09-30T21:14:46+00:00,d590310c-e209-46b2-bfe7-dacc6148e1f1,TotalEnergies,TotalEnergies Berlin,Berlin,52.55424,13.207408,2,2.329,2.269,2.429,False
2026-09-30T21:14:46+00:00,5d8c8a4c-bce7-4d28-ae12-0d61a971c5cc,Shell,Shell Berlin Streitstr. 19,Berlin,52.558899,13.208409,2.3,2.349,2.289,2.469,True
2026-09-30T21:14:46+00:00,057827cd-6583-4a3a-a461-f8546073fd02,SUN,Sun Klosterstr.,Berlin,52.52943,13.19517,2.4,2.299,2.239,2.399,True
2026-09-30T21:14:46+00:00,905d4775-754e-4b38-baca-89c98fad1d1a,Sprint,Sprint Berlin Ruhlebener Str.,Berlin,52.529285,13.20718,2.9,2.299,2.239,2.399,False
2026-09-30T21:16:17+00:00,cebbe420-bcf3-4db8-9099-c52b783e2158,ESSO,Esso Tankstelle,BERLIN,52.549044,13.17897,0,2.319,2.259,2.409,True
2026-09-30T21:16:17+00:00,7347dd32-bfa1-470a-a6ee-2a2c95ad9af5,ARAL,Aral Tankstelle,Berlin,52.542747,13.199304,1.5,2.319,2.259,2.409,True
2026-09-30T21:16:17+00:00,9f07b69b-4b15-4852-9c60-5d293c6cadc5,Sprint,Sprint Berlin Seegefelder Str.,Berlin,52.536163,13.191189,1.6,2.299,2.239,2.399,False
2026-09-30T21:16:17+00:00,005056ba-7cb6-1ed2-bceb-641db1c24d1d,STAR,star Tankstelle,Berlin,52.534388,13.184014,1.7,2.299,2.239,2.399,True
2026-09-30T21:16:17+00:00,51d4b471-a095-1aa0-e100-80009459e03a,JET,JET BERLIN BRUNSBUETTELER DAMM 87-89,BERLIN,52.53379,13.18503,1.7,2.299,2.239,2.399,False
2026-09-30T21:16:17+00:00,d590310c-e209-46b2-bfe7-dacc6148e1f1,TotalEnergies,TotalEnergies Berlin,Berlin,52.55424,13.207408,2,2.329,2.269,2.429,False
2026-09-30T21:16:17+00:00,5d8c8a4c-bce7-4d28-ae12-0d61a971c5cc,Shell,Shell Berlin Streitstr. 19,Berlin,52.558899,13.208409,2.3,2.349,2.289,2.469,True
2026-09-30T21:16:17+00:00,057827cd-6583-4a3a-a461-f8546073fd02,SUN,Sun Klosterstr.,Berlin,52.52943,13.19517,2.4,2.299,2.239,2.399,True
2026-09-30T21:16:17+00:00,905d4775-754e-4b38-baca-89c98fad1d1a,Sprint,Sprint Berlin Ruhlebener Str.,Berlin,52.529285,13.20718,2.9,2.299,2.239,2.399,False
2026-09-30T21:17:48+00:00,cebbe420-bcf3-4db8-9099-c52b783e2158,ESSO,Esso Tankstelle,BERLIN,52.549044,13.17897,0,2.319,2.259,2.409,True
2026-09-30T21:17:48+00:00,7347dd32-bfa1-470a-a6ee-2a2c95ad9af5,ARAL,Aral Tankstelle,Berlin,52.542747,13.199304,1.5,2.319,2.259,2.409,True
2026-09-30T21:17:48+00:00,9f07b69b-4b15-4852-9c60-5d293c6cadc5,Sprint,Sprint Berlin Seegefelder Str.,Berlin,52.536163,13.191189,1.6,2.299,2.239,2.399,False
2026-09-30T21:17:48+00:00,005056ba-7cb6-1ed2-bceb-641db1c24d1d,STAR,star Tankstelle,Berlin,52.534388,13.184014,1.7,2.299,2.239,2.399,True
2026-09-30T21:17:48+00:00,51d4b471-a095-1aa0-e100-80009459e03a,JET,JET BERLIN BRUNSBUETTELER DAMM 87-89,BERLIN,52.53379,13.18503,1.7,2.299,2.239,2.399,False
2026-09-30T21:17:48+00:00,d590310c-e209-46b2-bfe7-dacc6148e1f1,TotalEnergies,TotalEnergies Berlin,Berlin,52.55424,13.207408,2,2.329,2.269,2.429,False
2026-09-30T21:17:48+00:00,5d8c8a4c-bce7-4d28-ae12-0d61a971c5cc,Shell,Shell Berlin Streitstr. 19,Berlin,52.558899,13.208409,2.3,2.349,2.289,2.469,True
2026-09-30T21:17:48+00:00,057827cd-6583-4a3a-a461-f8546073fd02,SUN,Sun Klosterstr.,Berlin,52.52943,13.19517,2.4,2.299,2.239,2.399,True
2026-09-30T21:17:48+00:00,905d4775-754e-4b38-baca-89c98fad1d1a,Sprint,Sprint Berlin Ruhlebener Str.,Berlin,52.529285,13.20718,2.9,2.299,2.239,2.399,False
2026-09-30T21:19:19+00:00,cebbe420-bcf3-4db8-9099-c52b783e2158,ESSO,Esso Tankstelle,BERLIN,52.549044,13.17897,0,2.319,2.259,2.409,True
2026-09-30T21:19:19+00:00,7347dd32-bfa1-470a-a6ee-2a2c95ad9af5,ARAL,Aral Tankstelle,Berlin,52.542747,13.199304,1.5,2.319,2.259,2.409,True
2026-09-30T21:19:19+00:00,9f07b69b-4b15-4852-9c60-5d293c6cadc5,Sprint,Sprint Berlin Seegefelder Str.,Berlin,52.536163,13.191189,1.6,2.299,2.239,2.399,False
2026-09-30T21:19:19+00:00,005056ba-7cb6-1ed2-bceb-641db1c24d1d,STAR,star Tankstelle,Berlin,52.534388,13.184014,1.7,2.299,2.239,2.399,True
2026-09-30T21:19:19+00:00,51d4b471-a095-1aa0-e100-80009459e03a,JET,JET BERLIN BRUNSBUETTELER DAMM 87-89,BERLIN,52.53379,13.18503,1.7,2.299,2.239,2.399,False
2026-09-30T21:19:19+00:00,d590310c-e209-46b2-bfe7-dacc6148e1f1,TotalEnergies,TotalEnergies Berlin,Berlin,52.55424,13.207408,2,2.329,2.269,2.429,False
2026-09-30T21:19:19+00:00,5d8c8a4c-bce7-4d28-ae12-0d61a971c5cc,Shell,Shell Berlin Streitstr. 19,Berlin,52.558899,13.208409,2.3,2.349,2.289,2.469,True
2026-09-30T21:19:19+00:00,057827cd-6583-4a3a-a461-f8546073fd02,SUN,Sun Klosterstr.,Berlin,52.52943,13.19517,2.4,2.299,2.239,2.399,True
2026-09-30T21:19:19+00:00,905d4775-754e-4b38-baca-89c98fad1d1a,Sprint,Sprint Berlin Ruhlebener Str.,Berlin,52.529285,13.20718,2.9,2.299,2.239,2.399,False
2026-09-30T21:20:49+00:00,cebbe420-bcf3-4db8-9099-c52b783e2158,ESSO,Esso Tankstelle,BERLIN,52.549044,13.17897,0,2.319,2.259,2.409,True
2026-09-30T21:20:49+00:00,7347dd32-bfa1-470a-a6ee-2a2c95ad9af5,ARAL,Aral Tankstelle,Berlin,52.542747,13.199304,1.5,2.319,2.259,2.409,True
2026-09-30T21:20:49+00:00,9f07b69b-4b15-4852-9c60-5d293c6cadc5,Sprint,Sprint Berlin Seegefelder Str.,Berlin,52.536163,13.191189,1.6,2.299,2.239,2.399,False
2026-09-30T21:20:49+00:00,005056ba-7cb6-1ed2-bceb-641db1c24d1d,STAR,star Tankstelle,Berlin,52.534388,13.184014,1.7,2.299,2.239,2.399,True
2026-09-30T21:20:49+00:00,51d4b471-a095-1aa0-e100-80009459e03a,JET,JET BERLIN BRUNSBUETTELER DAMM 87-89,BERLIN,52.53379,13.18503,1.7,2.299,2.239,2.399,False
2026-09-30T21:20:49+00:00,d590310c-e209-46b2-bfe7-dacc6148e1f1,TotalEnergies,TotalEnergies Berlin,Berlin,52.55424,13.207408,2,2.329,2.269,2.429,False
2026-09-30T21:20:49+00:00,5d8c8a4c-bce7-4d28-ae12-0d61a971c5cc,Shell,Shell Berlin Streitstr. 19,Berlin,52.558899,13.208409,2.3,2.349,2.289,2.469,True
2026-09-30T21:20:49+00:00,057827cd-6583-4a3a-a461-f8546073fd02,SUN,Sun Klosterstr.,Berlin,52.52943,13.19517,2.4,2.299,2.239,2.399,True
2026-09-30T21:20:49+00:00,905d4775-754e-4b38-baca-89c98fad1d1a,Sprint,Sprint Berlin Ruhlebener Str.,Berlin,52.529285,13.20718,2.9,2.299,2.239,2.399,False
2026-09-30T21:22:20+00:00,cebbe420-bcf3-4db8-9099-c52b783e2158,ESSO,Esso Tankstelle,BERLIN,52.549044,13.17897,0,2.319,2.259,2.409,True
2026-09-30T21:22:20+00:00,7347dd32-bfa1-470a-a6ee-2a2c95ad9af5,ARAL,Aral Tankstelle,Berlin,52.542747,13.199304,1.5,2.319,2.259,2.409,True
2026-09-30T21:22:20+00:00,9f07b69b-4b15-4852-9c60-5d293c6cadc5,Sprint,Sprint Berlin Seegefelder Str.,Berlin,52.536163,13.191189,1.6,2.299,2.239,2.399,False
2026-09-30T21:22:20+00:00,005056ba-7cb6-1ed2-bceb-641db1c24d1d,STAR,star Tankstelle,Berlin,52.534388,13.184014,1.7,2.299,2.239,2.399,True
2026-09-30T21:22:20+00:00,51d4b471-a095-1aa0-e100-80009459e03a,JET,JET BERLIN BRUNSBUETTELER DAMM 87-89,BERLIN,52.53379,13.18503,1.7,2.299,2.239,2.399,False
2026-09-30T21:22:20+00:00,d590310c-e209-46b2-bfe7-dacc6148e1f1,TotalEnergies,TotalEnergies Berlin,Berlin,52.55424,13.207408,2,2.329,2.269,2.429,False
2026-09-30T21:22:20+00:00,5d8c8a4c-bce7-4d28-ae12-0d61a971c5cc,Shell,Shell Berlin Streitstr. 19,Berlin,52.558899,13.208409,2.3,2.349,2.289,2.469,True
2026-09-30T21:22:20+00:00,057827cd-6583-4a3a-a461-f8546073fd02,SUN,Sun Klosterstr.,Berlin,52.52943,13.19517,2.4,2.299,2.239,2.399,True
2026-09-30T21:22:20+00:00,905d4775-754e-4b38-baca-89c98fad1d1a,Sprint,Sprint Berlin Ruhlebener Str.,Berlin,52.529285,13.20718,2.9,2.299,2.239,2.399,False
2026-09-30T21:23:51+00:00,cebbe420-bcf3-4db8-9099-c52b783e2158,ESSO,Esso Tankstelle,BERLIN,52.549044,13.17897,0,2.319,2.259,2.409,True
2026-09-30T21:23:51+00:00,7347dd32-bfa1-470a-a6ee-2a2c95ad9af5,ARAL,Aral Tankstelle,Berlin,52.542747,13.199304,1.5,2.319,2.259,2.409,True
2026-09-30T21:23:51+00:00,9f07b69b-4b15-4852-9c60-5d293c6cadc5,Sprint,Sprint Berlin Seegefelder Str.,Berlin,52.536163,13.191189,1.6,2.299,2.239,2.399,False
2026-09-30T21:23:51+00:00,005056ba-7cb6-1ed2-bceb-641db1c24d1d,STAR,star Tankstelle,Berlin,52.534388,13.184014,1.7,2.299,2.239,2.399,True
2026-09-30T21:23:51+00:00,51d4b471-a095-1aa0-e100-80009459e03a,JET,JET BERLIN BRUNSBUETTELER DAMM 87-89,BERLIN,52.53379,13.18503,1.7,2.299,2.239,2.399,False
2026-09-30T21:23:51+00:00,d590310c-e209-46b2-bfe7-dacc6148e1f1,TotalEnergies,TotalEnergies Berlin,Berlin,52.55424,13.207408,2,2.329,2.269,2.429,False
2026-09-30T21:23:51+00:00,5d8c8a4c-bce7-4d28-ae12-0d61a971c5cc,Shell,Shell Berlin Streitstr. 19,Berlin,52.558899,13.208409,2.3,2.349,2.289,2.469,True
2026-09-30T21:23:51+00:00,057827cd-6583-4a3a-a461-f8546073fd02,SUN,Sun Klosterstr.,Berlin,52.52943,13.19517,2.4,2.299,2.239,2.399,True
2026-09-30T21:23:51+00:00,905d4775-754e-4b38-baca-89c98fad1d1a,Sprint,Sprint Berlin Ruhlebener Str.,Berlin,52.529285,13.20718,2.9,2.299,2.239,2.399,False
2026-09-30T21:25:22+00:00,cebbe420-bcf3-4db8-9099-c52b783e2158,ESSO,Esso Tankstelle,BERLIN,52.549044,13.17897,0,2.319,2.259,2.409,True
2026-09-30T21:25:22+00:00,7347dd32-bfa1-470a-a6ee-2a2c95ad9af5,ARAL,Aral Tankstelle,Berlin,52.542747,13.199304,1.5,2.319,2.259,2.409,True
2026-09-30T21:25:22+00:00,9f07b69b-4b15-4852-9c60-5d293c6cadc5,Sprint,Sprint Berlin Seegefelder Str.,Berlin,52.536163,13.191189,1.6,2.299,2.239,2.399,False
2026-09-30T21:25:22+00:00,005056ba-7cb6-1ed2-bceb-641db1c24d1d,STAR,star Tankstelle,Berlin,52.534388,13.184014,1.7,2.299,2.239,2.399,True
2026-09-30T21:25:22+00:00,51d4b471-a095-1aa0-e100-80009459e03a,JET,JET BERLIN BRUNSBUETTELER DAMM 87-89,BERLIN,52.53379,13.18503,1.7,2.299,2.239,2.399,False
2026-09-30T21:25:22+00:00,d590310c-e209-46b2-bfe7-dacc6148e1f1,TotalEnergies,TotalEnergies Berlin,Berlin,52.55424,13.207408,2,2.329,2.269,2.429,False
2026-09-30T21:25:22+00:00,5d8c8a4c-bce7-4d28-ae12-0d61a971c5cc,Shell,Shell Berlin Streitstr. 19,Berlin,52.558899,13.208409,2.3,2.349,2.289,2.469,True
2026-09-30T21:25:22+00:00,057827cd-6583-4a3a-a461-f8546073fd02,SUN,Sun Klosterstr.,Berlin,52.52943,13.19517,2.4,2.299,2.239,2.399,True
2026-09-30T21:25:22+00:00,905d4775-754e-4b38-baca-89c98fad1d1a,Sprint,Sprint Berlin Ruhlebener Str.,Berlin,52.529285,13.20718,2.9,2.299,2.239,2.399,False
2026-09-30T21:26:53+00:00,cebbe420-bcf3-4db8-9099-c52b783e2158,ESSO,Esso Tankstelle,BERLIN,52.549044,13.17897,0,2.319,2.259,2.409,True
2026-09-30T21:26:53+00:00,7347dd32-bfa1-470a-a6ee-2a2c95ad9af5,ARAL,Aral Tankstelle,Berlin,52.542747,13.199304,1.5,2.319,2.259,2.409,True
2026-09-30T21:26:53+00:00,9f07b69b-4b15-4852-9c60-5d293c6cadc5,Sprint,Sprint Berlin Seegefelder Str.,Berlin,52.536163,13.191189,1.6,2.299,2.239,2.399,False
2026-09-30T21:26:53+00:00,005056ba-7cb6-1ed2-bceb-641db1c24d1d,STAR,star Tankstelle,Berlin,52.534388,13.184014,1.7,2.299,2.239,2.399,True
2026-09-30T21:26:53+00:00,51d4b471-a095-1aa0-e100-80009459e03a,JET,JET BERLIN BRUNSBUETTELER DAMM 87-89,BERLIN,52.53379,13.18503,1.7,2.299,2.239,2.399,False
2026-09-30T21:26:53+00:00,d590310c-e209-46b2-bfe7-dacc6148e1f1,TotalEnergies,TotalEnergies Berlin,Berlin,52.55424,13.207408,2,2.329,2.269,2.429,False
2026-09-30T21:26:53+00:00,5d8c8a4c-bce7-4d28-ae12-0d61a971c5cc,Shell,Shell Berlin Streitstr. 19,Berlin,52.558899,13.208409,2.3,2.349,2.289,2.469,True
2026-09-30T21:26:53+00:00,057827cd-6583-4a3a-a461-f8546073fd02,SUN,Sun Klosterstr.,Berlin,52.52943,13.19517,2.4,2.299,2.239,2.399,True
2026-09-30T21:26:53+00:00,905d4775-754e-4b38-baca-89c98fad1d1a,Sprint,Sprint Berlin Ruhlebener Str.,Berlin,52.529285,13.20718,2.9,2.299,2.239,2.399,False
2026-09-30T21:28:24+00:00,cebbe420-bcf3-4db8-9099-c52b783e2158,ESSO,Esso Tankstelle,BERLIN,52.549044,13.17897,0,2.319,2.259,2.409,True
2026-09-30T21:28:24+00:00,7347dd32-bfa1-470a-a6ee-2a2c95ad9af5,ARAL,Aral Tankstelle,Berlin,52.542747,13.199304,1.5,2.319,2.259,2.409,True
2026-09-30T21:28:24+00:00,9f07b69b-4b15-4852-9c60-5d293c6cadc5,Sprint,Sprint Berlin Seegefelder Str.,Berlin,52.536163,13.191189,1.6,2.299,2.239,2.399,False
2026-09-30T21:28:24+00:00,005056ba-7cb6-1ed2-bceb-641db1c24d1d,STAR,star Tankstelle,Berlin,52.534388,13.184014,1.7,2.299,2.239,2.399,True
2026-09-30T21:28:24+00:00,51d4b471-a095-1aa0-e100-80009459e03a,JET,JET BERLIN BRUNSBUETTELER DAMM 87-89,BERLIN,52.53379,13.18503,1.7,2.299,2.239,2.399,False
2026-09-30T21:28:24+00:00,d590310c-e209-46b2-bfe7-dacc6148e1f1,TotalEnergies,TotalEnergies Berlin,Berlin,52.55424,13.207408,2,2.329,2.269,2.429,False
2026-09-30T21:28:24+00:00,5d8c8a4c-bce7-4d28-ae12-0d61a971c5cc,Shell,Shell Berlin Streitstr. 19,Berlin,52.558899,13.208409,2.3,2.349,2.289,2.469,True
2026-09-30T21:28:24+00:00,057827cd-6583-4a3a-a461-f8546073fd02,SUN,Sun Klosterstr.,Berlin,52.52943,13.19517,2.4,2.299,2.239,2.399,True
2026-09-30T21:28:24+00:00,905d4775-754e-4b38-baca-89c98fad1d1a,Sprint,Sprint Berlin Ruhlebener Str.,Berlin,52.529285,13.20718,2.9,2.299,2.239,2.399,False
2026-09-30T21:29:55+00:00,cebbe420-bcf3-4db8-9099-c52b783e2158,ESSO,Esso Tankstelle,BERLIN,52.549044,13.17897,0,2.319,2.259,2.409,True
2026-09-30T21:29:55+00:00,7347dd32-bfa1-470a-a6ee-2a2c95ad9af5,ARAL,Aral Tankstelle,Berlin,52.542747,13.199304,1.5,2.319,2.259,2.409,True
2026-09-30T21:29:55+00:00,9f07b69b-4b15-4852-9c60-5d293c6cadc5,Sprint,Sprint Berlin Seegefelder Str.,Berlin,52.536163,13.191189,1.6,2.299,2.239,2.399,False
2026-09-30T21:29:55+00:00,005056ba-7cb6-1ed2-bceb-641db1c24d1d,STAR,star Tankstelle,Berlin,52.534388,13.184014,1.7,2.299,2.239,2.399,True
2026-09-30T21:29:55+00:00,51d4b471-a095-1aa0-e100-80009459e03a,JET,JET BERLIN BRUNSBUETTELER DAMM 87-89,BERLIN,52.53379,13.18503,1.7,2.299,2.239,2.399,False
2026-09-30T21:29:55+00:00,d590310c-e209-46b2-bfe7-dacc6148e1f1,TotalEnergies,TotalEnergies Berlin,Berlin,52.55424,13.207408,2,2.329,2.269,2.429,False
2026-09-30T21:29:55+00:00,5d8c8a4c-bce7-4d28-ae12-0d61a971c5cc,Shell,Shell Berlin Streitstr. 19,Berlin,52.558899,13.208409,2.3,2.349,2.289,2.469,True
2026-09-30T21:29:55+00:00,057827cd-6583-4a3a-a461-f8546073fd02,SUN,Sun Klosterstr.,Berlin,52.52943,13.19517,2.4,2.299,2.239,2.399,True
2026-09-30T21:29:55+00:00,905d4775-754e-4b38-baca-89c98fad1d1a,Sprint,Sprint Berlin Ruhlebener Str.,Berlin,52.529285,13.20718,2.9,2.299,2.239,2.399,False
2026-09-30T21:31:27+00:00,cebbe420-bcf3-4db8-9099-c52b783e2158,ESSO,Esso Tankstelle,BERLIN,52.549044,13.17897,0,2.319,2.259,2.409,True
2026-09-30T21:31:27+00:00,7347dd32-bfa1-470a-a6ee-2a2c95ad9af5,ARAL,Aral Tankstelle,Berlin,52.542747,13.199304,1.5,2.319,2.259,2.409,True
2026-09-30T21:31:27+00:00,9f07b69b-4b15-4852-9c60-5d293c6cadc5,Sprint,Sprint Berlin Seegefelder Str.,Berlin,52.536163,13.191189,1.6,2.299,2.239,2.399,False
2026-09-30T21:31:27+00:00,005056ba-7cb6-1ed2-bceb-641db1c24d1d,STAR,star Tankstelle,Berlin,52.534388,13.184014,1.7,2.299,2.239,2.399,True
2026-09-30T21:31:27+00:00,51d4b471-a095-1aa0-e100-80009459e03a,JET,JET BERLIN BRUNSBUETTELER DAMM 87-89,BERLIN,52.53379,13.18503,1.7,2.299,2.239,2.399,False
2026-09-30T21:31:27+00:00,d590310c-e209-46b2-bfe7-dacc6148e1f1,TotalEnergies,TotalEnergies Berlin,Berlin,52.55424,13.207408,2,2.329,2.269,2.429,False
2026-09-30T21:31:27+00:00,5d8c8a4c-bce7-4d28-ae12-0d61a971c5cc,Shell,Shell Berlin Streitstr. 19,Berlin,52.558899,13.208409,2.3,2.349,2.289,2.469,True
2026-09-30T21:31:27+00:00,057827cd-6583-4a3a-a461-f8546073fd02,SUN,Sun Klosterstr.,Berlin,52.52943,13.19517,2.4,2.299,2.239,2.399,True
2026-09-30T21:31:27+00:00,905d4775-754e-4b38-baca-89c98fad1d1a,Sprint,Sprint Berlin Ruhlebener Str.,Berlin,52.529285,13.20718,2.9,2.299,2.239,2.399,False
2026-09-30T21:32:58+00:00,cebbe420-bcf3-4db8-9099-c52b783e2158,ESSO,Esso Tankstelle,BERLIN,52.549044,13.17897,0,2.319,2.259,2.409,True
2026-09-30T21:32:58+00:00,7347dd32-bfa1-470a-a6ee-2a2c95ad9af5,ARAL,Aral Tankstelle,Berlin,52.542747,13.199304,1.5,2.319,2.259,2.409,True
2026-09-30T21:32:58+00:00,9f07b69b-4b15-4852-9c60-5d293c6cadc5,Sprint,Sprint Berlin Seegefelder Str.,Berlin,52.536163,13.191189,1.6,2.299,2.239,2.399,False
2026-09-30T21:32:58+00:00,005056ba-7cb6-1ed2-bceb-641db1c24d1d,STAR,star Tankstelle,Berlin,52.534388,13.184014,1.7,2.299,2.239,2.399,True
2026-09-30T21:32:58+00:00,51d4b471-a095-1aa0-e100-80009459e03a,JET,JET BERLIN BRUNSBUETTELER DAMM 87-89,BERLIN,52.53379,13.18503,1.7,2.299,2.239,2.399,False
2026-09-30T21:32:58+00:00,d590310c-e209-46b2-bfe7-dacc6148e1f1,TotalEnergies,TotalEnergies Berlin,Berlin,52.55424,13.207408,2,2.329,2.269,2.429,False
2026-09-30T21:32:58+00:00,5d8c8a4c-bce7-4d28-ae12-0d61a971c5cc,Shell,Shell Berlin Streitstr. 19,Berlin,52.558899,13.208409,2.3,2.349,2.289,2.469,True
2026-09-30T21:32:58+00:00,057827cd-6583-4a3a-a461-f8546073fd02,SUN,Sun Klosterstr.,Berlin,52.52943,13.19517,2.4,2.299,2.239,2.399,True
2026-09-30T21:32:58+00:00,905d4775-754e-4b38-baca-89c98fad1d1a,Sprint,Sprint Berlin Ruhlebener Str.,Berlin,52.529285,13.20718,2.9,2.299,2.239,2.399,False
2026-09-30T21:34:29+00:00,cebbe420-bcf3-4db8-9099-c52b783e2158,ESSO,Esso Tankstelle,BERLIN,52.549044,13.17897,0,2.319,2.259,2.409,True
2026-09-30T21:34:29+00:00,7347dd32-bfa1-470a-a6ee-2a2c95ad9af5,ARAL,Aral Tankstelle,Berlin,52.542747,13.199304,1.5,2.319,2.259,2.409,True
2026-09-30T21:34:29+00:00,9f07b69b-4b15-4852-9c60-5d293c6cadc5,Sprint,Sprint Berlin Seegefelder Str.,Berlin,52.536163,13.191189,1.6,2.299,2.239,2.399,False
2026-09-30T21:34:29+00:00,005056ba-7cb6-1ed2-bceb-641db1c24d1d,STAR,star Tankstelle,Berlin,52.534388,13.184014,1.7,2.299,2.239,2.399,True
2026-09-30T21:34:29+00:00,51d4b471-a095-1aa0-e100-80009459e03a,JET,JET BERLIN BRUNSBUETTELER DAMM 87-89,BERLIN,52.53379,13.18503,1.7,2.299,2.239,2.399,False
2026-09-30T21:34:29+00:00,d590310c-e209-46b2-bfe7-dacc6148e1f1,TotalEnergies,TotalEnergies Berlin,Berlin,52.55424,13.207408,2,2.329,2.269,2.429,False
2026-09-30T21:34:29+00:00,5d8c8a4c-bce7-4d28-ae12-0d61a971c5cc,Shell,Shell Berlin Streitstr. 19,Berlin,52.558899,13.208409,2.3,2.349,2.289,2.469,True
2026-09-30T21:34:29+00:00,057827cd-6583-4a3a-a461-f8546073fd02,SUN,Sun Klosterstr.,Berlin,52.52943,13.19517,2.4,2.299,2.239,2.399,True
2026-09-30T21:34:29+00:00,905d4775-754e-4b38-baca-89c98fad1d1a,Sprint,Sprint Berlin Ruhlebener Str.,Berlin,52.529285,13.20718,2.9,2.299,2.239,2.399,False
2026-09-30T21:36:00+00:00,cebbe420-bcf3-4db8-9099-c52b783e2158,ESSO,Esso Tankstelle,BERLIN,52.549044,13.17897,0,2.319,2.259,2.409,True
2026-09-30T21:36:00+00:00,7347dd32-bfa1-470a-a6ee-2a2c95ad9af5,ARAL,Aral Tankstelle,Berlin,52.542747,13.199304,1.5,2.319,2.259,2.409,True
2026-09-30T21:36:00+00:00,9f07b69b-4b15-4852-9c60-5d293c6cadc5,Sprint,Sprint Berlin Seegefelder Str.,Berlin,52.536163,13.191189,1.6,2.299,2.239,2.399,False
2026-09-30T21:36:00+00:00,005056ba-7cb6-1ed2-bceb-641db1c24d1d,STAR,star Tankstelle,Berlin,52.534388,13.184014,1.7,2.299,2.239,2.399,True
2026-09-30T21:36:00+00:00,51d4b471-a095-1aa0-e100-80009459e03a,JET,JET BERLIN BRUNSBUETTELER DAMM 87-89,BERLIN,52.53379,13.18503,1.7,2.299,2.239,2.399,False
2026-09-30T21:36:00+00:00,d590310c-e209-46b2-bfe7-dacc6148e1f1,TotalEnergies,TotalEnergies Berlin,Berlin,52.55424,13.207408,2,2.329,2.269,2.429,False
2026-09-30T21:36:00+00:00,5d8c8a4c-bce7-4d28-ae12-0d61a971c5cc,Shell,Shell Berlin Streitstr. 19,Berlin,52.558899,13.208409,2.3,2.349,2.289,2.469,True
2026-09-30T21:36:00+00:00,057827cd-6583-4a3a-a461-f8546073fd02,SUN,Sun Klosterstr.,Berlin,52.52943,13.19517,2.4,2.299,2.239,2.399,True
2026-09-30T21:36:00+00:00,905d4775-754e-4b38-baca-89c98fad1d1a,Sprint,Sprint Berlin Ruhlebener Str.,Berlin,52.529285,13.20718,2.9,2.299,2.239,2.399,False
2026-09-30T21:37:32+00:00,cebbe420-bcf3-4db8-9099-c52b783e2158,ESSO,Esso Tankstelle,BERLIN,52.549044,13.17897,0,2.319,2.259,2.409,True
2026-09-30T21:37:32+00:00,7347dd32-bfa1-470a-a6ee-2a2c95ad9af5,ARAL,Aral Tankstelle,Berlin,52.542747,13.199304,1.5,2.319,2.259,2.409,True
2026-09-30T21:37:32+00:00,9f07b69b-4b15-4852-9c60-5d293c6cadc5,Sprint,Sprint Berlin Seegefelder Str.,Berlin,52.536163,13.191189,1.6,2.299,2.239,2.399,False
2026-09-30T21:37:32+00:00,005056ba-7cb6-1ed2-bceb-641db1c24d1d,STAR,star Tankstelle,Berlin,52.534388,13.184014,1.7,2.299,2.239,2.399,True
2026-09-30T21:37:32+00:00,51d4b471-a095-1aa0-e100-80009459e03a,JET,JET BERLIN BRUNSBUETTELER DAMM 87-89,BERLIN,52.53379,13.18503,1.7,2.299,2.239,2.399,False
2026-09-30T21:37:32+00:00,d590310c-e209-46b2-bfe7-dacc6148e1f1,TotalEnergies,TotalEnergies Berlin,Berlin,52.55424,13.207408,2,2.329,2.269,2.429,False
2026-09-30T21:37:32+00:00,5d8c8a4c-bce7-4d28-ae12-0d61a971c5cc,Shell,Shell Berlin Streitstr. 19,Berlin,52.558899,13.208409,2.3,2.349,2.289,2.469,True
2026-09-30T21:37:32+00:00,057827cd-6583-4a3a-a461-f8546073fd02,SUN,Sun Klosterstr.,Berlin,52.52943,13.19517,2.4,2.299,2.239,2.399,True
2026-09-30T21:37:32+00:00,905d4775-754e-4b38-baca-89c98fad1d1a,Sprint,Sprint Berlin Ruhlebener Str.,Berlin,52.529285,13.20718,2.9,2.299,2.239,2.399,False
2026-09-30T21:39:03+00:00,cebbe420-bcf3-4db8-9099-c52b783e2158,ESSO,Esso Tankstelle,BERLIN,52.549044,13.17897,0,2.319,2.259,2.409,True
2026-09-30T21:39:03+00:00,7347dd32-bfa1-470a-a6ee-2a2c95ad9af5,ARAL,Aral Tankstelle,Berlin,52.542747,13.199304,1.5,2.319,2.259,2.409,True
2026-09-30T21:39:03+00:00,9f07b69b-4b15-4852-9c60-5d293c6cadc5,Sprint,Sprint Berlin Seegefelder Str.,Berlin,52.536163,13.191189,1.6,2.299,2.239,2.399,False
2026-09-30T21:39:03+00:00,005056ba-7cb6-1ed2-bceb-641db1c24d1d,STAR,star Tankstelle,Berlin,52.534388,13.184014,1.7,2.299,2.239,2.399,True
2026-09-30T21:39:03+00:00,51d4b471-a095-1aa0-e100-80009459e03a,JET,JET BERLIN BRUNSBUETTELER DAMM 87-89,BERLIN,52.53379,13.18503,1.7,2.299,2.239,2.399,False
2026-09-30T21:39:03+00:00,d590310c-e209-46b2-bfe7-dacc6148e1f1,TotalEnergies,TotalEnergies Berlin,Berlin,52.55424,13.207408,2,2.329,2.269,2.429,False
2026-09-30T21:39:03+00:00,5d8c8a4c-bce7-4d28-ae12-0d61a971c5cc,Shell,Shell Berlin Streitstr. 19,Berlin,52.558899,13.208409,2.3,2.349,2.289,2.469,True
2026-09-30T21:39:03+00:00,057827cd-6583-4a3a-a461-f8546073fd02,SUN,Sun Klosterstr.,Berlin,52.52943,13.19517,2.4,2.299,2.239,2.399,True
2026-09-30T21:39:03+00:00,905d4775-754e-4b38-baca-89c98fad1d1a,Sprint,Sprint Berlin Ruhlebener Str.,Berlin,52.529285,13.20718,2.9,2.299,2.239,2.399,False
2026-09-30T21:40:34+00:00,cebbe420-bcf3-4db8-9099-c52b783e2158,ESSO,Esso Tankstelle,BERLIN,52.549044,13.17897,0,2.319,2.259,2.409,True
2026-09-30T21:40:34+00:00,7347dd32-bfa1-470a-a6ee-2a2c95ad9af5,ARAL,Aral Tankstelle,Berlin,52.542747,13.199304,1.5,2.319,2.259,2.409,True
2026-09-30T21:40:34+00:00,9f07b69b-4b15-4852-9c60-5d293c6cadc5,Sprint,Sprint Berlin Seegefelder Str.,Berlin,52.536163,13.191189,1.6,2.299,2.239,2.399,False
2026-09-30T21:40:34+00:00,005056ba-7cb6-1ed2-bceb-641db1c24d1d,STAR,star Tankstelle,Berlin,52.534388,13.184014,1.7,2.299,2.239,2.399,True
2026-09-30T21:40:34+00:00,51d4b471-a095-1aa0-e100-80009459e03a,JET,JET BERLIN BRUNSBUETTELER DAMM 87-89,BERLIN,52.53379,13.18503,1.7,2.299,2.239,2.399,False
2026-09-30T21:40:34+00:00,d590310c-e209-46b2-bfe7-dacc6148e1f1,TotalEnergies,TotalEnergies Berlin,Berlin,52.55424,13.207408,2,2.329,2.269,2.429,False
2026-09-30T21:40:34+00:00,5d8c8a4c-bce7-4d28-ae12-0d61a971c5cc,Shell,Shell Berlin Streitstr. 19,Berlin,52.558899,13.208409,2.3,2.349,2.289,2.469,True
2026-09-30T21:40:34+00:00,057827cd-6583-4a3a-a461-f8546073fd02,SUN,Sun Klosterstr.,Berlin,52.52943,13.19517,2.4,2.299,2.239,2.399,True
2026-09-30T21:40:34+00:00,905d4775-754e-4b38-baca-89c98fad1d1a,Sprint,Sprint Berlin Ruhlebener Str.,Berlin,52.529285,13.20718,2.9,2.299,2.239,2.399,False
2026-09-30T21:42:05+00:00,cebbe420-bcf3-4db8-9099-c52b783e2158,ESSO,Esso Tankstelle,BERLIN,52.549044,13.17897,0,2.319,2.259,2.409,True
2026-09-30T21:42:05+00:00,7347dd32-bfa1-470a-a6ee-2a2c95ad9af5,ARAL,Aral Tankstelle,Berlin,52.542747,13.199304,1.5,2.319,2.259,2.409,True
2026-09-30T21:42:05+00:00,9f07b69b-4b15-4852-9c60-5d293c6cadc5,Sprint,Sprint Berlin Seegefelder Str.,Berlin,52.536163,13.191189,1.6,2.299,2.239,2.399,False
2026-09-30T21:42:05+00:00,005056ba-7cb6-1ed2-bceb-641db1c24d1d,STAR,star Tankstelle,Berlin,52.534388,13.184014,1.7,2.299,2.239,2.399,True
2026-09-30T21:42:05+00:00,51d4b471-a095-1aa0-e100-80009459e03a,JET,JET BERLIN BRUNSBUETTELER DAMM 87-89,BERLIN,52.53379,13.18503,1.7,2.299,2.239,2.399,False
2026-09-30T21:42:05+00:00,d590310c-e209-46b2-bfe7-dacc6148e1f1,TotalEnergies,TotalEnergies Berlin,Berlin,52.55424,13.207408,2,2.329,2.269,2.429,False
2026-09-30T21:42:05+00:00,5d8c8a4c-bce7-4d28-ae12-0d61a971c5cc,Shell,Shell Berlin Streitstr. 19,Berlin,52.558899,13.208409,2.3,2.349,2.289,2.469,True
2026-09-30T21:42:05+00:00,057827cd-6583-4a3a-a461-f8546073fd02,SUN,Sun Klosterstr.,Berlin,52.52943,13.19517,2.4,2.299,2.239,2.399,True
2026-09-30T21:42:05+00:00,905d4775-754e-4b38-baca-89c98fad1d1a,Sprint,Sprint Berlin Ruhlebener Str.,Berlin,52.529285,13.20718,2.9,2.299,2.239,2.399,False
2026-09-30T21:43:36+00:00,cebbe420-bcf3-4db8-9099-c52b783e2158,ESSO,Esso Tankstelle,BERLIN,52.549044,13.17897,0,2.319,2.259,2.409,True
2026-09-30T21:43:36+00:00,7347dd32-bfa1-470a-a6ee-2a2c95ad9af5,ARAL,Aral Tankstelle,Berlin,52.542747,13.199304,1.5,2.319,2.259,2.409,True
2026-09-30T21:43:36+00:00,9f07b69b-4b15-4852-9c60-5d293c6cadc5,Sprint,Sprint Berlin Seegefelder Str.,Berlin,52.536163,13.191189,1.6,2.299,2.239,2.399,False
2026-09-30T21:43:36+00:00,005056ba-7cb6-1ed2-bceb-641db1c24d1d,STAR,star Tankstelle,Berlin,52.534388,13.184014,1.7,2.299,2.239,2.399,True
2026-09-30T21:43:36+00:00,51d4b471-a095-1aa0-e100-80009459e03a,JET,JET BERLIN BRUNSBUETTELER DAMM 87-89,BERLIN,52.53379,13.18503,1.7,2.299,2.239,2.399,False
2026-09-30T21:43:36+00:00,d590310c-e209-46b2-bfe7-dacc6148e1f1,TotalEnergies,TotalEnergies Berlin,Berlin,52.55424,13.207408,2,2.329,2.269,2.429,False
2026-09-30T21:43:36+00:00,5d8c8a4c-bce7-4d28-ae12-0d61a971c5cc,Shell,Shell Berlin Streitstr. 19,Berlin,52.558899,13.208409,2.3,2.349,2.289,2.469,True
2026-09-30T21:43:36+00:00,057827cd-6583-4a3a-a461-f8546073fd02,SUN,Sun Klosterstr.,Berlin,52.52943,13.19517,2.4,2.299,2.239,2.399,True
2026-09-30T21:43:36+00:00,905d4775-754e-4b38-baca-89c98fad1d1a,Sprint,Sprint Berlin Ruhlebener Str.,Berlin,52.529285,13.20718,2.9,2.299,2.239,2.399,False
2026-09-30T21:45:07+00:00,cebbe420-bcf3-4db8-9099-c52b783e2158,ESSO,Esso Tankstelle,BERLIN,52.549044,13.17897,0,2.319,2.259,2.409,True
2026-09-30T21:45:07+00:00,7347dd32-bfa1-470a-a6ee-2a2c95ad9af5,ARAL,Aral Tankstelle,Berlin,52.542747,13.199304,1.5,2.319,2.259,2.409,True
2026-09-30T21:45:07+00:00,9f07b69b-4b15-4852-9c60-5d293c6cadc5,Sprint,Sprint Berlin Seegefelder Str.,Berlin,52.536163,13.191189,1.6,2.299,2.239,2.399,False
2026-09-30T21:45:07+00:00,005056ba-7cb6-1ed2-bceb-641db1c24d1d,STAR,star Tankstelle,Berlin,52.534388,13.184014,1.7,2.299,2.239,2.399,True
2026-09-30T21:45:07+00:00,51d4b471-a095-1aa0-e100-80009459e03a,JET,JET BERLIN BRUNSBUETTELER DAMM 87-89,BERLIN,52.53379,13.18503,1.7,2.299,2.239,2.399,False
2026-09-30T21:45:07+00:00,d590310c-e209-46b2-bfe7-dacc6148e1f1,TotalEnergies,TotalEnergies Berlin,Berlin,52.55424,13.207408,2,2.329,2.269,2.429,False
2026-09-30T21:45:07+00:00,5d8c8a4c-bce7-4d28-ae12-0d61a971c5cc,Shell,Shell Berlin Streitstr. 19,Berlin,52.558899,13.208409,2.3,2.349,2.289,2.469,True
2026-09-30T21:45:07+00:00,057827cd-6583-4a3a-a461-f8546073fd02,SUN,Sun Klosterstr.,Berlin,52.52943,13.19517,2.4,2.299,2.239,2.399,True
2026-09-30T21:45:07+00:00,905d4775-754e-4b38-baca-89c98fad1d1a,Sprint,Sprint Berlin Ruhlebener Str.,Berlin,52.529285,13.20718,2.9,2.299,2.239,2.399,False
2026-09-30T21:46:38+00:00,cebbe420-bcf3-4db8-9099-c52b783e2158,ESSO,Esso Tankstelle,BERLIN,52.549044,13.17897,0,2.319,2.259,2.409,True
2026-09-30T21:46:38+00:00,7347dd32-bfa1-470a-a6ee-2a2c95ad9af5,ARAL,Aral Tankstelle,Berlin,52.542747,13.199304,1.5,2.319,2.259,2.409,True
2026-09-30T21:46:38+00:00,9f07b69b-4b15-4852-9c60-5d293c6cadc5,Sprint,Sprint Berlin Seegefelder Str.,Berlin,52.536163,13.191189,1.6,2.299,2.239,2.399,False
2026-09-30T21:46:38+00:00,005056ba-7cb6-1ed2-bceb-641db1c24d1d,STAR,star Tankstelle,Berlin,52.534388,13.184014,1.7,2.299,2.239,2.399,True
2026-09-30T21:46:38+00:00,51d4b471-a095-1aa0-e100-80009459e03a,JET,JET BERLIN BRUNSBUETTELER DAMM 87-89,BERLIN,52.53379,13.18503,1.7,2.299,2.239,2.399,False
2026-09-30T21:46:38+00:00,d590310c-e209-46b2-bfe7-dacc6148e1f1,TotalEnergies,TotalEnergies Berlin,Berlin,52.55424,13.207408,2,2.329,2.269,2.429,False
2026-09-30T21:46:38+00:00,5d8c8a4c-bce7-4d28-ae12-0d61a971c5cc,Shell,Shell Berlin Streitstr. 19,Berlin,52.558899,13.208409,2.3,2.349,2.289,2.469,True
2026-09-30T21:46:38+00:00,057827cd-6583-4a3a-a461-f8546073fd02,SUN,Sun Klosterstr.,Berlin,52.52943,13.19517,2.4,2.299,2.239,2.399,True
2026-09-30T21:46:38+00:00,905d4775-754e-4b38-baca-89c98fad1d1a,Sprint,Sprint Berlin Ruhlebener Str.,Berlin,52.529285,13.20718,2.9,2.299,2.239,2.399,False
2026-09-30T21:48:09+00:00,cebbe420-bcf3-4db8-9099-c52b783e2158,ESSO,Esso Tankstelle,BERLIN,52.549044,13.17897,0,2.319,2.259,2.409,True
2026-09-30T21:48:09+00:00,7347dd32-bfa1-470a-a6ee-2a2c95ad9af5,ARAL,Aral Tankstelle,Berlin,52.542747,13.199304,1.5,2.319,2.259,2.409,True
2026-09-30T21:48:09+00:00,9f07b69b-4b15-4852-9c60-5d293c6cadc5,Sprint,Sprint Berlin Seegefelder Str.,Berlin,52.536163,13.191189,1.6,2.299,2.239,2.399,False
2026-09-30T21:48:09+00:00,005056ba-7cb6-1ed2-bceb-641db1c24d1d,STAR,star Tankstelle,Berlin,52.534388,13.184014,1.7,2.299,2.239,2.399,True
2026-09-30T21:48:09+00:00,51d4b471-a095-1aa0-e100-80009459e03a,JET,JET BERLIN BRUNSBUETTELER DAMM 87-89,BERLIN,52.53379,13.18503,1.7,2.299,2.239,2.399,False
2026-09-30T21:48:09+00:00,d590310c-e209-46b2-bfe7-dacc6148e1f1,TotalEnergies,TotalEnergies Berlin,Berlin,52.55424,13.207408,2,2.329,2.269,2.429,False
2026-09-30T21:48:09+00:00,5d8c8a4c-bce7-4d28-ae12-0d61a971c5cc,Shell,Shell Berlin Streitstr. 19,Berlin,52.558899,13.208409,2.3,2.349,2.289,2.469,True
2026-09-30T21:48:09+00:00,057827cd-6583-4a3a-a461-f8546073fd02,SUN,Sun Klosterstr.,Berlin,52.52943,13.19517,2.4,2.299,2.239,2.399,True
2026-09-30T21:48:09+00:00,905d4775-754e-4b38-baca-89c98fad1d1a,Sprint,Sprint Berlin Ruhlebener Str.,Berlin,52.529285,13.20718,2.9,2.299,2.239,2.399,False
2026-09-30T21:49:40+00:00,cebbe420-bcf3-4db8-9099-c52b783e2158,ESSO,Esso Tankstelle,BERLIN,52.549044,13.17897,0,2.149,2.089,2.239,True
2026-09-30T21:49:40+00:00,7347dd32-bfa1-470a-a6ee-2a2c95ad9af5,ARAL,Aral Tankstelle,Berlin,52.542747,13.199304,1.5,2.319,2.259,2.409,True
2026-09-30T21:49:40+00:00,9f07b69b-4b15-4852-9c60-5d293c6cadc5,Sprint,Sprint Berlin Seegefelder Str.,Berlin,52.536163,13.191189,1.6,2.299,2.239,2.399,False
2026-09-30T21:49:40+00:00,005056ba-7cb6-1ed2-bceb-641db1c24d1d,STAR,star Tankstelle,Berlin,52.534388,13.184014,1.7,2.299,2.239,2.399,True
2026-09-30T21:49:40+00:00,51d4b471-a095-1aa0-e100-80009459e03a,JET,JET BERLIN BRUNSBUETTELER DAMM 87-89,BERLIN,52.53379,13.18503,1.7,2.299,2.239,2.399,False
2026-09-30T21:49:40+00:00,d590310c-e209-46b2-bfe7-dacc6148e1f1,TotalEnergies,TotalEnergies Berlin,Berlin,52.55424,13.207408,2,2.329,2.269,2.429,False
2026-09-30T21:49:40+00:00,5d8c8a4c-bce7-4d28-ae12-0d61a971c5cc,Shell,Shell Berlin Streitstr. 19,Berlin,52.558899,13.208409,2.3,2.349,2.289,2.469,True
2026-09-30T21:49:40+00:00,057827cd-6583-4a3a-a461-f8546073fd02,SUN,Sun Klosterstr.,Berlin,52.52943,13.19517,2.4,2.299,2.239,2.399,True
2026-09-30T21:49:40+00:00,905d4775-754e-4b38-baca-89c98fad1d1a,Sprint,Sprint Berlin Ruhlebener Str.,Berlin,52.529285,13.20718,2.9,2.299,2.239,2.399,False
2026-09-30T21:51:11+00:00,cebbe420-bcf3-4db8-9099-c52b783e2158,ESSO,Esso Tankstelle,BERLIN,52.549044,13.17897,0,2.149,2.089,2.239,True
2026-09-30T21:51:11+00:00,7347dd32-bfa1-470a-a6ee-2a2c95ad9af5,ARAL,Aral Tankstelle,Berlin,52.542747,13.199304,1.5,2.319,2.259,2.409,True
2026-09-30T21:51:11+00:00,9f07b69b-4b15-4852-9c60-5d293c6cadc5,Sprint,Sprint Berlin Seegefelder Str.,Berlin,52.536163,13.191189,1.6,2.299,2.239,2.399,False
2026-09-30T21:51:11+00:00,005056ba-7cb6-1ed2-bceb-641db1c24d1d,STAR,star Tankstelle,Berlin,52.534388,13.184014,1.7,2.299,2.239,2.399,True
2026-09-30T21:51:11+00:00,51d4b471-a095-1aa0-e100-80009459e03a,JET,JET BERLIN BRUNSBUETTELER DAMM 87-89,BERLIN,52.53379,13.18503,1.7,2.299,2.239,2.399,False
2026-09-30T21:51:11+00:00,d590310c-e209-46b2-bfe7-dacc6148e1f1,TotalEnergies,TotalEnergies Berlin,Berlin,52.55424,13.207408,2,2.329,2.269,2.429,False
2026-09-30T21:51:11+00:00,5d8c8a4c-bce7-4d28-ae12-0d61a971c5cc,Shell,Shell Berlin Streitstr. 19,Berlin,52.558899,13.208409,2.3,2.349,2.289,2.469,True
2026-09-30T21:51:11+00:00,057827cd-6583-4a3a-a461-f8546073fd02,SUN,Sun Klosterstr.,Berlin,52.52943,13.19517,2.4,2.299,2.239,2.399,True
2026-09-30T21:51:11+00:00,905d4775-754e-4b38-baca-89c98fad1d1a,Sprint,Sprint Berlin Ruhlebener Str.,Berlin,52.529285,13.20718,2.9,2.299,2.239,2.399,False
2026-09-30T21:52:42+00:00,cebbe420-bcf3-4db8-9099-c52b783e2158,ESSO,Esso Tankstelle,BERLIN,52.549044,13.17897,0,2.149,2.089,2.239,True
2026-09-30T21:52:42+00:00,7347dd32-bfa1-470a-a6ee-2a2c95ad9af5,ARAL,Aral Tankstelle,Berlin,52.542747,13.199304,1.5,2.319,2.259,2.409,True
2026-09-30T21:52:42+00:00,9f07b69b-4b15-4852-9c60-5d293c6cadc5,Sprint,Sprint Berlin Seegefelder Str.,Berlin,52.536163,13.191189,1.6,2.299,2.239,2.399,False
2026-09-30T21:52:42+00:00,005056ba-7cb6-1ed2-bceb-641db1c24d1d,STAR,star Tankstelle,Berlin,52.534388,13.184014,1.7,2.299,2.239,2.399,True
2026-09-30T21:52:42+00:00,51d4b471-a095-1aa0-e100-80009459e03a,JET,JET BERLIN BRUNSBUETTELER DAMM 87-89,BERLIN,52.53379,13.18503,1.7,2.299,2.239,2.399,False
2026-09-30T21:52:42+00:00,d590310c-e209-46b2-bfe7-dacc6148e1f1,TotalEnergies,TotalEnergies Berlin,Berlin,52.55424,13.207408,2,2.329,2.269,2.429,False
2026-09-30T21:52:42+00:00,5d8c8a4c-bce7-4d28-ae12-0d61a971c5cc,Shell,Shell Berlin Streitstr. 19,Berlin,52.558899,13.208409,2.3,2.349,2.289,2.469,True
2026-09-30T21:52:42+00:00,057827cd-6583-4a3a-a461-f8546073fd02,SUN,Sun Klosterstr.,Berlin,52.52943,13.19517,2.4,2.299,2.239,2.399,True
2026-09-30T21:52:42+00:00,905d4775-754e-4b38-baca-89c98fad1d1a,Sprint,Sprint Berlin Ruhlebener Str.,Berlin,52.529285,13.20718,2.9,2.299,2.239,2.399,False
2026-09-30T21:54:13+00:00,cebbe420-bcf3-4db8-9099-c52b783e2158,ESSO,Esso Tankstelle,BERLIN,52.549044,13.17897,0,2.149,2.089,2.239,True
2026-09-30T21:54:13+00:00,7347dd32-bfa1-470a-a6ee-2a2c95ad9af5,ARAL,Aral Tankstelle,Berlin,52.542747,13.199304,1.5,2.319,2.259,2.409,True
2026-09-30T21:54:13+00:00,9f07b69b-4b15-4852-9c60-5d293c6cadc5,Sprint,Sprint Berlin Seegefelder Str.,Berlin,52.536163,13.191189,1.6,2.299,2.239,2.399,False
2026-09-30T21:54:13+00:00,005056ba-7cb6-1ed2-bceb-641db1c24d1d,STAR,star Tankstelle,Berlin,52.534388,13.184014,1.7,2.299,2.239,2.399,True
2026-09-30T21:54:13+00:00,51d4b471-a095-1aa0-e100-80009459e03a,JET,JET BERLIN BRUNSBUETTELER DAMM 87-89,BERLIN,52.53379,13.18503,1.7,2.299,2.239,2.399,False
2026-09-30T21:54:13+00:00,d590310c-e209-46b2-bfe7-dacc6148e1f1,TotalEnergies,TotalEnergies Berlin,Berlin,52.55424,13.207408,2,2.329,2.269,2.429,False
2026-09-30T21:54:13+00:00,5d8c8a4c-bce7-4d28-ae12-0d61a971c5cc,Shell,Shell Berlin Streitstr. 19,Berlin,52.558899,13.208409,2.3,2.349,2.289,2.469,True
2026-09-30T21:54:13+00:00,057827cd-6583-4a3a-a461-f8546073fd02,SUN,Sun Klosterstr.,Berlin,52.52943,13.19517,2.4,2.299,2.239,2.399,True
2026-09-30T21:54:13+00:00,905d4775-754e-4b38-baca-89c98fad1d1a,Sprint,Sprint Berlin Ruhlebener Str.,Berlin,52.529285,13.20718,2.9,2.299,2.239,2.399,False
2026-09-30T21:55:44+00:00,cebbe420-bcf3-4db8-9099-c52b783e2158,ESSO,Esso Tankstelle,BERLIN,52.549044,13.17897,0,2.149,2.089,2.239,True
2026-09-30T21:55:44+00:00,7347dd32-bfa1-470a-a6ee-2a2c95ad9af5,ARAL,Aral Tankstelle,Berlin,52.542747,13.199304,1.5,2.319,2.259,2.409,True
2026-09-30T21:55:44+00:00,9f07b69b-4b15-4852-9c60-5d293c6cadc5,Sprint,Sprint Berlin Seegefelder Str.,Berlin,52.536163,13.191189,1.6,2.299,2.239,2.399,False
2026-09-30T21:55:44+00:00,005056ba-7cb6-1ed2-bceb-641db1c24d1d,STAR,star Tankstelle,Berlin,52.534388,13.184014,1.7,2.299,2.239,2.399,True
2026-09-30T21:55:44+00:00,51d4b471-a095-1aa0-e100-80009459e03a,JET,JET BERLIN BRUNSBUETTELER DAMM 87-89,BERLIN,52.53379,13.18503,1.7,2.299,2.239,2.399,False
2026-09-30T21:55:44+00:00,d590310c-e209-46b2-bfe7-dacc6148e1f1,TotalEnergies,TotalEnergies Berlin,Berlin,52.55424,13.207408,2,2.329,2.269,2.429,False
2026-09-30T21:55:44+00:00,5d8c8a4c-bce7-4d28-ae12-0d61a971c5cc,Shell,Shell Berlin Streitstr. 19,Berlin,52.558899,13.208409,2.3,2.349,2.289,2.469,True
2026-09-30T21:55:44+00:00,057827cd-6583-4a3a-a461-f8546073fd02,SUN,Sun Klosterstr.,Berlin,52.52943,13.19517,2.4,2.299,2.239,2.399,True
2026-09-30T21:55:44+00:00,905d4775-754e-4b38-baca-89c98fad1d1a,Sprint,Sprint Berlin Ruhlebener Str.,Berlin,52.529285,13.20718,2.9,2.299,2.239,2.399,False
2026-09-30T21:57:14+00:00,cebbe420-bcf3-4db8-9099-c52b783e2158,ESSO,Esso Tankstelle,BERLIN,52.549044,13.17897,0,2.149,2.089,2.239,True
2026-09-30T21:57:14+00:00,7347dd32-bfa1-470a-a6ee-2a2c95ad9af5,ARAL,Aral Tankstelle,Berlin,52.542747,13.199304,1.5,2.319,2.259,2.409,True
2026-09-30T21:57:14+00:00,9f07b69b-4b15-4852-9c60-5d293c6cadc5,Sprint,Sprint Berlin Seegefelder Str.,Berlin,52.536163,13.191189,1.6,2.299,2.239,2.399,False
2026-09-30T21:57:14+00:00,005056ba-7cb6-1ed2-bceb-641db1c24d1d,STAR,star Tankstelle,Berlin,52.534388,13.184014,1.7,2.299,2.239,2.399,True
2026-09-30T21:57:14+00:00,51d4b471-a095-1aa0-e100-80009459e03a,JET,JET BERLIN BRUNSBUETTELER DAMM 87-89,BERLIN,52.53379,13.18503,1.7,2.299,2.239,2.399,False
2026-09-30T21:57:14+00:00,d590310c-e209-46b2-bfe7-dacc6148e1f1,TotalEnergies,TotalEnergies Berlin,Berlin,52.55424,13.207408,2,2.329,2.269,2.429,False
2026-09-30T21:57:14+00:00,5d8c8a4c-bce7-4d28-ae12-0d61a971c5cc,Shell,Shell Berlin Streitstr. 19,Berlin,52.558899,13.208409,2.3,2.349,2.289,2.469,True
2026-09-30T21:57:14+00:00,057827cd-6583-4a3a-a461-f8546073fd02,SUN,Sun Klosterstr.,Berlin,52.52943,13.19517,2.4,2.299,2.239,2.399,True
2026-09-30T21:57:14+00:00,905d4775-754e-4b38-baca-89c98fad1d1a,Sprint,Sprint Berlin Ruhlebener Str.,Berlin,52.529285,13.20718,2.9,2.299,2.239,2.399,False
2026-09-30T21:58:45+00:00,cebbe420-bcf3-4db8-9099-c52b783e2158,ESSO,Esso Tankstelle,BERLIN,52.549044,13.17897,0,2.149,2.089,2.239,True
2026-09-30T21:58:45+00:00,7347dd32-bfa1-470a-a6ee-2a2c95ad9af5,ARAL,Aral Tankstelle,Berlin,52.542747,13.199304,1.5,2.319,2.259,2.409,True
2026-09-30T21:58:45+00:00,9f07b69b-4b15-4852-9c60-5d293c6cadc5,Sprint,Sprint Berlin Seegefelder Str.,Berlin,52.536163,13.191189,1.6,2.299,2.239,2.399,False
2026-09-30T21:58:45+00:00,005056ba-7cb6-1ed2-bceb-641db1c24d1d,STAR,star Tankstelle,Berlin,52.534388,13.184014,1.7,2.299,2.239,2.399,True
2026-09-30T21:58:45+00:00,51d4b471-a095-1aa0-e100-80009459e03a,JET,JET BERLIN BRUNSBUETTELER DAMM 87-89,BERLIN,52.53379,13.18503,1.7,2.299,2.239,2.399,False
2026-09-30T21:58:45+00:00,d590310c-e209-46b2-bfe7-dacc6148e1f1,TotalEnergies,TotalEnergies Berlin,Berlin,52.55424,13.207408,2,2.329,2.269,2.429,False
2026-09-30T21:58:45+00:00,5d8c8a4c-bce7-4d28-ae12-0d61a971c5cc,Shell,Shell Berlin Streitstr. 19,Berlin,52.558899,13.208409,2.3,2.349,2.289,2.469,True
2026-09-30T21:58:45+00:00,057827cd-6583-4a3a-a461-f8546073fd02,SUN,Sun Klosterstr.,Berlin,52.52943,13.19517,2.4,2.299,2.239,2.399,True
2026-09-30T21:58:45+00:00,905d4775-754e-4b38-baca-89c98fad1d1a,Sprint,Sprint Berlin Ruhlebener Str.,Berlin,52.529285,13.20718,2.9,2.299,2.239,2.399,False
2026-09-30T22:00:16+00:00,cebbe420-bcf3-4db8-9099-c52b783e2158,ESSO,Esso Tankstelle,BERLIN,52.549044,13.17897,0,2.149,2.089,2.239,True
2026-09-30T22:00:16+00:00,7347dd32-bfa1-470a-a6ee-2a2c95ad9af5,ARAL,Aral Tankstelle,Berlin,52.542747,13.199304,1.5,2.319,2.259,2.409,True
2026-09-30T22:00:16+00:00,9f07b69b-4b15-4852-9c60-5d293c6cadc5,Sprint,Sprint Berlin Seegefelder Str.,Berlin,52.536163,13.191189,1.6,2.299,2.239,2.399,False
2026-09-30T22:00:16+00:00,005056ba-7cb6-1ed2-bceb-641db1c24d1d,STAR,star Tankstelle,Berlin,52.534388,13.184014,1.7,2.299,2.239,2.399,True
2026-09-30T22:00:16+00:00,51d4b471-a095-1aa0-e100-80009459e03a,JET,JET BERLIN BRUNSBUETTELER DAMM 87-89,BERLIN,52.53379,13.18503,1.7,2.299,2.239,2.399,False
2026-09-30T22:00:16+00:00,d590310c-e209-46b2-bfe7-dacc6148e1f1,TotalEnergies,TotalEnergies Berlin,Berlin,52.55424,13.207408,2,2.329,2.269,2.429,False
2026-09-30T22:00:16+00:00,5d8c8a4c-bce7-4d28-ae12-0d61a971c5cc,Shell,Shell Berlin Streitstr. 19,Berlin,52.558899,13.208409,2.3,2.349,2.289,2.469,True
2026-09-30T22:00:16+00:00,057827cd-6583-4a3a-a461-f8546073fd02,SUN,Sun Klosterstr.,Berlin,52.52943,13.19517,2.4,2.299,2.239,2.399,True
2026-09-30T22:00:16+00:00,905d4775-754e-4b38-baca-89c98fad1d1a,Sprint,Sprint Berlin Ruhlebener Str.,Berlin,52.529285,13.20718,2.9,2.299,2.239,2.399,False
2026-09-30T22:01:57+00:00,cebbe420-bcf3-4db8-9099-c52b783e2158,ESSO,Esso Tankstelle,BERLIN,52.549044,13.17897,0,2.149,2.089,2.239,True
2026-09-30T22:01:57+00:00,7347dd32-bfa1-470a-a6ee-2a2c95ad9af5,ARAL,Aral Tankstelle,Berlin,52.542747,13.199304,1.5,2.319,2.259,2.409,True
2026-09-30T22:01:57+00:00,9f07b69b-4b15-4852-9c60-5d293c6cadc5,Sprint,Sprint Berlin Seegefelder Str.,Berlin,52.536163,13.191189,1.6,2.299,2.239,2.399,False
2026-09-30T22:01:57+00:00,005056ba-7cb6-1ed2-bceb-641db1c24d1d,STAR,star Tankstelle,Berlin,52.534388,13.184014,1.7,2.299,2.239,2.399,True
2026-09-30T22:01:57+00:00,51d4b471-a095-1aa0-e100-80009459e03a,JET,JET BERLIN BRUNSBUETTELER DAMM 87-89,BERLIN,52.53379,13.18503,1.7,2.299,2.239,2.399,False
2026-09-30T22:01:57+00:00,d590310c-e209-46b2-bfe7-dacc6148e1f1,TotalEnergies,TotalEnergies Berlin,Berlin,52.55424,13.207408,2,2.329,2.269,2.429,False
2026-09-30T22:01:57+00:00,5d8c8a4c-bce7-4d28-ae12-0d61a971c5cc,Shell,Shell Berlin Streitstr. 19,Berlin,52.558899,13.208409,2.3,2.349,2.289,2.469,True
2026-09-30T22:01:57+00:00,057827cd-6583-4a3a-a461-f8546073fd02,SUN,Sun Klosterstr.,Berlin,52.52943,13.19517,2.4,2.299,2.239,2.399,True
2026-09-30T22:01:57+00:00,905d4775-754e-4b38-baca-89c98fad1d1a,Sprint,Sprint Berlin Ruhlebener Str.,Berlin,52.529285,13.20718,2.9,2.299,2.239,2.399,False
2026-09-30T22:03:29+00:00,cebbe420-bcf3-4db8-9099-c52b783e2158,ESSO,Esso Tankstelle,BERLIN,52.549044,13.17897,0,2.149,2.089,2.239,True
2026-09-30T22:03:29+00:00,7347dd32-bfa1-470a-a6ee-2a2c95ad9af5,ARAL,Aral Tankstelle,Berlin,52.542747,13.199304,1.5,2.319,2.259,2.409,True
2026-09-30T22:03:29+00:00,9f07b69b-4b15-4852-9c60-5d293c6cadc5,Sprint,Sprint Berlin Seegefelder Str.,Berlin,52.536163,13.191189,1.6,2.299,2.239,2.399,False
2026-09-30T22:03:29+00:00,005056ba-7cb6-1ed2-bceb-641db1c24d1d,STAR,star Tankstelle,Berlin,52.534388,13.184014,1.7,2.299,2.239,2.399,True
2026-09-30T22:03:29+00:00,51d4b471-a095-1aa0-e100-80009459e03a,JET,JET BERLIN BRUNSBUETTELER DAMM 87-89,BERLIN,52.53379,13.18503,1.7,2.299,2.239,2.399,False
2026-09-30T22:03:29+00:00,d590310c-e209-46b2-bfe7-dacc6148e1f1,TotalEnergies,TotalEnergies Berlin,Berlin,52.55424,13.207408,2,2.329,2.269,2.429,False
2026-09-30T22:03:29+00:00,5d8c8a4c-bce7-4d28-ae12-0d61a971c5cc,Shell,Shell Berlin Streitstr. 19,Berlin,52.558899,13.208409,2.3,2.179,2.119,2.299,True
2026-09-30T22:03:29+00:00,057827cd-6583-4a3a-a461-f8546073fd02,SUN,Sun Klosterstr.,Berlin,52.52943,13.19517,2.4,2.299,2.239,2.399,True
2026-09-30T22:03:29+00:00,905d4775-754e-4b38-baca-89c98fad1d1a,Sprint,Sprint Berlin Ruhlebener Str.,Berlin,52.529285,13.20718,2.9,2.299,2.239,2.399,False
2026-09-30T22:05:00+00:00,cebbe420-bcf3-4db8-9099-c52b783e2158,ESSO,Esso Tankstelle,BERLIN,52.549044,13.17897,0,2.149,2.089,2.239,True
2026-09-30T22:05:00+00:00,7347dd32-bfa1-470a-a6ee-2a2c95ad9af5,ARAL,Aral Tankstelle,Berlin,52.542747,13.199304,1.5,2.149,2.089,2.239,True
2026-09-30T22:05:00+00:00,9f07b69b-4b15-4852-9c60-5d293c6cadc5,Sprint,Sprint Berlin Seegefelder Str.,Berlin,52.536163,13.191189,1.6,2.299,2.239,2.399,False
2026-09-30T22:05:00+00:00,005056ba-7cb6-1ed2-bceb-641db1c24d1d,STAR,star Tankstelle,Berlin,52.534388,13.184014,1.7,2.299,2.239,2.399,True
2026-09-30T22:05:00+00:00,51d4b471-a095-1aa0-e100-80009459e03a,JET,JET BERLIN BRUNSBUETTELER DAMM 87-89,BERLIN,52.53379,13.18503,1.7,2.299,2.239,2.399,False
2026-09-30T22:05:00+00:00,d590310c-e209-46b2-bfe7-dacc6148e1f1,TotalEnergies,TotalEnergies Berlin,Berlin,52.55424,13.207408,2,2.329,2.269,2.429,False
2026-09-30T22:05:00+00:00,5d8c8a4c-bce7-4d28-ae12-0d61a971c5cc,Shell,Shell Berlin Streitstr. 19,Berlin,52.558899,13.208409,2.3,2.179,2.119,2.299,True
2026-09-30T22:05:00+00:00,057827cd-6583-4a3a-a461-f8546073fd02,SUN,Sun Klosterstr.,Berlin,52.52943,13.19517,2.4,2.139,2.079,2.229,True
2026-09-30T22:05:00+00:00,905d4775-754e-4b38-baca-89c98fad1d1a,Sprint,Sprint Berlin Ruhlebener Str.,Berlin,52.529285,13.20718,2.9,2.299,2.239,2.399,False
2026-09-30T22:06:35+00:00,cebbe420-bcf3-4db8-9099-c52b783e2158,ESSO,Esso Tankstelle,BERLIN,52.549044,13.17897,0,2.149,2.089,2.239,True
2026-09-30T22:06:35+00:00,7347dd32-bfa1-470a-a6ee-2a2c95ad9af5,ARAL,Aral Tankstelle,Berlin,52.542747,13.199304,1.5,2.149,2.089,2.239,True
2026-09-30T22:06:35+00:00,9f07b69b-4b15-4852-9c60-5d293c6cadc5,Sprint,Sprint Berlin Seegefelder Str.,Berlin,52.536163,13.191189,1.6,2.299,2.239,2.399,False
2026-09-30T22:06:35+00:00,005056ba-7cb6-1ed2-bceb-641db1c24d1d,STAR,star Tankstelle,Berlin,52.534388,13.184014,1.7,2.299,2.239,2.399,True
2026-09-30T22:06:35+00:00,51d4b471-a095-1aa0-e100-80009459e03a,JET,JET BERLIN BRUNSBUETTELER DAMM 87-89,BERLIN,52.53379,13.18503,1.7,2.299,2.239,2.399,False
2026-09-30T22:06:35+00:00,d590310c-e209-46b2-bfe7-dacc6148e1f1,TotalEnergies,TotalEnergies Berlin,Berlin,52.55424,13.207408,2,2.329,2.269,2.429,False
2026-09-30T22:06:35+00:00,5d8c8a4c-bce7-4d28-ae12-0d61a971c5cc,Shell,Shell Berlin Streitstr. 19,Berlin,52.558899,13.208409,2.3,2.179,2.119,2.299,True
2026-09-30T22:06:35+00:00,057827cd-6583-4a3a-a461-f8546073fd02,SUN,Sun Klosterstr.,Berlin,52.52943,13.19517,2.4,2.139,2.079,2.229,True
2026-09-30T22:06:35+00:00,905d4775-754e-4b38-baca-89c98fad1d1a,Sprint,Sprint Berlin Ruhlebener Str.,Berlin,52.529285,13.20718,2.9,2.299,2.239,2.399,False
2026-09-30T22:08:06+00:00,cebbe420-bcf3-4db8-9099-c52b783e2158,ESSO,Esso Tankstelle,BERLIN,52.549044,13.17897,0,2.149,2.089,2.239,True
2026-09-30T22:08:06+00:00,7347dd32-bfa1-470a-a6ee-2a2c95ad9af5,ARAL,Aral Tankstelle,Berlin,52.542747,13.199304,1.5,2.149,2.089,2.239,True
2026-09-30T22:08:06+00:00,9f07b69b-4b15-4852-9c60-5d293c6cadc5,Sprint,Sprint Berlin Seegefelder Str.,Berlin,52.536163,13.191189,1.6,2.299,2.239,2.399,False
2026-09-30T22:08:06+00:00,005056ba-7cb6-1ed2-bceb-641db1c24d1d,STAR,star Tankstelle,Berlin,52.534388,13.184014,1.7,2.299,2.239,2.399,True
2026-09-30T22:08:06+00:00,51d4b471-a095-1aa0-e100-80009459e03a,JET,JET BERLIN BRUNSBUETTELER DAMM 87-89,BERLIN,52.53379,13.18503,1.7,2.299,2.239,2.399,False
2026-09-30T22:08:06+00:00,d590310c-e209-46b2-bfe7-dacc6148e1f1,TotalEnergies,TotalEnergies Berlin,Berlin,52.55424,13.207408,2,2.329,2.269,2.429,False
2026-09-30T22:08:06+00:00,5d8c8a4c-bce7-4d28-ae12-0d61a971c5cc,Shell,Shell Berlin Streitstr. 19,Berlin,52.558899,13.208409,2.3,2.179,2.119,2.299,True
2026-09-30T22:08:06+00:00,057827cd-6583-4a3a-a461-f8546073fd02,SUN,Sun Klosterstr.,Berlin,52.52943,13.19517,2.4,2.139,2.079,2.229,True
2026-09-30T22:08:06+00:00,905d4775-754e-4b38-baca-89c98fad1d1a,Sprint,Sprint Berlin Ruhlebener Str.,Berlin,52.529285,13.20718,2.9,2.299,2.239,2.399,False
