ts,id,brand,name,place,lat,lng,dist,e5,e10,diesel,isOpen
2026-08-21T15:38:05+00:00,cebbe420-bcf3-4db8-9099-c52b783e2158,ESSO,Esso Tankstelle,BERLIN,52.549044,13.17897,0,2.309,2.249,2.369,True
2026-08-21T15:38:05+00:00,7347dd32-bfa1-470a-a6ee-2a2c95ad9af5,ARAL,Aral Tankstelle,Berlin,52.542747,13.199304,1.5,2.339,2.279,2.389,True
2026-08-21T15:38:05+00:00,9f07b69b-4b15-4852-9c60-5d293c6cadc5,Sprint,Sprint Berlin Seegefelder Str.,Berlin,52.536163,13.191189,1.6,2.299,2.239,2.359,True
2026-08-21T15:38:05+00:00,005056ba-7cb6-1ed2-bceb-641db1c24d1d,STAR,star Tankstelle,Berlin,52.534388,13.184014,1.7,2.299,2.239,2.359,True
2026-08-21T15:38:05+00:00,51d4b471-a095-1aa0-e100-80009459e03a,JET,JET BERLIN BRUNSBUETTELER DAMM 87-89,BERLIN,52.53379,13.18503,1.7,2.299,2.239,2.359,True
2026-08-21T15:38:05+00:00,d590310c-e209-46b2-bfe7-dacc6148e1f1,TotalEnergies,TotalEnergies Berlin,Berlin,52.55424,13.207408,2,2.309,2.249,2.369,True
2026-08-21T15:38:05+00:00,5d8c8a4c-bce7-4d28-ae12-0d61a971c5cc,Shell,Shell Berlin Streitstr. 19,Berlin,52.558899,13.208409,2.3,2.319,2.259,2.379,True
2026-08-21T15:38:05+00:00,057827cd-6583-4a3a-a461-f8546073fd02,SUN,Sun Klosterstr.,Berlin,52.52943,13.19517,2.4,2.299,2.239,2.359,True
2026-08-21T15:38:05+00:00,905d4775-754e-4b38-baca-89c98fad1d1a,Sprint,Sprint Berlin Ruhlebener Str.,Berlin,52.529285,13.20718,2.9,2.299,2.239,2.359,True
2026-08-21T15:39:36+00:00,cebbe420-bcf3-4db8-9099-c52b783e2158,ESSO,Esso Tankstelle,BERLIN,52.549044,13.17897,0,2.309,2.249,2.369,True
2026-08-21T15:39:36+00:00,7347dd32-bfa1-470a-a6ee-2a2c95ad9af5,ARAL,Aral Tankstelle,Berlin,52.542747,13.199304,1.5,2.339,2.279,2.389,True
2026-08-21T15:39:36+00:00,9f07b69b-4b15-4852-9c60-5d293c6cadc5,Sprint,Sprint Berlin Seegefelder Str.,Berlin,52.536163,13.191189,1.6,2.299,2.239,2.359,True
2026-08-21T15:39:36+00:00,005056ba-7cb6-1ed2-bceb-641db1c24d1d,STAR,star Tankstelle,Berlin,52.534388,13.184014,1.7,2.299,2.239,2.359,True
2026-08-21T15:39:36+00:00,51d4b471-a095-1aa0-e100-80009459e03a,JET,JET BERLIN BRUNSBUETTELER DAMM 87-89,BERLIN,52.53379,13.18503,1.7,2.289,2.229,2.349,True
2026-08-21T15:39:36+00:00,d590310c-e209-46b2-bfe7-dacc6148e1f1,TotalEnergies,TotalEnergies Berlin,Berlin,52.55424,13.207408,2,2.309,2.249,2.369,True
2026-08-21T15:39:36+00:00,5d8c8a4c-bce7-4d28-ae12-0d61a971c5cc,Shell,Shell Berlin Streitstr. 19,Berlin,52.558899,13.208409,2.3,2.319,2.259,2.379,True
2026-08-21T15:39:36+00:00,057827cd-6583-4a3a-a461-f8546073fd02,SUN,Sun Klosterstr.,Berlin,52.52943,13.19517,2.4,2.299,2.239,2.359,True
2026-08-21T15:39:36+00:00,905d4775-754e-4b38-baca-89c98fad1d1a,Sprint,Sprint Berlin Ruhlebener Str.,Berlin,52.529285,13.20718,2.9,2.299,2.239,2.359,True
2026-08-21T15:41:08+00:00,cebbe420-bcf3-4db8-9099-c52b783e2158,ESSO,Esso Tankstelle,BERLIN,52.549044,13.17897,0,2.309,2.249,2.369,True
2026-08-21T15:41:08+00:00,7347dd32-bfa1-470a-a6ee-2a2c95ad9af5,ARAL,Aral Tankstelle,Berlin,52.542747,13.199304,1.5,2.339,2.279,2.389,True
2026-08-21T15:41:08+00:00,9f07b69b-4b15-4852-9c60-5d293c6cadc5,Sprint,Sprint Berlin Seegefelder Str.,Berlin,52.536163,13.191189,1.6,2.299,2.239,2.359,True
2026-08-21T15:41:08+00:00,005056ba-7cb6-1ed2-bceb-641db1c24d1d,STAR,star Tankstelle,Berlin,52.534388,13.184014,1.7,2.299,2.239,2.359,True
2026-08-21T15:41:08+00:00,51d4b471-a095-1aa0-e100-80009459e03a,JET,JET BERLIN BRUNSBUETTELER DAMM 87-89,BERLIN,52.53379,13.18503,1.7,2.289,2.229,2.349,True
2026-08-21T15:41:08+00:00,d590310c-e209-46b2-bfe7-dacc6148e1f1,TotalEnergies,TotalEnergies Berlin,Berlin,52.55424,13.207408,2,2.309,2.249,2.369,True
2026-08-21T15:41:08+00:00,5d8c8a4c-bce7-4d28-ae12-0d61a971c5cc,Shell,Shell Berlin Streitstr. 19,Berlin,52.558899,13.208409,2.3,2.319,2.259,2.379,True
2026-08-21T15:41:08+00:00,057827cd-6583-4a3a-a461-f8546073fd02,SUN,Sun Klosterstr.,Berlin,52.52943,13.19517,2.4,2.299,2.239,2.359,True
2026-08-21T15:41:08+00:00,905d4775-754e-4b38-baca-89c98fad1d1a,Sprint,Sprint Berlin Ruhlebener Str.,Berlin,52.529285,13.20718,2.9,2.299,2.239,2.359,True
2026-08-21T15:42:38+00:00,cebbe420-bcf3-4db8-9099-c52b783e2158,ESSO,Esso Tankstelle,BERLIN,52.549044,13.17897,0,2.309,2.249,2.369,True
2026-08-21T15:42:38+00:00,7347dd32-bfa1-470a-a6ee-2a2c95ad9af5,ARAL,Aral Tankstelle,Berlin,52.542747,13.199304,1.5,2.339,2.279,2.389,True
2026-08-21T15:42:38+00:00,9f07b69b-4b15-4852-9c60-5d293c6cadc5,Sprint,Sprint Berlin Seegefelder Str.,Berlin,52.536163,13.191189,1.6,2.289,2.229,2.349,True
2026-08-21T15:42:38+00:00,005056ba-7cb6-1ed2-bceb-641db1c24d1d,STAR,star Tankstelle,Berlin,52.534388,13.184014,1.7,2.299,2.239,2.359,True
2026-08-21T15:42:38+00:00,51d4b471-a095-1aa0-e100-80009459e03a,JET,JET BERLIN BRUNSBUETTELER DAMM 87-89,BERLIN,52.53379,13.18503,1.7,2.289,2.229,2.349,True
2026-08-21T15:42:38+00:00,d590310c-e209-46b2-bfe7-dacc6148e1f1,TotalEnergies,TotalEnergies Berlin,Berlin,52.55424,13.207408,2,2.309,2.249,2.369,True
2026-08-21T15:42:38+00:00,5d8c8a4c-bce7-4d28-ae12-0d61a971c5cc,Shell,Shell Berlin Streitstr. 19,Berlin,52.558899,13.208409,2.3,2.319,2.259,2.379,True
2026-08-21T15:42:38+00:00,057827cd-6583-4a3a-a461-f8546073fd02,SUN,Sun Klosterstr.,Berlin,52.52943,13.19517,2.4,2.299,2.239,2.359,True
2026-08-21T15:42:38+00:00,905d4775-754e-4b38-baca-89c98fad1d1a,Sprint,Sprint Berlin Ruhlebener Str.,Berlin,52.529285,13.20718,2.9,2.289,2.229,2.349,True
2026-08-21T15:44:09+00:00,cebbe420-bcf3-4db8-9099-c52b783e2158,ESSO,Esso Tankstelle,BERLIN,52.549044,13.17897,0,2.309,2.249,2.369,True
2026-08-21T15:44:09+00:00,7347dd32-bfa1-470a-a6ee-2a2c95ad9af5,ARAL,Aral Tankstelle,Berlin,52.542747,13.199304,1.5,2.339,2.279,2.389,True
2026-08-21T15:44:09+00:00,9f07b69b-4b15-4852-9c60-5d293c6cadc5,Sprint,Sprint Berlin Seegefelder Str.,Berlin,52.536163,13.191189,1.6,2.289,2.229,2.349,True
2026-08-21T15:44:09+00:00,005056ba-7cb6-1ed2-bceb-641db1c24d1d,STAR,star Tankstelle,Berlin,52.534388,13.184014,1.7,2.299,2.239,2.359,True
2026-08-21T15:44:09+00:00,51d4b471-a095-1aa0-e100-80009459e03a,JET,JET BERLIN BRUNSBUETTELER DAMM 87-89,BERLIN,52.53379,13.18503,1.7,2.289,2.229,2.349,True
2026-08-21T15:44:09+00:00,d590310c-e209-46b2-bfe7-dacc6148e1f1,TotalEnergies,TotalEnergies Berlin,Berlin,52.55424,13.207408,2,2.309,2.249,2.369,True
2026-08-21T15:44:09+00:00,5d8c8a4c-bce7-4d28-ae12-0d61a971c5cc,Shell,Shell Berlin Streitstr. 19,Berlin,52.558899,13.208409,2.3,2.319,2.259,2.379,True
2026-08-21T15:44:09+00:00,057827cd-6583-4a3a-a461-f8546073fd02,SUN,Sun Klosterstr.,Berlin,52.52943,13.19517,2.4,2.299,2.239,2.359,True
2026-08-21T15:44:09+00:00,905d4775-754e-4b38-baca-89c98fad1d1a,Sprint,Sprint Berlin Ruhlebener Str.,Berlin,52.529285,13.20718,2.9,2.289,2.229,2.349,True
2026-08-21T15:45:40+00:00,cebbe420-bcf3-4db8-9099-c52b783e2158,ESSO,Esso Tankstelle,BERLIN,52.549044,13.17897,0,2.309,2.249,2.369,True
2026-08-21T15:45:40+00:00,7347dd32-bfa1-470a-a6ee-2a2c95ad9af5,ARAL,Aral Tankstelle,Berlin,52.542747,13.199304,1.5,2.339,2.279,2.389,True
2026-08-21T15:45:40+00:00,9f07b69b-4b15-4852-9c60-5d293c6cadc5,Sprint,Sprint Berlin Seegefelder Str.,Berlin,52.536163,13.191189,1.6,2.289,2.229,2.349,True
2026-08-21T15:45:40+00:00,005056ba-7cb6-1ed2-bceb-641db1c24d1d,STAR,star Tankstelle,Berlin,52.534388,13.184014,1.7,2.299,2.239,2.359,True
2026-08-21T15:45:40+00:00,51d4b471-a095-1aa0-e100-80009459e03a,JET,JET BERLIN BRUNSBUETTELER DAMM 87-89,BERLIN,52.53379,13.18503,1.7,2.289,2.229,2.349,True
2026-08-21T15:45:40+00:00,d590310c-e209-46b2-bfe7-dacc6148e1f1,TotalEnergies,TotalEnergies Berlin,Berlin,52.55424,13.207408,2,2.309,2.249,2.369,True
2026-08-21T15:45:40+00:00,5d8c8a4c-bce7-4d28-ae12-0d61a971c5cc,Shell,Shell Berlin Streitstr. 19,Berlin,52.558899,13.208409,2.3,2.319,2.259,2.379,True
2026-08-21T15:45:40+00:00,057827cd-6583-4a3a-a461-f8546073fd02,SUN,Sun Klosterstr.,Berlin,52.52943,13.19517,2.4,2.299,2.239,2.359,True
2026-08-21T15:45:40+00:00,905d4775-754e-4b38-baca-89c98fad1d1a,Sprint,Sprint Berlin Ruhlebener Str.,Berlin,52.529285,13.20718,2.9,2.289,2.229,2.349,True
2026-08-21T15:47:11+00:00,cebbe420-bcf3-4db8-9099-c52b783e2158,ESSO,Esso Tankstelle,BERLIN,52.549044,13.17897,0,2.309,2.249,2.369,True
2026-08-21T15:47:11+00:00,7347dd32-bfa1-470a-a6ee-2a2c95ad9af5,ARAL,Aral Tankstelle,Berlin,52.542747,13.199304,1.5,2.339,2.279,2.389,True
2026-08-21T15:47:11+00:00,9f07b69b-4b15-4852-9c60-5d293c6cadc5,Sprint,Sprint Berlin Seegefelder Str.,Berlin,52.536163,13.191189,1.6,2.289,2.229,2.349,True
2026-08-21T15:47:11+00:00,005056ba-7cb6-1ed2-bceb-641db1c24d1d,STAR,star Tankstelle,Berlin,52.534388,13.184014,1.7,2.299,2.239,2.359,True
2026-08-21T15:47:11+00:00,51d4b471-a095-1aa0-e100-80009459e03a,JET,JET BERLIN BRUNSBUETTELER DAMM 87-89,BERLIN,52.53379,13.18503,1.7,2.289,2.229,2.349,True
2026-08-21T15:47:11+00:00,d590310c-e209-46b2-bfe7-dacc6148e1f1,TotalEnergies,TotalEnergies Berlin,Berlin,52.55424,13.207408,2,2.309,2.249,2.369,True
2026-08-21T15:47:11+00:00,5d8c8a4c-bce7-4d28-ae12-0d61a971c5cc,Shell,Shell Berlin Streitstr. 19,Berlin,52.558899,13.208409,2.3,2.319,2.259,2.379,True
2026-08-21T15:47:11+00:00,057827cd-6583-4a3a-a461-f8546073fd02,SUN,Sun Klosterstr.,Berlin,52.52943,13.19517,2.4,2.299,2.239,2.359,True
2026-08-21T15:47:11+00:00,905d4775-754e-4b38-baca-89c98fad1d1a,Sprint,Sprint Berlin Ruhlebener Str.,Berlin,52.529285,13.20718,2.9,2.289,2.229,2.349,True
2026-08-21T15:48:43+00:00,cebbe420-bcf3-4db8-9099-c52b783e2158,ESSO,Esso Tankstelle,BERLIN,52.549044,13.17897,0,2.309,2.249,2.369,True
2026-08-21T15:48:43+00:00,7347dd32-bfa1-470a-a6ee-2a2c95ad9af5,ARAL,Aral Tankstelle,Berlin,52.542747,13.199304,1.5,2.339,2.279,2.389,True
2026-08-21T15:48:43+00:00,9f07b69b-4b15-4852-9c60-5d293c6cadc5,Sprint,Sprint Berlin Seegefelder Str.,Berlin,52.536163,13.191189,1.6,2.289,2.229,2.349,True
2026-08-21T15:48:43+00:00,005056ba-7cb6-1ed2-bceb-641db1c24d1d,STAR,star Tankstelle,Berlin,52.534388,13.184014,1.7,2.289,2.229,2.349,True
2026-08-21T15:48:43+00:00,51d4b471-a095-1aa0-e100-80009459e03a,JET,JET BERLIN BRUNSBUETTELER DAMM 87-89,BERLIN,52.53379,13.18503,1.7,2.289,2.229,2.349,True
2026-08-21T15:48:43+00:00,d590310c-e209-46b2-bfe7-dacc6148e1f1,TotalEnergies,TotalEnergies Berlin,Berlin,52.55424,13.207408,2,2.299,2.239,2.359,True
2026-08-21T15:48:43+00:00,5d8c8a4c-bce7-4d28-ae12-0d61a971c5cc,Shell,Shell Berlin Streitstr. 19,Berlin,52.558899,13.208409,2.3,2.309,2.249,2.369,True
2026-08-21T15:48:43+00:00,057827cd-6583-4a3a-a461-f8546073fd02,SUN,Sun Klosterstr.,Berlin,52.52943,13.19517,2.4,2.299,2.229,2.349,True
2026-08-21T15:48:43+00:00,905d4775-754e-4b38-baca-89c98fad1d1a,Sprint,Sprint Berlin Ruhlebener Str.,Berlin,52.529285,13.20718,2.9,2.289,2.229,2.349,True
2026-08-21T15:50:14+00:00,cebbe420-bcf3-4db8-9099-c52b783e2158,ESSO,Esso Tankstelle,BERLIN,52.549044,13.17897,0,2.299,2.239,2.359,True
2026-08-21T15:50:14+00:00,7347dd32-bfa1-470a-a6ee-2a2c95ad9af5,ARAL,Aral Tankstelle,Berlin,52.542747,13.199304,1.5,2.339,2.279,2.389,True
2026-08-21T15:50:14+00:00,9f07b69b-4b15-4852-9c60-5d293c6cadc5,Sprint,Sprint Berlin Seegefelder Str.,Berlin,52.536163,13.191189,1.6,2.289,2.229,2.349,True
2026-08-21T15:50:14+00:00,005056ba-7cb6-1ed2-bceb-641db1c24d1d,STAR,star Tankstelle,Berlin,52.534388,13.184014,1.7,2.289,2.229,2.349,True
2026-08-21T15:50:14+00:00,51d4b471-a095-1aa0-e100-80009459e03a,JET,JET BERLIN BRUNSBUETTELER DAMM 87-89,BERLIN,52.53379,13.18503,1.7,2.289,2.229,2.349,True
2026-08-21T15:50:14+00:00,d590310c-e209-46b2-bfe7-dacc6148e1f1,TotalEnergies,TotalEnergies Berlin,Berlin,52.55424,13.207408,2,2.299,2.239,2.359,True
2026-08-21T15:50:14+00:00,5d8c8a4c-bce7-4d28-ae12-0d61a971c5cc,Shell,Shell Berlin Streitstr. 19,Berlin,52.558899,13.208409,2.3,2.309,2.249,2.369,True
2026-08-21T15:50:14+00:00,057827cd-6583-4a3a-a461-f8546073fd02,SUN,Sun Klosterstr.,Berlin,52.52943,13.19517,2.4,2.289,2.229,2.349,True
2026-08-21T15:50:14+00:00,905d4775-754e-4b38-baca-89c98fad1d1a,Sprint,Sprint Berlin Ruhlebener Str.,Berlin,52.529285,13.20718,2.9,2.289,2.229,2.349,True
2026-08-21T15:51:45+00:00,cebbe420-bcf3-4db8-9099-c52b783e2158,ESSO,Esso Tankstelle,BERLIN,52.549044,13.17897,0,2.299,2.239,2.359,True
2026-08-21T15:51:45+00:00,7347dd32-bfa1-470a-a6ee-2a2c95ad9af5,ARAL,Aral Tankstelle,Berlin,52.542747,13.199304,1.5,2.339,2.279,2.389,True
2026-08-21T15:51:45+00:00,9f07b69b-4b15-4852-9c60-5d293c6cadc5,Sprint,Sprint Berlin Seegefelder Str.,Berlin,52.536163,13.191189,1.6,2.289,2.229,2.349,True
2026-08-21T15:51:45+00:00,005056ba-7cb6-1ed2-bceb-641db1c24d1d,STAR,star Tankstelle,Berlin,52.534388,13.184014,1.7,2.289,2.229,2.349,True
2026-08-21T15:51:45+00:00,51d4b471-a095-1aa0-e100-80009459e03a,JET,JET BERLIN BRUNSBUETTELER DAMM 87-89,BERLIN,52.53379,13.18503,1.7,2.289,2.229,2.349,True
2026-08-21T15:51:45+00:00,d590310c-e209-46b2-bfe7-dacc6148e1f1,TotalEnergies,TotalEnergies Berlin,Berlin,52.55424,13.207408,2,2.299,2.239,2.359,True
2026-08-21T15:51:45+00:00,5d8c8a4c-bce7-4d28-ae12-0d61a971c5cc,Shell,Shell Berlin Streitstr. 19,Berlin,52.558899,13.208409,2.3,2.309,2.249,2.369,True
2026-08-21T15:51:45+00:00,057827cd-6583-4a3a-a461-f8546073fd02,SUN,Sun Klosterstr.,Berlin,52.52943,13.19517,2.4,2.289,2.229,2.349,True
2026-08-21T15:51:45+00:00,905d4775-754e-4b38-baca-89c98fad1d1a,Sprint,Sprint Berlin Ruhlebener Str.,Berlin,52.529285,13.20718,2.9,2.289,2.229,2.349,True
2026-08-21T15:53:16+00:00,cebbe420-bcf3-4db8-9099-c52b783e2158,ESSO,Esso Tankstelle,BERLIN,52.549044,13.17897,0,2.299,2.239,2.359,True
2026-08-21T15:53:16+00:00,7347dd32-bfa1-470a-a6ee-2a2c95ad9af5,ARAL,Aral Tankstelle,Berlin,52.542747,13.199304,1.5,2.339,2.279,2.389,True
2026-08-21T15:53:16+00:00,9f07b69b-4b15-4852-9c60-5d293c6cadc5,Sprint,Sprint Berlin Seegefelder Str.,Berlin,52.536163,13.191189,1.6,2.289,2.229,2.349,True
2026-08-21T15:53:16+00:00,005056ba-7cb6-1ed2-bceb-641db1c24d1d,STAR,star Tankstelle,Berlin,52.534388,13.184014,1.7,2.289,2.229,2.349,True
2026-08-21T15:53:16+00:00,51d4b471-a095-1aa0-e100-80009459e03a,JET,JET BERLIN BRUNSBUETTELER DAMM 87-89,BERLIN,52.53379,13.18503,1.7,2.289,2.229,2.349,True
2026-08-21T15:53:16+00:00,d590310c-e209-46b2-bfe7-dacc6148e1f1,TotalEnergies,TotalEnergies Berlin,Berlin,52.55424,13.207408,2,2.299,2.239,2.359,True
2026-08-21T15:53:16+00:00,5d8c8a4c-bce7-4d28-ae12-0d61a971c5cc,Shell,Shell Berlin Streitstr. 19,Berlin,52.558899,13.208409,2.3,2.309,2.249,2.369,True
2026-08-21T15:53:16+00:00,057827cd-6583-4a3a-a461-f8546073fd02,SUN,Sun Klosterstr.,Berlin,52.52943,13.19517,2.4,2.289,2.229,2.349,True
2026-08-21T15:53:16+00:00,905d4775-754e-4b38-baca-89c98fad1d1a,Sprint,Sprint Berlin Ruhlebener Str.,Berlin,52.529285,13.20718,2.9,2.289,2.229,2.349,True
2026-08-21T15:54:47+00:00,cebbe420-bcf3-4db8-9099-c52b783e2158,ESSO,Esso Tankstelle,BERLIN,52.549044,13.17897,0,2.299,2.239,2.359,True
2026-08-21T15:54:47+00:00,7347dd32-bfa1-470a-a6ee-2a2c95ad9af5,ARAL,Aral Tankstelle,Berlin,52.542747,13.199304,1.5,2.339,2.279,2.389,True
2026-08-21T15:54:47+00:00,9f07b69b-4b15-4852-9c60-5d293c6cadc5,Sprint,Sprint Berlin Seegefelder Str.,Berlin,52.536163,13.191189,1.6,2.289,2.229,2.349,True
2026-08-21T15:54:47+00:00,005056ba-7cb6-1ed2-bceb-641db1c24d1d,STAR,star Tankstelle,Berlin,52.534388,13.184014,1.7,2.289,2.229,2.349,True
2026-08-21T15:54:47+00:00,51d4b471-a095-1aa0-e100-80009459e03a,JET,JET BERLIN BRUNSBUETTELER DAMM 87-89,BERLIN,52.53379,13.18503,1.7,2.289,2.229,2.349,True
2026-08-21T15:54:47+00:00,d590310c-e209-46b2-bfe7-dacc6148e1f1,TotalEnergies,TotalEnergies Berlin,Berlin,52.55424,13.207408,2,2.299,2.239,2.359,True
2026-08-21T15:54:47+00:00,5d8c8a4c-bce7-4d28-ae12-0d61a971c5cc,Shell,Shell Berlin Streitstr. 19,Berlin,52.558899,13.208409,2.3,2.309,2.249,2.369,True
2026-08-21T15:54:47+00:00,057827cd-6583-4a3a-a461-f8546073fd02,SUN,Sun Klosterstr.,Berlin,52.52943,13.19517,2.4,2.289,2.229,2.349,True
2026-08-21T15:54:47+00:00,905d4775-754e-4b38-baca-89c98fad1d1a,Sprint,Sprint Berlin Ruhlebener Str.,Berlin,52.529285,13.20718,2.9,2.289,2.229,2.349,True
2026-08-21T15:56:18+00:00,cebbe420-bcf3-4db8-9099-c52b783e2158,ESSO,Esso Tankstelle,BERLIN,52.549044,13.17897,0,2.299,2.239,2.359,True
2026-08-21T15:56:18+00:00,7347dd32-bfa1-470a-a6ee-2a2c95ad9af5,ARAL,Aral Tankstelle,Berlin,52.542747,13.199304,1.5,2.339,2.279,2.389,True
2026-08-21T15:56:18+00:00,9f07b69b-4b15-4852-9c60-5d293c6cadc5,Sprint,Sprint Berlin Seegefelder Str.,Berlin,52.536163,13.191189,1.6,2.289,2.229,2.349,True
2026-08-21T15:56:18+00:00,005056ba-7cb6-1ed2-bceb-641db1c24d1d,STAR,star Tankstelle,Berlin,52.534388,13.184014,1.7,2.289,2.229,2.349,True
2026-08-21T15:56:18+00:00,51d4b471-a095-1aa0-e100-80009459e03a,JET,JET BERLIN BRUNSBUETTELER DAMM 87-89,BERLIN,52.53379,13.18503,1.7,2.289,2.229,2.349,True
2026-08-21T15:56:18+00:00,d590310c-e209-46b2-bfe7-dacc6148e1f1,TotalEnergies,TotalEnergies Berlin,Berlin,52.55424,13.207408,2,2.299,2.239,2.359,True
2026-08-21T15:56:18+00:00,5d8c8a4c-bce7-4d28-ae12-0d61a971c5cc,Shell,Shell Berlin Streitstr. 19,Berlin,52.558899,13.208409,2.3,2.309,2.249,2.369,True
2026-08-21T15:56:18+00:00,057827cd-6583-4a3a-a461-f8546073fd02,SUN,Sun Klosterstr.,Berlin,52.52943,13.19517,2.4,2.289,2.229,2.349,True
2026-08-21T15:56:18+00:00,905d4775-754e-4b38-baca-89c98fad1d1a,Sprint,Sprint Berlin Ruhlebener Str.,Berlin,52.529285,13.20718,2.9,2.289,2.229,2.349,True
2026-08-21T15:57:48+00:00,cebbe420-bcf3-4db8-9099-c52b783e2158,ESSO,Esso Tankstelle,BERLIN,52.549044,13.17897,0,2.299,2.239,2.359,True
2026-08-21T15:57:48+00:00,7347dd32-bfa1-470a-a6ee-2a2c95ad9af5,ARAL,Aral Tankstelle,Berlin,52.542747,13.199304,1.5,2.339,2.279,2.389,True
2026-08-21T15:57:48+00:00,9f07b69b-4b15-4852-9c60-5d293c6cadc5,Sprint,Sprint Berlin Seegefelder Str.,Berlin,52.536163,13.191189,1.6,2.289,2.229,2.349,True
2026-08-21T15:57:48+00:00,005056ba-7cb6-1ed2-bceb-641db1c24d1d,STAR,star Tankstelle,Berlin,52.534388,13.184014,1.7,2.289,2.229,2.349,True
2026-08-21T15:57:48+00:00,51d4b471-a095-1aa0-e100-80009459e03a,JET,JET BERLIN BRUNSBUETTELER DAMM 87-89,BERLIN,52.53379,13.18503,1.7,2.289,2.229,2.349,True
2026-08-21T15:57:48+00:00,d590310c-e209-46b2-bfe7-dacc6148e1f1,TotalEnergies,TotalEnergies Berlin,Berlin,52.55424,13.207408,2,2.299,2.239,2.359,True
2026-08-21T15:57:48+00:00,5d8c8a4c-bce7-4d28-ae12-0d61a971c5cc,Shell,Shell Berlin Streitstr. 19,Berlin,52.558899,13.208409,2.3,2.309,2.249,2.369,True
2026-08-21T15:57:48+00:00,057827cd-6583-4a3a-a461-f8546073fd02,SUN,Sun Klosterstr.,Berlin,52.52943,13.19517,2.4,2.289,2.229,2.349,True
2026-08-21T15:57:48+00:00,905d4775-754e-4b38-baca-89c98fad1d1a,Sprint,Sprint Berlin Ruhlebener Str.,Berlin,52.529285,13.20718,2.9,2.289,2.229,2.349,True
2026-08-21T15:59:19+00:00,cebbe420-bcf3-4db8-9099-c52b783e2158,ESSO,Esso Tankstelle,BERLIN,52.549044,13.17897,0,2.299,2.239,2.359,True
2026-08-21T15:59:19+00:00,7347dd32-bfa1-470a-a6ee-2a2c95ad9af5,ARAL,Aral Tankstelle,Berlin,52.542747,13.199304,1.5,2.339,2.279,2.389,True
2026-08-21T15:59:19+00:00,9f07b69b-4b15-4852-9c60-5d293c6cadc5,Sprint,Sprint Berlin Seegefelder Str.,Berlin,52.536163,13.191189,1.6,2.289,2.229,2.349,True
2026-08-21T15:59:19+00:00,005056ba-7cb6-1ed2-bceb-641db1c24d1d,STAR,star Tankstelle,Berlin,52.534388,13.184014,1.7,2.289,2.229,2.349,True
2026-08-21T15:59:19+00:00,51d4b471-a095-1aa0-e100-80009459e03a,JET,JET BERLIN BRUNSBUETTELER DAMM 87-89,BERLIN,52.53379,13.18503,1.7,2.289,2.229,2.349,True
2026-08-21T15:59:19+00:00,d590310c-e209-46b2-bfe7-dacc6148e1f1,TotalEnergies,TotalEnergies Berlin,Berlin,52.55424,13.207408,2,2.299,2.239,2.359,True
2026-08-21T15:59:19+00:00,5d8c8a4c-bce7-4d28-ae12-0d61a971c5cc,Shell,Shell Berlin Streitstr. 19,Berlin,52.558899,13.208409,2.3,2.309,2.249,2.369,True
2026-08-21T15:59:19+00:00,057827cd-6583-4a3a-a461-f8546073fd02,SUN,Sun Klosterstr.,Berlin,52.52943,13.19517,2.4,2.289,2.229,2.349,True
2026-08-21T15:59:19+00:00,905d4775-754e-4b38-baca-89c98fad1d1a,Sprint,Sprint Berlin Ruhlebener Str.,Berlin,52.529285,13.20718,2.9,2.289,2.229,2.349,True
2026-08-21T16:00:50+00:00,cebbe420-bcf3-4db8-9099-c52b783e2158,ESSO,Esso Tankstelle,BERLIN,52.549044,13.17897,0,2.299,2.239,2.359,True
2026-08-21T16:00:50+00:00,7347dd32-bfa1-470a-a6ee-2a2c95ad9af5,ARAL,Aral Tankstelle,Berlin,52.542747,13.199304,1.5,2.339,2.279,2.389,True
2026-08-21T16:00:50+00:00,9f07b69b-4b15-4852-9c60-5d293c6cadc5,Sprint,Sprint Berlin Seegefelder Str.,Berlin,52.536163,13.191189,1.6,2.289,2.229,2.349,True
2026-08-21T16:00:50+00:00,005056ba-7cb6-1ed2-bceb-641db1c24d1d,STAR,star Tankstelle,Berlin,52.534388,13.184014,1.7,2.289,2.229,2.349,True
2026-08-21T16:00:50+00:00,51d4b471-a095-1aa0-e100-80009459e03a,JET,JET BERLIN BRUNSBUETTELER DAMM 87-89,BERLIN,52.53379,13.18503,1.7,2.259,2.199,2.329,True
2026-08-21T16:00:50+00:00,d590310c-e209-46b2-bfe7-dacc6148e1f1,TotalEnergies,TotalEnergies Berlin,Berlin,52.55424,13.207408,2,2.299,2.239,2.359,True
2026-08-21T16:00:50+00:00,5d8c8a4c-bce7-4d28-ae12-0d61a971c5cc,Shell,Shell Berlin Streitstr. 19,Berlin,52.558899,13.208409,2.3,2.309,2.249,2.369,True
2026-08-21T16:00:50+00:00,057827cd-6583-4a3a-a461-f8546073fd02,SUN,Sun Klosterstr.,Berlin,52.52943,13.19517,2.4,2.289,2.229,2.349,True
2026-08-21T16:00:50+00:00,905d4775-754e-4b38-baca-89c98fad1d1a,Sprint,Sprint Berlin Ruhlebener Str.,Berlin,52.529285,13.20718,2.9,2.289,2.229,2.349,True
2026-08-21T16:02:21+00:00,cebbe420-bcf3-4db8-9099-c52b783e2158,ESSO,Esso Tankstelle,BERLIN,52.549044,13.17897,0,2.299,2.239,2.359,True
2026-08-21T16:02:21+00:00,7347dd32-bfa1-470a-a6ee-2a2c95ad9af5,ARAL,Aral Tankstelle,Berlin,52.542747,13.199304,1.5,2.339,2.279,2.389,True
2026-08-21T16:02:21+00:00,9f07b69b-4b15-4852-9c60-5d293c6cadc5,Sprint,Sprint Berlin Seegefelder Str.,Berlin,52.536163,13.191189,1.6,2.289,2.229,2.349,True
2026-08-21T16:02:21+00:00,005056ba-7cb6-1ed2-bceb-641db1c24d1d,STAR,star Tankstelle,Berlin,52.534388,13.184014,1.7,2.289,2.229,2.349,True
2026-08-21T16:02:21+00:00,51d4b471-a095-1aa0-e100-80009459e03a,JET,JET BERLIN BRUNSBUETTELER DAMM 87-89,BERLIN,52.53379,13.18503,1.7,2.259,2.199,2.329,True
2026-08-21T16:02:21+00:00,d590310c-e209-46b2-bfe7-dacc6148e1f1,TotalEnergies,TotalEnergies Berlin,Berlin,52.55424,13.207408,2,2.299,2.239,2.359,True
2026-08-21T16:02:21+00:00,5d8c8a4c-bce7-4d28-ae12-0d61a971c5cc,Shell,Shell Berlin Streitstr. 19,Berlin,52.558899,13.208409,2.3,2.309,2.249,2.369,True
2026-08-21T16:02:21+00:00,057827cd-6583-4a3a-a461-f8546073fd02,SUN,Sun Klosterstr.,Berlin,52.52943,13.19517,2.4,2.289,2.229,2.349,True
2026-08-21T16:02:21+00:00,905d4775-754e-4b38-baca-89c98fad1d1a,Sprint,Sprint Berlin Ruhlebener Str.,Berlin,52.529285,13.20718,2.9,2.259,2.199,2.329,True
2026-08-21T16:03:52+00:00,cebbe420-bcf3-4db8-9099-c52b783e2158,ESSO,Esso Tankstelle,BERLIN,52.549044,13.17897,0,2.299,2.239,2.359,True
2026-08-21T16:03:52+00:00,7347dd32-bfa1-470a-a6ee-2a2c95ad9af5,ARAL,Aral Tankstelle,Berlin,52.542747,13.199304,1.5,2.339,2.279,2.389,True
2026-08-21T16:03:52+00:00,9f07b69b-4b15-4852-9c60-5d293c6cadc5,Sprint,Sprint Berlin Seegefelder Str.,Berlin,52.536163,13.191189,1.6,2.259,2.199,2.329,True
2026-08-21T16:03:52+00:00,005056ba-7cb6-1ed2-bceb-641db1c24d1d,STAR,star Tankstelle,Berlin,52.534388,13.184014,1.7,2.289,2.229,2.349,True
2026-08-21T16:03:52+00:00,51d4b471-a095-1aa0-e100-80009459e03a,JET,JET BERLIN BRUNSBUETTELER DAMM 87-89,BERLIN,52.53379,13.18503,1.7,2.259,2.199,2.329,True
2026-08-21T16:03:52+00:00,d590310c-e209-46b2-bfe7-dacc6148e1f1,TotalEnergies,TotalEnergies Berlin,Berlin,52.55424,13.207408,2,2.299,2.239,2.359,True
2026-08-21T16:03:52+00:00,5d8c8a4c-bce7-4d28-ae12-0d61a971c5cc,Shell,Shell Berlin Streitstr. 19,Berlin,52.558899,13.208409,2.3,2.309,2.249,2.369,True
2026-08-21T16:03:52+00:00,057827cd-6583-4a3a-a461-f8546073fd02,SUN,Sun Klosterstr.,Berlin,52.52943,13.19517,2.4,2.289,2.229,2.349,True
2026-08-21T16:03:52+00:00,905d4775-754e-4b38-baca-89c98fad1d1a,Sprint,Sprint Berlin Ruhlebener Str.,Berlin,52.529285,13.20718,2.9,2.259,2.199,2.329,True
2026-08-21T16:05:23+00:00,cebbe420-bcf3-4db8-9099-c52b783e2158,ESSO,Esso Tankstelle,BERLIN,52.549044,13.17897,0,2.299,2.239,2.359,True
2026-08-21T16:05:23+00:00,7347dd32-bfa1-470a-a6ee-2a2c95ad9af5,ARAL,Aral Tankstelle,Berlin,52.542747,13.199304,1.5,2.339,2.279,2.389,True
2026-08-21T16:05:23+00:00,9f07b69b-4b15-4852-9c60-5d293c6cadc5,Sprint,Sprint Berlin Seegefelder Str.,Berlin,52.536163,13.191189,1.6,2.259,2.199,2.329,True
2026-08-21T16:05:23+00:00,005056ba-7cb6-1ed2-bceb-641db1c24d1d,STAR,star Tankstelle,Berlin,52.534388,13.184014,1.7,2.289,2.229,2.349,True
2026-08-21T16:05:23+00:00,51d4b471-a095-1aa0-e100-80009459e03a,JET,JET BERLIN BRUNSBUETTELER DAMM 87-89,BERLIN,52.53379,13.18503,1.7,2.259,2.199,2.329,True
2026-08-21T16:05:23+00:00,d590310c-e209-46b2-bfe7-dacc6148e1f1,TotalEnergies,TotalEnergies Berlin,Berlin,52.55424,13.207408,2,2.299,2.239,2.359,True
2026-08-21T16:05:23+00:00,5d8c8a4c-bce7-4d28-ae12-0d61a971c5cc,Shell,Shell Berlin Streitstr. 19,Berlin,52.558899,13.208409,2.3,2.309,2.249,2.369,True
2026-08-21T16:05:23+00:00,057827cd-6583-4a3a-a461-f8546073fd02,SUN,Sun Klosterstr.,Berlin,52.52943,13.19517,2.4,2.289,2.229,2.349,True
2026-08-21T16:05:23+00:00,905d4775-754e-4b38-baca-89c98fad1d1a,Sprint,Sprint Berlin Ruhlebener Str.,Berlin,52.529285,13.20718,2.9,2.259,2.199,2.329,True
2026-08-21T16:06:54+00:00,cebbe420-bcf3-4db8-9099-c52b783e2158,ESSO,Esso Tankstelle,BERLIN,52.549044,13.17897,0,2.299,2.239,2.359,True
2026-08-21T16:06:54+00:00,7347dd32-bfa1-470a-a6ee-2a2c95ad9af5,ARAL,Aral Tankstelle,Berlin,52.542747,13.199304,1.5,2.339,2.279,2.389,True
2026-08-21T16:06:54+00:00,9f07b69b-4b15-4852-9c60-5d293c6cadc5,Sprint,Sprint Berlin Seegefelder Str.,Berlin,52.536163,13.191189,1.6,2.259,2.199,2.329,True
2026-08-21T16:06:54+00:00,005056ba-7cb6-1ed2-bceb-641db1c24d1d,STAR,star Tankstelle,Berlin,52.534388,13.184014,1.7,2.289,2.229,2.349,True
2026-08-21T16:06:54+00:00,51d4b471-a095-1aa0-e100-80009459e03a,JET,JET BERLIN BRUNSBUETTELER DAMM 87-89,BERLIN,52.53379,13.18503,1.7,2.259,2.199,2.329,True
2026-08-21T16:06:54+00:00,d590310c-e209-46b2-bfe7-dacc6148e1f1,TotalEnergies,TotalEnergies Berlin,Berlin,52.55424,13.207408,2,2.299,2.239,2.359,True
2026-08-21T16:06:54+00:00,5d8c8a4c-bce7-4d28-ae12-0d61a971c5cc,Shell,Shell Berlin Streitstr. 19,Berlin,52.558899,13.208409,2.3,2.309,2.249,2.369,True
2026-08-21T16:06:54+00:00,057827cd-6583-4a3a-a461-f8546073fd02,SUN,Sun Klosterstr.,Berlin,52.52943,13.19517,2.4,2.289,2.229,2.349,True
2026-08-21T16:06:54+00:00,905d4775-754e-4b38-baca-89c98fad1d1a,Sprint,Sprint Berlin Ruhlebener Str.,Berlin,52.529285,13.20718,2.9,2.259,2.199,2.329,True
2026-08-21T16:08:25+00:00,cebbe420-bcf3-4db8-9099-c52b783e2158,ESSO,Esso Tankstelle,BERLIN,52.549044,13.17897,0,2.299,2.239,2.359,True
2026-08-21T16:08:25+00:00,7347dd32-bfa1-470a-a6ee-2a2c95ad9af5,ARAL,Aral Tankstelle,Berlin,52.542747,13.199304,1.5,2.339,2.279,2.389,True
2026-08-21T16:08:25+00:00,9f07b69b-4b15-4852-9c60-5d293c6cadc5,Sprint,Sprint Berlin Seegefelder Str.,Berlin,52.536163,13.191189,1.6,2.259,2.199,2.329,True
2026-08-21T16:08:25+00:00,005056ba-7cb6-1ed2-bceb-641db1c24d1d,STAR,star Tankstelle,Berlin,52.534388,13.184014,1.7,2.289,2.229,2.349,True
2026-08-21T16:08:25+00:00,51d4b471-a095-1aa0-e100-80009459e03a,JET,JET BERLIN BRUNSBUETTELER DAMM 87-89,BERLIN,52.53379,13.18503,1.7,2.259,2.199,2.329,True
2026-08-21T16:08:25+00:00,d590310c-e209-46b2-bfe7-dacc6148e1f1,TotalEnergies,TotalEnergies Berlin,Berlin,52.55424,13.207408,2,2.299,2.239,2.359,True
2026-08-21T16:08:25+00:00,5d8c8a4c-bce7-4d28-ae12-0d61a971c5cc,Shell,Shell Berlin Streitstr. 19,Berlin,52.558899,13.208409,2.3,2.309,2.249,2.369,True
2026-08-21T16:08:25+00:00,057827cd-6583-4a3a-a461-f8546073fd02,SUN,Sun Klosterstr.,Berlin,52.52943,13.19517,2.4,2.289,2.229,2.349,True
2026-08-21T16:08:25+00:00,905d4775-754e-4b38-baca-89c98fad1d1a,Sprint,Sprint Berlin Ruhlebener Str.,Berlin,52.529285,13.20718,2.9,2.259,2.199,2.329,True
2026-08-21T16:09:56+00:00,cebbe420-bcf3-4db8-9099-c52b783e2158,ESSO,Esso Tankstelle,BERLIN,52.549044,13.17897,0,2.269,2.209,2.339,True
2026-08-21T16:09:56+00:00,7347dd32-bfa1-470a-a6ee-2a2c95ad9af5,ARAL,Aral Tankstelle,Berlin,52.542747,13.199304,1.5,2.289,2.229,2.339,True
2026-08-21T16:09:56+00:00,9f07b69b-4b15-4852-9c60-5d293c6cadc5,Sprint,Sprint Berlin Seegefelder Str.,Berlin,52.536163,13.191189,1.6,2.259,2.199,2.329,True
2026-08-21T16:09:56+00:00,005056ba-7cb6-1ed2-bceb-641db1c24d1d,STAR,star Tankstelle,Berlin,52.534388,13.184014,1.7,2.289,2.229,2.349,True
2026-08-21T16:09:56+00:00,51d4b471-a095-1aa0-e100-80009459e03a,JET,JET BERLIN BRUNSBUETTELER DAMM 87-89,BERLIN,52.53379,13.18503,1.7,2.259,2.199,2.329,True
2026-08-21T16:09:56+00:00,d590310c-e209-46b2-bfe7-dacc6148e1f1,TotalEnergies,TotalEnergies Berlin,Berlin,52.55424,13.207408,2,2.269,2.209,2.339,True
2026-08-21T16:09:56+00:00,5d8c8a4c-bce7-4d28-ae12-0d61a971c5cc,Shell,Shell Berlin Streitstr. 19,Berlin,52.558899,13.208409,2.3,2.299,2.239,2.359,True
2026-08-21T16:09:56+00:00,057827cd-6583-4a3a-a461-f8546073fd02,SUN,Sun Klosterstr.,Berlin,52.52943,13.19517,2.4,2.259,2.199,2.329,True
2026-08-21T16:09:56+00:00,905d4775-754e-4b38-baca-89c98fad1d1a,Sprint,Sprint Berlin Ruhlebener Str.,Berlin,52.529285,13.20718,2.9,2.259,2.199,2.329,True
2026-08-21T16:11:27+00:00,cebbe420-bcf3-4db8-9099-c52b783e2158,ESSO,Esso Tankstelle,BERLIN,52.549044,13.17897,0,2.269,2.209,2.339,True
2026-08-21T16:11:27+00:00,7347dd32-bfa1-470a-a6ee-2a2c95ad9af5,ARAL,Aral Tankstelle,Berlin,52.542747,13.199304,1.5,2.289,2.229,2.339,True
2026-08-21T16:11:27+00:00,9f07b69b-4b15-4852-9c60-5d293c6cadc5,Sprint,Sprint Berlin Seegefelder Str.,Berlin,52.536163,13.191189,1.6,2.259,2.199,2.329,True
2026-08-21T16:11:27+00:00,005056ba-7cb6-1ed2-bceb-641db1c24d1d,STAR,star Tankstelle,Berlin,52.534388,13.184014,1.7,2.289,2.229,2.349,True
2026-08-21T16:11:27+00:00,51d4b471-a095-1aa0-e100-80009459e03a,JET,JET BERLIN BRUNSBUETTELER DAMM 87-89,BERLIN,52.53379,13.18503,1.7,2.259,2.199,2.329,True
2026-08-21T16:11:27+00:00,d590310c-e209-46b2-bfe7-dacc6148e1f1,TotalEnergies,TotalEnergies Berlin,Berlin,52.55424,13.207408,2,2.269,2.209,2.339,True
2026-08-21T16:11:27+00:00,5d8c8a4c-bce7-4d28-ae12-0d61a971c5cc,Shell,Shell Berlin Streitstr. 19,Berlin,52.558899,13.208409,2.3,2.299,2.239,2.359,True
2026-08-21T16:11:27+00:00,057827cd-6583-4a3a-a461-f8546073fd02,SUN,Sun Klosterstr.,Berlin,52.52943,13.19517,2.4,2.259,2.199,2.329,True
2026-08-21T16:11:27+00:00,905d4775-754e-4b38-baca-89c98fad1d1a,Sprint,Sprint Berlin Ruhlebener Str.,Berlin,52.529285,13.20718,2.9,2.259,2.199,2.329,True
2026-08-21T16:12:58+00:00,cebbe420-bcf3-4db8-9099-c52b783e2158,ESSO,Esso Tankstelle,BERLIN,52.549044,13.17897,0,2.269,2.209,2.339,True
2026-08-21T16:12:58+00:00,7347dd32-bfa1-470a-a6ee-2a2c95ad9af5,ARAL,Aral Tankstelle,Berlin,52.542747,13.199304,1.5,2.289,2.229,2.339,True
2026-08-21T16:12:58+00:00,9f07b69b-4b15-4852-9c60-5d293c6cadc5,Sprint,Sprint Berlin Seegefelder Str.,Berlin,52.536163,13.191189,1.6,2.259,2.199,2.329,True
2026-08-21T16:12:58+00:00,005056ba-7cb6-1ed2-bceb-641db1c24d1d,STAR,star Tankstelle,Berlin,52.534388,13.184014,1.7,2.289,2.229,2.349,True
2026-08-21T16:12:58+00:00,51d4b471-a095-1aa0-e100-80009459e03a,JET,JET BERLIN BRUNSBUETTELER DAMM 87-89,BERLIN,52.53379,13.18503,1.7,2.259,2.199,2.329,True
2026-08-21T16:12:58+00:00,d590310c-e209-46b2-bfe7-dacc6148e1f1,TotalEnergies,TotalEnergies Berlin,Berlin,52.55424,13.207408,2,2.269,2.209,2.339,True
2026-08-21T16:12:58+00:00,5d8c8a4c-bce7-4d28-ae12-0d61a971c5cc,Shell,Shell Berlin Streitstr. 19,Berlin,52.558899,13.208409,2.3,2.299,2.239,2.359,True
2026-08-21T16:12:58+00:00,057827cd-6583-4a3a-a461-f8546073fd02,SUN,Sun Klosterstr.,Berlin,52.52943,13.19517,2.4,2.259,2.199,2.329,True
2026-08-21T16:12:58+00:00,905d4775-754e-4b38-baca-89c98fad1d1a,Sprint,Sprint Berlin Ruhlebener Str.,Berlin,52.529285,13.20718,2.9,2.259,2.199,2.329,True
2026-08-21T16:14:29+00:00,cebbe420-bcf3-4db8-9099-c52b783e2158,ESSO,Esso Tankstelle,BERLIN,52.549044,13.17897,0,2.269,2.209,2.339,True
2026-08-21T16:14:29+00:00,7347dd32-bfa1-470a-a6ee-2a2c95ad9af5,ARAL,Aral Tankstelle,Berlin,52.542747,13.199304,1.5,2.289,2.229,2.339,True
2026-08-21T16:14:29+00:00,9f07b69b-4b15-4852-9c60-5d293c6cadc5,Sprint,Sprint Berlin Seegefelder Str.,Berlin,52.536163,13.191189,1.6,2.259,2.199,2.329,True
2026-08-21T16:14:29+00:00,005056ba-7cb6-1ed2-bceb-641db1c24d1d,STAR,star Tankstelle,Berlin,52.534388,13.184014,1.7,2.259,2.199,2.329,True
2026-08-21T16:14:29+00:00,51d4b471-a095-1aa0-e100-80009459e03a,JET,JET BERLIN BRUNSBUETTELER DAMM 87-89,BERLIN,52.53379,13.18503,1.7,2.259,2.199,2.329,True
2026-08-21T16:14:29+00:00,d590310c-e209-46b2-bfe7-dacc6148e1f1,TotalEnergies,TotalEnergies Berlin,Berlin,52.55424,13.207408,2,2.269,2.209,2.339,True
2026-08-21T16:14:29+00:00,5d8c8a4c-bce7-4d28-ae12-0d61a971c5cc,Shell,Shell Berlin Streitstr. 19,Berlin,52.558899,13.208409,2.3,2.299,2.239,2.359,True
2026-08-21T16:14:29+00:00,057827cd-6583-4a3a-a461-f8546073fd02,SUN,Sun Klosterstr.,Berlin,52.52943,13.19517,2.4,2.259,2.199,2.329,True
2026-08-21T16:14:29+00:00,905d4775-754e-4b38-baca-89c98fad1d1a,Sprint,Sprint Berlin Ruhlebener Str.,Berlin,52.529285,13.20718,2.9,2.259,2.199,2.329,True
2026-08-21T16:16:00+00:00,cebbe420-bcf3-4db8-9099-c52b783e2158,ESSO,Esso Tankstelle,BERLIN,52.549044,13.17897,0,2.269,2.209,2.339,True
2026-08-21T16:16:00+00:00,7347dd32-bfa1-470a-a6ee-2a2c95ad9af5,ARAL,Aral Tankstelle,Berlin,52.542747,13.199304,1.5,2.289,2.229,2.339,True
2026-08-21T16:16:00+00:00,9f07b69b-4b15-4852-9c60-5d293c6cadc5,Sprint,Sprint Berlin Seegefelder Str.,Berlin,52.536163,13.191189,1.6,2.259,2.199,2.329,True
2026-08-21T16:16:00+00:00,005056ba-7cb6-1ed2-bceb-641db1c24d1d,STAR,star Tankstelle,Berlin,52.534388,13.184014,1.7,2.259,2.199,2.329,True
2026-08-21T16:16:00+00:00,51d4b471-a095-1aa0-e100-80009459e03a,JET,JET BERLIN BRUNSBUETTELER DAMM 87-89,BERLIN,52.53379,13.18503,1.7,2.259,2.199,2.329,True
2026-08-21T16:16:00+00:00,d590310c-e209-46b2-bfe7-dacc6148e1f1,TotalEnergies,TotalEnergies Berlin,Berlin,52.55424,13.207408,2,2.269,2.209,2.339,True
2026-08-21T16:16:00+00:00,5d8c8a4c-bce7-4d28-ae12-0d61a971c5cc,Shell,Shell Berlin Streitstr. 19,Berlin,52.558899,13.208409,2.3,2.299,2.239,2.359,True
2026-08-21T16:16:00+00:00,057827cd-6583-4a3a-a461-f8546073fd02,SUN,Sun Klosterstr.,Berlin,52.52943,13.19517,2.4,2.259,2.199,2.329,True
2026-08-21T16:16:00+00:00,905d4775-754e-4b38-baca-89c98fad1d1a,Sprint,Sprint Berlin Ruhlebener Str.,Berlin,52.529285,13.20718,2.9,2.259,2.199,2.329,True
2026-08-21T16:17:31+00:00,cebbe420-bcf3-4db8-9099-c52b783e2158,ESSO,Esso Tankstelle,BERLIN,52.549044,13.17897,0,2.269,2.209,2.339,True
2026-08-21T16:17:31+00:00,7347dd32-bfa1-470a-a6ee-2a2c95ad9af5,ARAL,Aral Tankstelle,Berlin,52.542747,13.199304,1.5,2.289,2.229,2.339,True
2026-08-21T16:17:31+00:00,9f07b69b-4b15-4852-9c60-5d293c6cadc5,Sprint,Sprint Berlin Seegefelder Str.,Berlin,52.536163,13.191189,1.6,2.259,2.199,2.329,True
2026-08-21T16:17:31+00:00,005056ba-7cb6-1ed2-bceb-641db1c24d1d,STAR,star Tankstelle,Berlin,52.534388,13.184014,1.7,2.259,2.199,2.329,True
2026-08-21T16:17:31+00:00,51d4b471-a095-1aa0-e100-80009459e03a,JET,JET BERLIN BRUNSBUETTELER DAMM 87-89,BERLIN,52.53379,13.18503,1.7,2.259,2.199,2.329,True
2026-08-21T16:17:31+00:00,d590310c-e209-46b2-bfe7-dacc6148e1f1,TotalEnergies,TotalEnergies Berlin,Berlin,52.55424,13.207408,2,2.269,2.209,2.339,True
2026-08-21T16:17:31+00:00,5d8c8a4c-bce7-4d28-ae12-0d61a971c5cc,Shell,Shell Berlin Streitstr. 19,Berlin,52.558899,13.208409,2.3,2.299,2.239,2.359,True
2026-08-21T16:17:31+00:00,057827cd-6583-4a3a-a461-f8546073fd02,SUN,Sun Klosterstr.,Berlin,52.52943,13.19517,2.4,2.259,2.199,2.329,True
2026-08-21T16:17:31+00:00,905d4775-754e-4b38-baca-89c98fad1d1a,Sprint,Sprint Berlin Ruhlebener Str.,Berlin,52.529285,13.20718,2.9,2.259,2.199,2.329,True
2026-08-21T16:19:02+00:00,cebbe420-bcf3-4db8-9099-c52b783e2158,ESSO,Esso Tankstelle,BERLIN,52.549044,13.17897,0,2.269,2.209,2.339,True
2026-08-21T16:19:02+00:00,7347dd32-bfa1-470a-a6ee-2a2c95ad9af5,ARAL,Aral Tankstelle,Berlin,52.542747,13.199304,1.5,2.289,2.229,2.339,True
2026-08-21T16:19:02+00:00,9f07b69b-4b15-4852-9c60-5d293c6cadc5,Sprint,Sprint Berlin Seegefelder Str.,Berlin,52.536163,13.191189,1.6,2.259,2.199,2.329,True
2026-08-21T16:19:02+00:00,005056ba-7cb6-1ed2-bceb-641db1c24d1d,STAR,star Tankstelle,Berlin,52.534388,13.184014,1.7,2.259,2.199,2.329,True
2026-08-21T16:19:02+00:00,51d4b471-a095-1aa0-e100-80009459e03a,JET,JET BERLIN BRUNSBUETTELER DAMM 87-89,BERLIN,52.53379,13.18503,1.7,2.259,2.199,2.329,True
2026-08-21T16:19:02+00:00,d590310c-e209-46b2-bfe7-dacc6148e1f1,TotalEnergies,TotalEnergies Berlin,Berlin,52.55424,13.207408,2,2.269,2.209,2.339,True
2026-08-21T16:19:02+00:00,5d8c8a4c-bce7-4d28-ae12-0d61a971c5cc,Shell,Shell Berlin Streitstr. 19,Berlin,52.558899,13.208409,2.3,2.299,2.239,2.359,True
2026-08-21T16:19:02+00:00,057827cd-6583-4a3a-a461-f8546073fd02,SUN,Sun Klosterstr.,Berlin,52.52943,13.19517,2.4,2.259,2.199,2.329,True
2026-08-21T16:19:02+00:00,905d4775-754e-4b38-baca-89c98fad1d1a,Sprint,Sprint Berlin Ruhlebener Str.,Berlin,52.529285,13.20718,2.9,2.259,2.199,2.329,True
2026-08-21T16:20:33+00:00,cebbe420-bcf3-4db8-9099-c52b783e2158,ESSO,Esso Tankstelle,BERLIN,52.549044,13.17897,0,2.269,2.209,2.339,True
2026-08-21T16:20:33+00:00,7347dd32-bfa1-470a-a6ee-2a2c95ad9af5,ARAL,Aral Tankstelle,Berlin,52.542747,13.199304,1.5,2.289,2.229,2.339,True
2026-08-21T16:20:33+00:00,9f07b69b-4b15-4852-9c60-5d293c6cadc5,Sprint,Sprint Berlin Seegefelder Str.,Berlin,52.536163,13.191189,1.6,2.259,2.199,2.329,True
2026-08-21T16:20:33+00:00,005056ba-7cb6-1ed2-bceb-641db1c24d1d,STAR,star Tankstelle,Berlin,52.534388,13.184014,1.7,2.259,2.199,2.329,True
2026-08-21T16:20:33+00:00,51d4b471-a095-1aa0-e100-80009459e03a,JET,JET BERLIN BRUNSBUETTELER DAMM 87-89,BERLIN,52.53379,13.18503,1.7,2.249,2.189,2.319,True
2026-08-21T16:20:33+00:00,d590310c-e209-46b2-bfe7-dacc6148e1f1,TotalEnergies,TotalEnergies Berlin,Berlin,52.55424,13.207408,2,2.269,2.209,2.339,True
2026-08-21T16:20:33+00:00,5d8c8a4c-bce7-4d28-ae12-0d61a971c5cc,Shell,Shell Berlin Streitstr. 19,Berlin,52.558899,13.208409,2.3,2.299,2.239,2.359,True
2026-08-21T16:20:33+00:00,057827cd-6583-4a3a-a461-f8546073fd02,SUN,Sun Klosterstr.,Berlin,52.52943,13.19517,2.4,2.259,2.199,2.329,True
2026-08-21T16:20:33+00:00,905d4775-754e-4b38-baca-89c98fad1d1a,Sprint,Sprint Berlin Ruhlebener Str.,Berlin,52.529285,13.20718,2.9,2.259,2.199,2.329,True
2026-08-21T16:22:04+00:00,cebbe420-bcf3-4db8-9099-c52b783e2158,ESSO,Esso Tankstelle,BERLIN,52.549044,13.17897,0,2.269,2.209,2.339,True
2026-08-21T16:22:04+00:00,7347dd32-bfa1-470a-a6ee-2a2c95ad9af5,ARAL,Aral Tankstelle,Berlin,52.542747,13.199304,1.5,2.289,2.229,2.339,True
2026-08-21T16:22:04+00:00,9f07b69b-4b15-4852-9c60-5d293c6cadc5,Sprint,Sprint Berlin Seegefelder Str.,Berlin,52.536163,13.191189,1.6,2.259,2.199,2.329,True
2026-08-21T16:22:04+00:00,005056ba-7cb6-1ed2-bceb-641db1c24d1d,STAR,star Tankstelle,Berlin,52.534388,13.184014,1.7,2.259,2.199,2.329,True
2026-08-21T16:22:04+00:00,51d4b471-a095-1aa0-e100-80009459e03a,JET,JET BERLIN BRUNSBUETTELER DAMM 87-89,BERLIN,52.53379,13.18503,1.7,2.249,2.189,2.319,True
2026-08-21T16:22:04+00:00,d590310c-e209-46b2-bfe7-dacc6148e1f1,TotalEnergies,TotalEnergies Berlin,Berlin,52.55424,13.207408,2,2.269,2.209,2.339,True
2026-08-21T16:22:04+00:00,5d8c8a4c-bce7-4d28-ae12-0d61a971c5cc,Shell,Shell Berlin Streitstr. 19,Berlin,52.558899,13.208409,2.3,2.299,2.239,2.359,True
2026-08-21T16:22:04+00:00,057827cd-6583-4a3a-a461-f8546073fd02,SUN,Sun Klosterstr.,Berlin,52.52943,13.19517,2.4,2.259,2.199,2.329,True
2026-08-21T16:22:04+00:00,905d4775-754e-4b38-baca-89c98fad1d1a,Sprint,Sprint Berlin Ruhlebener Str.,Berlin,52.529285,13.20718,2.9,2.259,2.199,2.329,True
2026-08-21T16:23:35+00:00,cebbe420-bcf3-4db8-9099-c52b783e2158,ESSO,Esso Tankstelle,BERLIN,52.549044,13.17897,0,2.269,2.209,2.339,True
2026-08-21T16:23:35+00:00,7347dd32-bfa1-470a-a6ee-2a2c95ad9af5,ARAL,Aral Tankstelle,Berlin,52.542747,13.199304,1.5,2.289,2.229,2.339,True
2026-08-21T16:23:35+00:00,9f07b69b-4b15-4852-9c60-5d293c6cadc5,Sprint,Sprint Berlin Seegefelder Str.,Berlin,52.536163,13.191189,1.6,2.249,2.189,2.319,True
2026-08-21T16:23:35+00:00,005056ba-7cb6-1ed2-bceb-641db1c24d1d,STAR,star Tankstelle,Berlin,52.534388,13.184014,1.7,2.259,2.199,2.329,True
2026-08-21T16:23:35+00:00,51d4b471-a095-1aa0-e100-80009459e03a,JET,JET BERLIN BRUNSBUETTELER DAMM 87-89,BERLIN,52.53379,13.18503,1.7,2.249,2.189,2.319,True
2026-08-21T16:23:35+00:00,d590310c-e209-46b2-bfe7-dacc6148e1f1,TotalEnergies,TotalEnergies Berlin,Berlin,52.55424,13.207408,2,2.269,2.209,2.339,True
2026-08-21T16:23:35+00:00,5d8c8a4c-bce7-4d28-ae12-0d61a971c5cc,Shell,Shell Berlin Streitstr. 19,Berlin,52.558899,13.208409,2.3,2.299,2.239,2.359,True
2026-08-21T16:23:35+00:00,057827cd-6583-4a3a-a461-f8546073fd02,SUN,Sun Klosterstr.,Berlin,52.52943,13.19517,2.4,2.259,2.199,2.329,True
2026-08-21T16:23:35+00:00,905d4775-754e-4b38-baca-89c98fad1d1a,Sprint,Sprint Berlin Ruhlebener Str.,Berlin,52.529285,13.20718,2.9,2.249,2.189,2.319,True
2026-08-21T16:25:05+00:00,cebbe420-bcf3-4db8-9099-c52b783e2158,ESSO,Esso Tankstelle,BERLIN,52.549044,13.17897,0,2.269,2.209,2.339,True
2026-08-21T16:25:05+00:00,7347dd32-bfa1-470a-a6ee-2a2c95ad9af5,ARAL,Aral Tankstelle,Berlin,52.542747,13.199304,1.5,2.289,2.229,2.339,True
2026-08-21T16:25:05+00:00,9f07b69b-4b15-4852-9c60-5d293c6cadc5,Sprint,Sprint Berlin Seegefelder Str.,Berlin,52.536163,13.191189,1.6,2.249,2.189,2.319,True
2026-08-21T16:25:05+00:00,005056ba-7cb6-1ed2-bceb-641db1c24d1d,STAR,star Tankstelle,Berlin,52.534388,13.184014,1.7,2.259,2.199,2.329,True
2026-08-21T16:25:05+00:00,51d4b471-a095-1aa0-e100-80009459e03a,JET,JET BERLIN BRUNSBUETTELER DAMM 87-89,BERLIN,52.53379,13.18503,1.7,2.249,2.189,2.319,True
2026-08-21T16:25:05+00:00,d590310c-e209-46b2-bfe7-dacc6148e1f1,TotalEnergies,TotalEnergies Berlin,Berlin,52.55424,13.207408,2,2.269,2.209,2.339,True
2026-08-21T16:25:05+00:00,5d8c8a4c-bce7-4d28-ae12-0d61a971c5cc,Shell,Shell Berlin Streitstr. 19,Berlin,52.558899,13.208409,2.3,2.299,2.239,2.359,True
2026-08-21T16:25:05+00:00,057827cd-6583-4a3a-a461-f8546073fd02,SUN,Sun Klosterstr.,Berlin,52.52943,13.19517,2.4,2.259,2.199,2.329,True
2026-08-21T16:25:05+00:00,905d4775-754e-4b38-baca-89c98fad1d1a,Sprint,Sprint Berlin Ruhlebener Str.,Berlin,52.529285,13.20718,2.9,2.249,2.189,2.319,True
2026-08-21T16:26:36+00:00,cebbe420-bcf3-4db8-9099-c52b783e2158,ESSO,Esso Tankstelle,BERLIN,52.549044,13.17897,0,2.269,2.209,2.339,True
2026-08-21T16:26:36+00:00,7347dd32-bfa1-470a-a6ee-2a2c95ad9af5,ARAL,Aral Tankstelle,Berlin,52.542747,13.199304,1.5,2.289,2.229,2.339,True
2026-08-21T16:26:36+00:00,9f07b69b-4b15-4852-9c60-5d293c6cadc5,Sprint,Sprint Berlin Seegefelder Str.,Berlin,52.536163,13.191189,1.6,2.249,2.189,2.319,True
2026-08-21T16:26:36+00:00,005056ba-7cb6-1ed2-bceb-641db1c24d1d,STAR,star Tankstelle,Berlin,52.534388,13.184014,1.7,2.259,2.199,2.329,True
2026-08-21T16:26:36+00:00,51d4b471-a095-1aa0-e100-80009459e03a,JET,JET BERLIN BRUNSBUETTELER DAMM 87-89,BERLIN,52.53379,13.18503,1.7,2.249,2.189,2.319,True
2026-08-21T16:26:36+00:00,d590310c-e209-46b2-bfe7-dacc6148e1f1,TotalEnergies,TotalEnergies Berlin,Berlin,52.55424,13.207408,2,2.269,2.209,2.339,True
2026-08-21T16:26:36+00:00,5d8c8a4c-bce7-4d28-ae12-0d61a971c5cc,Shell,Shell Berlin Streitstr. 19,Berlin,52.558899,13.208409,2.3,2.269,2.209,2.339,True
2026-08-21T16:26:36+00:00,057827cd-6583-4a3a-a461-f8546073fd02,SUN,Sun Klosterstr.,Berlin,52.52943,13.19517,2.4,2.259,2.199,2.329,True
2026-08-21T16:26:36+00:00,905d4775-754e-4b38-baca-89c98fad1d1a,Sprint,Sprint Berlin Ruhlebener Str.,Berlin,52.529285,13.20718,2.9,2.249,2.189,2.319,True
2026-08-21T16:28:08+00:00,cebbe420-bcf3-4db8-9099-c52b783e2158,ESSO,Esso Tankstelle,BERLIN,52.549044,13.17897,0,2.269,2.209,2.339,True
2026-08-21T16:28:08+00:00,7347dd32-bfa1-470a-a6ee-2a2c95ad9af5,ARAL,Aral Tankstelle,Berlin,52.542747,13.199304,1.5,2.289,2.229,2.339,True
2026-08-21T16:28:08+00:00,9f07b69b-4b15-4852-9c60-5d293c6cadc5,Sprint,Sprint Berlin Seegefelder Str.,Berlin,52.536163,13.191189,1.6,2.249,2.189,2.319,True
2026-08-21T16:28:08+00:00,005056ba-7cb6-1ed2-bceb-641db1c24d1d,STAR,star Tankstelle,Berlin,52.534388,13.184014,1.7,2.259,2.199,2.329,True
2026-08-21T16:28:08+00:00,51d4b471-a095-1aa0-e100-80009459e03a,JET,JET BERLIN BRUNSBUETTELER DAMM 87-89,BERLIN,52.53379,13.18503,1.7,2.249,2.189,2.319,True
2026-08-21T16:28:08+00:00,d590310c-e209-46b2-bfe7-dacc6148e1f1,TotalEnergies,TotalEnergies Berlin,Berlin,52.55424,13.207408,2,2.269,2.209,2.339,True
2026-08-21T16:28:08+00:00,5d8c8a4c-bce7-4d28-ae12-0d61a971c5cc,Shell,Shell Berlin Streitstr. 19,Berlin,52.558899,13.208409,2.3,2.269,2.209,2.339,True
2026-08-21T16:28:08+00:00,057827cd-6583-4a3a-a461-f8546073fd02,SUN,Sun Klosterstr.,Berlin,52.52943,13.19517,2.4,2.259,2.199,2.329,True
2026-08-21T16:28:08+00:00,905d4775-754e-4b38-baca-89c98fad1d1a,Sprint,Sprint Berlin Ruhlebener Str.,Berlin,52.529285,13.20718,2.9,2.249,2.189,2.319,True
2026-08-21T16:29:38+00:00,cebbe420-bcf3-4db8-9099-c52b783e2158,ESSO,Esso Tankstelle,BERLIN,52.549044,13.17897,0,2.269,2.209,2.339,True
2026-08-21T16:29:38+00:00,7347dd32-bfa1-470a-a6ee-2a2c95ad9af5,ARAL,Aral Tankstelle,Berlin,52.542747,13.199304,1.5,2.289,2.229,2.339,True
2026-08-21T16:29:38+00:00,9f07b69b-4b15-4852-9c60-5d293c6cadc5,Sprint,Sprint Berlin Seegefelder Str.,Berlin,52.536163,13.191189,1.6,2.249,2.189,2.319,True
2026-08-21T16:29:38+00:00,005056ba-7cb6-1ed2-bceb-641db1c24d1d,STAR,star Tankstelle,Berlin,52.534388,13.184014,1.7,2.259,2.199,2.329,True
2026-08-21T16:29:38+00:00,51d4b471-a095-1aa0-e100-80009459e03a,JET,JET BERLIN BRUNSBUETTELER DAMM 87-89,BERLIN,52.53379,13.18503,1.7,2.249,2.189,2.319,True
2026-08-21T16:29:38+00:00,d590310c-e209-46b2-bfe7-dacc6148e1f1,TotalEnergies,TotalEnergies Berlin,Berlin,52.55424,13.207408,2,2.259,2.199,2.329,True
2026-08-21T16:29:38+00:00,5d8c8a4c-bce7-4d28-ae12-0d61a971c5cc,Shell,Shell Berlin Streitstr. 19,Berlin,52.558899,13.208409,2.3,2.269,2.209,2.339,True
2026-08-21T16:29:38+00:00,057827cd-6583-4a3a-a461-f8546073fd02,SUN,Sun Klosterstr.,Berlin,52.52943,13.19517,2.4,2.249,2.189,2.319,True
2026-08-21T16:29:38+00:00,905d4775-754e-4b38-baca-89c98fad1d1a,Sprint,Sprint Berlin Ruhlebener Str.,Berlin,52.529285,13.20718,2.9,2.249,2.189,2.319,True
2026-08-21T16:31:09+00:00,cebbe420-bcf3-4db8-9099-c52b783e2158,ESSO,Esso Tankstelle,BERLIN,52.549044,13.17897,0,2.269,2.209,2.339,True
2026-08-21T16:31:09+00:00,7347dd32-bfa1-470a-a6ee-2a2c95ad9af5,ARAL,Aral Tankstelle,Berlin,52.542747,13.199304,1.5,2.289,2.229,2.339,True
2026-08-21T16:31:09+00:00,9f07b69b-4b15-4852-9c60-5d293c6cadc5,Sprint,Sprint Berlin Seegefelder Str.,Berlin,52.536163,13.191189,1.6,2.249,2.189,2.319,True
2026-08-21T16:31:09+00:00,005056ba-7cb6-1ed2-bceb-641db1c24d1d,STAR,star Tankstelle,Berlin,52.534388,13.184014,1.7,2.259,2.199,2.329,True
2026-08-21T16:31:09+00:00,51d4b471-a095-1aa0-e100-80009459e03a,JET,JET BERLIN BRUNSBUETTELER DAMM 87-89,BERLIN,52.53379,13.18503,1.7,2.249,2.189,2.319,True
2026-08-21T16:31:09+00:00,d590310c-e209-46b2-bfe7-dacc6148e1f1,TotalEnergies,TotalEnergies Berlin,Berlin,52.55424,13.207408,2,2.259,2.199,2.329,True
2026-08-21T16:31:09+00:00,5d8c8a4c-bce7-4d28-ae12-0d61a971c5cc,Shell,Shell Berlin Streitstr. 19,Berlin,52.558899,13.208409,2.3,2.269,2.209,2.339,True
2026-08-21T16:31:09+00:00,057827cd-6583-4a3a-a461-f8546073fd02,SUN,Sun Klosterstr.,Berlin,52.52943,13.19517,2.4,2.249,2.189,2.319,True
2026-08-21T16:31:09+00:00,905d4775-754e-4b38-baca-89c98fad1d1a,Sprint,Sprint Berlin Ruhlebener Str.,Berlin,52.529285,13.20718,2.9,2.249,2.189,2.319,True
2026-08-21T16:32:40+00:00,cebbe420-bcf3-4db8-9099-c52b783e2158,ESSO,Esso Tankstelle,BERLIN,52.549044,13.17897,0,2.259,2.199,2.329,True
2026-08-21T16:32:40+00:00,7347dd32-bfa1-470a-a6ee-2a2c95ad9af5,ARAL,Aral Tankstelle,Berlin,52.542747,13.199304,1.5,2.289,2.229,2.339,True
2026-08-21T16:32:40+00:00,9f07b69b-4b15-4852-9c60-5d293c6cadc5,Sprint,Sprint Berlin Seegefelder Str.,Berlin,52.536163,13.191189,1.6,2.249,2.189,2.319,True
2026-08-21T16:32:40+00:00,005056ba-7cb6-1ed2-bceb-641db1c24d1d,STAR,star Tankstelle,Berlin,52.534388,13.184014,1.7,2.249,2.189,2.319,True
2026-08-21T16:32:40+00:00,51d4b471-a095-1aa0-e100-80009459e03a,JET,JET BERLIN BRUNSBUETTELER DAMM 87-89,BERLIN,52.53379,13.18503,1.7,2.249,2.189,2.319,True
2026-08-21T16:32:40+00:00,d590310c-e209-46b2-bfe7-dacc6148e1f1,TotalEnergies,TotalEnergies Berlin,Berlin,52.55424,13.207408,2,2.259,2.199,2.329,True
2026-08-21T16:32:40+00:00,5d8c8a4c-bce7-4d28-ae12-0d61a971c5cc,Shell,Shell Berlin Streitstr. 19,Berlin,52.558899,13.208409,2.3,2.269,2.209,2.339,True
2026-08-21T16:32:40+00:00,057827cd-6583-4a3a-a461-f8546073fd02,SUN,Sun Klosterstr.,Berlin,52.52943,13.19517,2.4,2.249,2.189,2.319,True
2026-08-21T16:32:40+00:00,905d4775-754e-4b38-baca-89c98fad1d1a,Sprint,Sprint Berlin Ruhlebener Str.,Berlin,52.529285,13.20718,2.9,2.249,2.189,2.319,True
2026-08-21T16:34:11+00:00,cebbe420-bcf3-4db8-9099-c52b783e2158,ESSO,Esso Tankstelle,BERLIN,52.549044,13.17897,0,2.259,2.199,2.329,True
2026-08-21T16:34:11+00:00,7347dd32-bfa1-470a-a6ee-2a2c95ad9af5,ARAL,Aral Tankstelle,Berlin,52.542747,13.199304,1.5,2.289,2.229,2.339,True
2026-08-21T16:34:11+00:00,9f07b69b-4b15-4852-9c60-5d293c6cadc5,Sprint,Sprint Berlin Seegefelder Str.,Berlin,52.536163,13.191189,1.6,2.249,2.189,2.319,True
2026-08-21T16:34:11+00:00,005056ba-7cb6-1ed2-bceb-641db1c24d1d,STAR,star Tankstelle,Berlin,52.534388,13.184014,1.7,2.249,2.189,2.319,True
2026-08-21T16:34:11+00:00,51d4b471-a095-1aa0-e100-80009459e03a,JET,JET BERLIN BRUNSBUETTELER DAMM 87-89,BERLIN,52.53379,13.18503,1.7,2.249,2.189,2.319,True
2026-08-21T16:34:11+00:00,d590310c-e209-46b2-bfe7-dacc6148e1f1,TotalEnergies,TotalEnergies Berlin,Berlin,52.55424,13.207408,2,2.259,2.199,2.329,True
2026-08-21T16:34:11+00:00,5d8c8a4c-bce7-4d28-ae12-0d61a971c5cc,Shell,Shell Berlin Streitstr. 19,Berlin,52.558899,13.208409,2.3,2.269,2.209,2.339,True
2026-08-21T16:34:11+00:00,057827cd-6583-4a3a-a461-f8546073fd02,SUN,Sun Klosterstr.,Berlin,52.52943,13.19517,2.4,2.249,2.189,2.319,True
2026-08-21T16:34:11+00:00,905d4775-754e-4b38-baca-89c98fad1d1a,Sprint,Sprint Berlin Ruhlebener Str.,Berlin,52.529285,13.20718,2.9,2.249,2.189,2.319,True
2026-08-21T16:35:42+00:00,cebbe420-bcf3-4db8-9099-c52b783e2158,ESSO,Esso Tankstelle,BERLIN,52.549044,13.17897,0,2.259,2.199,2.329,True
2026-08-21T16:35:42+00:00,7347dd32-bfa1-470a-a6ee-2a2c95ad9af5,ARAL,Aral Tankstelle,Berlin,52.542747,13.199304,1.5,2.289,2.229,2.339,True
2026-08-21T16:35:42+00:00,9f07b69b-4b15-4852-9c60-5d293c6cadc5,Sprint,Sprint Berlin Seegefelder Str.,Berlin,52.536163,13.191189,1.6,2.249,2.189,2.319,True
2026-08-21T16:35:42+00:00,005056ba-7cb6-1ed2-bceb-641db1c24d1d,STAR,star Tankstelle,Berlin,52.534388,13.184014,1.7,2.249,2.189,2.319,True
2026-08-21T16:35:42+00:00,51d4b471-a095-1aa0-e100-80009459e03a,JET,JET BERLIN BRUNSBUETTELER DAMM 87-89,BERLIN,52.53379,13.18503,1.7,2.249,2.189,2.319,True
2026-08-21T16:35:42+00:00,d590310c-e209-46b2-bfe7-dacc6148e1f1,TotalEnergies,TotalEnergies Berlin,Berlin,52.55424,13.207408,2,2.259,2.199,2.329,True
2026-08-21T16:35:42+00:00,5d8c8a4c-bce7-4d28-ae12-0d61a971c5cc,Shell,Shell Berlin Streitstr. 19,Berlin,52.558899,13.208409,2.3,2.269,2.209,2.339,True
2026-08-21T16:35:42+00:00,057827cd-6583-4a3a-a461-f8546073fd02,SUN,Sun Klosterstr.,Berlin,52.52943,13.19517,2.4,2.249,2.189,2.319,True
2026-08-21T16:35:42+00:00,905d4775-754e-4b38-baca-89c98fad1d1a,Sprint,Sprint Berlin Ruhlebener Str.,Berlin,52.529285,13.20718,2.9,2.249,2.189,2.319,True
2026-08-21T16:37:13+00:00,cebbe420-bcf3-4db8-9099-c52b783e2158,ESSO,Esso Tankstelle,BERLIN,52.549044,13.17897,0,2.259,2.199,2.329,True
2026-08-21T16:37:13+00:00,7347dd32-bfa1-470a-a6ee-2a2c95ad9af5,ARAL,Aral Tankstelle,Berlin,52.542747,13.199304,1.5,2.289,2.229,2.339,True
2026-08-21T16:37:13+00:00,9f07b69b-4b15-4852-9c60-5d293c6cadc5,Sprint,Sprint Berlin Seegefelder Str.,Berlin,52.536163,13.191189,1.6,2.249,2.189,2.319,True
2026-08-21T16:37:13+00:00,005056ba-7cb6-1ed2-bceb-641db1c24d1d,STAR,star Tankstelle,Berlin,52.534388,13.184014,1.7,2.249,2.189,2.319,True
2026-08-21T16:37:13+00:00,51d4b471-a095-1aa0-e100-80009459e03a,JET,JET BERLIN BRUNSBUETTELER DAMM 87-89,BERLIN,52.53379,13.18503,1.7,2.249,2.189,2.319,True
2026-08-21T16:37:13+00:00,d590310c-e209-46b2-bfe7-dacc6148e1f1,TotalEnergies,TotalEnergies Berlin,Berlin,52.55424,13.207408,2,2.259,2.199,2.329,True
2026-08-21T16:37:13+00:00,5d8c8a4c-bce7-4d28-ae12-0d61a971c5cc,Shell,Shell Berlin Streitstr. 19,Berlin,52.558899,13.208409,2.3,2.269,2.209,2.339,True
2026-08-21T16:37:13+00:00,057827cd-6583-4a3a-a461-f8546073fd02,SUN,Sun Klosterstr.,Berlin,52.52943,13.19517,2.4,2.249,2.189,2.319,True
2026-08-21T16:37:13+00:00,905d4775-754e-4b38-baca-89c98fad1d1a,Sprint,Sprint Berlin Ruhlebener Str.,Berlin,52.529285,13.20718,2.9,2.249,2.189,2.319,True
2026-08-21T16:38:43+00:00,cebbe420-bcf3-4db8-9099-c52b783e2158,ESSO,Esso Tankstelle,BERLIN,52.549044,13.17897,0,2.259,2.199,2.329,True
2026-08-21T16:38:43+00:00,7347dd32-bfa1-470a-a6ee-2a2c95ad9af5,ARAL,Aral Tankstelle,Berlin,52.542747,13.199304,1.5,2.289,2.229,2.339,True
2026-08-21T16:38:43+00:00,9f07b69b-4b15-4852-9c60-5d293c6cadc5,Sprint,Sprint Berlin Seegefelder Str.,Berlin,52.536163,13.191189,1.6,2.249,2.189,2.319,True
2026-08-21T16:38:43+00:00,005056ba-7cb6-1ed2-bceb-641db1c24d1d,STAR,star Tankstelle,Berlin,52.534388,13.184014,1.7,2.249,2.189,2.319,True
2026-08-21T16:38:43+00:00,51d4b471-a095-1aa0-e100-80009459e03a,JET,JET BERLIN BRUNSBUETTELER DAMM 87-89,BERLIN,52.53379,13.18503,1.7,2.249,2.189,2.319,True
2026-08-21T16:38:43+00:00,d590310c-e209-46b2-bfe7-dacc6148e1f1,TotalEnergies,TotalEnergies Berlin,Berlin,52.55424,13.207408,2,2.259,2.199,2.329,True
2026-08-21T16:38:43+00:00,5d8c8a4c-bce7-4d28-ae12-0d61a971c5cc,Shell,Shell Berlin Streitstr. 19,Berlin,52.558899,13.208409,2.3,2.269,2.209,2.339,True
2026-08-21T16:38:43+00:00,057827cd-6583-4a3a-a461-f8546073fd02,SUN,Sun Klosterstr.,Berlin,52.52943,13.19517,2.4,2.249,2.189,2.319,True
2026-08-21T16:38:43+00:00,905d4775-754e-4b38-baca-89c98fad1d1a,Sprint,Sprint Berlin Ruhlebener Str.,Berlin,52.529285,13.20718,2.9,2.249,2.189,2.319,True
2026-08-21T16:40:14+00:00,cebbe420-bcf3-4db8-9099-c52b783e2158,ESSO,Esso Tankstelle,BERLIN,52.549044,13.17897,0,2.259,2.199,2.329,True
2026-08-21T16:40:14+00:00,7347dd32-bfa1-470a-a6ee-2a2c95ad9af5,ARAL,Aral Tankstelle,Berlin,52.542747,13.199304,1.5,2.289,2.229,2.339,True
2026-08-21T16:40:14+00:00,9f07b69b-4b15-4852-9c60-5d293c6cadc5,Sprint,Sprint Berlin Seegefelder Str.,Berlin,52.536163,13.191189,1.6,2.249,2.189,2.319,True
2026-08-21T16:40:14+00:00,005056ba-7cb6-1ed2-bceb-641db1c24d1d,STAR,star Tankstelle,Berlin,52.534388,13.184014,1.7,2.249,2.189,2.319,True
2026-08-21T16:40:14+00:00,51d4b471-a095-1aa0-e100-80009459e03a,JET,JET BERLIN BRUNSBUETTELER DAMM 87-89,BERLIN,52.53379,13.18503,1.7,2.249,2.189,2.319,True
2026-08-21T16:40:14+00:00,d590310c-e209-46b2-bfe7-dacc6148e1f1,TotalEnergies,TotalEnergies Berlin,Berlin,52.55424,13.207408,2,2.259,2.199,2.329,True
2026-08-21T16:40:14+00:00,5d8c8a4c-bce7-4d28-ae12-0d61a971c5cc,Shell,Shell Berlin Streitstr. 19,Berlin,52.558899,13.208409,2.3,2.269,2.209,2.339,True
2026-08-21T16:40:14+00:00,057827cd-6583-4a3a-a461-f8546073fd02,SUN,Sun Klosterstr.,Berlin,52.52943,13.19517,2.4,2.249,2.189,2.319,True
2026-08-21T16:40:14+00:00,905d4775-754e-4b38-baca-89c98fad1d1a,Sprint,Sprint Berlin Ruhlebener Str.,Berlin,52.529285,13.20718,2.9,2.249,2.189,2.319,True
2026-08-21T16:41:45+00:00,cebbe420-bcf3-4db8-9099-c52b783e2158,ESSO,Esso Tankstelle,BERLIN,52.549044,13.17897,0,2.259,2.199,2.329,True
2026-08-21T16:41:45+00:00,7347dd32-bfa1-470a-a6ee-2a2c95ad9af5,ARAL,Aral Tankstelle,Berlin,52.542747,13.199304,1.5,2.289,2.229,2.339,True
2026-08-21T16:41:45+00:00,9f07b69b-4b15-4852-9c60-5d293c6cadc5,Sprint,Sprint Berlin Seegefelder Str.,Berlin,52.536163,13.191189,1.6,2.249,2.189,2.319,True
2026-08-21T16:41:45+00:00,005056ba-7cb6-1ed2-bceb-641db1c24d1d,STAR,star Tankstelle,Berlin,52.534388,13.184014,1.7,2.249,2.189,2.319,True
2026-08-21T16:41:45+00:00,51d4b471-a095-1aa0-e100-80009459e03a,JET,JET BERLIN BRUNSBUETTELER DAMM 87-89,BERLIN,52.53379,13.18503,1.7,2.239,2.179,2.309,True
2026-08-21T16:41:45+00:00,d590310c-e209-46b2-bfe7-dacc6148e1f1,TotalEnergies,TotalEnergies Berlin,Berlin,52.55424,13.207408,2,2.259,2.199,2.329,True
2026-08-21T16:41:45+00:00,5d8c8a4c-bce7-4d28-ae12-0d61a971c5cc,Shell,Shell Berlin Streitstr. 19,Berlin,52.558899,13.208409,2.3,2.269,2.209,2.339,True
2026-08-21T16:41:45+00:00,057827cd-6583-4a3a-a461-f8546073fd02,SUN,Sun Klosterstr.,Berlin,52.52943,13.19517,2.4,2.249,2.189,2.319,True
2026-08-21T16:41:45+00:00,905d4775-754e-4b38-baca-89c98fad1d1a,Sprint,Sprint Berlin Ruhlebener Str.,Berlin,52.529285,13.20718,2.9,2.249,2.189,2.319,True
2026-08-21T16:43:16+00:00,cebbe420-bcf3-4db8-9099-c52b783e2158,ESSO,Esso Tankstelle,BERLIN,52.549044,13.17897,0,2.259,2.199,2.329,True
2026-08-21T16:43:16+00:00,7347dd32-bfa1-470a-a6ee-2a2c95ad9af5,ARAL,Aral Tankstelle,Berlin,52.542747,13.199304,1.5,2.289,2.229,2.339,True
2026-08-21T16:43:16+00:00,9f07b69b-4b15-4852-9c60-5d293c6cadc5,Sprint,Sprint Berlin Seegefelder Str.,Berlin,52.536163,13.191189,1.6,2.239,2.179,2.309,True
2026-08-21T16:43:16+00:00,005056ba-7cb6-1ed2-bceb-641db1c24d1d,STAR,star Tankstelle,Berlin,52.534388,13.184014,1.7,2.249,2.189,2.319,True
2026-08-21T16:43:16+00:00,51d4b471-a095-1aa0-e100-80009459e03a,JET,JET BERLIN BRUNSBUETTELER DAMM 87-89,BERLIN,52.53379,13.18503,1.7,2.239,2.179,2.309,True
2026-08-21T16:43:16+00:00,d590310c-e209-46b2-bfe7-dacc6148e1f1,TotalEnergies,TotalEnergies Berlin,Berlin,52.55424,13.207408,2,2.259,2.199,2.329,True
2026-08-21T16:43:16+00:00,5d8c8a4c-bce7-4d28-ae12-0d61a971c5cc,Shell,Shell Berlin Streitstr. 19,Berlin,52.558899,13.208409,2.3,2.269,2.209,2.339,True
2026-08-21T16:43:16+00:00,057827cd-6583-4a3a-a461-f8546073fd02,SUN,Sun Klosterstr.,Berlin,52.52943,13.19517,2.4,2.249,2.189,2.319,True
2026-08-21T16:43:16+00:00,905d4775-754e-4b38-baca-89c98fad1d1a,Sprint,Sprint Berlin Ruhlebener Str.,Berlin,52.529285,13.20718,2.9,2.239,2.179,2.309,True
2026-08-21T16:44:47+00:00,cebbe420-bcf3-4db8-9099-c52b783e2158,ESSO,Esso Tankstelle,BERLIN,52.549044,13.17897,0,2.259,2.199,2.329,True
2026-08-21T16:44:47+00:00,7347dd32-bfa1-470a-a6ee-2a2c95ad9af5,ARAL,Aral Tankstelle,Berlin,52.542747,13.199304,1.5,2.289,2.229,2.339,True
2026-08-21T16:44:47+00:00,9f07b69b-4b15-4852-9c60-5d293c6cadc5,Sprint,Sprint Berlin Seegefelder Str.,Berlin,52.536163,13.191189,1.6,2.239,2.179,2.309,True
2026-08-21T16:44:47+00:00,005056ba-7cb6-1ed2-bceb-641db1c24d1d,STAR,star Tankstelle,Berlin,52.534388,13.184014,1.7,2.249,2.189,2.319,True
2026-08-21T16:44:47+00:00,51d4b471-a095-1aa0-e100-80009459e03a,JET,JET BERLIN BRUNSBUETTELER DAMM 87-89,BERLIN,52.53379,13.18503,1.7,2.239,2.179,2.309,True
2026-08-21T16:44:47+00:00,d590310c-e209-46b2-bfe7-dacc6148e1f1,TotalEnergies,TotalEnergies Berlin,Berlin,52.55424,13.207408,2,2.259,2.199,2.329,True
2026-08-21T16:44:47+00:00,5d8c8a4c-bce7-4d28-ae12-0d61a971c5cc,Shell,Shell Berlin Streitstr. 19,Berlin,52.558899,13.208409,2.3,2.269,2.209,2.339,True
2026-08-21T16:44:47+00:00,057827cd-6583-4a3a-a461-f8546073fd02,SUN,Sun Klosterstr.,Berlin,52.52943,13.19517,2.4,2.249,2.189,2.319,True
2026-08-21T16:44:47+00:00,905d4775-754e-4b38-baca-89c98fad1d1a,Sprint,Sprint Berlin Ruhlebener Str.,Berlin,52.529285,13.20718,2.9,2.239,2.179,2.309,True
2026-08-21T16:46:18+00:00,cebbe420-bcf3-4db8-9099-c52b783e2158,ESSO,Esso Tankstelle,BERLIN,52.549044,13.17897,0,2.259,2.199,2.329,True
2026-08-21T16:46:18+00:00,7347dd32-bfa1-470a-a6ee-2a2c95ad9af5,ARAL,Aral Tankstelle,Berlin,52.542747,13.199304,1.5,2.289,2.229,2.339,True
2026-08-21T16:46:18+00:00,9f07b69b-4b15-4852-9c60-5d293c6cadc5,Sprint,Sprint Berlin Seegefelder Str.,Berlin,52.536163,13.191189,1.6,2.239,2.179,2.309,True
2026-08-21T16:46:18+00:00,005056ba-7cb6-1ed2-bceb-641db1c24d1d,STAR,star Tankstelle,Berlin,52.534388,13.184014,1.7,2.249,2.189,2.319,True
2026-08-21T16:46:18+00:00,51d4b471-a095-1aa0-e100-80009459e03a,JET,JET BERLIN BRUNSBUETTELER DAMM 87-89,BERLIN,52.53379,13.18503,1.7,2.239,2.179,2.309,True
2026-08-21T16:46:18+00:00,d590310c-e209-46b2-bfe7-dacc6148e1f1,TotalEnergies,TotalEnergies Berlin,Berlin,52.55424,13.207408,2,2.259,2.199,2.329,True
2026-08-21T16:46:18+00:00,5d8c8a4c-bce7-4d28-ae12-0d61a971c5cc,Shell,Shell Berlin Streitstr. 19,Berlin,52.558899,13.208409,2.3,2.269,2.209,2.339,True
2026-08-21T16:46:18+00:00,057827cd-6583-4a3a-a461-f8546073fd02,SUN,Sun Klosterstr.,Berlin,52.52943,13.19517,2.4,2.249,2.189,2.319,True
2026-08-21T16:46:18+00:00,905d4775-754e-4b38-baca-89c98fad1d1a,Sprint,Sprint Berlin Ruhlebener Str.,Berlin,52.529285,13.20718,2.9,2.239,2.179,2.309,True
2026-08-21T16:47:49+00:00,cebbe420-bcf3-4db8-9099-c52b783e2158,ESSO,Esso Tankstelle,BERLIN,52.549044,13.17897,0,2.259,2.199,2.329,True
2026-08-21T16:47:49+00:00,7347dd32-bfa1-470a-a6ee-2a2c95ad9af5,ARAL,Aral Tankstelle,Berlin,52.542747,13.199304,1.5,2.289,2.229,2.339,True
2026-08-21T16:47:49+00:00,9f07b69b-4b15-4852-9c60-5d293c6cadc5,Sprint,Sprint Berlin Seegefelder Str.,Berlin,52.536163,13.191189,1.6,2.239,2.179,2.309,True
2026-08-21T16:47:49+00:00,005056ba-7cb6-1ed2-bceb-641db1c24d1d,STAR,star Tankstelle,Berlin,52.534388,13.184014,1.7,2.249,2.189,2.319,True
2026-08-21T16:47:49+00:00,51d4b471-a095-1aa0-e100-80009459e03a,JET,JET BERLIN BRUNSBUETTELER DAMM 87-89,BERLIN,52.53379,13.18503,1.7,2.239,2.179,2.309,True
2026-08-21T16:47:49+00:00,d590310c-e209-46b2-bfe7-dacc6148e1f1,TotalEnergies,TotalEnergies Berlin,Berlin,52.55424,13.207408,2,2.259,2.199,2.329,True
2026-08-21T16:47:49+00:00,5d8c8a4c-bce7-4d28-ae12-0d61a971c5cc,Shell,Shell Berlin Streitstr. 19,Berlin,52.558899,13.208409,2.3,2.259,2.199,2.329,True
2026-08-21T16:47:49+00:00,057827cd-6583-4a3a-a461-f8546073fd02,SUN,Sun Klosterstr.,Berlin,52.52943,13.19517,2.4,2.249,2.189,2.319,True
2026-08-21T16:47:49+00:00,905d4775-754e-4b38-baca-89c98fad1d1a,Sprint,Sprint Berlin Ruhlebener Str.,Berlin,52.529285,13.20718,2.9,2.239,2.179,2.309,True
2026-08-21T16:49:20+00:00,cebbe420-bcf3-4db8-9099-c52b783e2158,ESSO,Esso Tankstelle,BERLIN,52.549044,13.17897,0,2.259,2.199,2.329,True
2026-08-21T16:49:20+00:00,7347dd32-bfa1-470a-a6ee-2a2c95ad9af5,ARAL,Aral Tankstelle,Berlin,52.542747,13.199304,1.5,2.289,2.229,2.339,True
2026-08-21T16:49:20+00:00,9f07b69b-4b15-4852-9c60-5d293c6cadc5,Sprint,Sprint Berlin Seegefelder Str.,Berlin,52.536163,13.191189,1.6,2.239,2.179,2.309,True
2026-08-21T16:49:20+00:00,005056ba-7cb6-1ed2-bceb-641db1c24d1d,STAR,star Tankstelle,Berlin,52.534388,13.184014,1.7,2.249,2.189,2.319,True
2026-08-21T16:49:20+00:00,51d4b471-a095-1aa0-e100-80009459e03a,JET,JET BERLIN BRUNSBUETTELER DAMM 87-89,BERLIN,52.53379,13.18503,1.7,2.239,2.179,2.309,True
2026-08-21T16:49:20+00:00,d590310c-e209-46b2-bfe7-dacc6148e1f1,TotalEnergies,TotalEnergies Berlin,Berlin,52.55424,13.207408,2,2.249,2.189,2.319,True
2026-08-21T16:49:20+00:00,5d8c8a4c-bce7-4d28-ae12-0d61a971c5cc,Shell,Shell Berlin Streitstr. 19,Berlin,52.558899,13.208409,2.3,2.259,2.199,2.329,True
2026-08-21T16:49:20+00:00,057827cd-6583-4a3a-a461-f8546073fd02,SUN,Sun Klosterstr.,Berlin,52.52943,13.19517,2.4,2.249,2.189,2.319,True
2026-08-21T16:49:20+00:00,905d4775-754e-4b38-baca-89c98fad1d1a,Sprint,Sprint Berlin Ruhlebener Str.,Berlin,52.529285,13.20718,2.9,2.239,2.179,2.309,True
2026-08-21T16:50:53+00:00,cebbe420-bcf3-4db8-9099-c52b783e2158,ESSO,Esso Tankstelle,BERLIN,52.549044,13.17897,0,2.259,2.199,2.329,True
2026-08-21T16:50:53+00:00,7347dd32-bfa1-470a-a6ee-2a2c95ad9af5,ARAL,Aral Tankstelle,Berlin,52.542747,13.199304,1.5,2.289,2.229,2.339,True
2026-08-21T16:50:53+00:00,9f07b69b-4b15-4852-9c60-5d293c6cadc5,Sprint,Sprint Berlin Seegefelder Str.,Berlin,52.536163,13.191189,1.6,2.239,2.179,2.309,True
2026-08-21T16:50:53+00:00,005056ba-7cb6-1ed2-bceb-641db1c24d1d,STAR,star Tankstelle,Berlin,52.534388,13.184014,1.7,2.249,2.189,2.319,True
2026-08-21T16:50:53+00:00,51d4b471-a095-1aa0-e100-80009459e03a,JET,JET BERLIN BRUNSBUETTELER DAMM 87-89,BERLIN,52.53379,13.18503,1.7,2.239,2.179,2.309,True
2026-08-21T16:50:53+00:00,d590310c-e209-46b2-bfe7-dacc6148e1f1,TotalEnergies,TotalEnergies Berlin,Berlin,52.55424,13.207408,2,2.249,2.189,2.319,True
2026-08-21T16:50:53+00:00,5d8c8a4c-bce7-4d28-ae12-0d61a971c5cc,Shell,Shell Berlin Streitstr. 19,Berlin,52.558899,13.208409,2.3,2.259,2.199,2.329,True
2026-08-21T16:50:53+00:00,057827cd-6583-4a3a-a461-f8546073fd02,SUN,Sun Klosterstr.,Berlin,52.52943,13.19517,2.4,2.239,2.179,2.309,True
2026-08-21T16:50:53+00:00,905d4775-754e-4b38-baca-89c98fad1d1a,Sprint,Sprint Berlin Ruhlebener Str.,Berlin,52.529285,13.20718,2.9,2.239,2.179,2.309,True
2026-08-21T16:52:24+00:00,cebbe420-bcf3-4db8-9099-c52b783e2158,ESSO,Esso Tankstelle,BERLIN,52.549044,13.17897,0,2.259,2.199,2.329,True
2026-08-21T16:52:24+00:00,7347dd32-bfa1-470a-a6ee-2a2c95ad9af5,ARAL,Aral Tankstelle,Berlin,52.542747,13.199304,1.5,2.289,2.229,2.339,True
2026-08-21T16:52:24+00:00,9f07b69b-4b15-4852-9c60-5d293c6cadc5,Sprint,Sprint Berlin Seegefelder Str.,Berlin,52.536163,13.191189,1.6,2.239,2.179,2.309,True
2026-08-21T16:52:24+00:00,005056ba-7cb6-1ed2-bceb-641db1c24d1d,STAR,star Tankstelle,Berlin,52.534388,13.184014,1.7,2.249,2.189,2.319,True
2026-08-21T16:52:24+00:00,51d4b471-a095-1aa0-e100-80009459e03a,JET,JET BERLIN BRUNSBUETTELER DAMM 87-89,BERLIN,52.53379,13.18503,1.7,2.239,2.179,2.309,True
2026-08-21T16:52:24+00:00,d590310c-e209-46b2-bfe7-dacc6148e1f1,TotalEnergies,TotalEnergies Berlin,Berlin,52.55424,13.207408,2,2.249,2.189,2.319,True
2026-08-21T16:52:24+00:00,5d8c8a4c-bce7-4d28-ae12-0d61a971c5cc,Shell,Shell Berlin Streitstr. 19,Berlin,52.558899,13.208409,2.3,2.259,2.199,2.329,True
2026-08-21T16:52:24+00:00,057827cd-6583-4a3a-a461-f8546073fd02,SUN,Sun Klosterstr.,Berlin,52.52943,13.19517,2.4,2.239,2.179,2.309,True
2026-08-21T16:52:24+00:00,905d4775-754e-4b38-baca-89c98fad1d1a,Sprint,Sprint Berlin Ruhlebener Str.,Berlin,52.529285,13.20718,2.9,2.239,2.179,2.309,True
2026-08-21T16:53:55+00:00,cebbe420-bcf3-4db8-9099-c52b783e2158,ESSO,Esso Tankstelle,BERLIN,52.549044,13.17897,0,2.249,2.189,2.319,True
2026-08-21T16:53:55+00:00,7347dd32-bfa1-470a-a6ee-2a2c95ad9af5,ARAL,Aral Tankstelle,Berlin,52.542747,13.199304,1.5,2.289,2.229,2.339,True
2026-08-21T16:53:55+00:00,9f07b69b-4b15-4852-9c60-5d293c6cadc5,Sprint,Sprint Berlin Seegefelder Str.,Berlin,52.536163,13.191189,1.6,2.239,2.179,2.309,True
2026-08-21T16:53:55+00:00,005056ba-7cb6-1ed2-bceb-641db1c24d1d,STAR,star Tankstelle,Berlin,52.534388,13.184014,1.7,2.239,2.179,2.309,True
2026-08-21T16:53:55+00:00,51d4b471-a095-1aa0-e100-80009459e03a,JET,JET BERLIN BRUNSBUETTELER DAMM 87-89,BERLIN,52.53379,13.18503,1.7,2.239,2.179,2.309,True
2026-08-21T16:53:55+00:00,d590310c-e209-46b2-bfe7-dacc6148e1f1,TotalEnergies,TotalEnergies Berlin,Berlin,52.55424,13.207408,2,2.249,2.189,2.319,True
2026-08-21T16:53:55+00:00,5d8c8a4c-bce7-4d28-ae12-0d61a971c5cc,Shell,Shell Berlin Streitstr. 19,Berlin,52.558899,13.208409,2.3,2.259,2.199,2.329,True
2026-08-21T16:53:55+00:00,057827cd-6583-4a3a-a461-f8546073fd02,SUN,Sun Klosterstr.,Berlin,52.52943,13.19517,2.4,2.239,2.179,2.309,True
2026-08-21T16:53:55+00:00,905d4775-754e-4b38-baca-89c98fad1d1a,Sprint,Sprint Berlin Ruhlebener Str.,Berlin,52.529285,13.20718,2.9,2.239,2.179,2.309,True
2026-08-21T16:55:25+00:00,cebbe420-bcf3-4db8-9099-c52b783e2158,ESSO,Esso Tankstelle,BERLIN,52.549044,13.17897,0,2.249,2.189,2.319,True
2026-08-21T16:55:25+00:00,7347dd32-bfa1-470a-a6ee-2a2c95ad9af5,ARAL,Aral Tankstelle,Berlin,52.542747,13.199304,1.5,2.289,2.229,2.339,True
2026-08-21T16:55:25+00:00,9f07b69b-4b15-4852-9c60-5d293c6cadc5,Sprint,Sprint Berlin Seegefelder Str.,Berlin,52.536163,13.191189,1.6,2.239,2.179,2.309,True
2026-08-21T16:55:25+00:00,005056ba-7cb6-1ed2-bceb-641db1c24d1d,STAR,star Tankstelle,Berlin,52.534388,13.184014,1.7,2.239,2.179,2.309,True
2026-08-21T16:55:25+00:00,51d4b471-a095-1aa0-e100-80009459e03a,JET,JET BERLIN BRUNSBUETTELER DAMM 87-89,BERLIN,52.53379,13.18503,1.7,2.239,2.179,2.309,True
2026-08-21T16:55:25+00:00,d590310c-e209-46b2-bfe7-dacc6148e1f1,TotalEnergies,TotalEnergies Berlin,Berlin,52.55424,13.207408,2,2.249,2.189,2.319,True
2026-08-21T16:55:25+00:00,5d8c8a4c-bce7-4d28-ae12-0d61a971c5cc,Shell,Shell Berlin Streitstr. 19,Berlin,52.558899,13.208409,2.3,2.259,2.199,2.329,True
2026-08-21T16:55:25+00:00,057827cd-6583-4a3a-a461-f8546073fd02,SUN,Sun Klosterstr.,Berlin,52.52943,13.19517,2.4,2.239,2.179,2.309,True
2026-08-21T16:55:25+00:00,905d4775-754e-4b38-baca-89c98fad1d1a,Sprint,Sprint Berlin Ruhlebener Str.,Berlin,52.529285,13.20718,2.9,2.239,2.179,2.309,True
2026-08-21T16:56:56+00:00,cebbe420-bcf3-4db8-9099-c52b783e2158,ESSO,Esso Tankstelle,BERLIN,52.549044,13.17897,0,2.249,2.189,2.319,True
2026-08-21T16:56:56+00:00,7347dd32-bfa1-470a-a6ee-2a2c95ad9af5,ARAL,Aral Tankstelle,Berlin,52.542747,13.199304,1.5,2.289,2.229,2.339,True
2026-08-21T16:56:56+00:00,9f07b69b-4b15-4852-9c60-5d293c6cadc5,Sprint,Sprint Berlin Seegefelder Str.,Berlin,52.536163,13.191189,1.6,2.239,2.179,2.309,True
2026-08-21T16:56:56+00:00,005056ba-7cb6-1ed2-bceb-641db1c24d1d,STAR,star Tankstelle,Berlin,52.534388,13.184014,1.7,2.239,2.179,2.309,True
2026-08-21T16:56:56+00:00,51d4b471-a095-1aa0-e100-80009459e03a,JET,JET BERLIN BRUNSBUETTELER DAMM 87-89,BERLIN,52.53379,13.18503,1.7,2.239,2.179,2.309,True
2026-08-21T16:56:56+00:00,d590310c-e209-46b2-bfe7-dacc6148e1f1,TotalEnergies,TotalEnergies Berlin,Berlin,52.55424,13.207408,2,2.249,2.189,2.319,True
2026-08-21T16:56:56+00:00,5d8c8a4c-bce7-4d28-ae12-0d61a971c5cc,Shell,Shell Berlin Streitstr. 19,Berlin,52.558899,13.208409,2.3,2.259,2.199,2.329,True
2026-08-21T16:56:56+00:00,057827cd-6583-4a3a-a461-f8546073fd02,SUN,Sun Klosterstr.,Berlin,52.52943,13.19517,2.4,2.239,2.179,2.309,True
2026-08-21T16:56:56+00:00,905d4775-754e-4b38-baca-89c98fad1d1a,Sprint,Sprint Berlin Ruhlebener Str.,Berlin,52.529285,13.20718,2.9,2.239,2.179,2.309,True
2026-08-21T16:58:27+00:00,cebbe420-bcf3-4db8-9099-c52b783e2158,ESSO,Esso Tankstelle,BERLIN,52.549044,13.17897,0,2.249,2.189,2.319,True
2026-08-21T16:58:27+00:00,7347dd32-bfa1-470a-a6ee-2a2c95ad9af5,ARAL,Aral Tankstelle,Berlin,52.542747,13.199304,1.5,2.289,2.229,2.339,True
2026-08-21T16:58:27+00:00,9f07b69b-4b15-4852-9c60-5d293c6cadc5,Sprint,Sprint Berlin Seegefelder Str.,Berlin,52.536163,13.191189,1.6,2.239,2.179,2.309,True
2026-08-21T16:58:27+00:00,005056ba-7cb6-1ed2-bceb-641db1c24d1d,STAR,star Tankstelle,Berlin,52.534388,13.184014,1.7,2.239,2.179,2.309,True
2026-08-21T16:58:27+00:00,51d4b471-a095-1aa0-e100-80009459e03a,JET,JET BERLIN BRUNSBUETTELER DAMM 87-89,BERLIN,52.53379,13.18503,1.7,2.239,2.179,2.309,True
2026-08-21T16:58:27+00:00,d590310c-e209-46b2-bfe7-dacc6148e1f1,TotalEnergies,TotalEnergies Berlin,Berlin,52.55424,13.207408,2,2.249,2.189,2.319,True
2026-08-21T16:58:27+00:00,5d8c8a4c-bce7-4d28-ae12-0d61a971c5cc,Shell,Shell Berlin Streitstr. 19,Berlin,52.558899,13.208409,2.3,2.259,2.199,2.329,True
2026-08-21T16:58:27+00:00,057827cd-6583-4a3a-a461-f8546073fd02,SUN,Sun Klosterstr.,Berlin,52.52943,13.19517,2.4,2.239,2.179,2.309,True
2026-08-21T16:58:27+00:00,905d4775-754e-4b38-baca-89c98fad1d1a,Sprint,Sprint Berlin Ruhlebener Str.,Berlin,52.529285,13.20718,2.9,2.239,2.179,2.309,True
2026-08-21T16:59:59+00:00,cebbe420-bcf3-4db8-9099-c52b783e2158,ESSO,Esso Tankstelle,BERLIN,52.549044,13.17897,0,2.249,2.189,2.319,True
2026-08-21T16:59:59+00:00,7347dd32-bfa1-470a-a6ee-2a2c95ad9af5,ARAL,Aral Tankstelle,Berlin,52.542747,13.199304,1.5,2.289,2.229,2.339,True
2026-08-21T16:59:59+00:00,9f07b69b-4b15-4852-9c60-5d293c6cadc5,Sprint,Sprint Berlin Seegefelder Str.,Berlin,52.536163,13.191189,1.6,2.239,2.179,2.309,True
2026-08-21T16:59:59+00:00,005056ba-7cb6-1ed2-bceb-641db1c24d1d,STAR,star Tankstelle,Berlin,52.534388,13.184014,1.7,2.239,2.179,2.309,True
2026-08-21T16:59:59+00:00,51d4b471-a095-1aa0-e100-80009459e03a,JET,JET BERLIN BRUNSBUETTELER DAMM 87-89,BERLIN,52.53379,13.18503,1.7,2.209,2.149,2.279,True
2026-08-21T16:59:59+00:00,d590310c-e209-46b2-bfe7-dacc6148e1f1,TotalEnergies,TotalEnergies Berlin,Berlin,52.55424,13.207408,2,2.249,2.189,2.319,True
2026-08-21T16:59:59+00:00,5d8c8a4c-bce7-4d28-ae12-0d61a971c5cc,Shell,Shell Berlin Streitstr. 19,Berlin,52.558899,13.208409,2.3,2.259,2.199,2.329,True
2026-08-21T16:59:59+00:00,057827cd-6583-4a3a-a461-f8546073fd02,SUN,Sun Klosterstr.,Berlin,52.52943,13.19517,2.4,2.239,2.179,2.309,True
2026-08-21T16:59:59+00:00,905d4775-754e-4b38-baca-89c98fad1d1a,Sprint,Sprint Berlin Ruhlebener Str.,Berlin,52.529285,13.20718,2.9,2.239,2.179,2.309,True
2026-08-21T17:01:40+00:00,cebbe420-bcf3-4db8-9099-c52b783e2158,ESSO,Esso Tankstelle,BERLIN,52.549044,13.17897,0,2.249,2.189,2.319,True
2026-08-21T17:01:40+00:00,7347dd32-bfa1-470a-a6ee-2a2c95ad9af5,ARAL,Aral Tankstelle,Berlin,52.542747,13.199304,1.5,2.289,2.229,2.339,True
2026-08-21T17:01:40+00:00,9f07b69b-4b15-4852-9c60-5d293c6cadc5,Sprint,Sprint Berlin Seegefelder Str.,Berlin,52.536163,13.191189,1.6,2.209,2.149,2.279,True
2026-08-21T17:01:40+00:00,005056ba-7cb6-1ed2-bceb-641db1c24d1d,STAR,star Tankstelle,Berlin,52.534388,13.184014,1.7,2.239,2.179,2.309,True
2026-08-21T17:01:40+00:00,51d4b471-a095-1aa0-e100-80009459e03a,JET,JET BERLIN BRUNSBUETTELER DAMM 87-89,BERLIN,52.53379,13.18503,1.7,2.209,2.149,2.279,True
2026-08-21T17:01:40+00:00,d590310c-e209-46b2-bfe7-dacc6148e1f1,TotalEnergies,TotalEnergies Berlin,Berlin,52.55424,13.207408,2,2.249,2.189,2.319,True
2026-08-21T17:01:40+00:00,5d8c8a4c-bce7-4d28-ae12-0d61a971c5cc,Shell,Shell Berlin Streitstr. 19,Berlin,52.558899,13.208409,2.3,2.259,2.199,2.329,True
2026-08-21T17:01:40+00:00,057827cd-6583-4a3a-a461-f8546073fd02,SUN,Sun Klosterstr.,Berlin,52.52943,13.19517,2.4,2.239,2.179,2.309,True
2026-08-21T17:01:40+00:00,905d4775-754e-4b38-baca-89c98fad1d1a,Sprint,Sprint Berlin Ruhlebener Str.,Berlin,52.529285,13.20718,2.9,2.209,2.149,2.279,True
2026-08-21T17:03:11+00:00,cebbe420-bcf3-4db8-9099-c52b783e2158,ESSO,Esso Tankstelle,BERLIN,52.549044,13.17897,0,2.249,2.189,2.319,True
2026-08-21T17:03:11+00:00,7347dd32-bfa1-470a-a6ee-2a2c95ad9af5,ARAL,Aral Tankstelle,Berlin,52.542747,13.199304,1.5,2.289,2.229,2.339,True
2026-08-21T17:03:11+00:00,9f07b69b-4b15-4852-9c60-5d293c6cadc5,Sprint,Sprint Berlin Seegefelder Str.,Berlin,52.536163,13.191189,1.6,2.209,2.149,2.279,True
2026-08-21T17:03:11+00:00,005056ba-7cb6-1ed2-bceb-641db1c24d1d,STAR,star Tankstelle,Berlin,52.534388,13.184014,1.7,2.239,2.179,2.309,True
2026-08-21T17:03:11+00:00,51d4b471-a095-1aa0-e100-80009459e03a,JET,JET BERLIN BRUNSBUETTELER DAMM 87-89,BERLIN,52.53379,13.18503,1.7,2.209,2.149,2.279,True
2026-08-21T17:03:11+00:00,d590310c-e209-46b2-bfe7-dacc6148e1f1,TotalEnergies,TotalEnergies Berlin,Berlin,52.55424,13.207408,2,2.249,2.189,2.319,True
2026-08-21T17:03:11+00:00,5d8c8a4c-bce7-4d28-ae12-0d61a971c5cc,Shell,Shell Berlin Streitstr. 19,Berlin,52.558899,13.208409,2.3,2.259,2.199,2.329,True
2026-08-21T17:03:11+00:00,057827cd-6583-4a3a-a461-f8546073fd02,SUN,Sun Klosterstr.,Berlin,52.52943,13.19517,2.4,2.239,2.179,2.309,True
2026-08-21T17:03:11+00:00,905d4775-754e-4b38-baca-89c98fad1d1a,Sprint,Sprint Berlin Ruhlebener Str.,Berlin,52.529285,13.20718,2.9,2.209,2.149,2.279,True
2026-08-21T17:04:42+00:00,cebbe420-bcf3-4db8-9099-c52b783e2158,ESSO,Esso Tankstelle,BERLIN,52.549044,13.17897,0,2.249,2.189,2.319,True
2026-08-21T17:04:42+00:00,7347dd32-bfa1-470a-a6ee-2a2c95ad9af5,ARAL,Aral Tankstelle,Berlin,52.542747,13.199304,1.5,2.289,2.229,2.339,True
2026-08-21T17:04:42+00:00,9f07b69b-4b15-4852-9c60-5d293c6cadc5,Sprint,Sprint Berlin Seegefelder Str.,Berlin,52.536163,13.191189,1.6,2.209,2.149,2.279,True
2026-08-21T17:04:42+00:00,005056ba-7cb6-1ed2-bceb-641db1c24d1d,STAR,star Tankstelle,Berlin,52.534388,13.184014,1.7,2.239,2.179,2.309,True
2026-08-21T17:04:42+00:00,51d4b471-a095-1aa0-e100-80009459e03a,JET,JET BERLIN BRUNSBUETTELER DAMM 87-89,BERLIN,52.53379,13.18503,1.7,2.209,2.149,2.279,True
2026-08-21T17:04:42+00:00,d590310c-e209-46b2-bfe7-dacc6148e1f1,TotalEnergies,TotalEnergies Berlin,Berlin,52.55424,13.207408,2,2.249,2.189,2.319,True
2026-08-21T17:04:42+00:00,5d8c8a4c-bce7-4d28-ae12-0d61a971c5cc,Shell,Shell Berlin Streitstr. 19,Berlin,52.558899,13.208409,2.3,2.259,2.199,2.329,True
2026-08-21T17:04:42+00:00,057827cd-6583-4a3a-a461-f8546073fd02,SUN,Sun Klosterstr.,Berlin,52.52943,13.19517,2.4,2.239,2.179,2.309,True
2026-08-21T17:04:42+00:00,905d4775-754e-4b38-baca-89c98fad1d1a,Sprint,Sprint Berlin Ruhlebener Str.,Berlin,52.529285,13.20718,2.9,2.209,2.149,2.279,True
2026-08-21T17:06:13+00:00,cebbe420-bcf3-4db8-9099-c52b783e2158,ESSO,Esso Tankstelle,BERLIN,52.549044,13.17897,0,2.249,2.189,2.319,True
2026-08-21T17:06:13+00:00,7347dd32-bfa1-470a-a6ee-2a2c95ad9af5,ARAL,Aral Tankstelle,Berlin,52.542747,13.199304,1.5,2.289,2.229,2.339,True
2026-08-21T17:06:13+00:00,9f07b69b-4b15-4852-9c60-5d293c6cadc5,Sprint,Sprint Berlin Seegefelder Str.,Berlin,52.536163,13.191189,1.6,2.209,2.149,2.279,True
2026-08-21T17:06:13+00:00,005056ba-7cb6-1ed2-bceb-641db1c24d1d,STAR,star Tankstelle,Berlin,52.534388,13.184014,1.7,2.239,2.179,2.309,True
2026-08-21T17:06:13+00:00,51d4b471-a095-1aa0-e100-80009459e03a,JET,JET BERLIN BRUNSBUETTELER DAMM 87-89,BERLIN,52.53379,13.18503,1.7,2.209,2.149,2.279,True
2026-08-21T17:06:13+00:00,d590310c-e209-46b2-bfe7-dacc6148e1f1,TotalEnergies,TotalEnergies Berlin,Berlin,52.55424,13.207408,2,2.249,2.189,2.319,True
2026-08-21T17:06:13+00:00,5d8c8a4c-bce7-4d28-ae12-0d61a971c5cc,Shell,Shell Berlin Streitstr. 19,Berlin,52.558899,13.208409,2.3,2.259,2.199,2.329,True
2026-08-21T17:06:13+00:00,057827cd-6583-4a3a-a461-f8546073fd02,SUN,Sun Klosterstr.,Berlin,52.52943,13.19517,2.4,2.239,2.179,2.309,True
2026-08-21T17:06:13+00:00,905d4775-754e-4b38-baca-89c98fad1d1a,Sprint,Sprint Berlin Ruhlebener Str.,Berlin,52.529285,13.20718,2.9,2.209,2.149,2.279,True
2026-08-21T17:07:44+00:00,cebbe420-bcf3-4db8-9099-c52b783e2158,ESSO,Esso Tankstelle,BERLIN,52.549044,13.17897,0,2.249,2.189,2.319,True
2026-08-21T17:07:44+00:00,7347dd32-bfa1-470a-a6ee-2a2c95ad9af5,ARAL,Aral Tankstelle,Berlin,52.542747,13.199304,1.5,2.239,2.179,2.289,True
2026-08-21T17:07:44+00:00,9f07b69b-4b15-4852-9c60-5d293c6cadc5,Sprint,Sprint Berlin Seegefelder Str.,Berlin,52.536163,13.191189,1.6,2.209,2.149,2.279,True
2026-08-21T17:07:44+00:00,005056ba-7cb6-1ed2-bceb-641db1c24d1d,STAR,star Tankstelle,Berlin,52.534388,13.184014,1.7,2.239,2.179,2.309,True
2026-08-21T17:07:44+00:00,51d4b471-a095-1aa0-e100-80009459e03a,JET,JET BERLIN BRUNSBUETTELER DAMM 87-89,BERLIN,52.53379,13.18503,1.7,2.209,2.149,2.279,True
2026-08-21T17:07:44+00:00,d590310c-e209-46b2-bfe7-dacc6148e1f1,TotalEnergies,TotalEnergies Berlin,Berlin,52.55424,13.207408,2,2.219,2.159,2.289,True
2026-08-21T17:07:44+00:00,5d8c8a4c-bce7-4d28-ae12-0d61a971c5cc,Shell,Shell Berlin Streitstr. 19,Berlin,52.558899,13.208409,2.3,2.249,2.189,2.319,True
2026-08-21T17:07:44+00:00,057827cd-6583-4a3a-a461-f8546073fd02,SUN,Sun Klosterstr.,Berlin,52.52943,13.19517,2.4,2.239,2.179,2.309,True
2026-08-21T17:07:44+00:00,905d4775-754e-4b38-baca-89c98fad1d1a,Sprint,Sprint Berlin Ruhlebener Str.,Berlin,52.529285,13.20718,2.9,2.209,2.149,2.279,True
2026-08-21T17:09:14+00:00,cebbe420-bcf3-4db8-9099-c52b783e2158,ESSO,Esso Tankstelle,BERLIN,52.549044,13.17897,0,2.249,2.189,2.319,True
2026-08-21T17:09:14+00:00,7347dd32-bfa1-470a-a6ee-2a2c95ad9af5,ARAL,Aral Tankstelle,Berlin,52.542747,13.199304,1.5,2.239,2.179,2.289,True
2026-08-21T17:09:14+00:00,9f07b69b-4b15-4852-9c60-5d293c6cadc5,Sprint,Sprint Berlin Seegefelder Str.,Berlin,52.536163,13.191189,1.6,2.209,2.149,2.279,True
2026-08-21T17:09:14+00:00,005056ba-7cb6-1ed2-bceb-641db1c24d1d,STAR,star Tankstelle,Berlin,52.534388,13.184014,1.7,2.239,2.179,2.309,True
2026-08-21T17:09:14+00:00,51d4b471-a095-1aa0-e100-80009459e03a,JET,JET BERLIN BRUNSBUETTELER DAMM 87-89,BERLIN,52.53379,13.18503,1.7,2.209,2.149,2.269,True
2026-08-21T17:09:14+00:00,d590310c-e209-46b2-bfe7-dacc6148e1f1,TotalEnergies,TotalEnergies Berlin,Berlin,52.55424,13.207408,2,2.219,2.159,2.289,True
2026-08-21T17:09:14+00:00,5d8c8a4c-bce7-4d28-ae12-0d61a971c5cc,Shell,Shell Berlin Streitstr. 19,Berlin,52.558899,13.208409,2.3,2.249,2.189,2.319,True
2026-08-21T17:09:14+00:00,057827cd-6583-4a3a-a461-f8546073fd02,SUN,Sun Klosterstr.,Berlin,52.52943,13.19517,2.4,2.239,2.179,2.309,True
2026-08-21T17:09:14+00:00,905d4775-754e-4b38-baca-89c98fad1d1a,Sprint,Sprint Berlin Ruhlebener Str.,Berlin,52.529285,13.20718,2.9,2.209,2.149,2.279,True
2026-08-21T17:10:45+00:00,cebbe420-bcf3-4db8-9099-c52b783e2158,ESSO,Esso Tankstelle,BERLIN,52.549044,13.17897,0,2.219,2.159,2.289,True
2026-08-21T17:10:45+00:00,7347dd32-bfa1-470a-a6ee-2a2c95ad9af5,ARAL,Aral Tankstelle,Berlin,52.542747,13.199304,1.5,2.239,2.179,2.289,True
2026-08-21T17:10:45+00:00,9f07b69b-4b15-4852-9c60-5d293c6cadc5,Sprint,Sprint Berlin Seegefelder Str.,Berlin,52.536163,13.191189,1.6,2.209,2.149,2.269,True
2026-08-21T17:10:45+00:00,005056ba-7cb6-1ed2-bceb-641db1c24d1d,STAR,star Tankstelle,Berlin,52.534388,13.184014,1.7,2.239,2.179,2.309,True
2026-08-21T17:10:45+00:00,51d4b471-a095-1aa0-e100-80009459e03a,JET,JET BERLIN BRUNSBUETTELER DAMM 87-89,BERLIN,52.53379,13.18503,1.7,2.209,2.149,2.269,True
2026-08-21T17:10:45+00:00,d590310c-e209-46b2-bfe7-dacc6148e1f1,TotalEnergies,TotalEnergies Berlin,Berlin,52.55424,13.207408,2,2.219,2.159,2.289,True
2026-08-21T17:10:45+00:00,5d8c8a4c-bce7-4d28-ae12-0d61a971c5cc,Shell,Shell Berlin Streitstr. 19,Berlin,52.558899,13.208409,2.3,2.249,2.189,2.319,True
2026-08-21T17:10:45+00:00,057827cd-6583-4a3a-a461-f8546073fd02,SUN,Sun Klosterstr.,Berlin,52.52943,13.19517,2.4,2.209,2.149,2.279,True
2026-08-21T17:10:45+00:00,905d4775-754e-4b38-baca-89c98fad1d1a,Sprint,Sprint Berlin Ruhlebener Str.,Berlin,52.529285,13.20718,2.9,2.209,2.149,2.269,True
2026-08-21T17:12:16+00:00,cebbe420-bcf3-4db8-9099-c52b783e2158,ESSO,Esso Tankstelle,BERLIN,52.549044,13.17897,0,2.219,2.159,2.289,True
2026-08-21T17:12:16+00:00,7347dd32-bfa1-470a-a6ee-2a2c95ad9af5,ARAL,Aral Tankstelle,Berlin,52.542747,13.199304,1.5,2.239,2.179,2.289,True
2026-08-21T17:12:16+00:00,9f07b69b-4b15-4852-9c60-5d293c6cadc5,Sprint,Sprint Berlin Seegefelder Str.,Berlin,52.536163,13.191189,1.6,2.209,2.149,2.269,True
2026-08-21T17:12:16+00:00,005056ba-7cb6-1ed2-bceb-641db1c24d1d,STAR,star Tankstelle,Berlin,52.534388,13.184014,1.7,2.239,2.179,2.309,True
2026-08-21T17:12:16+00:00,51d4b471-a095-1aa0-e100-80009459e03a,JET,JET BERLIN BRUNSBUETTELER DAMM 87-89,BERLIN,52.53379,13.18503,1.7,2.209,2.149,2.269,True
2026-08-21T17:12:16+00:00,d590310c-e209-46b2-bfe7-dacc6148e1f1,TotalEnergies,TotalEnergies Berlin,Berlin,52.55424,13.207408,2,2.219,2.159,2.289,True
2026-08-21T17:12:16+00:00,5d8c8a4c-bce7-4d28-ae12-0d61a971c5cc,Shell,Shell Berlin Streitstr. 19,Berlin,52.558899,13.208409,2.3,2.249,2.189,2.319,True
2026-08-21T17:12:16+00:00,057827cd-6583-4a3a-a461-f8546073fd02,SUN,Sun Klosterstr.,Berlin,52.52943,13.19517,2.4,2.209,2.149,2.279,True
2026-08-21T17:12:16+00:00,905d4775-754e-4b38-baca-89c98fad1d1a,Sprint,Sprint Berlin Ruhlebener Str.,Berlin,52.529285,13.20718,2.9,2.209,2.149,2.269,True
2026-08-21T17:13:47+00:00,cebbe420-bcf3-4db8-9099-c52b783e2158,ESSO,Esso Tankstelle,BERLIN,52.549044,13.17897,0,2.219,2.159,2.289,True
2026-08-21T17:13:47+00:00,7347dd32-bfa1-470a-a6ee-2a2c95ad9af5,ARAL,Aral Tankstelle,Berlin,52.542747,13.199304,1.5,2.239,2.179,2.289,True
2026-08-21T17:13:47+00:00,9f07b69b-4b15-4852-9c60-5d293c6cadc5,Sprint,Sprint Berlin Seegefelder Str.,Berlin,52.536163,13.191189,1.6,2.209,2.149,2.269,True
2026-08-21T17:13:47+00:00,005056ba-7cb6-1ed2-bceb-641db1c24d1d,STAR,star Tankstelle,Berlin,52.534388,13.184014,1.7,2.209,2.149,2.279,True
2026-08-21T17:13:47+00:00,51d4b471-a095-1aa0-e100-80009459e03a,JET,JET BERLIN BRUNSBUETTELER DAMM 87-89,BERLIN,52.53379,13.18503,1.7,2.209,2.149,2.269,True
2026-08-21T17:13:47+00:00,d590310c-e209-46b2-bfe7-dacc6148e1f1,TotalEnergies,TotalEnergies Berlin,Berlin,52.55424,13.207408,2,2.219,2.159,2.289,True
2026-08-21T17:13:47+00:00,5d8c8a4c-bce7-4d28-ae12-0d61a971c5cc,Shell,Shell Berlin Streitstr. 19,Berlin,52.558899,13.208409,2.3,2.249,2.189,2.319,True
2026-08-21T17:13:47+00:00,057827cd-6583-4a3a-a461-f8546073fd02,SUN,Sun Klosterstr.,Berlin,52.52943,13.19517,2.4,2.209,2.149,2.279,True
2026-08-21T17:13:47+00:00,905d4775-754e-4b38-baca-89c98fad1d1a,Sprint,Sprint Berlin Ruhlebener Str.,Berlin,52.529285,13.20718,2.9,2.209,2.149,2.269,True
2026-08-21T17:15:18+00:00,cebbe420-bcf3-4db8-9099-c52b783e2158,ESSO,Esso Tankstelle,BERLIN,52.549044,13.17897,0,2.219,2.159,2.289,True
2026-08-21T17:15:18+00:00,7347dd32-bfa1-470a-a6ee-2a2c95ad9af5,ARAL,Aral Tankstelle,Berlin,52.542747,13.199304,1.5,2.239,2.179,2.289,True
2026-08-21T17:15:18+00:00,9f07b69b-4b15-4852-9c60-5d293c6cadc5,Sprint,Sprint Berlin Seegefelder Str.,Berlin,52.536163,13.191189,1.6,2.209,2.149,2.269,True
2026-08-21T17:15:18+00:00,005056ba-7cb6-1ed2-bceb-641db1c24d1d,STAR,star Tankstelle,Berlin,52.534388,13.184014,1.7,2.209,2.149,2.279,True
2026-08-21T17:15:18+00:00,51d4b471-a095-1aa0-e100-80009459e03a,JET,JET BERLIN BRUNSBUETTELER DAMM 87-89,BERLIN,52.53379,13.18503,1.7,2.209,2.149,2.269,True
2026-08-21T17:15:18+00:00,d590310c-e209-46b2-bfe7-dacc6148e1f1,TotalEnergies,TotalEnergies Berlin,Berlin,52.55424,13.207408,2,2.219,2.159,2.289,True
2026-08-21T17:15:18+00:00,5d8c8a4c-bce7-4d28-ae12-0d61a971c5cc,Shell,Shell Berlin Streitstr. 19,Berlin,52.558899,13.208409,2.3,2.249,2.189,2.319,True
2026-08-21T17:15:18+00:00,057827cd-6583-4a3a-a461-f8546073fd02,SUN,Sun Klosterstr.,Berlin,52.52943,13.19517,2.4,2.209,2.149,2.279,True
2026-08-21T17:15:18+00:00,905d4775-754e-4b38-baca-89c98fad1d1a,Sprint,Sprint Berlin Ruhlebener Str.,Berlin,52.529285,13.20718,2.9,2.209,2.149,2.269,True
2026-08-21T17:16:49+00:00,cebbe420-bcf3-4db8-9099-c52b783e2158,ESSO,Esso Tankstelle,BERLIN,52.549044,13.17897,0,2.219,2.159,2.289,True
2026-08-21T17:16:49+00:00,7347dd32-bfa1-470a-a6ee-2a2c95ad9af5,ARAL,Aral Tankstelle,Berlin,52.542747,13.199304,1.5,2.239,2.179,2.289,True
2026-08-21T17:16:49+00:00,9f07b69b-4b15-4852-9c60-5d293c6cadc5,Sprint,Sprint Berlin Seegefelder Str.,Berlin,52.536163,13.191189,1.6,2.209,2.149,2.269,True
2026-08-21T17:16:49+00:00,005056ba-7cb6-1ed2-bceb-641db1c24d1d,STAR,star Tankstelle,Berlin,52.534388,13.184014,1.7,2.209,2.149,2.279,True
2026-08-21T17:16:49+00:00,51d4b471-a095-1aa0-e100-80009459e03a,JET,JET BERLIN BRUNSBUETTELER DAMM 87-89,BERLIN,52.53379,13.18503,1.7,2.209,2.149,2.269,True
2026-08-21T17:16:49+00:00,d590310c-e209-46b2-bfe7-dacc6148e1f1,TotalEnergies,TotalEnergies Berlin,Berlin,52.55424,13.207408,2,2.219,2.159,2.289,True
2026-08-21T17:16:49+00:00,5d8c8a4c-bce7-4d28-ae12-0d61a971c5cc,Shell,Shell Berlin Streitstr. 19,Berlin,52.558899,13.208409,2.3,2.249,2.189,2.319,True
2026-08-21T17:16:49+00:00,057827cd-6583-4a3a-a461-f8546073fd02,SUN,Sun Klosterstr.,Berlin,52.52943,13.19517,2.4,2.209,2.149,2.279,True
2026-08-21T17:16:49+00:00,905d4775-754e-4b38-baca-89c98fad1d1a,Sprint,Sprint Berlin Ruhlebener Str.,Berlin,52.529285,13.20718,2.9,2.209,2.149,2.269,True
2026-08-21T17:18:20+00:00,cebbe420-bcf3-4db8-9099-c52b783e2158,ESSO,Esso Tankstelle,BERLIN,52.549044,13.17897,0,2.219,2.159,2.289,True
2026-08-21T17:18:20+00:00,7347dd32-bfa1-470a-a6ee-2a2c95ad9af5,ARAL,Aral Tankstelle,Berlin,52.542747,13.199304,1.5,2.239,2.179,2.289,True
2026-08-21T17:18:20+00:00,9f07b69b-4b15-4852-9c60-5d293c6cadc5,Sprint,Sprint Berlin Seegefelder Str.,Berlin,52.536163,13.191189,1.6,2.209,2.149,2.269,True
2026-08-21T17:18:20+00:00,005056ba-7cb6-1ed2-bceb-641db1c24d1d,STAR,star Tankstelle,Berlin,52.534388,13.184014,1.7,2.209,2.149,2.269,True
2026-08-21T17:18:20+00:00,51d4b471-a095-1aa0-e100-80009459e03a,JET,JET BERLIN BRUNSBUETTELER DAMM 87-89,BERLIN,52.53379,13.18503,1.7,2.209,2.149,2.269,True
2026-08-21T17:18:20+00:00,d590310c-e209-46b2-bfe7-dacc6148e1f1,TotalEnergies,TotalEnergies Berlin,Berlin,52.55424,13.207408,2,2.219,2.159,2.289,True
2026-08-21T17:18:20+00:00,5d8c8a4c-bce7-4d28-ae12-0d61a971c5cc,Shell,Shell Berlin Streitstr. 19,Berlin,52.558899,13.208409,2.3,2.249,2.189,2.319,True
2026-08-21T17:18:20+00:00,057827cd-6583-4a3a-a461-f8546073fd02,SUN,Sun Klosterstr.,Berlin,52.52943,13.19517,2.4,2.209,2.149,2.279,True
2026-08-21T17:18:20+00:00,905d4775-754e-4b38-baca-89c98fad1d1a,Sprint,Sprint Berlin Ruhlebener Str.,Berlin,52.529285,13.20718,2.9,2.209,2.149,2.269,True
2026-08-21T17:19:51+00:00,cebbe420-bcf3-4db8-9099-c52b783e2158,ESSO,Esso Tankstelle,BERLIN,52.549044,13.17897,0,2.219,2.159,2.289,True
2026-08-21T17:19:51+00:00,7347dd32-bfa1-470a-a6ee-2a2c95ad9af5,ARAL,Aral Tankstelle,Berlin,52.542747,13.199304,1.5,2.239,2.179,2.289,True
2026-08-21T17:19:51+00:00,9f07b69b-4b15-4852-9c60-5d293c6cadc5,Sprint,Sprint Berlin Seegefelder Str.,Berlin,52.536163,13.191189,1.6,2.209,2.149,2.269,True
2026-08-21T17:19:51+00:00,005056ba-7cb6-1ed2-bceb-641db1c24d1d,STAR,star Tankstelle,Berlin,52.534388,13.184014,1.7,2.209,2.149,2.269,True
2026-08-21T17:19:51+00:00,51d4b471-a095-1aa0-e100-80009459e03a,JET,JET BERLIN BRUNSBUETTELER DAMM 87-89,BERLIN,52.53379,13.18503,1.7,2.199,2.139,2.269,True
2026-08-21T17:19:51+00:00,d590310c-e209-46b2-bfe7-dacc6148e1f1,TotalEnergies,TotalEnergies Berlin,Berlin,52.55424,13.207408,2,2.219,2.159,2.289,True
2026-08-21T17:19:51+00:00,5d8c8a4c-bce7-4d28-ae12-0d61a971c5cc,Shell,Shell Berlin Streitstr. 19,Berlin,52.558899,13.208409,2.3,2.249,2.189,2.319,True
2026-08-21T17:19:51+00:00,057827cd-6583-4a3a-a461-f8546073fd02,SUN,Sun Klosterstr.,Berlin,52.52943,13.19517,2.4,2.209,2.149,2.269,True
2026-08-21T17:19:51+00:00,905d4775-754e-4b38-baca-89c98fad1d1a,Sprint,Sprint Berlin Ruhlebener Str.,Berlin,52.529285,13.20718,2.9,2.209,2.149,2.269,True
2026-08-21T17:21:22+00:00,cebbe420-bcf3-4db8-9099-c52b783e2158,ESSO,Esso Tankstelle,BERLIN,52.549044,13.17897,0,2.219,2.159,2.289,True
2026-08-21T17:21:22+00:00,7347dd32-bfa1-470a-a6ee-2a2c95ad9af5,ARAL,Aral Tankstelle,Berlin,52.542747,13.199304,1.5,2.239,2.179,2.289,True
2026-08-21T17:21:22+00:00,9f07b69b-4b15-4852-9c60-5d293c6cadc5,Sprint,Sprint Berlin Seegefelder Str.,Berlin,52.536163,13.191189,1.6,2.209,2.149,2.269,True
2026-08-21T17:21:22+00:00,005056ba-7cb6-1ed2-bceb-641db1c24d1d,STAR,star Tankstelle,Berlin,52.534388,13.184014,1.7,2.209,2.149,2.269,True
2026-08-21T17:21:22+00:00,51d4b471-a095-1aa0-e100-80009459e03a,JET,JET BERLIN BRUNSBUETTELER DAMM 87-89,BERLIN,52.53379,13.18503,1.7,2.199,2.139,2.269,True
2026-08-21T17:21:22+00:00,d590310c-e209-46b2-bfe7-dacc6148e1f1,TotalEnergies,TotalEnergies Berlin,Berlin,52.55424,13.207408,2,2.219,2.159,2.289,True
2026-08-21T17:21:22+00:00,5d8c8a4c-bce7-4d28-ae12-0d61a971c5cc,Shell,Shell Berlin Streitstr. 19,Berlin,52.558899,13.208409,2.3,2.249,2.189,2.319,True
2026-08-21T17:21:22+00:00,057827cd-6583-4a3a-a461-f8546073fd02,SUN,Sun Klosterstr.,Berlin,52.52943,13.19517,2.4,2.209,2.149,2.269,True
2026-08-21T17:21:22+00:00,905d4775-754e-4b38-baca-89c98fad1d1a,Sprint,Sprint Berlin Ruhlebener Str.,Berlin,52.529285,13.20718,2.9,2.209,2.149,2.269,True
2026-08-21T17:22:53+00:00,cebbe420-bcf3-4db8-9099-c52b783e2158,ESSO,Esso Tankstelle,BERLIN,52.549044,13.17897,0,2.219,2.159,2.279,True
2026-08-21T17:22:53+00:00,7347dd32-bfa1-470a-a6ee-2a2c95ad9af5,ARAL,Aral Tankstelle,Berlin,52.542747,13.199304,1.5,2.239,2.179,2.289,True
2026-08-21T17:22:53+00:00,9f07b69b-4b15-4852-9c60-5d293c6cadc5,Sprint,Sprint Berlin Seegefelder Str.,Berlin,52.536163,13.191189,1.6,2.199,2.139,2.269,True
2026-08-21T17:22:53+00:00,005056ba-7cb6-1ed2-bceb-641db1c24d1d,STAR,star Tankstelle,Berlin,52.534388,13.184014,1.7,2.209,2.149,2.269,True
2026-08-21T17:22:53+00:00,51d4b471-a095-1aa0-e100-80009459e03a,JET,JET BERLIN BRUNSBUETTELER DAMM 87-89,BERLIN,52.53379,13.18503,1.7,2.199,2.139,2.269,True
2026-08-21T17:22:53+00:00,d590310c-e209-46b2-bfe7-dacc6148e1f1,TotalEnergies,TotalEnergies Berlin,Berlin,52.55424,13.207408,2,2.219,2.159,2.289,True
2026-08-21T17:22:53+00:00,5d8c8a4c-bce7-4d28-ae12-0d61a971c5cc,Shell,Shell Berlin Streitstr. 19,Berlin,52.558899,13.208409,2.3,2.249,2.189,2.319,True
2026-08-21T17:22:53+00:00,057827cd-6583-4a3a-a461-f8546073fd02,SUN,Sun Klosterstr.,Berlin,52.52943,13.19517,2.4,2.209,2.149,2.269,True
2026-08-21T17:22:53+00:00,905d4775-754e-4b38-baca-89c98fad1d1a,Sprint,Sprint Berlin Ruhlebener Str.,Berlin,52.529285,13.20718,2.9,2.199,2.139,2.269,True
2026-08-21T17:24:24+00:00,cebbe420-bcf3-4db8-9099-c52b783e2158,ESSO,Esso Tankstelle,BERLIN,52.549044,13.17897,0,2.219,2.159,2.279,True
2026-08-21T17:24:24+00:00,7347dd32-bfa1-470a-a6ee-2a2c95ad9af5,ARAL,Aral Tankstelle,Berlin,52.542747,13.199304,1.5,2.239,2.179,2.289,True
2026-08-21T17:24:24+00:00,9f07b69b-4b15-4852-9c60-5d293c6cadc5,Sprint,Sprint Berlin Seegefelder Str.,Berlin,52.536163,13.191189,1.6,2.199,2.139,2.269,True
2026-08-21T17:24:24+00:00,005056ba-7cb6-1ed2-bceb-641db1c24d1d,STAR,star Tankstelle,Berlin,52.534388,13.184014,1.7,2.209,2.149,2.269,True
2026-08-21T17:24:24+00:00,51d4b471-a095-1aa0-e100-80009459e03a,JET,JET BERLIN BRUNSBUETTELER DAMM 87-89,BERLIN,52.53379,13.18503,1.7,2.199,2.139,2.269,True
2026-08-21T17:24:24+00:00,d590310c-e209-46b2-bfe7-dacc6148e1f1,TotalEnergies,TotalEnergies Berlin,Berlin,52.55424,13.207408,2,2.219,2.159,2.289,True
2026-08-21T17:24:24+00:00,5d8c8a4c-bce7-4d28-ae12-0d61a971c5cc,Shell,Shell Berlin Streitstr. 19,Berlin,52.558899,13.208409,2.3,2.249,2.189,2.319,True
2026-08-21T17:24:24+00:00,057827cd-6583-4a3a-a461-f8546073fd02,SUN,Sun Klosterstr.,Berlin,52.52943,13.19517,2.4,2.209,2.149,2.269,True
2026-08-21T17:24:24+00:00,905d4775-754e-4b38-baca-89c98fad1d1a,Sprint,Sprint Berlin Ruhlebener Str.,Berlin,52.529285,13.20718,2.9,2.199,2.139,2.269,True
2026-08-21T17:25:55+00:00,cebbe420-bcf3-4db8-9099-c52b783e2158,ESSO,Esso Tankstelle,BERLIN,52.549044,13.17897,0,2.219,2.159,2.279,True
2026-08-21T17:25:55+00:00,7347dd32-bfa1-470a-a6ee-2a2c95ad9af5,ARAL,Aral Tankstelle,Berlin,52.542747,13.199304,1.5,2.239,2.179,2.289,True
2026-08-21T17:25:55+00:00,9f07b69b-4b15-4852-9c60-5d293c6cadc5,Sprint,Sprint Berlin Seegefelder Str.,Berlin,52.536163,13.191189,1.6,2.199,2.139,2.269,True
2026-08-21T17:25:55+00:00,005056ba-7cb6-1ed2-bceb-641db1c24d1d,STAR,star Tankstelle,Berlin,52.534388,13.184014,1.7,2.209,2.149,2.269,True
2026-08-21T17:25:55+00:00,51d4b471-a095-1aa0-e100-80009459e03a,JET,JET BERLIN BRUNSBUETTELER DAMM 87-89,BERLIN,52.53379,13.18503,1.7,2.199,2.139,2.269,True
2026-08-21T17:25:55+00:00,d590310c-e209-46b2-bfe7-dacc6148e1f1,TotalEnergies,TotalEnergies Berlin,Berlin,52.55424,13.207408,2,2.219,2.159,2.289,True
2026-08-21T17:25:55+00:00,5d8c8a4c-bce7-4d28-ae12-0d61a971c5cc,Shell,Shell Berlin Streitstr. 19,Berlin,52.558899,13.208409,2.3,2.219,2.159,2.289,True
2026-08-21T17:25:55+00:00,057827cd-6583-4a3a-a461-f8546073fd02,SUN,Sun Klosterstr.,Berlin,52.52943,13.19517,2.4,2.209,2.149,2.269,True
2026-08-21T17:25:55+00:00,905d4775-754e-4b38-baca-89c98fad1d1a,Sprint,Sprint Berlin Ruhlebener Str.,Berlin,52.529285,13.20718,2.9,2.199,2.139,2.269,True
2026-08-21T17:27:26+00:00,cebbe420-bcf3-4db8-9099-c52b783e2158,ESSO,Esso Tankstelle,BERLIN,52.549044,13.17897,0,2.219,2.159,2.279,True
2026-08-21T17:27:26+00:00,7347dd32-bfa1-470a-a6ee-2a2c95ad9af5,ARAL,Aral Tankstelle,Berlin,52.542747,13.199304,1.5,2.239,2.179,2.289,True
2026-08-21T17:27:26+00:00,9f07b69b-4b15-4852-9c60-5d293c6cadc5,Sprint,Sprint Berlin Seegefelder Str.,Berlin,52.536163,13.191189,1.6,2.199,2.139,2.269,True
2026-08-21T17:27:26+00:00,005056ba-7cb6-1ed2-bceb-641db1c24d1d,STAR,star Tankstelle,Berlin,52.534388,13.184014,1.7,2.209,2.149,2.269,True
2026-08-21T17:27:26+00:00,51d4b471-a095-1aa0-e100-80009459e03a,JET,JET BERLIN BRUNSBUETTELER DAMM 87-89,BERLIN,52.53379,13.18503,1.7,2.199,2.139,2.269,True
2026-08-21T17:27:26+00:00,d590310c-e209-46b2-bfe7-dacc6148e1f1,TotalEnergies,TotalEnergies Berlin,Berlin,52.55424,13.207408,2,2.219,2.159,2.289,True
2026-08-21T17:27:26+00:00,5d8c8a4c-bce7-4d28-ae12-0d61a971c5cc,Shell,Shell Berlin Streitstr. 19,Berlin,52.558899,13.208409,2.3,2.219,2.159,2.289,True
2026-08-21T17:27:26+00:00,057827cd-6583-4a3a-a461-f8546073fd02,SUN,Sun Klosterstr.,Berlin,52.52943,13.19517,2.4,2.209,2.149,2.269,True
2026-08-21T17:27:26+00:00,905d4775-754e-4b38-baca-89c98fad1d1a,Sprint,Sprint Berlin Ruhlebener Str.,Berlin,52.529285,13.20718,2.9,2.199,2.139,2.269,True
2026-08-21T17:28:56+00:00,cebbe420-bcf3-4db8-9099-c52b783e2158,ESSO,Esso Tankstelle,BERLIN,52.549044,13.17897,0,2.219,2.159,2.279,True
2026-08-21T17:28:56+00:00,7347dd32-bfa1-470a-a6ee-2a2c95ad9af5,ARAL,Aral Tankstelle,Berlin,52.542747,13.199304,1.5,2.239,2.179,2.289,True
2026-08-21T17:28:56+00:00,9f07b69b-4b15-4852-9c60-5d293c6cadc5,Sprint,Sprint Berlin Seegefelder Str.,Berlin,52.536163,13.191189,1.6,2.199,2.139,2.269,True
2026-08-21T17:28:56+00:00,005056ba-7cb6-1ed2-bceb-641db1c24d1d,STAR,star Tankstelle,Berlin,52.534388,13.184014,1.7,2.209,2.149,2.269,True
2026-08-21T17:28:56+00:00,51d4b471-a095-1aa0-e100-80009459e03a,JET,JET BERLIN BRUNSBUETTELER DAMM 87-89,BERLIN,52.53379,13.18503,1.7,2.199,2.139,2.269,True
2026-08-21T17:28:56+00:00,d590310c-e209-46b2-bfe7-dacc6148e1f1,TotalEnergies,TotalEnergies Berlin,Berlin,52.55424,13.207408,2,2.209,2.149,2.279,True
2026-08-21T17:28:56+00:00,5d8c8a4c-bce7-4d28-ae12-0d61a971c5cc,Shell,Shell Berlin Streitstr. 19,Berlin,52.558899,13.208409,2.3,2.219,2.159,2.289,True
2026-08-21T17:28:56+00:00,057827cd-6583-4a3a-a461-f8546073fd02,SUN,Sun Klosterstr.,Berlin,52.52943,13.19517,2.4,2.209,2.149,2.269,True
2026-08-21T17:28:56+00:00,905d4775-754e-4b38-baca-89c98fad1d1a,Sprint,Sprint Berlin Ruhlebener Str.,Berlin,52.529285,13.20718,2.9,2.199,2.139,2.269,True
2026-08-21T17:30:28+00:00,cebbe420-bcf3-4db8-9099-c52b783e2158,ESSO,Esso Tankstelle,BERLIN,52.549044,13.17897,0,2.219,2.159,2.279,True
2026-08-21T17:30:28+00:00,7347dd32-bfa1-470a-a6ee-2a2c95ad9af5,ARAL,Aral Tankstelle,Berlin,52.542747,13.199304,1.5,2.239,2.179,2.289,True
2026-08-21T17:30:28+00:00,9f07b69b-4b15-4852-9c60-5d293c6cadc5,Sprint,Sprint Berlin Seegefelder Str.,Berlin,52.536163,13.191189,1.6,2.199,2.139,2.269,True
2026-08-21T17:30:28+00:00,005056ba-7cb6-1ed2-bceb-641db1c24d1d,STAR,star Tankstelle,Berlin,52.534388,13.184014,1.7,2.209,2.149,2.269,True
2026-08-21T17:30:28+00:00,51d4b471-a095-1aa0-e100-80009459e03a,JET,JET BERLIN BRUNSBUETTELER DAMM 87-89,BERLIN,52.53379,13.18503,1.7,2.199,2.139,2.269,True
2026-08-21T17:30:28+00:00,d590310c-e209-46b2-bfe7-dacc6148e1f1,TotalEnergies,TotalEnergies Berlin,Berlin,52.55424,13.207408,2,2.209,2.149,2.279,True
2026-08-21T17:30:28+00:00,5d8c8a4c-bce7-4d28-ae12-0d61a971c5cc,Shell,Shell Berlin Streitstr. 19,Berlin,52.558899,13.208409,2.3,2.219,2.159,2.289,True
2026-08-21T17:30:28+00:00,057827cd-6583-4a3a-a461-f8546073fd02,SUN,Sun Klosterstr.,Berlin,52.52943,13.19517,2.4,2.199,2.139,2.269,True
2026-08-21T17:30:28+00:00,905d4775-754e-4b38-baca-89c98fad1d1a,Sprint,Sprint Berlin Ruhlebener Str.,Berlin,52.529285,13.20718,2.9,2.199,2.139,2.269,True
2026-08-21T17:31:58+00:00,cebbe420-bcf3-4db8-9099-c52b783e2158,ESSO,Esso Tankstelle,BERLIN,52.549044,13.17897,0,2.219,2.159,2.279,True
2026-08-21T17:31:58+00:00,7347dd32-bfa1-470a-a6ee-2a2c95ad9af5,ARAL,Aral Tankstelle,Berlin,52.542747,13.199304,1.5,2.239,2.179,2.289,True
2026-08-21T17:31:58+00:00,9f07b69b-4b15-4852-9c60-5d293c6cadc5,Sprint,Sprint Berlin Seegefelder Str.,Berlin,52.536163,13.191189,1.6,2.199,2.139,2.269,True
2026-08-21T17:31:58+00:00,005056ba-7cb6-1ed2-bceb-641db1c24d1d,STAR,star Tankstelle,Berlin,52.534388,13.184014,1.7,2.209,2.149,2.269,True
2026-08-21T17:31:58+00:00,51d4b471-a095-1aa0-e100-80009459e03a,JET,JET BERLIN BRUNSBUETTELER DAMM 87-89,BERLIN,52.53379,13.18503,1.7,2.199,2.139,2.269,True
2026-08-21T17:31:58+00:00,d590310c-e209-46b2-bfe7-dacc6148e1f1,TotalEnergies,TotalEnergies Berlin,Berlin,52.55424,13.207408,2,2.209,2.149,2.279,True
2026-08-21T17:31:58+00:00,5d8c8a4c-bce7-4d28-ae12-0d61a971c5cc,Shell,Shell Berlin Streitstr. 19,Berlin,52.558899,13.208409,2.3,2.219,2.159,2.289,True
2026-08-21T17:31:58+00:00,057827cd-6583-4a3a-a461-f8546073fd02,SUN,Sun Klosterstr.,Berlin,52.52943,13.19517,2.4,2.199,2.139,2.269,True
2026-08-21T17:31:58+00:00,905d4775-754e-4b38-baca-89c98fad1d1a,Sprint,Sprint Berlin Ruhlebener Str.,Berlin,52.529285,13.20718,2.9,2.199,2.139,2.269,True
2026-08-21T17:33:29+00:00,cebbe420-bcf3-4db8-9099-c52b783e2158,ESSO,Esso Tankstelle,BERLIN,52.549044,13.17897,0,2.209,2.149,2.279,True
2026-08-21T17:33:29+00:00,7347dd32-bfa1-470a-a6ee-2a2c95ad9af5,ARAL,Aral Tankstelle,Berlin,52.542747,13.199304,1.5,2.239,2.179,2.289,True
2026-08-21T17:33:29+00:00,9f07b69b-4b15-4852-9c60-5d293c6cadc5,Sprint,Sprint Berlin Seegefelder Str.,Berlin,52.536163,13.191189,1.6,2.199,2.139,2.269,True
2026-08-21T17:33:29+00:00,005056ba-7cb6-1ed2-bceb-641db1c24d1d,STAR,star Tankstelle,Berlin,52.534388,13.184014,1.7,2.209,2.149,2.269,True
2026-08-21T17:33:29+00:00,51d4b471-a095-1aa0-e100-80009459e03a,JET,JET BERLIN BRUNSBUETTELER DAMM 87-89,BERLIN,52.53379,13.18503,1.7,2.199,2.139,2.269,True
2026-08-21T17:33:29+00:00,d590310c-e209-46b2-bfe7-dacc6148e1f1,TotalEnergies,TotalEnergies Berlin,Berlin,52.55424,13.207408,2,2.209,2.149,2.279,True
2026-08-21T17:33:29+00:00,5d8c8a4c-bce7-4d28-ae12-0d61a971c5cc,Shell,Shell Berlin Streitstr. 19,Berlin,52.558899,13.208409,2.3,2.219,2.159,2.289,True
2026-08-21T17:33:29+00:00,057827cd-6583-4a3a-a461-f8546073fd02,SUN,Sun Klosterstr.,Berlin,52.52943,13.19517,2.4,2.199,2.139,2.269,True
2026-08-21T17:33:29+00:00,905d4775-754e-4b38-baca-89c98fad1d1a,Sprint,Sprint Berlin Ruhlebener Str.,Berlin,52.529285,13.20718,2.9,2.199,2.139,2.269,True
2026-08-21T17:35:00+00:00,cebbe420-bcf3-4db8-9099-c52b783e2158,ESSO,Esso Tankstelle,BERLIN,52.549044,13.17897,0,2.209,2.149,2.279,True
2026-08-21T17:35:00+00:00,7347dd32-bfa1-470a-a6ee-2a2c95ad9af5,ARAL,Aral Tankstelle,Berlin,52.542747,13.199304,1.5,2.239,2.179,2.289,True
2026-08-21T17:35:00+00:00,9f07b69b-4b15-4852-9c60-5d293c6cadc5,Sprint,Sprint Berlin Seegefelder Str.,Berlin,52.536163,13.191189,1.6,2.199,2.139,2.269,True
2026-08-21T17:35:00+00:00,005056ba-7cb6-1ed2-bceb-641db1c24d1d,STAR,star Tankstelle,Berlin,52.534388,13.184014,1.7,2.199,2.139,2.269,True
2026-08-21T17:35:00+00:00,51d4b471-a095-1aa0-e100-80009459e03a,JET,JET BERLIN BRUNSBUETTELER DAMM 87-89,BERLIN,52.53379,13.18503,1.7,2.199,2.139,2.269,True
2026-08-21T17:35:00+00:00,d590310c-e209-46b2-bfe7-dacc6148e1f1,TotalEnergies,TotalEnergies Berlin,Berlin,52.55424,13.207408,2,2.209,2.149,2.279,True
2026-08-21T17:35:00+00:00,5d8c8a4c-bce7-4d28-ae12-0d61a971c5cc,Shell,Shell Berlin Streitstr. 19,Berlin,52.558899,13.208409,2.3,2.219,2.159,2.289,True
2026-08-21T17:35:00+00:00,057827cd-6583-4a3a-a461-f8546073fd02,SUN,Sun Klosterstr.,Berlin,52.52943,13.19517,2.4,2.199,2.139,2.269,True
2026-08-21T17:35:00+00:00,905d4775-754e-4b38-baca-89c98fad1d1a,Sprint,Sprint Berlin Ruhlebener Str.,Berlin,52.529285,13.20718,2.9,2.199,2.139,2.269,True
2026-08-21T17:36:34+00:00,cebbe420-bcf3-4db8-9099-c52b783e2158,ESSO,Esso Tankstelle,BERLIN,52.549044,13.17897,0,2.209,2.149,2.279,True
2026-08-21T17:36:34+00:00,7347dd32-bfa1-470a-a6ee-2a2c95ad9af5,ARAL,Aral Tankstelle,Berlin,52.542747,13.199304,1.5,2.239,2.179,2.289,True
2026-08-21T17:36:34+00:00,9f07b69b-4b15-4852-9c60-5d293c6cadc5,Sprint,Sprint Berlin Seegefelder Str.,Berlin,52.536163,13.191189,1.6,2.199,2.139,2.269,True
2026-08-21T17:36:34+00:00,005056ba-7cb6-1ed2-bceb-641db1c24d1d,STAR,star Tankstelle,Berlin,52.534388,13.184014,1.7,2.199,2.139,2.269,True
2026-08-21T17:36:34+00:00,51d4b471-a095-1aa0-e100-80009459e03a,JET,JET BERLIN BRUNSBUETTELER DAMM 87-89,BERLIN,52.53379,13.18503,1.7,2.199,2.139,2.269,True
2026-08-21T17:36:34+00:00,d590310c-e209-46b2-bfe7-dacc6148e1f1,TotalEnergies,TotalEnergies Berlin,Berlin,52.55424,13.207408,2,2.209,2.149,2.279,True
2026-08-21T17:36:34+00:00,5d8c8a4c-bce7-4d28-ae12-0d61a971c5cc,Shell,Shell Berlin Streitstr. 19,Berlin,52.558899,13.208409,2.3,2.219,2.159,2.289,True
2026-08-21T17:36:34+00:00,057827cd-6583-4a3a-a461-f8546073fd02,SUN,Sun Klosterstr.,Berlin,52.52943,13.19517,2.4,2.199,2.139,2.269,True
2026-08-21T17:36:34+00:00,905d4775-754e-4b38-baca-89c98fad1d1a,Sprint,Sprint Berlin Ruhlebener Str.,Berlin,52.529285,13.20718,2.9,2.199,2.139,2.269,True
2026-08-21T17:38:05+00:00,cebbe420-bcf3-4db8-9099-c52b783e2158,ESSO,Esso Tankstelle,BERLIN,52.549044,13.17897,0,2.209,2.149,2.279,True
2026-08-21T17:38:05+00:00,7347dd32-bfa1-470a-a6ee-2a2c95ad9af5,ARAL,Aral Tankstelle,Berlin,52.542747,13.199304,1.5,2.239,2.179,2.289,True
2026-08-21T17:38:05+00:00,9f07b69b-4b15-4852-9c60-5d293c6cadc5,Sprint,Sprint Berlin Seegefelder Str.,Berlin,52.536163,13.191189,1.6,2.199,2.139,2.269,True
2026-08-21T17:38:05+00:00,005056ba-7cb6-1ed2-bceb-641db1c24d1d,STAR,star Tankstelle,Berlin,52.534388,13.184014,1.7,2.199,2.139,2.269,True
2026-08-21T17:38:05+00:00,51d4b471-a095-1aa0-e100-80009459e03a,JET,JET BERLIN BRUNSBUETTELER DAMM 87-89,BERLIN,52.53379,13.18503,1.7,2.199,2.139,2.269,True
2026-08-21T17:38:05+00:00,d590310c-e209-46b2-bfe7-dacc6148e1f1,TotalEnergies,TotalEnergies Berlin,Berlin,52.55424,13.207408,2,2.209,2.149,2.279,True
2026-08-21T17:38:05+00:00,5d8c8a4c-bce7-4d28-ae12-0d61a971c5cc,Shell,Shell Berlin Streitstr. 19,Berlin,52.558899,13.208409,2.3,2.219,2.159,2.289,True
2026-08-21T17:38:05+00:00,057827cd-6583-4a3a-a461-f8546073fd02,SUN,Sun Klosterstr.,Berlin,52.52943,13.19517,2.4,2.199,2.139,2.269,True
2026-08-21T17:38:05+00:00,905d4775-754e-4b38-baca-89c98fad1d1a,Sprint,Sprint Berlin Ruhlebener Str.,Berlin,52.529285,13.20718,2.9,2.199,2.139,2.269,True
2026-08-21T17:39:36+00:00,cebbe420-bcf3-4db8-9099-c52b783e2158,ESSO,Esso Tankstelle,BERLIN,52.549044,13.17897,0,2.209,2.149,2.279,True
2026-08-21T17:39:36+00:00,7347dd32-bfa1-470a-a6ee-2a2c95ad9af5,ARAL,Aral Tankstelle,Berlin,52.542747,13.199304,1.5,2.239,2.179,2.289,True
2026-08-21T17:39:36+00:00,9f07b69b-4b15-4852-9c60-5d293c6cadc5,Sprint,Sprint Berlin Seegefelder Str.,Berlin,52.536163,13.191189,1.6,2.199,2.139,2.269,True
2026-08-21T17:39:36+00:00,005056ba-7cb6-1ed2-bceb-641db1c24d1d,STAR,star Tankstelle,Berlin,52.534388,13.184014,1.7,2.199,2.139,2.269,True
2026-08-21T17:39:36+00:00,51d4b471-a095-1aa0-e100-80009459e03a,JET,JET BERLIN BRUNSBUETTELER DAMM 87-89,BERLIN,52.53379,13.18503,1.7,2.199,2.139,2.269,True
2026-08-21T17:39:36+00:00,d590310c-e209-46b2-bfe7-dacc6148e1f1,TotalEnergies,TotalEnergies Berlin,Berlin,52.55424,13.207408,2,2.209,2.149,2.279,True
2026-08-21T17:39:36+00:00,5d8c8a4c-bce7-4d28-ae12-0d61a971c5cc,Shell,Shell Berlin Streitstr. 19,Berlin,52.558899,13.208409,2.3,2.219,2.159,2.289,True
2026-08-21T17:39:36+00:00,057827cd-6583-4a3a-a461-f8546073fd02,SUN,Sun Klosterstr.,Berlin,52.52943,13.19517,2.4,2.199,2.139,2.269,True
2026-08-21T17:39:36+00:00,905d4775-754e-4b38-baca-89c98fad1d1a,Sprint,Sprint Berlin Ruhlebener Str.,Berlin,52.529285,13.20718,2.9,2.199,2.139,2.269,True
2026-08-21T17:41:07+00:00,cebbe420-bcf3-4db8-9099-c52b783e2158,ESSO,Esso Tankstelle,BERLIN,52.549044,13.17897,0,2.209,2.149,2.279,True
2026-08-21T17:41:07+00:00,7347dd32-bfa1-470a-a6ee-2a2c95ad9af5,ARAL,Aral Tankstelle,Berlin,52.542747,13.199304,1.5,2.239,2.179,2.289,True
2026-08-21T17:41:07+00:00,9f07b69b-4b15-4852-9c60-5d293c6cadc5,Sprint,Sprint Berlin Seegefelder Str.,Berlin,52.536163,13.191189,1.6,2.199,2.139,2.269,True
2026-08-21T17:41:07+00:00,005056ba-7cb6-1ed2-bceb-641db1c24d1d,STAR,star Tankstelle,Berlin,52.534388,13.184014,1.7,2.199,2.139,2.269,True
2026-08-21T17:41:07+00:00,51d4b471-a095-1aa0-e100-80009459e03a,JET,JET BERLIN BRUNSBUETTELER DAMM 87-89,BERLIN,52.53379,13.18503,1.7,2.189,2.129,2.259,True
2026-08-21T17:41:07+00:00,d590310c-e209-46b2-bfe7-dacc6148e1f1,TotalEnergies,TotalEnergies Berlin,Berlin,52.55424,13.207408,2,2.209,2.149,2.279,True
2026-08-21T17:41:07+00:00,5d8c8a4c-bce7-4d28-ae12-0d61a971c5cc,Shell,Shell Berlin Streitstr. 19,Berlin,52.558899,13.208409,2.3,2.219,2.159,2.289,True
2026-08-21T17:41:07+00:00,057827cd-6583-4a3a-a461-f8546073fd02,SUN,Sun Klosterstr.,Berlin,52.52943,13.19517,2.4,2.199,2.139,2.269,True
2026-08-21T17:41:07+00:00,905d4775-754e-4b38-baca-89c98fad1d1a,Sprint,Sprint Berlin Ruhlebener Str.,Berlin,52.529285,13.20718,2.9,2.199,2.139,2.269,True
2026-08-21T17:42:38+00:00,cebbe420-bcf3-4db8-9099-c52b783e2158,ESSO,Esso Tankstelle,BERLIN,52.549044,13.17897,0,2.209,2.149,2.279,True
2026-08-21T17:42:38+00:00,7347dd32-bfa1-470a-a6ee-2a2c95ad9af5,ARAL,Aral Tankstelle,Berlin,52.542747,13.199304,1.5,2.239,2.179,2.289,True
2026-08-21T17:42:38+00:00,9f07b69b-4b15-4852-9c60-5d293c6cadc5,Sprint,Sprint Berlin Seegefelder Str.,Berlin,52.536163,13.191189,1.6,2.189,2.129,2.259,True
2026-08-21T17:42:38+00:00,005056ba-7cb6-1ed2-bceb-641db1c24d1d,STAR,star Tankstelle,Berlin,52.534388,13.184014,1.7,2.199,2.139,2.269,True
2026-08-21T17:42:38+00:00,51d4b471-a095-1aa0-e100-80009459e03a,JET,JET BERLIN BRUNSBUETTELER DAMM 87-89,BERLIN,52.53379,13.18503,1.7,2.189,2.129,2.259,True
2026-08-21T17:42:38+00:00,d590310c-e209-46b2-bfe7-dacc6148e1f1,TotalEnergies,TotalEnergies Berlin,Berlin,52.55424,13.207408,2,2.209,2.149,2.279,True
2026-08-21T17:42:38+00:00,5d8c8a4c-bce7-4d28-ae12-0d61a971c5cc,Shell,Shell Berlin Streitstr. 19,Berlin,52.558899,13.208409,2.3,2.219,2.159,2.289,True
2026-08-21T17:42:38+00:00,057827cd-6583-4a3a-a461-f8546073fd02,SUN,Sun Klosterstr.,Berlin,52.52943,13.19517,2.4,2.199,2.139,2.269,True
2026-08-21T17:42:38+00:00,905d4775-754e-4b38-baca-89c98fad1d1a,Sprint,Sprint Berlin Ruhlebener Str.,Berlin,52.529285,13.20718,2.9,2.189,2.129,2.259,True
2026-08-21T17:44:09+00:00,cebbe420-bcf3-4db8-9099-c52b783e2158,ESSO,Esso Tankstelle,BERLIN,52.549044,13.17897,0,2.209,2.149,2.279,True
2026-08-21T17:44:09+00:00,7347dd32-bfa1-470a-a6ee-2a2c95ad9af5,ARAL,Aral Tankstelle,Berlin,52.542747,13.199304,1.5,2.239,2.179,2.289,True
2026-08-21T17:44:09+00:00,9f07b69b-4b15-4852-9c60-5d293c6cadc5,Sprint,Sprint Berlin Seegefelder Str.,Berlin,52.536163,13.191189,1.6,2.189,2.129,2.259,True
2026-08-21T17:44:09+00:00,005056ba-7cb6-1ed2-bceb-641db1c24d1d,STAR,star Tankstelle,Berlin,52.534388,13.184014,1.7,2.199,2.139,2.269,True
2026-08-21T17:44:09+00:00,51d4b471-a095-1aa0-e100-80009459e03a,JET,JET BERLIN BRUNSBUETTELER DAMM 87-89,BERLIN,52.53379,13.18503,1.7,2.189,2.129,2.259,True
2026-08-21T17:44:09+00:00,d590310c-e209-46b2-bfe7-dacc6148e1f1,TotalEnergies,TotalEnergies Berlin,Berlin,52.55424,13.207408,2,2.209,2.149,2.279,True
2026-08-21T17:44:09+00:00,5d8c8a4c-bce7-4d28-ae12-0d61a971c5cc,Shell,Shell Berlin Streitstr. 19,Berlin,52.558899,13.208409,2.3,2.219,2.159,2.289,True
2026-08-21T17:44:09+00:00,057827cd-6583-4a3a-a461-f8546073fd02,SUN,Sun Klosterstr.,Berlin,52.52943,13.19517,2.4,2.199,2.139,2.269,True
2026-08-21T17:44:09+00:00,905d4775-754e-4b38-baca-89c98fad1d1a,Sprint,Sprint Berlin Ruhlebener Str.,Berlin,52.529285,13.20718,2.9,2.189,2.129,2.259,True
2026-08-21T17:45:39+00:00,cebbe420-bcf3-4db8-9099-c52b783e2158,ESSO,Esso Tankstelle,BERLIN,52.549044,13.17897,0,2.209,2.149,2.279,True
2026-08-21T17:45:39+00:00,7347dd32-bfa1-470a-a6ee-2a2c95ad9af5,ARAL,Aral Tankstelle,Berlin,52.542747,13.199304,1.5,2.239,2.179,2.289,True
2026-08-21T17:45:39+00:00,9f07b69b-4b15-4852-9c60-5d293c6cadc5,Sprint,Sprint Berlin Seegefelder Str.,Berlin,52.536163,13.191189,1.6,2.189,2.129,2.259,True
2026-08-21T17:45:39+00:00,005056ba-7cb6-1ed2-bceb-641db1c24d1d,STAR,star Tankstelle,Berlin,52.534388,13.184014,1.7,2.199,2.139,2.269,True
2026-08-21T17:45:39+00:00,51d4b471-a095-1aa0-e100-80009459e03a,JET,JET BERLIN BRUNSBUETTELER DAMM 87-89,BERLIN,52.53379,13.18503,1.7,2.189,2.129,2.259,True
2026-08-21T17:45:39+00:00,d590310c-e209-46b2-bfe7-dacc6148e1f1,TotalEnergies,TotalEnergies Berlin,Berlin,52.55424,13.207408,2,2.209,2.149,2.279,True
2026-08-21T17:45:39+00:00,5d8c8a4c-bce7-4d28-ae12-0d61a971c5cc,Shell,Shell Berlin Streitstr. 19,Berlin,52.558899,13.208409,2.3,2.219,2.159,2.289,True
2026-08-21T17:45:39+00:00,057827cd-6583-4a3a-a461-f8546073fd02,SUN,Sun Klosterstr.,Berlin,52.52943,13.19517,2.4,2.199,2.139,2.269,True
2026-08-21T17:45:39+00:00,905d4775-754e-4b38-baca-89c98fad1d1a,Sprint,Sprint Berlin Ruhlebener Str.,Berlin,52.529285,13.20718,2.9,2.189,2.129,2.259,True
2026-08-21T17:47:10+00:00,cebbe420-bcf3-4db8-9099-c52b783e2158,ESSO,Esso Tankstelle,BERLIN,52.549044,13.17897,0,2.209,2.149,2.279,True
2026-08-21T17:47:10+00:00,7347dd32-bfa1-470a-a6ee-2a2c95ad9af5,ARAL,Aral Tankstelle,Berlin,52.542747,13.199304,1.5,2.239,2.179,2.289,True
2026-08-21T17:47:10+00:00,9f07b69b-4b15-4852-9c60-5d293c6cadc5,Sprint,Sprint Berlin Seegefelder Str.,Berlin,52.536163,13.191189,1.6,2.189,2.129,2.259,True
2026-08-21T17:47:10+00:00,005056ba-7cb6-1ed2-bceb-641db1c24d1d,STAR,star Tankstelle,Berlin,52.534388,13.184014,1.7,2.199,2.139,2.269,True
2026-08-21T17:47:10+00:00,51d4b471-a095-1aa0-e100-80009459e03a,JET,JET BERLIN BRUNSBUETTELER DAMM 87-89,BERLIN,52.53379,13.18503,1.7,2.189,2.129,2.259,True
2026-08-21T17:47:10+00:00,d590310c-e209-46b2-bfe7-dacc6148e1f1,TotalEnergies,TotalEnergies Berlin,Berlin,52.55424,13.207408,2,2.209,2.149,2.279,True
2026-08-21T17:47:10+00:00,5d8c8a4c-bce7-4d28-ae12-0d61a971c5cc,Shell,Shell Berlin Streitstr. 19,Berlin,52.558899,13.208409,2.3,2.219,2.159,2.289,True
2026-08-21T17:47:10+00:00,057827cd-6583-4a3a-a461-f8546073fd02,SUN,Sun Klosterstr.,Berlin,52.52943,13.19517,2.4,2.199,2.139,2.269,True
2026-08-21T17:47:10+00:00,905d4775-754e-4b38-baca-89c98fad1d1a,Sprint,Sprint Berlin Ruhlebener Str.,Berlin,52.529285,13.20718,2.9,2.189,2.129,2.259,True
2026-08-21T17:48:41+00:00,cebbe420-bcf3-4db8-9099-c52b783e2158,ESSO,Esso Tankstelle,BERLIN,52.549044,13.17897,0,2.199,2.139,2.269,True
2026-08-21T17:48:41+00:00,7347dd32-bfa1-470a-a6ee-2a2c95ad9af5,ARAL,Aral Tankstelle,Berlin,52.542747,13.199304,1.5,2.239,2.179,2.289,True
2026-08-21T17:48:41+00:00,9f07b69b-4b15-4852-9c60-5d293c6cadc5,Sprint,Sprint Berlin Seegefelder Str.,Berlin,52.536163,13.191189,1.6,2.189,2.129,2.259,True
2026-08-21T17:48:41+00:00,005056ba-7cb6-1ed2-bceb-641db1c24d1d,STAR,star Tankstelle,Berlin,52.534388,13.184014,1.7,2.199,2.139,2.269,True
2026-08-21T17:48:41+00:00,51d4b471-a095-1aa0-e100-80009459e03a,JET,JET BERLIN BRUNSBUETTELER DAMM 87-89,BERLIN,52.53379,13.18503,1.7,2.189,2.129,2.259,True
2026-08-21T17:48:41+00:00,d590310c-e209-46b2-bfe7-dacc6148e1f1,TotalEnergies,TotalEnergies Berlin,Berlin,52.55424,13.207408,2,2.199,2.139,2.269,True
2026-08-21T17:48:41+00:00,5d8c8a4c-bce7-4d28-ae12-0d61a971c5cc,Shell,Shell Berlin Streitstr. 19,Berlin,52.558899,13.208409,2.3,2.209,2.149,2.279,True
2026-08-21T17:48:41+00:00,057827cd-6583-4a3a-a461-f8546073fd02,SUN,Sun Klosterstr.,Berlin,52.52943,13.19517,2.4,2.199,2.139,2.269,True
2026-08-21T17:48:41+00:00,905d4775-754e-4b38-baca-89c98fad1d1a,Sprint,Sprint Berlin Ruhlebener Str.,Berlin,52.529285,13.20718,2.9,2.189,2.129,2.259,True
2026-08-21T17:50:12+00:00,cebbe420-bcf3-4db8-9099-c52b783e2158,ESSO,Esso Tankstelle,BERLIN,52.549044,13.17897,0,2.199,2.139,2.269,True
2026-08-21T17:50:12+00:00,7347dd32-bfa1-470a-a6ee-2a2c95ad9af5,ARAL,Aral Tankstelle,Berlin,52.542747,13.199304,1.5,2.239,2.179,2.289,True
2026-08-21T17:50:12+00:00,9f07b69b-4b15-4852-9c60-5d293c6cadc5,Sprint,Sprint Berlin Seegefelder Str.,Berlin,52.536163,13.191189,1.6,2.189,2.129,2.259,True
2026-08-21T17:50:12+00:00,005056ba-7cb6-1ed2-bceb-641db1c24d1d,STAR,star Tankstelle,Berlin,52.534388,13.184014,1.7,2.199,2.139,2.269,True
2026-08-21T17:50:12+00:00,51d4b471-a095-1aa0-e100-80009459e03a,JET,JET BERLIN BRUNSBUETTELER DAMM 87-89,BERLIN,52.53379,13.18503,1.7,2.189,2.129,2.259,True
2026-08-21T17:50:12+00:00,d590310c-e209-46b2-bfe7-dacc6148e1f1,TotalEnergies,TotalEnergies Berlin,Berlin,52.55424,13.207408,2,2.199,2.139,2.269,True
2026-08-21T17:50:12+00:00,5d8c8a4c-bce7-4d28-ae12-0d61a971c5cc,Shell,Shell Berlin Streitstr. 19,Berlin,52.558899,13.208409,2.3,2.209,2.149,2.279,True
2026-08-21T17:50:12+00:00,057827cd-6583-4a3a-a461-f8546073fd02,SUN,Sun Klosterstr.,Berlin,52.52943,13.19517,2.4,2.199,2.139,2.269,True
2026-08-21T17:50:12+00:00,905d4775-754e-4b38-baca-89c98fad1d1a,Sprint,Sprint Berlin Ruhlebener Str.,Berlin,52.529285,13.20718,2.9,2.189,2.129,2.259,True
2026-08-21T17:51:43+00:00,cebbe420-bcf3-4db8-9099-c52b783e2158,ESSO,Esso Tankstelle,BERLIN,52.549044,13.17897,0,2.199,2.139,2.269,True
2026-08-21T17:51:43+00:00,7347dd32-bfa1-470a-a6ee-2a2c95ad9af5,ARAL,Aral Tankstelle,Berlin,52.542747,13.199304,1.5,2.239,2.179,2.289,True
2026-08-21T17:51:43+00:00,9f07b69b-4b15-4852-9c60-5d293c6cadc5,Sprint,Sprint Berlin Seegefelder Str.,Berlin,52.536163,13.191189,1.6,2.189,2.129,2.259,True
2026-08-21T17:51:43+00:00,005056ba-7cb6-1ed2-bceb-641db1c24d1d,STAR,star Tankstelle,Berlin,52.534388,13.184014,1.7,2.199,2.139,2.269,True
2026-08-21T17:51:43+00:00,51d4b471-a095-1aa0-e100-80009459e03a,JET,JET BERLIN BRUNSBUETTELER DAMM 87-89,BERLIN,52.53379,13.18503,1.7,2.189,2.129,2.259,True
2026-08-21T17:51:43+00:00,d590310c-e209-46b2-bfe7-dacc6148e1f1,TotalEnergies,TotalEnergies Berlin,Berlin,52.55424,13.207408,2,2.199,2.139,2.269,True
2026-08-21T17:51:43+00:00,5d8c8a4c-bce7-4d28-ae12-0d61a971c5cc,Shell,Shell Berlin Streitstr. 19,Berlin,52.558899,13.208409,2.3,2.209,2.149,2.279,True
2026-08-21T17:51:43+00:00,057827cd-6583-4a3a-a461-f8546073fd02,SUN,Sun Klosterstr.,Berlin,52.52943,13.19517,2.4,2.189,2.129,2.259,True
2026-08-21T17:51:43+00:00,905d4775-754e-4b38-baca-89c98fad1d1a,Sprint,Sprint Berlin Ruhlebener Str.,Berlin,52.529285,13.20718,2.9,2.189,2.129,2.259,True
2026-08-21T17:53:14+00:00,cebbe420-bcf3-4db8-9099-c52b783e2158,ESSO,Esso Tankstelle,BERLIN,52.549044,13.17897,0,2.199,2.139,2.269,True
2026-08-21T17:53:14+00:00,7347dd32-bfa1-470a-a6ee-2a2c95ad9af5,ARAL,Aral Tankstelle,Berlin,52.542747,13.199304,1.5,2.239,2.179,2.289,True
2026-08-21T17:53:14+00:00,9f07b69b-4b15-4852-9c60-5d293c6cadc5,Sprint,Sprint Berlin Seegefelder Str.,Berlin,52.536163,13.191189,1.6,2.189,2.129,2.259,True
2026-08-21T17:53:14+00:00,005056ba-7cb6-1ed2-bceb-641db1c24d1d,STAR,star Tankstelle,Berlin,52.534388,13.184014,1.7,2.189,2.129,2.259,True
2026-08-21T17:53:14+00:00,51d4b471-a095-1aa0-e100-80009459e03a,JET,JET BERLIN BRUNSBUETTELER DAMM 87-89,BERLIN,52.53379,13.18503,1.7,2.189,2.129,2.259,True
2026-08-21T17:53:14+00:00,d590310c-e209-46b2-bfe7-dacc6148e1f1,TotalEnergies,TotalEnergies Berlin,Berlin,52.55424,13.207408,2,2.199,2.139,2.269,True
2026-08-21T17:53:14+00:00,5d8c8a4c-bce7-4d28-ae12-0d61a971c5cc,Shell,Shell Berlin Streitstr. 19,Berlin,52.558899,13.208409,2.3,2.209,2.149,2.279,True
2026-08-21T17:53:14+00:00,057827cd-6583-4a3a-a461-f8546073fd02,SUN,Sun Klosterstr.,Berlin,52.52943,13.19517,2.4,2.189,2.129,2.259,True
2026-08-21T17:53:14+00:00,905d4775-754e-4b38-baca-89c98fad1d1a,Sprint,Sprint Berlin Ruhlebener Str.,Berlin,52.529285,13.20718,2.9,2.189,2.129,2.259,True
2026-08-21T17:54:45+00:00,cebbe420-bcf3-4db8-9099-c52b783e2158,ESSO,Esso Tankstelle,BERLIN,52.549044,13.17897,0,2.199,2.139,2.269,True
2026-08-21T17:54:45+00:00,7347dd32-bfa1-470a-a6ee-2a2c95ad9af5,ARAL,Aral Tankstelle,Berlin,52.542747,13.199304,1.5,2.239,2.179,2.289,True
2026-08-21T17:54:45+00:00,9f07b69b-4b15-4852-9c60-5d293c6cadc5,Sprint,Sprint Berlin Seegefelder Str.,Berlin,52.536163,13.191189,1.6,2.189,2.129,2.259,True
2026-08-21T17:54:45+00:00,005056ba-7cb6-1ed2-bceb-641db1c24d1d,STAR,star Tankstelle,Berlin,52.534388,13.184014,1.7,2.189,2.129,2.259,True
2026-08-21T17:54:45+00:00,51d4b471-a095-1aa0-e100-80009459e03a,JET,JET BERLIN BRUNSBUETTELER DAMM 87-89,BERLIN,52.53379,13.18503,1.7,2.189,2.129,2.259,True
2026-08-21T17:54:45+00:00,d590310c-e209-46b2-bfe7-dacc6148e1f1,TotalEnergies,TotalEnergies Berlin,Berlin,52.55424,13.207408,2,2.199,2.139,2.269,True
2026-08-21T17:54:45+00:00,5d8c8a4c-bce7-4d28-ae12-0d61a971c5cc,Shell,Shell Berlin Streitstr. 19,Berlin,52.558899,13.208409,2.3,2.209,2.149,2.279,True
2026-08-21T17:54:45+00:00,057827cd-6583-4a3a-a461-f8546073fd02,SUN,Sun Klosterstr.,Berlin,52.52943,13.19517,2.4,2.189,2.129,2.259,True
2026-08-21T17:54:45+00:00,905d4775-754e-4b38-baca-89c98fad1d1a,Sprint,Sprint Berlin Ruhlebener Str.,Berlin,52.529285,13.20718,2.9,2.189,2.129,2.259,True
2026-08-21T17:56:16+00:00,cebbe420-bcf3-4db8-9099-c52b783e2158,ESSO,Esso Tankstelle,BERLIN,52.549044,13.17897,0,2.199,2.139,2.269,True
2026-08-21T17:56:16+00:00,7347dd32-bfa1-470a-a6ee-2a2c95ad9af5,ARAL,Aral Tankstelle,Berlin,52.542747,13.199304,1.5,2.239,2.179,2.289,True
2026-08-21T17:56:16+00:00,9f07b69b-4b15-4852-9c60-5d293c6cadc5,Sprint,Sprint Berlin Seegefelder Str.,Berlin,52.536163,13.191189,1.6,2.189,2.129,2.259,True
2026-08-21T17:56:16+00:00,005056ba-7cb6-1ed2-bceb-641db1c24d1d,STAR,star Tankstelle,Berlin,52.534388,13.184014,1.7,2.189,2.129,2.259,True
2026-08-21T17:56:16+00:00,51d4b471-a095-1aa0-e100-80009459e03a,JET,JET BERLIN BRUNSBUETTELER DAMM 87-89,BERLIN,52.53379,13.18503,1.7,2.189,2.129,2.259,True
2026-08-21T17:56:16+00:00,d590310c-e209-46b2-bfe7-dacc6148e1f1,TotalEnergies,TotalEnergies Berlin,Berlin,52.55424,13.207408,2,2.199,2.139,2.269,True
2026-08-21T17:56:16+00:00,5d8c8a4c-bce7-4d28-ae12-0d61a971c5cc,Shell,Shell Berlin Streitstr. 19,Berlin,52.558899,13.208409,2.3,2.209,2.149,2.279,True
2026-08-21T17:56:16+00:00,057827cd-6583-4a3a-a461-f8546073fd02,SUN,Sun Klosterstr.,Berlin,52.52943,13.19517,2.4,2.189,2.129,2.259,True
2026-08-21T17:56:16+00:00,905d4775-754e-4b38-baca-89c98fad1d1a,Sprint,Sprint Berlin Ruhlebener Str.,Berlin,52.529285,13.20718,2.9,2.189,2.129,2.259,True
2026-08-21T17:57:48+00:00,cebbe420-bcf3-4db8-9099-c52b783e2158,ESSO,Esso Tankstelle,BERLIN,52.549044,13.17897,0,2.199,2.139,2.269,True
2026-08-21T17:57:48+00:00,7347dd32-bfa1-470a-a6ee-2a2c95ad9af5,ARAL,Aral Tankstelle,Berlin,52.542747,13.199304,1.5,2.239,2.179,2.289,True
2026-08-21T17:57:48+00:00,9f07b69b-4b15-4852-9c60-5d293c6cadc5,Sprint,Sprint Berlin Seegefelder Str.,Berlin,52.536163,13.191189,1.6,2.189,2.129,2.259,True
2026-08-21T17:57:48+00:00,005056ba-7cb6-1ed2-bceb-641db1c24d1d,STAR,star Tankstelle,Berlin,52.534388,13.184014,1.7,2.189,2.129,2.259,True
2026-08-21T17:57:48+00:00,51d4b471-a095-1aa0-e100-80009459e03a,JET,JET BERLIN BRUNSBUETTELER DAMM 87-89,BERLIN,52.53379,13.18503,1.7,2.189,2.129,2.259,True
2026-08-21T17:57:48+00:00,d590310c-e209-46b2-bfe7-dacc6148e1f1,TotalEnergies,TotalEnergies Berlin,Berlin,52.55424,13.207408,2,2.199,2.139,2.269,True
2026-08-21T17:57:48+00:00,5d8c8a4c-bce7-4d28-ae12-0d61a971c5cc,Shell,Shell Berlin Streitstr. 19,Berlin,52.558899,13.208409,2.3,2.209,2.149,2.279,True
2026-08-21T17:57:48+00:00,057827cd-6583-4a3a-a461-f8546073fd02,SUN,Sun Klosterstr.,Berlin,52.52943,13.19517,2.4,2.189,2.129,2.259,True
2026-08-21T17:57:48+00:00,905d4775-754e-4b38-baca-89c98fad1d1a,Sprint,Sprint Berlin Ruhlebener Str.,Berlin,52.529285,13.20718,2.9,2.189,2.129,2.259,True
2026-08-21T17:59:19+00:00,cebbe420-bcf3-4db8-9099-c52b783e2158,ESSO,Esso Tankstelle,BERLIN,52.549044,13.17897,0,2.199,2.139,2.269,True
2026-08-21T17:59:19+00:00,7347dd32-bfa1-470a-a6ee-2a2c95ad9af5,ARAL,Aral Tankstelle,Berlin,52.542747,13.199304,1.5,2.239,2.179,2.289,True
2026-08-21T17:59:19+00:00,9f07b69b-4b15-4852-9c60-5d293c6cadc5,Sprint,Sprint Berlin Seegefelder Str.,Berlin,52.536163,13.191189,1.6,2.189,2.129,2.259,True
2026-08-21T17:59:19+00:00,005056ba-7cb6-1ed2-bceb-641db1c24d1d,STAR,star Tankstelle,Berlin,52.534388,13.184014,1.7,2.189,2.129,2.259,True
2026-08-21T17:59:19+00:00,51d4b471-a095-1aa0-e100-80009459e03a,JET,JET BERLIN BRUNSBUETTELER DAMM 87-89,BERLIN,52.53379,13.18503,1.7,2.189,2.129,2.259,True
2026-08-21T17:59:19+00:00,d590310c-e209-46b2-bfe7-dacc6148e1f1,TotalEnergies,TotalEnergies Berlin,Berlin,52.55424,13.207408,2,2.199,2.139,2.269,True
2026-08-21T17:59:19+00:00,5d8c8a4c-bce7-4d28-ae12-0d61a971c5cc,Shell,Shell Berlin Streitstr. 19,Berlin,52.558899,13.208409,2.3,2.209,2.149,2.279,True
2026-08-21T17:59:19+00:00,057827cd-6583-4a3a-a461-f8546073fd02,SUN,Sun Klosterstr.,Berlin,52.52943,13.19517,2.4,2.189,2.129,2.259,True
2026-08-21T17:59:19+00:00,905d4775-754e-4b38-baca-89c98fad1d1a,Sprint,Sprint Berlin Ruhlebener Str.,Berlin,52.529285,13.20718,2.9,2.169,2.109,2.229,True
2026-08-21T18:00:50+00:00,cebbe420-bcf3-4db8-9099-c52b783e2158,ESSO,Esso Tankstelle,BERLIN,52.549044,13.17897,0,2.199,2.139,2.269,True
2026-08-21T18:00:50+00:00,7347dd32-bfa1-470a-a6ee-2a2c95ad9af5,ARAL,Aral Tankstelle,Berlin,52.542747,13.199304,1.5,2.239,2.179,2.289,True
2026-08-21T18:00:50+00:00,9f07b69b-4b15-4852-9c60-5d293c6cadc5,Sprint,Sprint Berlin Seegefelder Str.,Berlin,52.536163,13.191189,1.6,2.189,2.129,2.259,True
2026-08-21T18:00:50+00:00,005056ba-7cb6-1ed2-bceb-641db1c24d1d,STAR,star Tankstelle,Berlin,52.534388,13.184014,1.7,2.189,2.129,2.259,True
2026-08-21T18:00:50+00:00,51d4b471-a095-1aa0-e100-80009459e03a,JET,JET BERLIN BRUNSBUETTELER DAMM 87-89,BERLIN,52.53379,13.18503,1.7,2.169,2.109,2.229,True
2026-08-21T18:00:50+00:00,d590310c-e209-46b2-bfe7-dacc6148e1f1,TotalEnergies,TotalEnergies Berlin,Berlin,52.55424,13.207408,2,2.199,2.139,2.269,True
2026-08-21T18:00:50+00:00,5d8c8a4c-bce7-4d28-ae12-0d61a971c5cc,Shell,Shell Berlin Streitstr. 19,Berlin,52.558899,13.208409,2.3,2.209,2.149,2.279,True
2026-08-21T18:00:50+00:00,057827cd-6583-4a3a-a461-f8546073fd02,SUN,Sun Klosterstr.,Berlin,52.52943,13.19517,2.4,2.189,2.129,2.259,True
2026-08-21T18:00:50+00:00,905d4775-754e-4b38-baca-89c98fad1d1a,Sprint,Sprint Berlin Ruhlebener Str.,Berlin,52.529285,13.20718,2.9,2.169,2.109,2.229,True
2026-08-21T18:02:21+00:00,cebbe420-bcf3-4db8-9099-c52b783e2158,ESSO,Esso Tankstelle,BERLIN,52.549044,13.17897,0,2.199,2.139,2.269,True
2026-08-21T18:02:21+00:00,7347dd32-bfa1-470a-a6ee-2a2c95ad9af5,ARAL,Aral Tankstelle,Berlin,52.542747,13.199304,1.5,2.239,2.179,2.289,True
2026-08-21T18:02:21+00:00,9f07b69b-4b15-4852-9c60-5d293c6cadc5,Sprint,Sprint Berlin Seegefelder Str.,Berlin,52.536163,13.191189,1.6,2.169,2.109,2.229,True
2026-08-21T18:02:21+00:00,005056ba-7cb6-1ed2-bceb-641db1c24d1d,STAR,star Tankstelle,Berlin,52.534388,13.184014,1.7,2.189,2.129,2.259,True
2026-08-21T18:02:21+00:00,51d4b471-a095-1aa0-e100-80009459e03a,JET,JET BERLIN BRUNSBUETTELER DAMM 87-89,BERLIN,52.53379,13.18503,1.7,2.169,2.109,2.229,True
2026-08-21T18:02:21+00:00,d590310c-e209-46b2-bfe7-dacc6148e1f1,TotalEnergies,TotalEnergies Berlin,Berlin,52.55424,13.207408,2,2.199,2.139,2.269,True
2026-08-21T18:02:21+00:00,5d8c8a4c-bce7-4d28-ae12-0d61a971c5cc,Shell,Shell Berlin Streitstr. 19,Berlin,52.558899,13.208409,2.3,2.209,2.149,2.279,True
2026-08-21T18:02:21+00:00,057827cd-6583-4a3a-a461-f8546073fd02,SUN,Sun Klosterstr.,Berlin,52.52943,13.19517,2.4,2.189,2.129,2.259,True
2026-08-21T18:02:21+00:00,905d4775-754e-4b38-baca-89c98fad1d1a,Sprint,Sprint Berlin Ruhlebener Str.,Berlin,52.529285,13.20718,2.9,2.169,2.109,2.229,True
2026-08-21T18:03:52+00:00,cebbe420-bcf3-4db8-9099-c52b783e2158,ESSO,Esso Tankstelle,BERLIN,52.549044,13.17897,0,2.199,2.139,2.269,True
2026-08-21T18:03:52+00:00,7347dd32-bfa1-470a-a6ee-2a2c95ad9af5,ARAL,Aral Tankstelle,Berlin,52.542747,13.199304,1.5,2.239,2.179,2.289,True
2026-08-21T18:03:52+00:00,9f07b69b-4b15-4852-9c60-5d293c6cadc5,Sprint,Sprint Berlin Seegefelder Str.,Berlin,52.536163,13.191189,1.6,2.169,2.109,2.229,True
2026-08-21T18:03:52+00:00,005056ba-7cb6-1ed2-bceb-641db1c24d1d,STAR,star Tankstelle,Berlin,52.534388,13.184014,1.7,2.189,2.129,2.259,True
2026-08-21T18:03:52+00:00,51d4b471-a095-1aa0-e100-80009459e03a,JET,JET BERLIN BRUNSBUETTELER DAMM 87-89,BERLIN,52.53379,13.18503,1.7,2.169,2.109,2.229,True
2026-08-21T18:03:52+00:00,d590310c-e209-46b2-bfe7-dacc6148e1f1,TotalEnergies,TotalEnergies Berlin,Berlin,52.55424,13.207408,2,2.199,2.139,2.269,True
2026-08-21T18:03:52+00:00,5d8c8a4c-bce7-4d28-ae12-0d61a971c5cc,Shell,Shell Berlin Streitstr. 19,Berlin,52.558899,13.208409,2.3,2.209,2.149,2.279,True
2026-08-21T18:03:52+00:00,057827cd-6583-4a3a-a461-f8546073fd02,SUN,Sun Klosterstr.,Berlin,52.52943,13.19517,2.4,2.169,2.109,2.229,True
2026-08-21T18:03:52+00:00,905d4775-754e-4b38-baca-89c98fad1d1a,Sprint,Sprint Berlin Ruhlebener Str.,Berlin,52.529285,13.20718,2.9,2.169,2.109,2.229,True
2026-08-21T18:05:23+00:00,cebbe420-bcf3-4db8-9099-c52b783e2158,ESSO,Esso Tankstelle,BERLIN,52.549044,13.17897,0,2.199,2.139,2.269,True
2026-08-21T18:05:23+00:00,7347dd32-bfa1-470a-a6ee-2a2c95ad9af5,ARAL,Aral Tankstelle,Berlin,52.542747,13.199304,1.5,2.239,2.179,2.289,True
2026-08-21T18:05:23+00:00,9f07b69b-4b15-4852-9c60-5d293c6cadc5,Sprint,Sprint Berlin Seegefelder Str.,Berlin,52.536163,13.191189,1.6,2.169,2.109,2.229,True
2026-08-21T18:05:23+00:00,005056ba-7cb6-1ed2-bceb-641db1c24d1d,STAR,star Tankstelle,Berlin,52.534388,13.184014,1.7,2.189,2.129,2.259,True
2026-08-21T18:05:23+00:00,51d4b471-a095-1aa0-e100-80009459e03a,JET,JET BERLIN BRUNSBUETTELER DAMM 87-89,BERLIN,52.53379,13.18503,1.7,2.169,2.109,2.229,True
2026-08-21T18:05:23+00:00,d590310c-e209-46b2-bfe7-dacc6148e1f1,TotalEnergies,TotalEnergies Berlin,Berlin,52.55424,13.207408,2,2.199,2.139,2.269,True
2026-08-21T18:05:23+00:00,5d8c8a4c-bce7-4d28-ae12-0d61a971c5cc,Shell,Shell Berlin Streitstr. 19,Berlin,52.558899,13.208409,2.3,2.209,2.149,2.279,True
2026-08-21T18:05:23+00:00,057827cd-6583-4a3a-a461-f8546073fd02,SUN,Sun Klosterstr.,Berlin,52.52943,13.19517,2.4,2.169,2.109,2.229,True
2026-08-21T18:05:23+00:00,905d4775-754e-4b38-baca-89c98fad1d1a,Sprint,Sprint Berlin Ruhlebener Str.,Berlin,52.529285,13.20718,2.9,2.169,2.109,2.229,True
2026-08-21T18:06:54+00:00,cebbe420-bcf3-4db8-9099-c52b783e2158,ESSO,Esso Tankstelle,BERLIN,52.549044,13.17897,0,2.199,2.139,2.269,True
2026-08-21T18:06:54+00:00,7347dd32-bfa1-470a-a6ee-2a2c95ad9af5,ARAL,Aral Tankstelle,Berlin,52.542747,13.199304,1.5,2.239,2.179,2.289,True
2026-08-21T18:06:54+00:00,9f07b69b-4b15-4852-9c60-5d293c6cadc5,Sprint,Sprint Berlin Seegefelder Str.,Berlin,52.536163,13.191189,1.6,2.169,2.109,2.229,True
2026-08-21T18:06:54+00:00,005056ba-7cb6-1ed2-bceb-641db1c24d1d,STAR,star Tankstelle,Berlin,52.534388,13.184014,1.7,2.189,2.129,2.259,True
2026-08-21T18:06:54+00:00,51d4b471-a095-1aa0-e100-80009459e03a,JET,JET BERLIN BRUNSBUETTELER DAMM 87-89,BERLIN,52.53379,13.18503,1.7,2.169,2.109,2.229,True
2026-08-21T18:06:54+00:00,d590310c-e209-46b2-bfe7-dacc6148e1f1,TotalEnergies,TotalEnergies Berlin,Berlin,52.55424,13.207408,2,2.199,2.139,2.269,True
2026-08-21T18:06:54+00:00,5d8c8a4c-bce7-4d28-ae12-0d61a971c5cc,Shell,Shell Berlin Streitstr. 19,Berlin,52.558899,13.208409,2.3,2.199,2.139,2.269,True
2026-08-21T18:06:54+00:00,057827cd-6583-4a3a-a461-f8546073fd02,SUN,Sun Klosterstr.,Berlin,52.52943,13.19517,2.4,2.169,2.109,2.229,True
2026-08-21T18:06:54+00:00,905d4775-754e-4b38-baca-89c98fad1d1a,Sprint,Sprint Berlin Ruhlebener Str.,Berlin,52.529285,13.20718,2.9,2.169,2.109,2.229,True
2026-08-21T18:08:25+00:00,cebbe420-bcf3-4db8-9099-c52b783e2158,ESSO,Esso Tankstelle,BERLIN,52.549044,13.17897,0,2.199,2.139,2.269,True
2026-08-21T18:08:25+00:00,7347dd32-bfa1-470a-a6ee-2a2c95ad9af5,ARAL,Aral Tankstelle,Berlin,52.542747,13.199304,1.5,2.239,2.179,2.289,True
2026-08-21T18:08:25+00:00,9f07b69b-4b15-4852-9c60-5d293c6cadc5,Sprint,Sprint Berlin Seegefelder Str.,Berlin,52.536163,13.191189,1.6,2.169,2.109,2.229,True
2026-08-21T18:08:25+00:00,005056ba-7cb6-1ed2-bceb-641db1c24d1d,STAR,star Tankstelle,Berlin,52.534388,13.184014,1.7,2.189,2.129,2.259,True
2026-08-21T18:08:25+00:00,51d4b471-a095-1aa0-e100-80009459e03a,JET,JET BERLIN BRUNSBUETTELER DAMM 87-89,BERLIN,52.53379,13.18503,1.7,2.169,2.109,2.229,True
2026-08-21T18:08:25+00:00,d590310c-e209-46b2-bfe7-dacc6148e1f1,TotalEnergies,TotalEnergies Berlin,Berlin,52.55424,13.207408,2,2.199,2.139,2.269,True
2026-08-21T18:08:25+00:00,5d8c8a4c-bce7-4d28-ae12-0d61a971c5cc,Shell,Shell Berlin Streitstr. 19,Berlin,52.558899,13.208409,2.3,2.199,2.139,2.269,True
2026-08-21T18:08:25+00:00,057827cd-6583-4a3a-a461-f8546073fd02,SUN,Sun Klosterstr.,Berlin,52.52943,13.19517,2.4,2.169,2.109,2.229,True
2026-08-21T18:08:25+00:00,905d4775-754e-4b38-baca-89c98fad1d1a,Sprint,Sprint Berlin Ruhlebener Str.,Berlin,52.529285,13.20718,2.9,2.169,2.109,2.229,True
2026-08-21T18:09:56+00:00,cebbe420-bcf3-4db8-9099-c52b783e2158,ESSO,Esso Tankstelle,BERLIN,52.549044,13.17897,0,2.179,2.119,2.239,True
2026-08-21T18:09:56+00:00,7347dd32-bfa1-470a-a6ee-2a2c95ad9af5,ARAL,Aral Tankstelle,Berlin,52.542747,13.199304,1.5,2.239,2.179,2.289,True
2026-08-21T18:09:56+00:00,9f07b69b-4b15-4852-9c60-5d293c6cadc5,Sprint,Sprint Berlin Seegefelder Str.,Berlin,52.536163,13.191189,1.6,2.169,2.109,2.229,True
2026-08-21T18:09:56+00:00,005056ba-7cb6-1ed2-bceb-641db1c24d1d,STAR,star Tankstelle,Berlin,52.534388,13.184014,1.7,2.189,2.129,2.259,True
2026-08-21T18:09:56+00:00,51d4b471-a095-1aa0-e100-80009459e03a,JET,JET BERLIN BRUNSBUETTELER DAMM 87-89,BERLIN,52.53379,13.18503,1.7,2.169,2.109,2.229,True
2026-08-21T18:09:56+00:00,d590310c-e209-46b2-bfe7-dacc6148e1f1,TotalEnergies,TotalEnergies Berlin,Berlin,52.55424,13.207408,2,2.179,2.119,2.239,True
2026-08-21T18:09:56+00:00,5d8c8a4c-bce7-4d28-ae12-0d61a971c5cc,Shell,Shell Berlin Streitstr. 19,Berlin,52.558899,13.208409,2.3,2.199,2.139,2.269,True
2026-08-21T18:09:56+00:00,057827cd-6583-4a3a-a461-f8546073fd02,SUN,Sun Klosterstr.,Berlin,52.52943,13.19517,2.4,2.169,2.109,2.229,True
2026-08-21T18:09:56+00:00,905d4775-754e-4b38-baca-89c98fad1d1a,Sprint,Sprint Berlin Ruhlebener Str.,Berlin,52.529285,13.20718,2.9,2.169,2.109,2.229,True
2026-08-21T18:11:27+00:00,cebbe420-bcf3-4db8-9099-c52b783e2158,ESSO,Esso Tankstelle,BERLIN,52.549044,13.17897,0,2.179,2.119,2.239,True
2026-08-21T18:11:27+00:00,7347dd32-bfa1-470a-a6ee-2a2c95ad9af5,ARAL,Aral Tankstelle,Berlin,52.542747,13.199304,1.5,2.239,2.179,2.289,True
2026-08-21T18:11:27+00:00,9f07b69b-4b15-4852-9c60-5d293c6cadc5,Sprint,Sprint Berlin Seegefelder Str.,Berlin,52.536163,13.191189,1.6,2.169,2.109,2.229,True
2026-08-21T18:11:27+00:00,005056ba-7cb6-1ed2-bceb-641db1c24d1d,STAR,star Tankstelle,Berlin,52.534388,13.184014,1.7,2.189,2.129,2.259,True
2026-08-21T18:11:27+00:00,51d4b471-a095-1aa0-e100-80009459e03a,JET,JET BERLIN BRUNSBUETTELER DAMM 87-89,BERLIN,52.53379,13.18503,1.7,2.169,2.109,2.229,True
2026-08-21T18:11:27+00:00,d590310c-e209-46b2-bfe7-dacc6148e1f1,TotalEnergies,TotalEnergies Berlin,Berlin,52.55424,13.207408,2,2.179,2.119,2.239,True
2026-08-21T18:11:27+00:00,5d8c8a4c-bce7-4d28-ae12-0d61a971c5cc,Shell,Shell Berlin Streitstr. 19,Berlin,52.558899,13.208409,2.3,2.199,2.139,2.269,True
2026-08-21T18:11:27+00:00,057827cd-6583-4a3a-a461-f8546073fd02,SUN,Sun Klosterstr.,Berlin,52.52943,13.19517,2.4,2.169,2.109,2.229,True
2026-08-21T18:11:27+00:00,905d4775-754e-4b38-baca-89c98fad1d1a,Sprint,Sprint Berlin Ruhlebener Str.,Berlin,52.529285,13.20718,2.9,2.169,2.109,2.229,True
2026-08-21T18:12:58+00:00,cebbe420-bcf3-4db8-9099-c52b783e2158,ESSO,Esso Tankstelle,BERLIN,52.549044,13.17897,0,2.179,2.119,2.239,True
2026-08-21T18:12:58+00:00,7347dd32-bfa1-470a-a6ee-2a2c95ad9af5,ARAL,Aral Tankstelle,Berlin,52.542747,13.199304,1.5,2.239,2.179,2.289,True
2026-08-21T18:12:58+00:00,9f07b69b-4b15-4852-9c60-5d293c6cadc5,Sprint,Sprint Berlin Seegefelder Str.,Berlin,52.536163,13.191189,1.6,2.169,2.109,2.229,True
2026-08-21T18:12:58+00:00,005056ba-7cb6-1ed2-bceb-641db1c24d1d,STAR,star Tankstelle,Berlin,52.534388,13.184014,1.7,2.189,2.129,2.229,True
2026-08-21T18:12:58+00:00,51d4b471-a095-1aa0-e100-80009459e03a,JET,JET BERLIN BRUNSBUETTELER DAMM 87-89,BERLIN,52.53379,13.18503,1.7,2.169,2.109,2.229,True
2026-08-21T18:12:58+00:00,d590310c-e209-46b2-bfe7-dacc6148e1f1,TotalEnergies,TotalEnergies Berlin,Berlin,52.55424,13.207408,2,2.179,2.119,2.239,True
2026-08-21T18:12:58+00:00,5d8c8a4c-bce7-4d28-ae12-0d61a971c5cc,Shell,Shell Berlin Streitstr. 19,Berlin,52.558899,13.208409,2.3,2.199,2.139,2.269,True
2026-08-21T18:12:58+00:00,057827cd-6583-4a3a-a461-f8546073fd02,SUN,Sun Klosterstr.,Berlin,52.52943,13.19517,2.4,2.169,2.109,2.229,True
2026-08-21T18:12:58+00:00,905d4775-754e-4b38-baca-89c98fad1d1a,Sprint,Sprint Berlin Ruhlebener Str.,Berlin,52.529285,13.20718,2.9,2.169,2.109,2.229,True
2026-08-21T18:14:29+00:00,cebbe420-bcf3-4db8-9099-c52b783e2158,ESSO,Esso Tankstelle,BERLIN,52.549044,13.17897,0,2.179,2.119,2.239,True
2026-08-21T18:14:29+00:00,7347dd32-bfa1-470a-a6ee-2a2c95ad9af5,ARAL,Aral Tankstelle,Berlin,52.542747,13.199304,1.5,2.239,2.179,2.289,True
2026-08-21T18:14:29+00:00,9f07b69b-4b15-4852-9c60-5d293c6cadc5,Sprint,Sprint Berlin Seegefelder Str.,Berlin,52.536163,13.191189,1.6,2.169,2.109,2.229,True
2026-08-21T18:14:29+00:00,005056ba-7cb6-1ed2-bceb-641db1c24d1d,STAR,star Tankstelle,Berlin,52.534388,13.184014,1.7,2.169,2.109,2.229,True
2026-08-21T18:14:29+00:00,51d4b471-a095-1aa0-e100-80009459e03a,JET,JET BERLIN BRUNSBUETTELER DAMM 87-89,BERLIN,52.53379,13.18503,1.7,2.169,2.109,2.229,True
2026-08-21T18:14:29+00:00,d590310c-e209-46b2-bfe7-dacc6148e1f1,TotalEnergies,TotalEnergies Berlin,Berlin,52.55424,13.207408,2,2.179,2.119,2.239,True
2026-08-21T18:14:29+00:00,5d8c8a4c-bce7-4d28-ae12-0d61a971c5cc,Shell,Shell Berlin Streitstr. 19,Berlin,52.558899,13.208409,2.3,2.199,2.139,2.269,True
2026-08-21T18:14:29+00:00,057827cd-6583-4a3a-a461-f8546073fd02,SUN,Sun Klosterstr.,Berlin,52.52943,13.19517,2.4,2.169,2.109,2.229,True
2026-08-21T18:14:29+00:00,905d4775-754e-4b38-baca-89c98fad1d1a,Sprint,Sprint Berlin Ruhlebener Str.,Berlin,52.529285,13.20718,2.9,2.169,2.109,2.229,True
2026-08-21T18:16:00+00:00,cebbe420-bcf3-4db8-9099-c52b783e2158,ESSO,Esso Tankstelle,BERLIN,52.549044,13.17897,0,2.179,2.119,2.239,True
2026-08-21T18:16:00+00:00,7347dd32-bfa1-470a-a6ee-2a2c95ad9af5,ARAL,Aral Tankstelle,Berlin,52.542747,13.199304,1.5,2.239,2.179,2.289,True
2026-08-21T18:16:00+00:00,9f07b69b-4b15-4852-9c60-5d293c6cadc5,Sprint,Sprint Berlin Seegefelder Str.,Berlin,52.536163,13.191189,1.6,2.169,2.109,2.229,True
2026-08-21T18:16:00+00:00,005056ba-7cb6-1ed2-bceb-641db1c24d1d,STAR,star Tankstelle,Berlin,52.534388,13.184014,1.7,2.169,2.109,2.229,True
2026-08-21T18:16:00+00:00,51d4b471-a095-1aa0-e100-80009459e03a,JET,JET BERLIN BRUNSBUETTELER DAMM 87-89,BERLIN,52.53379,13.18503,1.7,2.169,2.109,2.229,True
2026-08-21T18:16:00+00:00,d590310c-e209-46b2-bfe7-dacc6148e1f1,TotalEnergies,TotalEnergies Berlin,Berlin,52.55424,13.207408,2,2.179,2.119,2.239,True
2026-08-21T18:16:00+00:00,5d8c8a4c-bce7-4d28-ae12-0d61a971c5cc,Shell,Shell Berlin Streitstr. 19,Berlin,52.558899,13.208409,2.3,2.199,2.139,2.269,True
2026-08-21T18:16:00+00:00,057827cd-6583-4a3a-a461-f8546073fd02,SUN,Sun Klosterstr.,Berlin,52.52943,13.19517,2.4,2.169,2.109,2.229,True
2026-08-21T18:16:00+00:00,905d4775-754e-4b38-baca-89c98fad1d1a,Sprint,Sprint Berlin Ruhlebener Str.,Berlin,52.529285,13.20718,2.9,2.169,2.109,2.229,True
2026-08-21T18:17:31+00:00,cebbe420-bcf3-4db8-9099-c52b783e2158,ESSO,Esso Tankstelle,BERLIN,52.549044,13.17897,0,2.179,2.119,2.239,True
2026-08-21T18:17:31+00:00,7347dd32-bfa1-470a-a6ee-2a2c95ad9af5,ARAL,Aral Tankstelle,Berlin,52.542747,13.199304,1.5,2.239,2.179,2.289,True
2026-08-21T18:17:31+00:00,9f07b69b-4b15-4852-9c60-5d293c6cadc5,Sprint,Sprint Berlin Seegefelder Str.,Berlin,52.536163,13.191189,1.6,2.169,2.109,2.229,True
2026-08-21T18:17:31+00:00,005056ba-7cb6-1ed2-bceb-641db1c24d1d,STAR,star Tankstelle,Berlin,52.534388,13.184014,1.7,2.169,2.109,2.229,True
2026-08-21T18:17:31+00:00,51d4b471-a095-1aa0-e100-80009459e03a,JET,JET BERLIN BRUNSBUETTELER DAMM 87-89,BERLIN,52.53379,13.18503,1.7,2.169,2.109,2.229,True
2026-08-21T18:17:31+00:00,d590310c-e209-46b2-bfe7-dacc6148e1f1,TotalEnergies,TotalEnergies Berlin,Berlin,52.55424,13.207408,2,2.179,2.119,2.239,True
2026-08-21T18:17:31+00:00,5d8c8a4c-bce7-4d28-ae12-0d61a971c5cc,Shell,Shell Berlin Streitstr. 19,Berlin,52.558899,13.208409,2.3,2.199,2.139,2.269,True
2026-08-21T18:17:31+00:00,057827cd-6583-4a3a-a461-f8546073fd02,SUN,Sun Klosterstr.,Berlin,52.52943,13.19517,2.4,2.169,2.109,2.229,True
2026-08-21T18:17:31+00:00,905d4775-754e-4b38-baca-89c98fad1d1a,Sprint,Sprint Berlin Ruhlebener Str.,Berlin,52.529285,13.20718,2.9,2.169,2.109,2.229,True
2026-08-21T18:19:02+00:00,cebbe420-bcf3-4db8-9099-c52b783e2158,ESSO,Esso Tankstelle,BERLIN,52.549044,13.17897,0,2.179,2.119,2.239,True
2026-08-21T18:19:02+00:00,7347dd32-bfa1-470a-a6ee-2a2c95ad9af5,ARAL,Aral Tankstelle,Berlin,52.542747,13.199304,1.5,2.239,2.179,2.289,True
2026-08-21T18:19:02+00:00,9f07b69b-4b15-4852-9c60-5d293c6cadc5,Sprint,Sprint Berlin Seegefelder Str.,Berlin,52.536163,13.191189,1.6,2.169,2.109,2.229,True
2026-08-21T18:19:02+00:00,005056ba-7cb6-1ed2-bceb-641db1c24d1d,STAR,star Tankstelle,Berlin,52.534388,13.184014,1.7,2.169,2.109,2.229,True
2026-08-21T18:19:02+00:00,51d4b471-a095-1aa0-e100-80009459e03a,JET,JET BERLIN BRUNSBUETTELER DAMM 87-89,BERLIN,52.53379,13.18503,1.7,2.169,2.109,2.229,True
2026-08-21T18:19:02+00:00,d590310c-e209-46b2-bfe7-dacc6148e1f1,TotalEnergies,TotalEnergies Berlin,Berlin,52.55424,13.207408,2,2.179,2.119,2.239,True
2026-08-21T18:19:02+00:00,5d8c8a4c-bce7-4d28-ae12-0d61a971c5cc,Shell,Shell Berlin Streitstr. 19,Berlin,52.558899,13.208409,2.3,2.199,2.139,2.269,True
2026-08-21T18:19:02+00:00,057827cd-6583-4a3a-a461-f8546073fd02,SUN,Sun Klosterstr.,Berlin,52.52943,13.19517,2.4,2.169,2.109,2.229,True
2026-08-21T18:19:02+00:00,905d4775-754e-4b38-baca-89c98fad1d1a,Sprint,Sprint Berlin Ruhlebener Str.,Berlin,52.529285,13.20718,2.9,2.169,2.109,2.229,True
2026-08-21T18:20:33+00:00,cebbe420-bcf3-4db8-9099-c52b783e2158,ESSO,Esso Tankstelle,BERLIN,52.549044,13.17897,0,2.179,2.119,2.239,True
2026-08-21T18:20:33+00:00,7347dd32-bfa1-470a-a6ee-2a2c95ad9af5,ARAL,Aral Tankstelle,Berlin,52.542747,13.199304,1.5,2.239,2.179,2.289,True
2026-08-21T18:20:33+00:00,9f07b69b-4b15-4852-9c60-5d293c6cadc5,Sprint,Sprint Berlin Seegefelder Str.,Berlin,52.536163,13.191189,1.6,2.169,2.109,2.229,True
2026-08-21T18:20:33+00:00,005056ba-7cb6-1ed2-bceb-641db1c24d1d,STAR,star Tankstelle,Berlin,52.534388,13.184014,1.7,2.169,2.109,2.229,True
2026-08-21T18:20:33+00:00,51d4b471-a095-1aa0-e100-80009459e03a,JET,JET BERLIN BRUNSBUETTELER DAMM 87-89,BERLIN,52.53379,13.18503,1.7,2.169,2.109,2.219,True
2026-08-21T18:20:33+00:00,d590310c-e209-46b2-bfe7-dacc6148e1f1,TotalEnergies,TotalEnergies Berlin,Berlin,52.55424,13.207408,2,2.179,2.119,2.239,True
2026-08-21T18:20:33+00:00,5d8c8a4c-bce7-4d28-ae12-0d61a971c5cc,Shell,Shell Berlin Streitstr. 19,Berlin,52.558899,13.208409,2.3,2.199,2.139,2.269,True
2026-08-21T18:20:33+00:00,057827cd-6583-4a3a-a461-f8546073fd02,SUN,Sun Klosterstr.,Berlin,52.52943,13.19517,2.4,2.169,2.109,2.229,True
2026-08-21T18:20:33+00:00,905d4775-754e-4b38-baca-89c98fad1d1a,Sprint,Sprint Berlin Ruhlebener Str.,Berlin,52.529285,13.20718,2.9,2.169,2.109,2.229,True
2026-08-21T18:22:04+00:00,cebbe420-bcf3-4db8-9099-c52b783e2158,ESSO,Esso Tankstelle,BERLIN,52.549044,13.17897,0,2.179,2.119,2.239,True
2026-08-21T18:22:04+00:00,7347dd32-bfa1-470a-a6ee-2a2c95ad9af5,ARAL,Aral Tankstelle,Berlin,52.542747,13.199304,1.5,2.239,2.179,2.289,True
2026-08-21T18:22:04+00:00,9f07b69b-4b15-4852-9c60-5d293c6cadc5,Sprint,Sprint Berlin Seegefelder Str.,Berlin,52.536163,13.191189,1.6,2.169,2.109,2.229,True
2026-08-21T18:22:04+00:00,005056ba-7cb6-1ed2-bceb-641db1c24d1d,STAR,star Tankstelle,Berlin,52.534388,13.184014,1.7,2.169,2.109,2.229,True
2026-08-21T18:22:04+00:00,51d4b471-a095-1aa0-e100-80009459e03a,JET,JET BERLIN BRUNSBUETTELER DAMM 87-89,BERLIN,52.53379,13.18503,1.7,2.169,2.109,2.219,True
2026-08-21T18:22:04+00:00,d590310c-e209-46b2-bfe7-dacc6148e1f1,TotalEnergies,TotalEnergies Berlin,Berlin,52.55424,13.207408,2,2.179,2.119,2.239,True
2026-08-21T18:22:04+00:00,5d8c8a4c-bce7-4d28-ae12-0d61a971c5cc,Shell,Shell Berlin Streitstr. 19,Berlin,52.558899,13.208409,2.3,2.199,2.139,2.269,True
2026-08-21T18:22:04+00:00,057827cd-6583-4a3a-a461-f8546073fd02,SUN,Sun Klosterstr.,Berlin,52.52943,13.19517,2.4,2.169,2.109,2.229,True
2026-08-21T18:22:04+00:00,905d4775-754e-4b38-baca-89c98fad1d1a,Sprint,Sprint Berlin Ruhlebener Str.,Berlin,52.529285,13.20718,2.9,2.169,2.109,2.229,True
2026-08-21T18:23:35+00:00,cebbe420-bcf3-4db8-9099-c52b783e2158,ESSO,Esso Tankstelle,BERLIN,52.549044,13.17897,0,2.179,2.119,2.239,True
2026-08-21T18:23:35+00:00,7347dd32-bfa1-470a-a6ee-2a2c95ad9af5,ARAL,Aral Tankstelle,Berlin,52.542747,13.199304,1.5,2.239,2.179,2.289,True
2026-08-21T18:23:35+00:00,9f07b69b-4b15-4852-9c60-5d293c6cadc5,Sprint,Sprint Berlin Seegefelder Str.,Berlin,52.536163,13.191189,1.6,2.169,2.109,2.219,True
2026-08-21T18:23:35+00:00,005056ba-7cb6-1ed2-bceb-641db1c24d1d,STAR,star Tankstelle,Berlin,52.534388,13.184014,1.7,2.169,2.109,2.229,True
2026-08-21T18:23:35+00:00,51d4b471-a095-1aa0-e100-80009459e03a,JET,JET BERLIN BRUNSBUETTELER DAMM 87-89,BERLIN,52.53379,13.18503,1.7,2.169,2.109,2.219,True
2026-08-21T18:23:35+00:00,d590310c-e209-46b2-bfe7-dacc6148e1f1,TotalEnergies,TotalEnergies Berlin,Berlin,52.55424,13.207408,2,2.179,2.119,2.239,True
2026-08-21T18:23:35+00:00,5d8c8a4c-bce7-4d28-ae12-0d61a971c5cc,Shell,Shell Berlin Streitstr. 19,Berlin,52.558899,13.208409,2.3,2.199,2.139,2.269,True
2026-08-21T18:23:35+00:00,057827cd-6583-4a3a-a461-f8546073fd02,SUN,Sun Klosterstr.,Berlin,52.52943,13.19517,2.4,2.169,2.109,2.229,True
2026-08-21T18:23:35+00:00,905d4775-754e-4b38-baca-89c98fad1d1a,Sprint,Sprint Berlin Ruhlebener Str.,Berlin,52.529285,13.20718,2.9,2.169,2.109,2.219,True
2026-08-21T18:25:06+00:00,cebbe420-bcf3-4db8-9099-c52b783e2158,ESSO,Esso Tankstelle,BERLIN,52.549044,13.17897,0,2.179,2.119,2.239,True
2026-08-21T18:25:06+00:00,7347dd32-bfa1-470a-a6ee-2a2c95ad9af5,ARAL,Aral Tankstelle,Berlin,52.542747,13.199304,1.5,2.239,2.179,2.289,True
2026-08-21T18:25:06+00:00,9f07b69b-4b15-4852-9c60-5d293c6cadc5,Sprint,Sprint Berlin Seegefelder Str.,Berlin,52.536163,13.191189,1.6,2.169,2.109,2.219,True
2026-08-21T18:25:06+00:00,005056ba-7cb6-1ed2-bceb-641db1c24d1d,STAR,star Tankstelle,Berlin,52.534388,13.184014,1.7,2.169,2.109,2.229,True
2026-08-21T18:25:06+00:00,51d4b471-a095-1aa0-e100-80009459e03a,JET,JET BERLIN BRUNSBUETTELER DAMM 87-89,BERLIN,52.53379,13.18503,1.7,2.169,2.109,2.219,True
2026-08-21T18:25:06+00:00,d590310c-e209-46b2-bfe7-dacc6148e1f1,TotalEnergies,TotalEnergies Berlin,Berlin,52.55424,13.207408,2,2.179,2.119,2.239,True
2026-08-21T18:25:06+00:00,5d8c8a4c-bce7-4d28-ae12-0d61a971c5cc,Shell,Shell Berlin Streitstr. 19,Berlin,52.558899,13.208409,2.3,2.199,2.139,2.269,True
2026-08-21T18:25:06+00:00,057827cd-6583-4a3a-a461-f8546073fd02,SUN,Sun Klosterstr.,Berlin,52.52943,13.19517,2.4,2.169,2.109,2.229,True
2026-08-21T18:25:06+00:00,905d4775-754e-4b38-baca-89c98fad1d1a,Sprint,Sprint Berlin Ruhlebener Str.,Berlin,52.529285,13.20718,2.9,2.169,2.109,2.219,True
2026-08-21T18:26:37+00:00,cebbe420-bcf3-4db8-9099-c52b783e2158,ESSO,Esso Tankstelle,BERLIN,52.549044,13.17897,0,2.179,2.119,2.239,True
2026-08-21T18:26:37+00:00,7347dd32-bfa1-470a-a6ee-2a2c95ad9af5,ARAL,Aral Tankstelle,Berlin,52.542747,13.199304,1.5,2.239,2.179,2.289,True
2026-08-21T18:26:37+00:00,9f07b69b-4b15-4852-9c60-5d293c6cadc5,Sprint,Sprint Berlin Seegefelder Str.,Berlin,52.536163,13.191189,1.6,2.169,2.109,2.219,True
2026-08-21T18:26:37+00:00,005056ba-7cb6-1ed2-bceb-641db1c24d1d,STAR,star Tankstelle,Berlin,52.534388,13.184014,1.7,2.169,2.109,2.229,True
2026-08-21T18:26:37+00:00,51d4b471-a095-1aa0-e100-80009459e03a,JET,JET BERLIN BRUNSBUETTELER DAMM 87-89,BERLIN,52.53379,13.18503,1.7,2.169,2.109,2.219,True
2026-08-21T18:26:37+00:00,d590310c-e209-46b2-bfe7-dacc6148e1f1,TotalEnergies,TotalEnergies Berlin,Berlin,52.55424,13.207408,2,2.179,2.119,2.239,True
2026-08-21T18:26:37+00:00,5d8c8a4c-bce7-4d28-ae12-0d61a971c5cc,Shell,Shell Berlin Streitstr. 19,Berlin,52.558899,13.208409,2.3,2.199,2.139,2.269,True
2026-08-21T18:26:37+00:00,057827cd-6583-4a3a-a461-f8546073fd02,SUN,Sun Klosterstr.,Berlin,52.52943,13.19517,2.4,2.169,2.109,2.229,True
2026-08-21T18:26:37+00:00,905d4775-754e-4b38-baca-89c98fad1d1a,Sprint,Sprint Berlin Ruhlebener Str.,Berlin,52.529285,13.20718,2.9,2.169,2.109,2.219,True
2026-08-21T18:28:08+00:00,cebbe420-bcf3-4db8-9099-c52b783e2158,ESSO,Esso Tankstelle,BERLIN,52.549044,13.17897,0,2.179,2.119,2.239,True
2026-08-21T18:28:08+00:00,7347dd32-bfa1-470a-a6ee-2a2c95ad9af5,ARAL,Aral Tankstelle,Berlin,52.542747,13.199304,1.5,2.239,2.179,2.289,True
2026-08-21T18:28:08+00:00,9f07b69b-4b15-4852-9c60-5d293c6cadc5,Sprint,Sprint Berlin Seegefelder Str.,Berlin,52.536163,13.191189,1.6,2.169,2.109,2.219,True
2026-08-21T18:28:08+00:00,005056ba-7cb6-1ed2-bceb-641db1c24d1d,STAR,star Tankstelle,Berlin,52.534388,13.184014,1.7,2.169,2.109,2.229,True
2026-08-21T18:28:08+00:00,51d4b471-a095-1aa0-e100-80009459e03a,JET,JET BERLIN BRUNSBUETTELER DAMM 87-89,BERLIN,52.53379,13.18503,1.7,2.169,2.109,2.219,True
2026-08-21T18:28:08+00:00,d590310c-e209-46b2-bfe7-dacc6148e1f1,TotalEnergies,TotalEnergies Berlin,Berlin,52.55424,13.207408,2,2.179,2.119,2.229,True
2026-08-21T18:28:08+00:00,5d8c8a4c-bce7-4d28-ae12-0d61a971c5cc,Shell,Shell Berlin Streitstr. 19,Berlin,52.558899,13.208409,2.3,2.199,2.139,2.269,True
2026-08-21T18:28:08+00:00,057827cd-6583-4a3a-a461-f8546073fd02,SUN,Sun Klosterstr.,Berlin,52.52943,13.19517,2.4,2.169,2.109,2.229,True
2026-08-21T18:28:08+00:00,905d4775-754e-4b38-baca-89c98fad1d1a,Sprint,Sprint Berlin Ruhlebener Str.,Berlin,52.529285,13.20718,2.9,2.169,2.109,2.219,True
2026-08-21T18:29:39+00:00,cebbe420-bcf3-4db8-9099-c52b783e2158,ESSO,Esso Tankstelle,BERLIN,52.549044,13.17897,0,2.179,2.119,2.229,True
2026-08-21T18:29:39+00:00,7347dd32-bfa1-470a-a6ee-2a2c95ad9af5,ARAL,Aral Tankstelle,Berlin,52.542747,13.199304,1.5,2.239,2.179,2.289,True
2026-08-21T18:29:39+00:00,9f07b69b-4b15-4852-9c60-5d293c6cadc5,Sprint,Sprint Berlin Seegefelder Str.,Berlin,52.536163,13.191189,1.6,2.169,2.109,2.219,True
2026-08-21T18:29:39+00:00,005056ba-7cb6-1ed2-bceb-641db1c24d1d,STAR,star Tankstelle,Berlin,52.534388,13.184014,1.7,2.169,2.109,2.229,True
2026-08-21T18:29:39+00:00,51d4b471-a095-1aa0-e100-80009459e03a,JET,JET BERLIN BRUNSBUETTELER DAMM 87-89,BERLIN,52.53379,13.18503,1.7,2.159,2.099,2.219,True
2026-08-21T18:29:39+00:00,d590310c-e209-46b2-bfe7-dacc6148e1f1,TotalEnergies,TotalEnergies Berlin,Berlin,52.55424,13.207408,2,2.179,2.119,2.229,True
2026-08-21T18:29:39+00:00,5d8c8a4c-bce7-4d28-ae12-0d61a971c5cc,Shell,Shell Berlin Streitstr. 19,Berlin,52.558899,13.208409,2.3,2.179,2.119,2.239,True
2026-08-21T18:29:39+00:00,057827cd-6583-4a3a-a461-f8546073fd02,SUN,Sun Klosterstr.,Berlin,52.52943,13.19517,2.4,2.169,2.109,2.219,True
2026-08-21T18:29:39+00:00,905d4775-754e-4b38-baca-89c98fad1d1a,Sprint,Sprint Berlin Ruhlebener Str.,Berlin,52.529285,13.20718,2.9,2.159,2.099,2.219,True
2026-08-21T18:31:11+00:00,cebbe420-bcf3-4db8-9099-c52b783e2158,ESSO,Esso Tankstelle,BERLIN,52.549044,13.17897,0,2.179,2.119,2.229,True
2026-08-21T18:31:11+00:00,7347dd32-bfa1-470a-a6ee-2a2c95ad9af5,ARAL,Aral Tankstelle,Berlin,52.542747,13.199304,1.5,2.239,2.179,2.289,True
2026-08-21T18:31:11+00:00,9f07b69b-4b15-4852-9c60-5d293c6cadc5,Sprint,Sprint Berlin Seegefelder Str.,Berlin,52.536163,13.191189,1.6,2.169,2.109,2.219,True
2026-08-21T18:31:11+00:00,005056ba-7cb6-1ed2-bceb-641db1c24d1d,STAR,star Tankstelle,Berlin,52.534388,13.184014,1.7,2.169,2.109,2.229,True
2026-08-21T18:31:11+00:00,51d4b471-a095-1aa0-e100-80009459e03a,JET,JET BERLIN BRUNSBUETTELER DAMM 87-89,BERLIN,52.53379,13.18503,1.7,2.159,2.099,2.219,True
2026-08-21T18:31:11+00:00,d590310c-e209-46b2-bfe7-dacc6148e1f1,TotalEnergies,TotalEnergies Berlin,Berlin,52.55424,13.207408,2,2.179,2.119,2.229,True
2026-08-21T18:31:11+00:00,5d8c8a4c-bce7-4d28-ae12-0d61a971c5cc,Shell,Shell Berlin Streitstr. 19,Berlin,52.558899,13.208409,2.3,2.179,2.119,2.239,True
2026-08-21T18:31:11+00:00,057827cd-6583-4a3a-a461-f8546073fd02,SUN,Sun Klosterstr.,Berlin,52.52943,13.19517,2.4,2.169,2.109,2.219,True
2026-08-21T18:31:11+00:00,905d4775-754e-4b38-baca-89c98fad1d1a,Sprint,Sprint Berlin Ruhlebener Str.,Berlin,52.529285,13.20718,2.9,2.159,2.099,2.219,True
2026-08-21T18:32:42+00:00,cebbe420-bcf3-4db8-9099-c52b783e2158,ESSO,Esso Tankstelle,BERLIN,52.549044,13.17897,0,2.179,2.119,2.229,True
2026-08-21T18:32:42+00:00,7347dd32-bfa1-470a-a6ee-2a2c95ad9af5,ARAL,Aral Tankstelle,Berlin,52.542747,13.199304,1.5,2.239,2.179,2.289,True
2026-08-21T18:32:42+00:00,9f07b69b-4b15-4852-9c60-5d293c6cadc5,Sprint,Sprint Berlin Seegefelder Str.,Berlin,52.536163,13.191189,1.6,2.159,2.099,2.219,True
2026-08-21T18:32:42+00:00,005056ba-7cb6-1ed2-bceb-641db1c24d1d,STAR,star Tankstelle,Berlin,52.534388,13.184014,1.7,2.169,2.109,2.219,True
2026-08-21T18:32:42+00:00,51d4b471-a095-1aa0-e100-80009459e03a,JET,JET BERLIN BRUNSBUETTELER DAMM 87-89,BERLIN,52.53379,13.18503,1.7,2.159,2.099,2.219,True
2026-08-21T18:32:42+00:00,d590310c-e209-46b2-bfe7-dacc6148e1f1,TotalEnergies,TotalEnergies Berlin,Berlin,52.55424,13.207408,2,2.179,2.119,2.229,True
2026-08-21T18:32:42+00:00,5d8c8a4c-bce7-4d28-ae12-0d61a971c5cc,Shell,Shell Berlin Streitstr. 19,Berlin,52.558899,13.208409,2.3,2.179,2.119,2.239,True
2026-08-21T18:32:42+00:00,057827cd-6583-4a3a-a461-f8546073fd02,SUN,Sun Klosterstr.,Berlin,52.52943,13.19517,2.4,2.169,2.109,2.219,True
2026-08-21T18:32:42+00:00,905d4775-754e-4b38-baca-89c98fad1d1a,Sprint,Sprint Berlin Ruhlebener Str.,Berlin,52.529285,13.20718,2.9,2.159,2.099,2.219,True
2026-08-21T18:34:13+00:00,cebbe420-bcf3-4db8-9099-c52b783e2158,ESSO,Esso Tankstelle,BERLIN,52.549044,13.17897,0,2.179,2.119,2.229,True
2026-08-21T18:34:13+00:00,7347dd32-bfa1-470a-a6ee-2a2c95ad9af5,ARAL,Aral Tankstelle,Berlin,52.542747,13.199304,1.5,2.239,2.179,2.289,True
2026-08-21T18:34:13+00:00,9f07b69b-4b15-4852-9c60-5d293c6cadc5,Sprint,Sprint Berlin Seegefelder Str.,Berlin,52.536163,13.191189,1.6,2.159,2.099,2.219,True
2026-08-21T18:34:13+00:00,005056ba-7cb6-1ed2-bceb-641db1c24d1d,STAR,star Tankstelle,Berlin,52.534388,13.184014,1.7,2.169,2.109,2.219,True
2026-08-21T18:34:13+00:00,51d4b471-a095-1aa0-e100-80009459e03a,JET,JET BERLIN BRUNSBUETTELER DAMM 87-89,BERLIN,52.53379,13.18503,1.7,2.159,2.099,2.219,True
2026-08-21T18:34:13+00:00,d590310c-e209-46b2-bfe7-dacc6148e1f1,TotalEnergies,TotalEnergies Berlin,Berlin,52.55424,13.207408,2,2.179,2.119,2.229,True
2026-08-21T18:34:13+00:00,5d8c8a4c-bce7-4d28-ae12-0d61a971c5cc,Shell,Shell Berlin Streitstr. 19,Berlin,52.558899,13.208409,2.3,2.179,2.119,2.239,True
2026-08-21T18:34:13+00:00,057827cd-6583-4a3a-a461-f8546073fd02,SUN,Sun Klosterstr.,Berlin,52.52943,13.19517,2.4,2.169,2.109,2.219,True
2026-08-21T18:34:13+00:00,905d4775-754e-4b38-baca-89c98fad1d1a,Sprint,Sprint Berlin Ruhlebener Str.,Berlin,52.529285,13.20718,2.9,2.159,2.099,2.219,True
2026-08-21T18:35:44+00:00,cebbe420-bcf3-4db8-9099-c52b783e2158,ESSO,Esso Tankstelle,BERLIN,52.549044,13.17897,0,2.179,2.119,2.229,True
2026-08-21T18:35:44+00:00,7347dd32-bfa1-470a-a6ee-2a2c95ad9af5,ARAL,Aral Tankstelle,Berlin,52.542747,13.199304,1.5,2.239,2.179,2.289,True
2026-08-21T18:35:44+00:00,9f07b69b-4b15-4852-9c60-5d293c6cadc5,Sprint,Sprint Berlin Seegefelder Str.,Berlin,52.536163,13.191189,1.6,2.159,2.099,2.219,True
2026-08-21T18:35:44+00:00,005056ba-7cb6-1ed2-bceb-641db1c24d1d,STAR,star Tankstelle,Berlin,52.534388,13.184014,1.7,2.169,2.109,2.219,True
2026-08-21T18:35:44+00:00,51d4b471-a095-1aa0-e100-80009459e03a,JET,JET BERLIN BRUNSBUETTELER DAMM 87-89,BERLIN,52.53379,13.18503,1.7,2.159,2.099,2.219,True
2026-08-21T18:35:44+00:00,d590310c-e209-46b2-bfe7-dacc6148e1f1,TotalEnergies,TotalEnergies Berlin,Berlin,52.55424,13.207408,2,2.179,2.119,2.229,True
2026-08-21T18:35:44+00:00,5d8c8a4c-bce7-4d28-ae12-0d61a971c5cc,Shell,Shell Berlin Streitstr. 19,Berlin,52.558899,13.208409,2.3,2.179,2.119,2.239,True
2026-08-21T18:35:44+00:00,057827cd-6583-4a3a-a461-f8546073fd02,SUN,Sun Klosterstr.,Berlin,52.52943,13.19517,2.4,2.159,2.099,2.219,True
2026-08-21T18:35:44+00:00,905d4775-754e-4b38-baca-89c98fad1d1a,Sprint,Sprint Berlin Ruhlebener Str.,Berlin,52.529285,13.20718,2.9,2.159,2.099,2.219,True
2026-08-21T18:37:15+00:00,cebbe420-bcf3-4db8-9099-c52b783e2158,ESSO,Esso Tankstelle,BERLIN,52.549044,13.17897,0,2.179,2.119,2.229,True
2026-08-21T18:37:15+00:00,7347dd32-bfa1-470a-a6ee-2a2c95ad9af5,ARAL,Aral Tankstelle,Berlin,52.542747,13.199304,1.5,2.239,2.179,2.289,True
2026-08-21T18:37:15+00:00,9f07b69b-4b15-4852-9c60-5d293c6cadc5,Sprint,Sprint Berlin Seegefelder Str.,Berlin,52.536163,13.191189,1.6,2.159,2.099,2.219,True
2026-08-21T18:37:15+00:00,005056ba-7cb6-1ed2-bceb-641db1c24d1d,STAR,star Tankstelle,Berlin,52.534388,13.184014,1.7,2.169,2.109,2.219,True
2026-08-21T18:37:15+00:00,51d4b471-a095-1aa0-e100-80009459e03a,JET,JET BERLIN BRUNSBUETTELER DAMM 87-89,BERLIN,52.53379,13.18503,1.7,2.159,2.099,2.219,True
2026-08-21T18:37:15+00:00,d590310c-e209-46b2-bfe7-dacc6148e1f1,TotalEnergies,TotalEnergies Berlin,Berlin,52.55424,13.207408,2,2.179,2.119,2.229,True
2026-08-21T18:37:15+00:00,5d8c8a4c-bce7-4d28-ae12-0d61a971c5cc,Shell,Shell Berlin Streitstr. 19,Berlin,52.558899,13.208409,2.3,2.179,2.119,2.239,True
2026-08-21T18:37:15+00:00,057827cd-6583-4a3a-a461-f8546073fd02,SUN,Sun Klosterstr.,Berlin,52.52943,13.19517,2.4,2.159,2.099,2.219,True
2026-08-21T18:37:15+00:00,905d4775-754e-4b38-baca-89c98fad1d1a,Sprint,Sprint Berlin Ruhlebener Str.,Berlin,52.529285,13.20718,2.9,2.159,2.099,2.219,True
2026-08-21T18:38:45+00:00,cebbe420-bcf3-4db8-9099-c52b783e2158,ESSO,Esso Tankstelle,BERLIN,52.549044,13.17897,0,2.179,2.119,2.229,True
2026-08-21T18:38:45+00:00,7347dd32-bfa1-470a-a6ee-2a2c95ad9af5,ARAL,Aral Tankstelle,Berlin,52.542747,13.199304,1.5,2.239,2.179,2.289,True
2026-08-21T18:38:45+00:00,9f07b69b-4b15-4852-9c60-5d293c6cadc5,Sprint,Sprint Berlin Seegefelder Str.,Berlin,52.536163,13.191189,1.6,2.159,2.099,2.219,True
2026-08-21T18:38:45+00:00,005056ba-7cb6-1ed2-bceb-641db1c24d1d,STAR,star Tankstelle,Berlin,52.534388,13.184014,1.7,2.169,2.109,2.219,True
2026-08-21T18:38:45+00:00,51d4b471-a095-1aa0-e100-80009459e03a,JET,JET BERLIN BRUNSBUETTELER DAMM 87-89,BERLIN,52.53379,13.18503,1.7,2.159,2.099,2.219,True
2026-08-21T18:38:45+00:00,d590310c-e209-46b2-bfe7-dacc6148e1f1,TotalEnergies,TotalEnergies Berlin,Berlin,52.55424,13.207408,2,2.179,2.119,2.229,True
2026-08-21T18:38:45+00:00,5d8c8a4c-bce7-4d28-ae12-0d61a971c5cc,Shell,Shell Berlin Streitstr. 19,Berlin,52.558899,13.208409,2.3,2.179,2.119,2.239,True
2026-08-21T18:38:45+00:00,057827cd-6583-4a3a-a461-f8546073fd02,SUN,Sun Klosterstr.,Berlin,52.52943,13.19517,2.4,2.159,2.099,2.219,True
2026-08-21T18:38:45+00:00,905d4775-754e-4b38-baca-89c98fad1d1a,Sprint,Sprint Berlin Ruhlebener Str.,Berlin,52.529285,13.20718,2.9,2.159,2.099,2.219,True
2026-08-21T18:40:16+00:00,cebbe420-bcf3-4db8-9099-c52b783e2158,ESSO,Esso Tankstelle,BERLIN,52.549044,13.17897,0,2.179,2.119,2.229,True
2026-08-21T18:40:16+00:00,7347dd32-bfa1-470a-a6ee-2a2c95ad9af5,ARAL,Aral Tankstelle,Berlin,52.542747,13.199304,1.5,2.239,2.179,2.289,True
2026-08-21T18:40:16+00:00,9f07b69b-4b15-4852-9c60-5d293c6cadc5,Sprint,Sprint Berlin Seegefelder Str.,Berlin,52.536163,13.191189,1.6,2.159,2.099,2.219,True
2026-08-21T18:40:16+00:00,005056ba-7cb6-1ed2-bceb-641db1c24d1d,STAR,star Tankstelle,Berlin,52.534388,13.184014,1.7,2.169,2.109,2.219,True
2026-08-21T18:40:16+00:00,51d4b471-a095-1aa0-e100-80009459e03a,JET,JET BERLIN BRUNSBUETTELER DAMM 87-89,BERLIN,52.53379,13.18503,1.7,2.159,2.099,2.209,True
2026-08-21T18:40:16+00:00,d590310c-e209-46b2-bfe7-dacc6148e1f1,TotalEnergies,TotalEnergies Berlin,Berlin,52.55424,13.207408,2,2.179,2.119,2.229,True
2026-08-21T18:40:16+00:00,5d8c8a4c-bce7-4d28-ae12-0d61a971c5cc,Shell,Shell Berlin Streitstr. 19,Berlin,52.558899,13.208409,2.3,2.179,2.119,2.239,True
2026-08-21T18:40:16+00:00,057827cd-6583-4a3a-a461-f8546073fd02,SUN,Sun Klosterstr.,Berlin,52.52943,13.19517,2.4,2.159,2.099,2.219,True
2026-08-21T18:40:16+00:00,905d4775-754e-4b38-baca-89c98fad1d1a,Sprint,Sprint Berlin Ruhlebener Str.,Berlin,52.529285,13.20718,2.9,2.159,2.099,2.219,True
2026-08-21T18:41:47+00:00,cebbe420-bcf3-4db8-9099-c52b783e2158,ESSO,Esso Tankstelle,BERLIN,52.549044,13.17897,0,2.179,2.119,2.229,True
2026-08-21T18:41:47+00:00,7347dd32-bfa1-470a-a6ee-2a2c95ad9af5,ARAL,Aral Tankstelle,Berlin,52.542747,13.199304,1.5,2.239,2.179,2.289,True
2026-08-21T18:41:47+00:00,9f07b69b-4b15-4852-9c60-5d293c6cadc5,Sprint,Sprint Berlin Seegefelder Str.,Berlin,52.536163,13.191189,1.6,2.159,2.099,2.219,True
2026-08-21T18:41:47+00:00,005056ba-7cb6-1ed2-bceb-641db1c24d1d,STAR,star Tankstelle,Berlin,52.534388,13.184014,1.7,2.169,2.109,2.219,True
2026-08-21T18:41:47+00:00,51d4b471-a095-1aa0-e100-80009459e03a,JET,JET BERLIN BRUNSBUETTELER DAMM 87-89,BERLIN,52.53379,13.18503,1.7,2.159,2.099,2.209,True
2026-08-21T18:41:47+00:00,d590310c-e209-46b2-bfe7-dacc6148e1f1,TotalEnergies,TotalEnergies Berlin,Berlin,52.55424,13.207408,2,2.179,2.119,2.229,True
2026-08-21T18:41:47+00:00,5d8c8a4c-bce7-4d28-ae12-0d61a971c5cc,Shell,Shell Berlin Streitstr. 19,Berlin,52.558899,13.208409,2.3,2.179,2.119,2.239,True
2026-08-21T18:41:47+00:00,057827cd-6583-4a3a-a461-f8546073fd02,SUN,Sun Klosterstr.,Berlin,52.52943,13.19517,2.4,2.159,2.099,2.219,True
2026-08-21T18:41:47+00:00,905d4775-754e-4b38-baca-89c98fad1d1a,Sprint,Sprint Berlin Ruhlebener Str.,Berlin,52.529285,13.20718,2.9,2.159,2.099,2.219,True
2026-08-21T18:43:18+00:00,cebbe420-bcf3-4db8-9099-c52b783e2158,ESSO,Esso Tankstelle,BERLIN,52.549044,13.17897,0,2.179,2.119,2.229,True
2026-08-21T18:43:18+00:00,7347dd32-bfa1-470a-a6ee-2a2c95ad9af5,ARAL,Aral Tankstelle,Berlin,52.542747,13.199304,1.5,2.239,2.179,2.289,True
2026-08-21T18:43:18+00:00,9f07b69b-4b15-4852-9c60-5d293c6cadc5,Sprint,Sprint Berlin Seegefelder Str.,Berlin,52.536163,13.191189,1.6,2.159,2.099,2.209,True
2026-08-21T18:43:18+00:00,005056ba-7cb6-1ed2-bceb-641db1c24d1d,STAR,star Tankstelle,Berlin,52.534388,13.184014,1.7,2.169,2.109,2.219,True
2026-08-21T18:43:18+00:00,51d4b471-a095-1aa0-e100-80009459e03a,JET,JET BERLIN BRUNSBUETTELER DAMM 87-89,BERLIN,52.53379,13.18503,1.7,2.159,2.099,2.209,True
2026-08-21T18:43:18+00:00,d590310c-e209-46b2-bfe7-dacc6148e1f1,TotalEnergies,TotalEnergies Berlin,Berlin,52.55424,13.207408,2,2.179,2.119,2.229,True
2026-08-21T18:43:18+00:00,5d8c8a4c-bce7-4d28-ae12-0d61a971c5cc,Shell,Shell Berlin Streitstr. 19,Berlin,52.558899,13.208409,2.3,2.179,2.119,2.239,True
2026-08-21T18:43:18+00:00,057827cd-6583-4a3a-a461-f8546073fd02,SUN,Sun Klosterstr.,Berlin,52.52943,13.19517,2.4,2.159,2.099,2.219,True
2026-08-21T18:43:18+00:00,905d4775-754e-4b38-baca-89c98fad1d1a,Sprint,Sprint Berlin Ruhlebener Str.,Berlin,52.529285,13.20718,2.9,2.159,2.099,2.209,True
2026-08-21T18:44:49+00:00,cebbe420-bcf3-4db8-9099-c52b783e2158,ESSO,Esso Tankstelle,BERLIN,52.549044,13.17897,0,2.179,2.119,2.229,True
2026-08-21T18:44:49+00:00,7347dd32-bfa1-470a-a6ee-2a2c95ad9af5,ARAL,Aral Tankstelle,Berlin,52.542747,13.199304,1.5,2.239,2.179,2.289,True
2026-08-21T18:44:49+00:00,9f07b69b-4b15-4852-9c60-5d293c6cadc5,Sprint,Sprint Berlin Seegefelder Str.,Berlin,52.536163,13.191189,1.6,2.159,2.099,2.209,True
2026-08-21T18:44:49+00:00,005056ba-7cb6-1ed2-bceb-641db1c24d1d,STAR,star Tankstelle,Berlin,52.534388,13.184014,1.7,2.159,2.099,2.219,True
2026-08-21T18:44:49+00:00,51d4b471-a095-1aa0-e100-80009459e03a,JET,JET BERLIN BRUNSBUETTELER DAMM 87-89,BERLIN,52.53379,13.18503,1.7,2.159,2.099,2.209,True
2026-08-21T18:44:49+00:00,d590310c-e209-46b2-bfe7-dacc6148e1f1,TotalEnergies,TotalEnergies Berlin,Berlin,52.55424,13.207408,2,2.179,2.119,2.229,True
2026-08-21T18:44:49+00:00,5d8c8a4c-bce7-4d28-ae12-0d61a971c5cc,Shell,Shell Berlin Streitstr. 19,Berlin,52.558899,13.208409,2.3,2.179,2.119,2.239,True
2026-08-21T18:44:49+00:00,057827cd-6583-4a3a-a461-f8546073fd02,SUN,Sun Klosterstr.,Berlin,52.52943,13.19517,2.4,2.159,2.099,2.219,True
2026-08-21T18:44:49+00:00,905d4775-754e-4b38-baca-89c98fad1d1a,Sprint,Sprint Berlin Ruhlebener Str.,Berlin,52.529285,13.20718,2.9,2.159,2.099,2.209,True
2026-08-21T18:46:20+00:00,cebbe420-bcf3-4db8-9099-c52b783e2158,ESSO,Esso Tankstelle,BERLIN,52.549044,13.17897,0,2.179,2.119,2.229,True
2026-08-21T18:46:20+00:00,7347dd32-bfa1-470a-a6ee-2a2c95ad9af5,ARAL,Aral Tankstelle,Berlin,52.542747,13.199304,1.5,2.239,2.179,2.289,True
2026-08-21T18:46:20+00:00,9f07b69b-4b15-4852-9c60-5d293c6cadc5,Sprint,Sprint Berlin Seegefelder Str.,Berlin,52.536163,13.191189,1.6,2.159,2.099,2.209,True
2026-08-21T18:46:20+00:00,005056ba-7cb6-1ed2-bceb-641db1c24d1d,STAR,star Tankstelle,Berlin,52.534388,13.184014,1.7,2.159,2.099,2.219,True
2026-08-21T18:46:20+00:00,51d4b471-a095-1aa0-e100-80009459e03a,JET,JET BERLIN BRUNSBUETTELER DAMM 87-89,BERLIN,52.53379,13.18503,1.7,2.159,2.099,2.209,True
2026-08-21T18:46:20+00:00,d590310c-e209-46b2-bfe7-dacc6148e1f1,TotalEnergies,TotalEnergies Berlin,Berlin,52.55424,13.207408,2,2.169,2.109,2.219,True
2026-08-21T18:46:20+00:00,5d8c8a4c-bce7-4d28-ae12-0d61a971c5cc,Shell,Shell Berlin Streitstr. 19,Berlin,52.558899,13.208409,2.3,2.179,2.119,2.229,True
2026-08-21T18:46:20+00:00,057827cd-6583-4a3a-a461-f8546073fd02,SUN,Sun Klosterstr.,Berlin,52.52943,13.19517,2.4,2.159,2.099,2.219,True
2026-08-21T18:46:20+00:00,905d4775-754e-4b38-baca-89c98fad1d1a,Sprint,Sprint Berlin Ruhlebener Str.,Berlin,52.529285,13.20718,2.9,2.159,2.099,2.209,True
2026-08-21T18:47:51+00:00,cebbe420-bcf3-4db8-9099-c52b783e2158,ESSO,Esso Tankstelle,BERLIN,52.549044,13.17897,0,2.179,2.119,2.229,True
2026-08-21T18:47:51+00:00,7347dd32-bfa1-470a-a6ee-2a2c95ad9af5,ARAL,Aral Tankstelle,Berlin,52.542747,13.199304,1.5,2.239,2.179,2.289,True
2026-08-21T18:47:51+00:00,9f07b69b-4b15-4852-9c60-5d293c6cadc5,Sprint,Sprint Berlin Seegefelder Str.,Berlin,52.536163,13.191189,1.6,2.159,2.099,2.209,True
2026-08-21T18:47:51+00:00,005056ba-7cb6-1ed2-bceb-641db1c24d1d,STAR,star Tankstelle,Berlin,52.534388,13.184014,1.7,2.159,2.099,2.209,True
2026-08-21T18:47:51+00:00,51d4b471-a095-1aa0-e100-80009459e03a,JET,JET BERLIN BRUNSBUETTELER DAMM 87-89,BERLIN,52.53379,13.18503,1.7,2.159,2.099,2.209,True
2026-08-21T18:47:51+00:00,d590310c-e209-46b2-bfe7-dacc6148e1f1,TotalEnergies,TotalEnergies Berlin,Berlin,52.55424,13.207408,2,2.169,2.109,2.219,True
2026-08-21T18:47:51+00:00,5d8c8a4c-bce7-4d28-ae12-0d61a971c5cc,Shell,Shell Berlin Streitstr. 19,Berlin,52.558899,13.208409,2.3,2.179,2.119,2.229,True
2026-08-21T18:47:51+00:00,057827cd-6583-4a3a-a461-f8546073fd02,SUN,Sun Klosterstr.,Berlin,52.52943,13.19517,2.4,2.159,2.099,2.219,True
2026-08-21T18:47:51+00:00,905d4775-754e-4b38-baca-89c98fad1d1a,Sprint,Sprint Berlin Ruhlebener Str.,Berlin,52.529285,13.20718,2.9,2.159,2.099,2.209,True
2026-08-21T18:49:22+00:00,cebbe420-bcf3-4db8-9099-c52b783e2158,ESSO,Esso Tankstelle,BERLIN,52.549044,13.17897,0,2.179,2.119,2.219,True
2026-08-21T18:49:22+00:00,7347dd32-bfa1-470a-a6ee-2a2c95ad9af5,ARAL,Aral Tankstelle,Berlin,52.542747,13.199304,1.5,2.239,2.179,2.289,True
2026-08-21T18:49:22+00:00,9f07b69b-4b15-4852-9c60-5d293c6cadc5,Sprint,Sprint Berlin Seegefelder Str.,Berlin,52.536163,13.191189,1.6,2.159,2.099,2.209,True
2026-08-21T18:49:22+00:00,005056ba-7cb6-1ed2-bceb-641db1c24d1d,STAR,star Tankstelle,Berlin,52.534388,13.184014,1.7,2.159,2.099,2.209,True
2026-08-21T18:49:22+00:00,51d4b471-a095-1aa0-e100-80009459e03a,JET,JET BERLIN BRUNSBUETTELER DAMM 87-89,BERLIN,52.53379,13.18503,1.7,2.159,2.099,2.209,True
2026-08-21T18:49:22+00:00,d590310c-e209-46b2-bfe7-dacc6148e1f1,TotalEnergies,TotalEnergies Berlin,Berlin,52.55424,13.207408,2,2.169,2.109,2.219,True
2026-08-21T18:49:22+00:00,5d8c8a4c-bce7-4d28-ae12-0d61a971c5cc,Shell,Shell Berlin Streitstr. 19,Berlin,52.558899,13.208409,2.3,2.179,2.119,2.229,True
2026-08-21T18:49:22+00:00,057827cd-6583-4a3a-a461-f8546073fd02,SUN,Sun Klosterstr.,Berlin,52.52943,13.19517,2.4,2.159,2.099,2.209,True
2026-08-21T18:49:22+00:00,905d4775-754e-4b38-baca-89c98fad1d1a,Sprint,Sprint Berlin Ruhlebener Str.,Berlin,52.529285,13.20718,2.9,2.159,2.099,2.209,True
2026-08-21T18:50:53+00:00,cebbe420-bcf3-4db8-9099-c52b783e2158,ESSO,Esso Tankstelle,BERLIN,52.549044,13.17897,0,2.179,2.119,2.219,True
2026-08-21T18:50:53+00:00,7347dd32-bfa1-470a-a6ee-2a2c95ad9af5,ARAL,Aral Tankstelle,Berlin,52.542747,13.199304,1.5,2.239,2.179,2.289,True
2026-08-21T18:50:53+00:00,9f07b69b-4b15-4852-9c60-5d293c6cadc5,Sprint,Sprint Berlin Seegefelder Str.,Berlin,52.536163,13.191189,1.6,2.159,2.099,2.209,True
2026-08-21T18:50:53+00:00,005056ba-7cb6-1ed2-bceb-641db1c24d1d,STAR,star Tankstelle,Berlin,52.534388,13.184014,1.7,2.159,2.099,2.209,True
2026-08-21T18:50:53+00:00,51d4b471-a095-1aa0-e100-80009459e03a,JET,JET BERLIN BRUNSBUETTELER DAMM 87-89,BERLIN,52.53379,13.18503,1.7,2.159,2.099,2.209,True
2026-08-21T18:50:53+00:00,d590310c-e209-46b2-bfe7-dacc6148e1f1,TotalEnergies,TotalEnergies Berlin,Berlin,52.55424,13.207408,2,2.169,2.109,2.219,True
2026-08-21T18:50:53+00:00,5d8c8a4c-bce7-4d28-ae12-0d61a971c5cc,Shell,Shell Berlin Streitstr. 19,Berlin,52.558899,13.208409,2.3,2.179,2.119,2.229,True
2026-08-21T18:50:53+00:00,057827cd-6583-4a3a-a461-f8546073fd02,SUN,Sun Klosterstr.,Berlin,52.52943,13.19517,2.4,2.159,2.099,2.209,True
2026-08-21T18:50:53+00:00,905d4775-754e-4b38-baca-89c98fad1d1a,Sprint,Sprint Berlin Ruhlebener Str.,Berlin,52.529285,13.20718,2.9,2.159,2.099,2.209,True
2026-08-21T18:52:24+00:00,cebbe420-bcf3-4db8-9099-c52b783e2158,ESSO,Esso Tankstelle,BERLIN,52.549044,13.17897,0,2.179,2.119,2.219,True
2026-08-21T18:52:24+00:00,7347dd32-bfa1-470a-a6ee-2a2c95ad9af5,ARAL,Aral Tankstelle,Berlin,52.542747,13.199304,1.5,2.239,2.179,2.289,True
2026-08-21T18:52:24+00:00,9f07b69b-4b15-4852-9c60-5d293c6cadc5,Sprint,Sprint Berlin Seegefelder Str.,Berlin,52.536163,13.191189,1.6,2.159,2.099,2.209,True
2026-08-21T18:52:24+00:00,005056ba-7cb6-1ed2-bceb-641db1c24d1d,STAR,star Tankstelle,Berlin,52.534388,13.184014,1.7,2.159,2.099,2.209,True
2026-08-21T18:52:24+00:00,51d4b471-a095-1aa0-e100-80009459e03a,JET,JET BERLIN BRUNSBUETTELER DAMM 87-89,BERLIN,52.53379,13.18503,1.7,2.159,2.099,2.209,True
2026-08-21T18:52:24+00:00,d590310c-e209-46b2-bfe7-dacc6148e1f1,TotalEnergies,TotalEnergies Berlin,Berlin,52.55424,13.207408,2,2.169,2.109,2.219,True
2026-08-21T18:52:24+00:00,5d8c8a4c-bce7-4d28-ae12-0d61a971c5cc,Shell,Shell Berlin Streitstr. 19,Berlin,52.558899,13.208409,2.3,2.179,2.119,2.229,True
2026-08-21T18:52:24+00:00,057827cd-6583-4a3a-a461-f8546073fd02,SUN,Sun Klosterstr.,Berlin,52.52943,13.19517,2.4,2.159,2.099,2.209,True
2026-08-21T18:52:24+00:00,905d4775-754e-4b38-baca-89c98fad1d1a,Sprint,Sprint Berlin Ruhlebener Str.,Berlin,52.529285,13.20718,2.9,2.159,2.099,2.209,True
2026-08-21T18:53:55+00:00,cebbe420-bcf3-4db8-9099-c52b783e2158,ESSO,Esso Tankstelle,BERLIN,52.549044,13.17897,0,2.179,2.119,2.219,True
2026-08-21T18:53:55+00:00,7347dd32-bfa1-470a-a6ee-2a2c95ad9af5,ARAL,Aral Tankstelle,Berlin,52.542747,13.199304,1.5,2.239,2.179,2.289,True
2026-08-21T18:53:55+00:00,9f07b69b-4b15-4852-9c60-5d293c6cadc5,Sprint,Sprint Berlin Seegefelder Str.,Berlin,52.536163,13.191189,1.6,2.159,2.099,2.209,True
2026-08-21T18:53:55+00:00,005056ba-7cb6-1ed2-bceb-641db1c24d1d,STAR,star Tankstelle,Berlin,52.534388,13.184014,1.7,2.159,2.099,2.209,True
2026-08-21T18:53:55+00:00,51d4b471-a095-1aa0-e100-80009459e03a,JET,JET BERLIN BRUNSBUETTELER DAMM 87-89,BERLIN,52.53379,13.18503,1.7,2.159,2.099,2.209,True
2026-08-21T18:53:55+00:00,d590310c-e209-46b2-bfe7-dacc6148e1f1,TotalEnergies,TotalEnergies Berlin,Berlin,52.55424,13.207408,2,2.169,2.109,2.219,True
2026-08-21T18:53:55+00:00,5d8c8a4c-bce7-4d28-ae12-0d61a971c5cc,Shell,Shell Berlin Streitstr. 19,Berlin,52.558899,13.208409,2.3,2.179,2.119,2.229,True
2026-08-21T18:53:55+00:00,057827cd-6583-4a3a-a461-f8546073fd02,SUN,Sun Klosterstr.,Berlin,52.52943,13.19517,2.4,2.159,2.099,2.209,True
2026-08-21T18:53:55+00:00,905d4775-754e-4b38-baca-89c98fad1d1a,Sprint,Sprint Berlin Ruhlebener Str.,Berlin,52.529285,13.20718,2.9,2.159,2.099,2.209,True
2026-08-21T18:55:26+00:00,cebbe420-bcf3-4db8-9099-c52b783e2158,ESSO,Esso Tankstelle,BERLIN,52.549044,13.17897,0,2.179,2.119,2.219,True
2026-08-21T18:55:26+00:00,7347dd32-bfa1-470a-a6ee-2a2c95ad9af5,ARAL,Aral Tankstelle,Berlin,52.542747,13.199304,1.5,2.239,2.179,2.289,True
2026-08-21T18:55:26+00:00,9f07b69b-4b15-4852-9c60-5d293c6cadc5,Sprint,Sprint Berlin Seegefelder Str.,Berlin,52.536163,13.191189,1.6,2.159,2.099,2.209,True
2026-08-21T18:55:26+00:00,005056ba-7cb6-1ed2-bceb-641db1c24d1d,STAR,star Tankstelle,Berlin,52.534388,13.184014,1.7,2.159,2.099,2.209,True
2026-08-21T18:55:26+00:00,51d4b471-a095-1aa0-e100-80009459e03a,JET,JET BERLIN BRUNSBUETTELER DAMM 87-89,BERLIN,52.53379,13.18503,1.7,2.159,2.099,2.209,True
2026-08-21T18:55:26+00:00,d590310c-e209-46b2-bfe7-dacc6148e1f1,TotalEnergies,TotalEnergies Berlin,Berlin,52.55424,13.207408,2,2.169,2.109,2.219,True
2026-08-21T18:55:26+00:00,5d8c8a4c-bce7-4d28-ae12-0d61a971c5cc,Shell,Shell Berlin Streitstr. 19,Berlin,52.558899,13.208409,2.3,2.179,2.119,2.229,True
2026-08-21T18:55:26+00:00,057827cd-6583-4a3a-a461-f8546073fd02,SUN,Sun Klosterstr.,Berlin,52.52943,13.19517,2.4,2.159,2.099,2.209,True
2026-08-21T18:55:26+00:00,905d4775-754e-4b38-baca-89c98fad1d1a,Sprint,Sprint Berlin Ruhlebener Str.,Berlin,52.529285,13.20718,2.9,2.159,2.099,2.209,True
2026-08-21T18:56:57+00:00,cebbe420-bcf3-4db8-9099-c52b783e2158,ESSO,Esso Tankstelle,BERLIN,52.549044,13.17897,0,2.179,2.119,2.219,True
2026-08-21T18:56:57+00:00,7347dd32-bfa1-470a-a6ee-2a2c95ad9af5,ARAL,Aral Tankstelle,Berlin,52.542747,13.199304,1.5,2.239,2.179,2.289,True
2026-08-21T18:56:57+00:00,9f07b69b-4b15-4852-9c60-5d293c6cadc5,Sprint,Sprint Berlin Seegefelder Str.,Berlin,52.536163,13.191189,1.6,2.159,2.099,2.209,True
2026-08-21T18:56:57+00:00,005056ba-7cb6-1ed2-bceb-641db1c24d1d,STAR,star Tankstelle,Berlin,52.534388,13.184014,1.7,2.159,2.099,2.209,True
2026-08-21T18:56:57+00:00,51d4b471-a095-1aa0-e100-80009459e03a,JET,JET BERLIN BRUNSBUETTELER DAMM 87-89,BERLIN,52.53379,13.18503,1.7,2.159,2.099,2.209,True
2026-08-21T18:56:57+00:00,d590310c-e209-46b2-bfe7-dacc6148e1f1,TotalEnergies,TotalEnergies Berlin,Berlin,52.55424,13.207408,2,2.169,2.109,2.219,True
2026-08-21T18:56:57+00:00,5d8c8a4c-bce7-4d28-ae12-0d61a971c5cc,Shell,Shell Berlin Streitstr. 19,Berlin,52.558899,13.208409,2.3,2.179,2.119,2.229,True
2026-08-21T18:56:57+00:00,057827cd-6583-4a3a-a461-f8546073fd02,SUN,Sun Klosterstr.,Berlin,52.52943,13.19517,2.4,2.159,2.099,2.209,True
2026-08-21T18:56:57+00:00,905d4775-754e-4b38-baca-89c98fad1d1a,Sprint,Sprint Berlin Ruhlebener Str.,Berlin,52.529285,13.20718,2.9,2.159,2.099,2.209,True
2026-08-21T18:58:28+00:00,cebbe420-bcf3-4db8-9099-c52b783e2158,ESSO,Esso Tankstelle,BERLIN,52.549044,13.17897,0,2.179,2.119,2.219,True
2026-08-21T18:58:28+00:00,7347dd32-bfa1-470a-a6ee-2a2c95ad9af5,ARAL,Aral Tankstelle,Berlin,52.542747,13.199304,1.5,2.239,2.179,2.289,True
2026-08-21T18:58:28+00:00,9f07b69b-4b15-4852-9c60-5d293c6cadc5,Sprint,Sprint Berlin Seegefelder Str.,Berlin,52.536163,13.191189,1.6,2.159,2.099,2.209,True
2026-08-21T18:58:28+00:00,005056ba-7cb6-1ed2-bceb-641db1c24d1d,STAR,star Tankstelle,Berlin,52.534388,13.184014,1.7,2.159,2.099,2.209,True
2026-08-21T18:58:28+00:00,51d4b471-a095-1aa0-e100-80009459e03a,JET,JET BERLIN BRUNSBUETTELER DAMM 87-89,BERLIN,52.53379,13.18503,1.7,2.159,2.099,2.209,True
2026-08-21T18:58:28+00:00,d590310c-e209-46b2-bfe7-dacc6148e1f1,TotalEnergies,TotalEnergies Berlin,Berlin,52.55424,13.207408,2,2.169,2.109,2.219,True
2026-08-21T18:58:28+00:00,5d8c8a4c-bce7-4d28-ae12-0d61a971c5cc,Shell,Shell Berlin Streitstr. 19,Berlin,52.558899,13.208409,2.3,2.179,2.119,2.229,True
2026-08-21T18:58:28+00:00,057827cd-6583-4a3a-a461-f8546073fd02,SUN,Sun Klosterstr.,Berlin,52.52943,13.19517,2.4,2.159,2.099,2.209,True
2026-08-21T18:58:28+00:00,905d4775-754e-4b38-baca-89c98fad1d1a,Sprint,Sprint Berlin Ruhlebener Str.,Berlin,52.529285,13.20718,2.9,2.159,2.099,2.209,True
2026-08-21T18:59:59+00:00,cebbe420-bcf3-4db8-9099-c52b783e2158,ESSO,Esso Tankstelle,BERLIN,52.549044,13.17897,0,2.179,2.119,2.219,True
2026-08-21T18:59:59+00:00,7347dd32-bfa1-470a-a6ee-2a2c95ad9af5,ARAL,Aral Tankstelle,Berlin,52.542747,13.199304,1.5,2.239,2.179,2.289,True
2026-08-21T18:59:59+00:00,9f07b69b-4b15-4852-9c60-5d293c6cadc5,Sprint,Sprint Berlin Seegefelder Str.,Berlin,52.536163,13.191189,1.6,2.159,2.099,2.209,True
2026-08-21T18:59:59+00:00,005056ba-7cb6-1ed2-bceb-641db1c24d1d,STAR,star Tankstelle,Berlin,52.534388,13.184014,1.7,2.159,2.099,2.209,True
2026-08-21T18:59:59+00:00,51d4b471-a095-1aa0-e100-80009459e03a,JET,JET BERLIN BRUNSBUETTELER DAMM 87-89,BERLIN,52.53379,13.18503,1.7,2.159,2.099,2.209,True
2026-08-21T18:59:59+00:00,d590310c-e209-46b2-bfe7-dacc6148e1f1,TotalEnergies,TotalEnergies Berlin,Berlin,52.55424,13.207408,2,2.169,2.109,2.219,True
2026-08-21T18:59:59+00:00,5d8c8a4c-bce7-4d28-ae12-0d61a971c5cc,Shell,Shell Berlin Streitstr. 19,Berlin,52.558899,13.208409,2.3,2.179,2.119,2.229,True
2026-08-21T18:59:59+00:00,057827cd-6583-4a3a-a461-f8546073fd02,SUN,Sun Klosterstr.,Berlin,52.52943,13.19517,2.4,2.159,2.099,2.209,True
2026-08-21T18:59:59+00:00,905d4775-754e-4b38-baca-89c98fad1d1a,Sprint,Sprint Berlin Ruhlebener Str.,Berlin,52.529285,13.20718,2.9,2.159,2.099,2.209,True
2026-08-21T19:01:34+00:00,cebbe420-bcf3-4db8-9099-c52b783e2158,ESSO,Esso Tankstelle,BERLIN,52.549044,13.17897,0,2.179,2.119,2.219,True
2026-08-21T19:01:34+00:00,7347dd32-bfa1-470a-a6ee-2a2c95ad9af5,ARAL,Aral Tankstelle,Berlin,52.542747,13.199304,1.5,2.239,2.179,2.289,True
2026-08-21T19:01:34+00:00,9f07b69b-4b15-4852-9c60-5d293c6cadc5,Sprint,Sprint Berlin Seegefelder Str.,Berlin,52.536163,13.191189,1.6,2.159,2.099,2.209,True
2026-08-21T19:01:34+00:00,005056ba-7cb6-1ed2-bceb-641db1c24d1d,STAR,star Tankstelle,Berlin,52.534388,13.184014,1.7,2.159,2.099,2.209,True
2026-08-21T19:01:34+00:00,51d4b471-a095-1aa0-e100-80009459e03a,JET,JET BERLIN BRUNSBUETTELER DAMM 87-89,BERLIN,52.53379,13.18503,1.7,2.159,2.099,2.209,True
2026-08-21T19:01:34+00:00,d590310c-e209-46b2-bfe7-dacc6148e1f1,TotalEnergies,TotalEnergies Berlin,Berlin,52.55424,13.207408,2,2.169,2.109,2.219,True
2026-08-21T19:01:34+00:00,5d8c8a4c-bce7-4d28-ae12-0d61a971c5cc,Shell,Shell Berlin Streitstr. 19,Berlin,52.558899,13.208409,2.3,2.179,2.119,2.229,True
2026-08-21T19:01:34+00:00,057827cd-6583-4a3a-a461-f8546073fd02,SUN,Sun Klosterstr.,Berlin,52.52943,13.19517,2.4,2.159,2.099,2.209,True
2026-08-21T19:01:34+00:00,905d4775-754e-4b38-baca-89c98fad1d1a,Sprint,Sprint Berlin Ruhlebener Str.,Berlin,52.529285,13.20718,2.9,2.159,2.099,2.209,True
2026-08-21T19:03:06+00:00,cebbe420-bcf3-4db8-9099-c52b783e2158,ESSO,Esso Tankstelle,BERLIN,52.549044,13.17897,0,2.179,2.119,2.219,True
2026-08-21T19:03:06+00:00,7347dd32-bfa1-470a-a6ee-2a2c95ad9af5,ARAL,Aral Tankstelle,Berlin,52.542747,13.199304,1.5,2.239,2.179,2.289,True
2026-08-21T19:03:06+00:00,9f07b69b-4b15-4852-9c60-5d293c6cadc5,Sprint,Sprint Berlin Seegefelder Str.,Berlin,52.536163,13.191189,1.6,2.159,2.099,2.209,True
2026-08-21T19:03:06+00:00,005056ba-7cb6-1ed2-bceb-641db1c24d1d,STAR,star Tankstelle,Berlin,52.534388,13.184014,1.7,2.159,2.099,2.209,True
2026-08-21T19:03:06+00:00,51d4b471-a095-1aa0-e100-80009459e03a,JET,JET BERLIN BRUNSBUETTELER DAMM 87-89,BERLIN,52.53379,13.18503,1.7,2.159,2.099,2.209,True
2026-08-21T19:03:06+00:00,d590310c-e209-46b2-bfe7-dacc6148e1f1,TotalEnergies,TotalEnergies Berlin,Berlin,52.55424,13.207408,2,2.169,2.109,2.219,True
2026-08-21T19:03:06+00:00,5d8c8a4c-bce7-4d28-ae12-0d61a971c5cc,Shell,Shell Berlin Streitstr. 19,Berlin,52.558899,13.208409,2.3,2.179,2.119,2.229,True
2026-08-21T19:03:06+00:00,057827cd-6583-4a3a-a461-f8546073fd02,SUN,Sun Klosterstr.,Berlin,52.52943,13.19517,2.4,2.159,2.099,2.209,True
2026-08-21T19:03:06+00:00,905d4775-754e-4b38-baca-89c98fad1d1a,Sprint,Sprint Berlin Ruhlebener Str.,Berlin,52.529285,13.20718,2.9,2.159,2.099,2.209,True
2026-08-21T19:04:36+00:00,cebbe420-bcf3-4db8-9099-c52b783e2158,ESSO,Esso Tankstelle,BERLIN,52.549044,13.17897,0,2.179,2.119,2.219,True
2026-08-21T19:04:36+00:00,7347dd32-bfa1-470a-a6ee-2a2c95ad9af5,ARAL,Aral Tankstelle,Berlin,52.542747,13.199304,1.5,2.239,2.179,2.289,True
2026-08-21T19:04:36+00:00,9f07b69b-4b15-4852-9c60-5d293c6cadc5,Sprint,Sprint Berlin Seegefelder Str.,Berlin,52.536163,13.191189,1.6,2.159,2.099,2.209,True
2026-08-21T19:04:36+00:00,005056ba-7cb6-1ed2-bceb-641db1c24d1d,STAR,star Tankstelle,Berlin,52.534388,13.184014,1.7,2.159,2.099,2.209,True
2026-08-21T19:04:36+00:00,51d4b471-a095-1aa0-e100-80009459e03a,JET,JET BERLIN BRUNSBUETTELER DAMM 87-89,BERLIN,52.53379,13.18503,1.7,2.159,2.099,2.209,True
2026-08-21T19:04:36+00:00,d590310c-e209-46b2-bfe7-dacc6148e1f1,TotalEnergies,TotalEnergies Berlin,Berlin,52.55424,13.207408,2,2.169,2.109,2.219,True
2026-08-21T19:04:36+00:00,5d8c8a4c-bce7-4d28-ae12-0d61a971c5cc,Shell,Shell Berlin Streitstr. 19,Berlin,52.558899,13.208409,2.3,2.179,2.119,2.229,True
2026-08-21T19:04:36+00:00,057827cd-6583-4a3a-a461-f8546073fd02,SUN,Sun Klosterstr.,Berlin,52.52943,13.19517,2.4,2.159,2.099,2.209,True
2026-08-21T19:04:36+00:00,905d4775-754e-4b38-baca-89c98fad1d1a,Sprint,Sprint Berlin Ruhlebener Str.,Berlin,52.529285,13.20718,2.9,2.159,2.099,2.209,True
2026-08-21T19:06:07+00:00,cebbe420-bcf3-4db8-9099-c52b783e2158,ESSO,Esso Tankstelle,BERLIN,52.549044,13.17897,0,2.179,2.119,2.219,True
2026-08-21T19:06:07+00:00,7347dd32-bfa1-470a-a6ee-2a2c95ad9af5,ARAL,Aral Tankstelle,Berlin,52.542747,13.199304,1.5,2.239,2.179,2.289,True
2026-08-21T19:06:07+00:00,9f07b69b-4b15-4852-9c60-5d293c6cadc5,Sprint,Sprint Berlin Seegefelder Str.,Berlin,52.536163,13.191189,1.6,2.159,2.099,2.209,True
2026-08-21T19:06:07+00:00,005056ba-7cb6-1ed2-bceb-641db1c24d1d,STAR,star Tankstelle,Berlin,52.534388,13.184014,1.7,2.159,2.099,2.209,True
2026-08-21T19:06:07+00:00,51d4b471-a095-1aa0-e100-80009459e03a,JET,JET BERLIN BRUNSBUETTELER DAMM 87-89,BERLIN,52.53379,13.18503,1.7,2.159,2.099,2.209,True
2026-08-21T19:06:07+00:00,d590310c-e209-46b2-bfe7-dacc6148e1f1,TotalEnergies,TotalEnergies Berlin,Berlin,52.55424,13.207408,2,2.169,2.109,2.219,True
2026-08-21T19:06:07+00:00,5d8c8a4c-bce7-4d28-ae12-0d61a971c5cc,Shell,Shell Berlin Streitstr. 19,Berlin,52.558899,13.208409,2.3,2.169,2.109,2.219,True
2026-08-21T19:06:07+00:00,057827cd-6583-4a3a-a461-f8546073fd02,SUN,Sun Klosterstr.,Berlin,52.52943,13.19517,2.4,2.159,2.099,2.209,True
2026-08-21T19:06:07+00:00,905d4775-754e-4b38-baca-89c98fad1d1a,Sprint,Sprint Berlin Ruhlebener Str.,Berlin,52.529285,13.20718,2.9,2.159,2.099,2.209,True
2026-08-21T19:07:38+00:00,cebbe420-bcf3-4db8-9099-c52b783e2158,ESSO,Esso Tankstelle,BERLIN,52.549044,13.17897,0,2.179,2.119,2.219,True
2026-08-21T19:07:38+00:00,7347dd32-bfa1-470a-a6ee-2a2c95ad9af5,ARAL,Aral Tankstelle,Berlin,52.542747,13.199304,1.5,2.239,2.179,2.289,True
2026-08-21T19:07:38+00:00,9f07b69b-4b15-4852-9c60-5d293c6cadc5,Sprint,Sprint Berlin Seegefelder Str.,Berlin,52.536163,13.191189,1.6,2.159,2.099,2.209,True
2026-08-21T19:07:38+00:00,005056ba-7cb6-1ed2-bceb-641db1c24d1d,STAR,star Tankstelle,Berlin,52.534388,13.184014,1.7,2.159,2.099,2.209,True
2026-08-21T19:07:38+00:00,51d4b471-a095-1aa0-e100-80009459e03a,JET,JET BERLIN BRUNSBUETTELER DAMM 87-89,BERLIN,52.53379,13.18503,1.7,2.159,2.099,2.209,True
2026-08-21T19:07:38+00:00,d590310c-e209-46b2-bfe7-dacc6148e1f1,TotalEnergies,TotalEnergies Berlin,Berlin,52.55424,13.207408,2,2.169,2.109,2.219,True
2026-08-21T19:07:38+00:00,5d8c8a4c-bce7-4d28-ae12-0d61a971c5cc,Shell,Shell Berlin Streitstr. 19,Berlin,52.558899,13.208409,2.3,2.169,2.109,2.219,True
2026-08-21T19:07:38+00:00,057827cd-6583-4a3a-a461-f8546073fd02,SUN,Sun Klosterstr.,Berlin,52.52943,13.19517,2.4,2.159,2.099,2.209,True
2026-08-21T19:07:38+00:00,905d4775-754e-4b38-baca-89c98fad1d1a,Sprint,Sprint Berlin Ruhlebener Str.,Berlin,52.529285,13.20718,2.9,2.159,2.099,2.209,True
2026-08-21T19:09:09+00:00,cebbe420-bcf3-4db8-9099-c52b783e2158,ESSO,Esso Tankstelle,BERLIN,52.549044,13.17897,0,2.179,2.119,2.219,True
2026-08-21T19:09:09+00:00,7347dd32-bfa1-470a-a6ee-2a2c95ad9af5,ARAL,Aral Tankstelle,Berlin,52.542747,13.199304,1.5,2.239,2.179,2.289,True
2026-08-21T19:09:09+00:00,9f07b69b-4b15-4852-9c60-5d293c6cadc5,Sprint,Sprint Berlin Seegefelder Str.,Berlin,52.536163,13.191189,1.6,2.159,2.099,2.209,True
2026-08-21T19:09:09+00:00,005056ba-7cb6-1ed2-bceb-641db1c24d1d,STAR,star Tankstelle,Berlin,52.534388,13.184014,1.7,2.159,2.099,2.209,True
2026-08-21T19:09:09+00:00,51d4b471-a095-1aa0-e100-80009459e03a,JET,JET BERLIN BRUNSBUETTELER DAMM 87-89,BERLIN,52.53379,13.18503,1.7,2.159,2.099,2.209,True
2026-08-21T19:09:09+00:00,d590310c-e209-46b2-bfe7-dacc6148e1f1,TotalEnergies,TotalEnergies Berlin,Berlin,52.55424,13.207408,2,2.169,2.109,2.219,True
2026-08-21T19:09:09+00:00,5d8c8a4c-bce7-4d28-ae12-0d61a971c5cc,Shell,Shell Berlin Streitstr. 19,Berlin,52.558899,13.208409,2.3,2.169,2.109,2.219,True
2026-08-21T19:09:09+00:00,057827cd-6583-4a3a-a461-f8546073fd02,SUN,Sun Klosterstr.,Berlin,52.52943,13.19517,2.4,2.159,2.099,2.209,True
2026-08-21T19:09:09+00:00,905d4775-754e-4b38-baca-89c98fad1d1a,Sprint,Sprint Berlin Ruhlebener Str.,Berlin,52.529285,13.20718,2.9,2.159,2.099,2.209,True
2026-08-21T19:10:41+00:00,cebbe420-bcf3-4db8-9099-c52b783e2158,ESSO,Esso Tankstelle,BERLIN,52.549044,13.17897,0,2.179,2.119,2.219,True
2026-08-21T19:10:41+00:00,7347dd32-bfa1-470a-a6ee-2a2c95ad9af5,ARAL,Aral Tankstelle,Berlin,52.542747,13.199304,1.5,2.239,2.179,2.289,True
2026-08-21T19:10:41+00:00,9f07b69b-4b15-4852-9c60-5d293c6cadc5,Sprint,Sprint Berlin Seegefelder Str.,Berlin,52.536163,13.191189,1.6,2.159,2.099,2.209,True
2026-08-21T19:10:41+00:00,005056ba-7cb6-1ed2-bceb-641db1c24d1d,STAR,star Tankstelle,Berlin,52.534388,13.184014,1.7,2.159,2.099,2.209,True
2026-08-21T19:10:41+00:00,51d4b471-a095-1aa0-e100-80009459e03a,JET,JET BERLIN BRUNSBUETTELER DAMM 87-89,BERLIN,52.53379,13.18503,1.7,2.159,2.099,2.209,True
2026-08-21T19:10:41+00:00,d590310c-e209-46b2-bfe7-dacc6148e1f1,TotalEnergies,TotalEnergies Berlin,Berlin,52.55424,13.207408,2,2.169,2.109,2.219,True
2026-08-21T19:10:41+00:00,5d8c8a4c-bce7-4d28-ae12-0d61a971c5cc,Shell,Shell Berlin Streitstr. 19,Berlin,52.558899,13.208409,2.3,2.169,2.109,2.219,True
2026-08-21T19:10:41+00:00,057827cd-6583-4a3a-a461-f8546073fd02,SUN,Sun Klosterstr.,Berlin,52.52943,13.19517,2.4,2.159,2.099,2.209,True
2026-08-21T19:10:41+00:00,905d4775-754e-4b38-baca-89c98fad1d1a,Sprint,Sprint Berlin Ruhlebener Str.,Berlin,52.529285,13.20718,2.9,2.159,2.099,2.209,True
2026-08-21T19:12:11+00:00,cebbe420-bcf3-4db8-9099-c52b783e2158,ESSO,Esso Tankstelle,BERLIN,52.549044,13.17897,0,2.179,2.119,2.219,True
2026-08-21T19:12:11+00:00,7347dd32-bfa1-470a-a6ee-2a2c95ad9af5,ARAL,Aral Tankstelle,Berlin,52.542747,13.199304,1.5,2.239,2.179,2.289,True
2026-08-21T19:12:11+00:00,9f07b69b-4b15-4852-9c60-5d293c6cadc5,Sprint,Sprint Berlin Seegefelder Str.,Berlin,52.536163,13.191189,1.6,2.159,2.099,2.209,True
2026-08-21T19:12:11+00:00,005056ba-7cb6-1ed2-bceb-641db1c24d1d,STAR,star Tankstelle,Berlin,52.534388,13.184014,1.7,2.159,2.099,2.209,True
2026-08-21T19:12:11+00:00,51d4b471-a095-1aa0-e100-80009459e03a,JET,JET BERLIN BRUNSBUETTELER DAMM 87-89,BERLIN,52.53379,13.18503,1.7,2.159,2.099,2.209,True
2026-08-21T19:12:11+00:00,d590310c-e209-46b2-bfe7-dacc6148e1f1,TotalEnergies,TotalEnergies Berlin,Berlin,52.55424,13.207408,2,2.169,2.109,2.219,True
2026-08-21T19:12:11+00:00,5d8c8a4c-bce7-4d28-ae12-0d61a971c5cc,Shell,Shell Berlin Streitstr. 19,Berlin,52.558899,13.208409,2.3,2.169,2.109,2.219,True
2026-08-21T19:12:11+00:00,057827cd-6583-4a3a-a461-f8546073fd02,SUN,Sun Klosterstr.,Berlin,52.52943,13.19517,2.4,2.159,2.099,2.209,True
2026-08-21T19:12:11+00:00,905d4775-754e-4b38-baca-89c98fad1d1a,Sprint,Sprint Berlin Ruhlebener Str.,Berlin,52.529285,13.20718,2.9,2.159,2.099,2.209,True
2026-08-21T19:13:42+00:00,cebbe420-bcf3-4db8-9099-c52b783e2158,ESSO,Esso Tankstelle,BERLIN,52.549044,13.17897,0,2.179,2.119,2.219,True
2026-08-21T19:13:42+00:00,7347dd32-bfa1-470a-a6ee-2a2c95ad9af5,ARAL,Aral Tankstelle,Berlin,52.542747,13.199304,1.5,2.239,2.179,2.289,True
2026-08-21T19:13:42+00:00,9f07b69b-4b15-4852-9c60-5d293c6cadc5,Sprint,Sprint Berlin Seegefelder Str.,Berlin,52.536163,13.191189,1.6,2.159,2.099,2.209,True
2026-08-21T19:13:42+00:00,005056ba-7cb6-1ed2-bceb-641db1c24d1d,STAR,star Tankstelle,Berlin,52.534388,13.184014,1.7,2.159,2.099,2.209,True
2026-08-21T19:13:42+00:00,51d4b471-a095-1aa0-e100-80009459e03a,JET,JET BERLIN BRUNSBUETTELER DAMM 87-89,BERLIN,52.53379,13.18503,1.7,2.159,2.099,2.209,True
2026-08-21T19:13:42+00:00,d590310c-e209-46b2-bfe7-dacc6148e1f1,TotalEnergies,TotalEnergies Berlin,Berlin,52.55424,13.207408,2,2.169,2.109,2.219,True
2026-08-21T19:13:42+00:00,5d8c8a4c-bce7-4d28-ae12-0d61a971c5cc,Shell,Shell Berlin Streitstr. 19,Berlin,52.558899,13.208409,2.3,2.169,2.109,2.219,True
2026-08-21T19:13:42+00:00,057827cd-6583-4a3a-a461-f8546073fd02,SUN,Sun Klosterstr.,Berlin,52.52943,13.19517,2.4,2.159,2.099,2.209,True
2026-08-21T19:13:42+00:00,905d4775-754e-4b38-baca-89c98fad1d1a,Sprint,Sprint Berlin Ruhlebener Str.,Berlin,52.529285,13.20718,2.9,2.159,2.099,2.209,True
2026-08-21T19:15:13+00:00,cebbe420-bcf3-4db8-9099-c52b783e2158,ESSO,Esso Tankstelle,BERLIN,52.549044,13.17897,0,2.179,2.119,2.219,True
2026-08-21T19:15:13+00:00,7347dd32-bfa1-470a-a6ee-2a2c95ad9af5,ARAL,Aral Tankstelle,Berlin,52.542747,13.199304,1.5,2.239,2.179,2.289,True
2026-08-21T19:15:13+00:00,9f07b69b-4b15-4852-9c60-5d293c6cadc5,Sprint,Sprint Berlin Seegefelder Str.,Berlin,52.536163,13.191189,1.6,2.159,2.099,2.209,True
2026-08-21T19:15:13+00:00,005056ba-7cb6-1ed2-bceb-641db1c24d1d,STAR,star Tankstelle,Berlin,52.534388,13.184014,1.7,2.159,2.099,2.209,True
2026-08-21T19:15:13+00:00,51d4b471-a095-1aa0-e100-80009459e03a,JET,JET BERLIN BRUNSBUETTELER DAMM 87-89,BERLIN,52.53379,13.18503,1.7,2.159,2.099,2.209,True
2026-08-21T19:15:13+00:00,d590310c-e209-46b2-bfe7-dacc6148e1f1,TotalEnergies,TotalEnergies Berlin,Berlin,52.55424,13.207408,2,2.169,2.109,2.219,True
2026-08-21T19:15:13+00:00,5d8c8a4c-bce7-4d28-ae12-0d61a971c5cc,Shell,Shell Berlin Streitstr. 19,Berlin,52.558899,13.208409,2.3,2.169,2.109,2.219,True
2026-08-21T19:15:13+00:00,057827cd-6583-4a3a-a461-f8546073fd02,SUN,Sun Klosterstr.,Berlin,52.52943,13.19517,2.4,2.159,2.099,2.209,True
2026-08-21T19:15:13+00:00,905d4775-754e-4b38-baca-89c98fad1d1a,Sprint,Sprint Berlin Ruhlebener Str.,Berlin,52.529285,13.20718,2.9,2.159,2.099,2.209,True
2026-08-21T19:16:44+00:00,cebbe420-bcf3-4db8-9099-c52b783e2158,ESSO,Esso Tankstelle,BERLIN,52.549044,13.17897,0,2.179,2.119,2.219,True
2026-08-21T19:16:44+00:00,7347dd32-bfa1-470a-a6ee-2a2c95ad9af5,ARAL,Aral Tankstelle,Berlin,52.542747,13.199304,1.5,2.239,2.179,2.289,True
2026-08-21T19:16:44+00:00,9f07b69b-4b15-4852-9c60-5d293c6cadc5,Sprint,Sprint Berlin Seegefelder Str.,Berlin,52.536163,13.191189,1.6,2.159,2.099,2.209,True
2026-08-21T19:16:44+00:00,005056ba-7cb6-1ed2-bceb-641db1c24d1d,STAR,star Tankstelle,Berlin,52.534388,13.184014,1.7,2.159,2.099,2.209,True
2026-08-21T19:16:44+00:00,51d4b471-a095-1aa0-e100-80009459e03a,JET,JET BERLIN BRUNSBUETTELER DAMM 87-89,BERLIN,52.53379,13.18503,1.7,2.159,2.099,2.209,True
2026-08-21T19:16:44+00:00,d590310c-e209-46b2-bfe7-dacc6148e1f1,TotalEnergies,TotalEnergies Berlin,Berlin,52.55424,13.207408,2,2.169,2.109,2.219,True
2026-08-21T19:16:44+00:00,5d8c8a4c-bce7-4d28-ae12-0d61a971c5cc,Shell,Shell Berlin Streitstr. 19,Berlin,52.558899,13.208409,2.3,2.169,2.109,2.219,True
2026-08-21T19:16:44+00:00,057827cd-6583-4a3a-a461-f8546073fd02,SUN,Sun Klosterstr.,Berlin,52.52943,13.19517,2.4,2.159,2.099,2.209,True
2026-08-21T19:16:44+00:00,905d4775-754e-4b38-baca-89c98fad1d1a,Sprint,Sprint Berlin Ruhlebener Str.,Berlin,52.529285,13.20718,2.9,2.159,2.099,2.209,True
2026-08-21T19:18:15+00:00,cebbe420-bcf3-4db8-9099-c52b783e2158,ESSO,Esso Tankstelle,BERLIN,52.549044,13.17897,0,2.179,2.119,2.219,True
2026-08-21T19:18:15+00:00,7347dd32-bfa1-470a-a6ee-2a2c95ad9af5,ARAL,Aral Tankstelle,Berlin,52.542747,13.199304,1.5,2.239,2.179,2.289,True
2026-08-21T19:18:15+00:00,9f07b69b-4b15-4852-9c60-5d293c6cadc5,Sprint,Sprint Berlin Seegefelder Str.,Berlin,52.536163,13.191189,1.6,2.159,2.099,2.209,True
2026-08-21T19:18:15+00:00,005056ba-7cb6-1ed2-bceb-641db1c24d1d,STAR,star Tankstelle,Berlin,52.534388,13.184014,1.7,2.159,2.099,2.209,True
2026-08-21T19:18:15+00:00,51d4b471-a095-1aa0-e100-80009459e03a,JET,JET BERLIN BRUNSBUETTELER DAMM 87-89,BERLIN,52.53379,13.18503,1.7,2.159,2.099,2.209,True
2026-08-21T19:18:15+00:00,d590310c-e209-46b2-bfe7-dacc6148e1f1,TotalEnergies,TotalEnergies Berlin,Berlin,52.55424,13.207408,2,2.169,2.109,2.219,True
2026-08-21T19:18:15+00:00,5d8c8a4c-bce7-4d28-ae12-0d61a971c5cc,Shell,Shell Berlin Streitstr. 19,Berlin,52.558899,13.208409,2.3,2.169,2.109,2.219,True
2026-08-21T19:18:15+00:00,057827cd-6583-4a3a-a461-f8546073fd02,SUN,Sun Klosterstr.,Berlin,52.52943,13.19517,2.4,2.159,2.099,2.209,True
2026-08-21T19:18:15+00:00,905d4775-754e-4b38-baca-89c98fad1d1a,Sprint,Sprint Berlin Ruhlebener Str.,Berlin,52.529285,13.20718,2.9,2.159,2.099,2.209,True
2026-08-21T19:19:46+00:00,cebbe420-bcf3-4db8-9099-c52b783e2158,ESSO,Esso Tankstelle,BERLIN,52.549044,13.17897,0,2.179,2.119,2.219,True
2026-08-21T19:19:46+00:00,7347dd32-bfa1-470a-a6ee-2a2c95ad9af5,ARAL,Aral Tankstelle,Berlin,52.542747,13.199304,1.5,2.239,2.179,2.289,True
2026-08-21T19:19:46+00:00,9f07b69b-4b15-4852-9c60-5d293c6cadc5,Sprint,Sprint Berlin Seegefelder Str.,Berlin,52.536163,13.191189,1.6,2.159,2.099,2.209,True
2026-08-21T19:19:46+00:00,005056ba-7cb6-1ed2-bceb-641db1c24d1d,STAR,star Tankstelle,Berlin,52.534388,13.184014,1.7,2.159,2.099,2.209,True
2026-08-21T19:19:46+00:00,51d4b471-a095-1aa0-e100-80009459e03a,JET,JET BERLIN BRUNSBUETTELER DAMM 87-89,BERLIN,52.53379,13.18503,1.7,2.159,2.099,2.209,True
2026-08-21T19:19:46+00:00,d590310c-e209-46b2-bfe7-dacc6148e1f1,TotalEnergies,TotalEnergies Berlin,Berlin,52.55424,13.207408,2,2.169,2.109,2.219,True
2026-08-21T19:19:46+00:00,5d8c8a4c-bce7-4d28-ae12-0d61a971c5cc,Shell,Shell Berlin Streitstr. 19,Berlin,52.558899,13.208409,2.3,2.169,2.109,2.219,True
2026-08-21T19:19:46+00:00,057827cd-6583-4a3a-a461-f8546073fd02,SUN,Sun Klosterstr.,Berlin,52.52943,13.19517,2.4,2.159,2.099,2.209,True
2026-08-21T19:19:46+00:00,905d4775-754e-4b38-baca-89c98fad1d1a,Sprint,Sprint Berlin Ruhlebener Str.,Berlin,52.529285,13.20718,2.9,2.159,2.099,2.209,True
2026-08-21T19:21:17+00:00,cebbe420-bcf3-4db8-9099-c52b783e2158,ESSO,Esso Tankstelle,BERLIN,52.549044,13.17897,0,2.179,2.119,2.219,True
2026-08-21T19:21:17+00:00,7347dd32-bfa1-470a-a6ee-2a2c95ad9af5,ARAL,Aral Tankstelle,Berlin,52.542747,13.199304,1.5,2.239,2.179,2.289,True
2026-08-21T19:21:17+00:00,9f07b69b-4b15-4852-9c60-5d293c6cadc5,Sprint,Sprint Berlin Seegefelder Str.,Berlin,52.536163,13.191189,1.6,2.159,2.099,2.209,True
2026-08-21T19:21:17+00:00,005056ba-7cb6-1ed2-bceb-641db1c24d1d,STAR,star Tankstelle,Berlin,52.534388,13.184014,1.7,2.159,2.099,2.209,True
2026-08-21T19:21:17+00:00,51d4b471-a095-1aa0-e100-80009459e03a,JET,JET BERLIN BRUNSBUETTELER DAMM 87-89,BERLIN,52.53379,13.18503,1.7,2.159,2.099,2.209,True
2026-08-21T19:21:17+00:00,d590310c-e209-46b2-bfe7-dacc6148e1f1,TotalEnergies,TotalEnergies Berlin,Berlin,52.55424,13.207408,2,2.169,2.109,2.219,True
2026-08-21T19:21:17+00:00,5d8c8a4c-bce7-4d28-ae12-0d61a971c5cc,Shell,Shell Berlin Streitstr. 19,Berlin,52.558899,13.208409,2.3,2.169,2.109,2.219,True
2026-08-21T19:21:17+00:00,057827cd-6583-4a3a-a461-f8546073fd02,SUN,Sun Klosterstr.,Berlin,52.52943,13.19517,2.4,2.159,2.099,2.209,True
2026-08-21T19:21:17+00:00,905d4775-754e-4b38-baca-89c98fad1d1a,Sprint,Sprint Berlin Ruhlebener Str.,Berlin,52.529285,13.20718,2.9,2.159,2.099,2.209,True
2026-08-21T19:22:48+00:00,cebbe420-bcf3-4db8-9099-c52b783e2158,ESSO,Esso Tankstelle,BERLIN,52.549044,13.17897,0,2.179,2.119,2.219,True
2026-08-21T19:22:48+00:00,7347dd32-bfa1-470a-a6ee-2a2c95ad9af5,ARAL,Aral Tankstelle,Berlin,52.542747,13.199304,1.5,2.239,2.179,2.289,True
2026-08-21T19:22:48+00:00,9f07b69b-4b15-4852-9c60-5d293c6cadc5,Sprint,Sprint Berlin Seegefelder Str.,Berlin,52.536163,13.191189,1.6,2.159,2.099,2.209,True
2026-08-21T19:22:48+00:00,005056ba-7cb6-1ed2-bceb-641db1c24d1d,STAR,star Tankstelle,Berlin,52.534388,13.184014,1.7,2.159,2.099,2.209,True
2026-08-21T19:22:48+00:00,51d4b471-a095-1aa0-e100-80009459e03a,JET,JET BERLIN BRUNSBUETTELER DAMM 87-89,BERLIN,52.53379,13.18503,1.7,2.159,2.099,2.209,True
2026-08-21T19:22:48+00:00,d590310c-e209-46b2-bfe7-dacc6148e1f1,TotalEnergies,TotalEnergies Berlin,Berlin,52.55424,13.207408,2,2.169,2.109,2.219,True
2026-08-21T19:22:48+00:00,5d8c8a4c-bce7-4d28-ae12-0d61a971c5cc,Shell,Shell Berlin Streitstr. 19,Berlin,52.558899,13.208409,2.3,2.169,2.109,2.219,True
2026-08-21T19:22:48+00:00,057827cd-6583-4a3a-a461-f8546073fd02,SUN,Sun Klosterstr.,Berlin,52.52943,13.19517,2.4,2.159,2.099,2.209,True
2026-08-21T19:22:48+00:00,905d4775-754e-4b38-baca-89c98fad1d1a,Sprint,Sprint Berlin Ruhlebener Str.,Berlin,52.529285,13.20718,2.9,2.159,2.099,2.209,True
2026-08-21T19:24:19+00:00,cebbe420-bcf3-4db8-9099-c52b783e2158,ESSO,Esso Tankstelle,BERLIN,52.549044,13.17897,0,2.179,2.119,2.219,True
2026-08-21T19:24:19+00:00,7347dd32-bfa1-470a-a6ee-2a2c95ad9af5,ARAL,Aral Tankstelle,Berlin,52.542747,13.199304,1.5,2.239,2.179,2.289,True
2026-08-21T19:24:19+00:00,9f07b69b-4b15-4852-9c60-5d293c6cadc5,Sprint,Sprint Berlin Seegefelder Str.,Berlin,52.536163,13.191189,1.6,2.159,2.099,2.209,True
2026-08-21T19:24:19+00:00,005056ba-7cb6-1ed2-bceb-641db1c24d1d,STAR,star Tankstelle,Berlin,52.534388,13.184014,1.7,2.159,2.099,2.209,True
2026-08-21T19:24:19+00:00,51d4b471-a095-1aa0-e100-80009459e03a,JET,JET BERLIN BRUNSBUETTELER DAMM 87-89,BERLIN,52.53379,13.18503,1.7,2.159,2.099,2.209,True
2026-08-21T19:24:19+00:00,d590310c-e209-46b2-bfe7-dacc6148e1f1,TotalEnergies,TotalEnergies Berlin,Berlin,52.55424,13.207408,2,2.169,2.109,2.219,True
2026-08-21T19:24:19+00:00,5d8c8a4c-bce7-4d28-ae12-0d61a971c5cc,Shell,Shell Berlin Streitstr. 19,Berlin,52.558899,13.208409,2.3,2.169,2.109,2.219,True
2026-08-21T19:24:19+00:00,057827cd-6583-4a3a-a461-f8546073fd02,SUN,Sun Klosterstr.,Berlin,52.52943,13.19517,2.4,2.159,2.099,2.209,True
2026-08-21T19:24:19+00:00,905d4775-754e-4b38-baca-89c98fad1d1a,Sprint,Sprint Berlin Ruhlebener Str.,Berlin,52.529285,13.20718,2.9,2.159,2.099,2.209,True
2026-08-21T19:25:51+00:00,cebbe420-bcf3-4db8-9099-c52b783e2158,ESSO,Esso Tankstelle,BERLIN,52.549044,13.17897,0,2.179,2.119,2.219,True
2026-08-21T19:25:51+00:00,7347dd32-bfa1-470a-a6ee-2a2c95ad9af5,ARAL,Aral Tankstelle,Berlin,52.542747,13.199304,1.5,2.239,2.179,2.289,True
2026-08-21T19:25:51+00:00,9f07b69b-4b15-4852-9c60-5d293c6cadc5,Sprint,Sprint Berlin Seegefelder Str.,Berlin,52.536163,13.191189,1.6,2.159,2.099,2.209,True
2026-08-21T19:25:51+00:00,005056ba-7cb6-1ed2-bceb-641db1c24d1d,STAR,star Tankstelle,Berlin,52.534388,13.184014,1.7,2.159,2.099,2.209,True
2026-08-21T19:25:51+00:00,51d4b471-a095-1aa0-e100-80009459e03a,JET,JET BERLIN BRUNSBUETTELER DAMM 87-89,BERLIN,52.53379,13.18503,1.7,2.159,2.099,2.209,True
2026-08-21T19:25:51+00:00,d590310c-e209-46b2-bfe7-dacc6148e1f1,TotalEnergies,TotalEnergies Berlin,Berlin,52.55424,13.207408,2,2.169,2.109,2.219,True
2026-08-21T19:25:51+00:00,5d8c8a4c-bce7-4d28-ae12-0d61a971c5cc,Shell,Shell Berlin Streitstr. 19,Berlin,52.558899,13.208409,2.3,2.169,2.109,2.219,True
2026-08-21T19:25:51+00:00,057827cd-6583-4a3a-a461-f8546073fd02,SUN,Sun Klosterstr.,Berlin,52.52943,13.19517,2.4,2.159,2.099,2.209,True
2026-08-21T19:25:51+00:00,905d4775-754e-4b38-baca-89c98fad1d1a,Sprint,Sprint Berlin Ruhlebener Str.,Berlin,52.529285,13.20718,2.9,2.159,2.099,2.209,True
2026-08-21T19:27:21+00:00,cebbe420-bcf3-4db8-9099-c52b783e2158,ESSO,Esso Tankstelle,BERLIN,52.549044,13.17897,0,2.179,2.119,2.219,True
2026-08-21T19:27:21+00:00,7347dd32-bfa1-470a-a6ee-2a2c95ad9af5,ARAL,Aral Tankstelle,Berlin,52.542747,13.199304,1.5,2.239,2.179,2.289,True
2026-08-21T19:27:21+00:00,9f07b69b-4b15-4852-9c60-5d293c6cadc5,Sprint,Sprint Berlin Seegefelder Str.,Berlin,52.536163,13.191189,1.6,2.159,2.099,2.209,True
2026-08-21T19:27:21+00:00,005056ba-7cb6-1ed2-bceb-641db1c24d1d,STAR,star Tankstelle,Berlin,52.534388,13.184014,1.7,2.159,2.099,2.209,True
2026-08-21T19:27:21+00:00,51d4b471-a095-1aa0-e100-80009459e03a,JET,JET BERLIN BRUNSBUETTELER DAMM 87-89,BERLIN,52.53379,13.18503,1.7,2.159,2.099,2.209,True
2026-08-21T19:27:21+00:00,d590310c-e209-46b2-bfe7-dacc6148e1f1,TotalEnergies,TotalEnergies Berlin,Berlin,52.55424,13.207408,2,2.169,2.109,2.219,True
2026-08-21T19:27:21+00:00,5d8c8a4c-bce7-4d28-ae12-0d61a971c5cc,Shell,Shell Berlin Streitstr. 19,Berlin,52.558899,13.208409,2.3,2.169,2.109,2.219,True
2026-08-21T19:27:21+00:00,057827cd-6583-4a3a-a461-f8546073fd02,SUN,Sun Klosterstr.,Berlin,52.52943,13.19517,2.4,2.159,2.099,2.209,True
2026-08-21T19:27:21+00:00,905d4775-754e-4b38-baca-89c98fad1d1a,Sprint,Sprint Berlin Ruhlebener Str.,Berlin,52.529285,13.20718,2.9,2.159,2.099,2.209,True
2026-08-21T19:28:52+00:00,cebbe420-bcf3-4db8-9099-c52b783e2158,ESSO,Esso Tankstelle,BERLIN,52.549044,13.17897,0,2.179,2.119,2.219,True
2026-08-21T19:28:52+00:00,7347dd32-bfa1-470a-a6ee-2a2c95ad9af5,ARAL,Aral Tankstelle,Berlin,52.542747,13.199304,1.5,2.239,2.179,2.289,True
2026-08-21T19:28:52+00:00,9f07b69b-4b15-4852-9c60-5d293c6cadc5,Sprint,Sprint Berlin Seegefelder Str.,Berlin,52.536163,13.191189,1.6,2.159,2.099,2.209,True
2026-08-21T19:28:52+00:00,005056ba-7cb6-1ed2-bceb-641db1c24d1d,STAR,star Tankstelle,Berlin,52.534388,13.184014,1.7,2.159,2.099,2.209,True
2026-08-21T19:28:52+00:00,51d4b471-a095-1aa0-e100-80009459e03a,JET,JET BERLIN BRUNSBUETTELER DAMM 87-89,BERLIN,52.53379,13.18503,1.7,2.159,2.099,2.209,True
2026-08-21T19:28:52+00:00,d590310c-e209-46b2-bfe7-dacc6148e1f1,TotalEnergies,TotalEnergies Berlin,Berlin,52.55424,13.207408,2,2.169,2.109,2.219,True
2026-08-21T19:28:52+00:00,5d8c8a4c-bce7-4d28-ae12-0d61a971c5cc,Shell,Shell Berlin Streitstr. 19,Berlin,52.558899,13.208409,2.3,2.169,2.109,2.219,True
2026-08-21T19:28:52+00:00,057827cd-6583-4a3a-a461-f8546073fd02,SUN,Sun Klosterstr.,Berlin,52.52943,13.19517,2.4,2.159,2.099,2.209,True
2026-08-21T19:28:52+00:00,905d4775-754e-4b38-baca-89c98fad1d1a,Sprint,Sprint Berlin Ruhlebener Str.,Berlin,52.529285,13.20718,2.9,2.159,2.099,2.209,True
2026-08-21T19:30:25+00:00,cebbe420-bcf3-4db8-9099-c52b783e2158,ESSO,Esso Tankstelle,BERLIN,52.549044,13.17897,0,2.179,2.119,2.219,True
2026-08-21T19:30:25+00:00,7347dd32-bfa1-470a-a6ee-2a2c95ad9af5,ARAL,Aral Tankstelle,Berlin,52.542747,13.199304,1.5,2.239,2.179,2.289,True
2026-08-21T19:30:25+00:00,9f07b69b-4b15-4852-9c60-5d293c6cadc5,Sprint,Sprint Berlin Seegefelder Str.,Berlin,52.536163,13.191189,1.6,2.159,2.099,2.209,True
2026-08-21T19:30:25+00:00,005056ba-7cb6-1ed2-bceb-641db1c24d1d,STAR,star Tankstelle,Berlin,52.534388,13.184014,1.7,2.159,2.099,2.209,True
2026-08-21T19:30:25+00:00,51d4b471-a095-1aa0-e100-80009459e03a,JET,JET BERLIN BRUNSBUETTELER DAMM 87-89,BERLIN,52.53379,13.18503,1.7,2.159,2.099,2.209,True
2026-08-21T19:30:25+00:00,d590310c-e209-46b2-bfe7-dacc6148e1f1,TotalEnergies,TotalEnergies Berlin,Berlin,52.55424,13.207408,2,2.169,2.109,2.219,True
2026-08-21T19:30:25+00:00,5d8c8a4c-bce7-4d28-ae12-0d61a971c5cc,Shell,Shell Berlin Streitstr. 19,Berlin,52.558899,13.208409,2.3,2.169,2.109,2.219,True
2026-08-21T19:30:25+00:00,057827cd-6583-4a3a-a461-f8546073fd02,SUN,Sun Klosterstr.,Berlin,52.52943,13.19517,2.4,2.159,2.099,2.209,True
2026-08-21T19:30:25+00:00,905d4775-754e-4b38-baca-89c98fad1d1a,Sprint,Sprint Berlin Ruhlebener Str.,Berlin,52.529285,13.20718,2.9,2.159,2.099,2.209,True
2026-08-21T19:31:56+00:00,cebbe420-bcf3-4db8-9099-c52b783e2158,ESSO,Esso Tankstelle,BERLIN,52.549044,13.17897,0,2.179,2.119,2.219,True
2026-08-21T19:31:56+00:00,7347dd32-bfa1-470a-a6ee-2a2c95ad9af5,ARAL,Aral Tankstelle,Berlin,52.542747,13.199304,1.5,2.239,2.179,2.289,True
2026-08-21T19:31:56+00:00,9f07b69b-4b15-4852-9c60-5d293c6cadc5,Sprint,Sprint Berlin Seegefelder Str.,Berlin,52.536163,13.191189,1.6,2.159,2.099,2.209,True
2026-08-21T19:31:56+00:00,005056ba-7cb6-1ed2-bceb-641db1c24d1d,STAR,star Tankstelle,Berlin,52.534388,13.184014,1.7,2.159,2.099,2.209,True
2026-08-21T19:31:56+00:00,51d4b471-a095-1aa0-e100-80009459e03a,JET,JET BERLIN BRUNSBUETTELER DAMM 87-89,BERLIN,52.53379,13.18503,1.7,2.159,2.099,2.209,True
2026-08-21T19:31:56+00:00,d590310c-e209-46b2-bfe7-dacc6148e1f1,TotalEnergies,TotalEnergies Berlin,Berlin,52.55424,13.207408,2,2.169,2.109,2.219,True
2026-08-21T19:31:56+00:00,5d8c8a4c-bce7-4d28-ae12-0d61a971c5cc,Shell,Shell Berlin Streitstr. 19,Berlin,52.558899,13.208409,2.3,2.169,2.109,2.219,True
2026-08-21T19:31:56+00:00,057827cd-6583-4a3a-a461-f8546073fd02,SUN,Sun Klosterstr.,Berlin,52.52943,13.19517,2.4,2.159,2.099,2.209,True
2026-08-21T19:31:56+00:00,905d4775-754e-4b38-baca-89c98fad1d1a,Sprint,Sprint Berlin Ruhlebener Str.,Berlin,52.529285,13.20718,2.9,2.159,2.099,2.209,True
2026-08-21T19:33:27+00:00,cebbe420-bcf3-4db8-9099-c52b783e2158,ESSO,Esso Tankstelle,BERLIN,52.549044,13.17897,0,2.179,2.119,2.219,True
2026-08-21T19:33:27+00:00,7347dd32-bfa1-470a-a6ee-2a2c95ad9af5,ARAL,Aral Tankstelle,Berlin,52.542747,13.199304,1.5,2.239,2.179,2.289,True
2026-08-21T19:33:27+00:00,9f07b69b-4b15-4852-9c60-5d293c6cadc5,Sprint,Sprint Berlin Seegefelder Str.,Berlin,52.536163,13.191189,1.6,2.159,2.099,2.209,True
2026-08-21T19:33:27+00:00,005056ba-7cb6-1ed2-bceb-641db1c24d1d,STAR,star Tankstelle,Berlin,52.534388,13.184014,1.7,2.159,2.099,2.209,True
2026-08-21T19:33:27+00:00,51d4b471-a095-1aa0-e100-80009459e03a,JET,JET BERLIN BRUNSBUETTELER DAMM 87-89,BERLIN,52.53379,13.18503,1.7,2.159,2.099,2.209,True
2026-08-21T19:33:27+00:00,d590310c-e209-46b2-bfe7-dacc6148e1f1,TotalEnergies,TotalEnergies Berlin,Berlin,52.55424,13.207408,2,2.169,2.109,2.219,True
2026-08-21T19:33:27+00:00,5d8c8a4c-bce7-4d28-ae12-0d61a971c5cc,Shell,Shell Berlin Streitstr. 19,Berlin,52.558899,13.208409,2.3,2.169,2.109,2.219,True
2026-08-21T19:33:27+00:00,057827cd-6583-4a3a-a461-f8546073fd02,SUN,Sun Klosterstr.,Berlin,52.52943,13.19517,2.4,2.159,2.099,2.209,True
2026-08-21T19:33:27+00:00,905d4775-754e-4b38-baca-89c98fad1d1a,Sprint,Sprint Berlin Ruhlebener Str.,Berlin,52.529285,13.20718,2.9,2.159,2.099,2.209,True
2026-08-21T19:34:58+00:00,cebbe420-bcf3-4db8-9099-c52b783e2158,ESSO,Esso Tankstelle,BERLIN,52.549044,13.17897,0,2.179,2.119,2.219,True
2026-08-21T19:34:58+00:00,7347dd32-bfa1-470a-a6ee-2a2c95ad9af5,ARAL,Aral Tankstelle,Berlin,52.542747,13.199304,1.5,2.239,2.179,2.289,True
2026-08-21T19:34:58+00:00,9f07b69b-4b15-4852-9c60-5d293c6cadc5,Sprint,Sprint Berlin Seegefelder Str.,Berlin,52.536163,13.191189,1.6,2.159,2.099,2.209,True
2026-08-21T19:34:58+00:00,005056ba-7cb6-1ed2-bceb-641db1c24d1d,STAR,star Tankstelle,Berlin,52.534388,13.184014,1.7,2.159,2.099,2.209,True
2026-08-21T19:34:58+00:00,51d4b471-a095-1aa0-e100-80009459e03a,JET,JET BERLIN BRUNSBUETTELER DAMM 87-89,BERLIN,52.53379,13.18503,1.7,2.159,2.099,2.209,True
2026-08-21T19:34:58+00:00,d590310c-e209-46b2-bfe7-dacc6148e1f1,TotalEnergies,TotalEnergies Berlin,Berlin,52.55424,13.207408,2,2.169,2.109,2.219,True
2026-08-21T19:34:58+00:00,5d8c8a4c-bce7-4d28-ae12-0d61a971c5cc,Shell,Shell Berlin Streitstr. 19,Berlin,52.558899,13.208409,2.3,2.169,2.109,2.219,True
2026-08-21T19:34:58+00:00,057827cd-6583-4a3a-a461-f8546073fd02,SUN,Sun Klosterstr.,Berlin,52.52943,13.19517,2.4,2.159,2.099,2.209,True
2026-08-21T19:34:58+00:00,905d4775-754e-4b38-baca-89c98fad1d1a,Sprint,Sprint Berlin Ruhlebener Str.,Berlin,52.529285,13.20718,2.9,2.159,2.099,2.209,True
2026-08-21T19:36:29+00:00,cebbe420-bcf3-4db8-9099-c52b783e2158,ESSO,Esso Tankstelle,BERLIN,52.549044,13.17897,0,2.179,2.119,2.219,True
2026-08-21T19:36:29+00:00,7347dd32-bfa1-470a-a6ee-2a2c95ad9af5,ARAL,Aral Tankstelle,Berlin,52.542747,13.199304,1.5,2.239,2.179,2.289,True
2026-08-21T19:36:29+00:00,9f07b69b-4b15-4852-9c60-5d293c6cadc5,Sprint,Sprint Berlin Seegefelder Str.,Berlin,52.536163,13.191189,1.6,2.159,2.099,2.209,True
2026-08-21T19:36:29+00:00,005056ba-7cb6-1ed2-bceb-641db1c24d1d,STAR,star Tankstelle,Berlin,52.534388,13.184014,1.7,2.159,2.099,2.209,True
2026-08-21T19:36:29+00:00,51d4b471-a095-1aa0-e100-80009459e03a,JET,JET BERLIN BRUNSBUETTELER DAMM 87-89,BERLIN,52.53379,13.18503,1.7,2.159,2.099,2.209,True
2026-08-21T19:36:29+00:00,d590310c-e209-46b2-bfe7-dacc6148e1f1,TotalEnergies,TotalEnergies Berlin,Berlin,52.55424,13.207408,2,2.169,2.109,2.219,True
2026-08-21T19:36:29+00:00,5d8c8a4c-bce7-4d28-ae12-0d61a971c5cc,Shell,Shell Berlin Streitstr. 19,Berlin,52.558899,13.208409,2.3,2.169,2.109,2.219,True
2026-08-21T19:36:29+00:00,057827cd-6583-4a3a-a461-f8546073fd02,SUN,Sun Klosterstr.,Berlin,52.52943,13.19517,2.4,2.159,2.099,2.209,True
2026-08-21T19:36:29+00:00,905d4775-754e-4b38-baca-89c98fad1d1a,Sprint,Sprint Berlin Ruhlebener Str.,Berlin,52.529285,13.20718,2.9,2.159,2.099,2.209,True
2026-08-21T19:38:00+00:00,cebbe420-bcf3-4db8-9099-c52b783e2158,ESSO,Esso Tankstelle,BERLIN,52.549044,13.17897,0,2.179,2.119,2.219,True
2026-08-21T19:38:00+00:00,7347dd32-bfa1-470a-a6ee-2a2c95ad9af5,ARAL,Aral Tankstelle,Berlin,52.542747,13.199304,1.5,2.239,2.179,2.289,True
2026-08-21T19:38:00+00:00,9f07b69b-4b15-4852-9c60-5d293c6cadc5,Sprint,Sprint Berlin Seegefelder Str.,Berlin,52.536163,13.191189,1.6,2.159,2.099,2.209,True
2026-08-21T19:38:00+00:00,005056ba-7cb6-1ed2-bceb-641db1c24d1d,STAR,star Tankstelle,Berlin,52.534388,13.184014,1.7,2.159,2.099,2.209,True
2026-08-21T19:38:00+00:00,51d4b471-a095-1aa0-e100-80009459e03a,JET,JET BERLIN BRUNSBUETTELER DAMM 87-89,BERLIN,52.53379,13.18503,1.7,2.159,2.099,2.209,True
2026-08-21T19:38:00+00:00,d590310c-e209-46b2-bfe7-dacc6148e1f1,TotalEnergies,TotalEnergies Berlin,Berlin,52.55424,13.207408,2,2.169,2.109,2.219,True
2026-08-21T19:38:00+00:00,5d8c8a4c-bce7-4d28-ae12-0d61a971c5cc,Shell,Shell Berlin Streitstr. 19,Berlin,52.558899,13.208409,2.3,2.169,2.109,2.219,True
2026-08-21T19:38:00+00:00,057827cd-6583-4a3a-a461-f8546073fd02,SUN,Sun Klosterstr.,Berlin,52.52943,13.19517,2.4,2.159,2.099,2.209,True
2026-08-21T19:38:00+00:00,905d4775-754e-4b38-baca-89c98fad1d1a,Sprint,Sprint Berlin Ruhlebener Str.,Berlin,52.529285,13.20718,2.9,2.159,2.099,2.209,True
2026-08-21T19:39:31+00:00,cebbe420-bcf3-4db8-9099-c52b783e2158,ESSO,Esso Tankstelle,BERLIN,52.549044,13.17897,0,2.179,2.119,2.219,True
2026-08-21T19:39:31+00:00,7347dd32-bfa1-470a-a6ee-2a2c95ad9af5,ARAL,Aral Tankstelle,Berlin,52.542747,13.199304,1.5,2.239,2.179,2.289,True
2026-08-21T19:39:31+00:00,9f07b69b-4b15-4852-9c60-5d293c6cadc5,Sprint,Sprint Berlin Seegefelder Str.,Berlin,52.536163,13.191189,1.6,2.159,2.099,2.209,True
2026-08-21T19:39:31+00:00,005056ba-7cb6-1ed2-bceb-641db1c24d1d,STAR,star Tankstelle,Berlin,52.534388,13.184014,1.7,2.159,2.099,2.209,True
2026-08-21T19:39:31+00:00,51d4b471-a095-1aa0-e100-80009459e03a,JET,JET BERLIN BRUNSBUETTELER DAMM 87-89,BERLIN,52.53379,13.18503,1.7,2.159,2.099,2.209,True
2026-08-21T19:39:31+00:00,d590310c-e209-46b2-bfe7-dacc6148e1f1,TotalEnergies,TotalEnergies Berlin,Berlin,52.55424,13.207408,2,2.169,2.109,2.219,True
2026-08-21T19:39:31+00:00,5d8c8a4c-bce7-4d28-ae12-0d61a971c5cc,Shell,Shell Berlin Streitstr. 19,Berlin,52.558899,13.208409,2.3,2.169,2.109,2.219,True
2026-08-21T19:39:31+00:00,057827cd-6583-4a3a-a461-f8546073fd02,SUN,Sun Klosterstr.,Berlin,52.52943,13.19517,2.4,2.159,2.099,2.209,True
2026-08-21T19:39:31+00:00,905d4775-754e-4b38-baca-89c98fad1d1a,Sprint,Sprint Berlin Ruhlebener Str.,Berlin,52.529285,13.20718,2.9,2.159,2.099,2.209,True
2026-08-21T19:41:02+00:00,cebbe420-bcf3-4db8-9099-c52b783e2158,ESSO,Esso Tankstelle,BERLIN,52.549044,13.17897,0,2.179,2.119,2.219,True
2026-08-21T19:41:02+00:00,7347dd32-bfa1-470a-a6ee-2a2c95ad9af5,ARAL,Aral Tankstelle,Berlin,52.542747,13.199304,1.5,2.239,2.179,2.289,True
2026-08-21T19:41:02+00:00,9f07b69b-4b15-4852-9c60-5d293c6cadc5,Sprint,Sprint Berlin Seegefelder Str.,Berlin,52.536163,13.191189,1.6,2.159,2.099,2.209,True
2026-08-21T19:41:02+00:00,005056ba-7cb6-1ed2-bceb-641db1c24d1d,STAR,star Tankstelle,Berlin,52.534388,13.184014,1.7,2.159,2.099,2.209,True
2026-08-21T19:41:02+00:00,51d4b471-a095-1aa0-e100-80009459e03a,JET,JET BERLIN BRUNSBUETTELER DAMM 87-89,BERLIN,52.53379,13.18503,1.7,2.159,2.099,2.209,True
2026-08-21T19:41:02+00:00,d590310c-e209-46b2-bfe7-dacc6148e1f1,TotalEnergies,TotalEnergies Berlin,Berlin,52.55424,13.207408,2,2.169,2.109,2.219,True
2026-08-21T19:41:02+00:00,5d8c8a4c-bce7-4d28-ae12-0d61a971c5cc,Shell,Shell Berlin Streitstr. 19,Berlin,52.558899,13.208409,2.3,2.169,2.109,2.219,True
2026-08-21T19:41:02+00:00,057827cd-6583-4a3a-a461-f8546073fd02,SUN,Sun Klosterstr.,Berlin,52.52943,13.19517,2.4,2.159,2.099,2.209,True
2026-08-21T19:41:02+00:00,905d4775-754e-4b38-baca-89c98fad1d1a,Sprint,Sprint Berlin Ruhlebener Str.,Berlin,52.529285,13.20718,2.9,2.159,2.099,2.209,True
2026-08-21T19:42:33+00:00,cebbe420-bcf3-4db8-9099-c52b783e2158,ESSO,Esso Tankstelle,BERLIN,52.549044,13.17897,0,2.179,2.119,2.219,True
2026-08-21T19:42:33+00:00,7347dd32-bfa1-470a-a6ee-2a2c95ad9af5,ARAL,Aral Tankstelle,Berlin,52.542747,13.199304,1.5,2.239,2.179,2.289,True
2026-08-21T19:42:33+00:00,9f07b69b-4b15-4852-9c60-5d293c6cadc5,Sprint,Sprint Berlin Seegefelder Str.,Berlin,52.536163,13.191189,1.6,2.159,2.099,2.209,True
2026-08-21T19:42:33+00:00,005056ba-7cb6-1ed2-bceb-641db1c24d1d,STAR,star Tankstelle,Berlin,52.534388,13.184014,1.7,2.159,2.099,2.209,True
2026-08-21T19:42:33+00:00,51d4b471-a095-1aa0-e100-80009459e03a,JET,JET BERLIN BRUNSBUETTELER DAMM 87-89,BERLIN,52.53379,13.18503,1.7,2.159,2.099,2.209,True
2026-08-21T19:42:33+00:00,d590310c-e209-46b2-bfe7-dacc6148e1f1,TotalEnergies,TotalEnergies Berlin,Berlin,52.55424,13.207408,2,2.169,2.109,2.219,True
2026-08-21T19:42:33+00:00,5d8c8a4c-bce7-4d28-ae12-0d61a971c5cc,Shell,Shell Berlin Streitstr. 19,Berlin,52.558899,13.208409,2.3,2.169,2.109,2.219,True
2026-08-21T19:42:33+00:00,057827cd-6583-4a3a-a461-f8546073fd02,SUN,Sun Klosterstr.,Berlin,52.52943,13.19517,2.4,2.159,2.099,2.209,True
2026-08-21T19:42:33+00:00,905d4775-754e-4b38-baca-89c98fad1d1a,Sprint,Sprint Berlin Ruhlebener Str.,Berlin,52.529285,13.20718,2.9,2.159,2.099,2.209,True
2026-08-21T19:44:04+00:00,cebbe420-bcf3-4db8-9099-c52b783e2158,ESSO,Esso Tankstelle,BERLIN,52.549044,13.17897,0,2.179,2.119,2.219,True
2026-08-21T19:44:04+00:00,7347dd32-bfa1-470a-a6ee-2a2c95ad9af5,ARAL,Aral Tankstelle,Berlin,52.542747,13.199304,1.5,2.239,2.179,2.289,True
2026-08-21T19:44:04+00:00,9f07b69b-4b15-4852-9c60-5d293c6cadc5,Sprint,Sprint Berlin Seegefelder Str.,Berlin,52.536163,13.191189,1.6,2.159,2.099,2.209,True
2026-08-21T19:44:04+00:00,005056ba-7cb6-1ed2-bceb-641db1c24d1d,STAR,star Tankstelle,Berlin,52.534388,13.184014,1.7,2.159,2.099,2.209,True
2026-08-21T19:44:04+00:00,51d4b471-a095-1aa0-e100-80009459e03a,JET,JET BERLIN BRUNSBUETTELER DAMM 87-89,BERLIN,52.53379,13.18503,1.7,2.159,2.099,2.209,True
2026-08-21T19:44:04+00:00,d590310c-e209-46b2-bfe7-dacc6148e1f1,TotalEnergies,TotalEnergies Berlin,Berlin,52.55424,13.207408,2,2.169,2.109,2.219,True
2026-08-21T19:44:04+00:00,5d8c8a4c-bce7-4d28-ae12-0d61a971c5cc,Shell,Shell Berlin Streitstr. 19,Berlin,52.558899,13.208409,2.3,2.169,2.109,2.219,True
2026-08-21T19:44:04+00:00,057827cd-6583-4a3a-a461-f8546073fd02,SUN,Sun Klosterstr.,Berlin,52.52943,13.19517,2.4,2.159,2.099,2.209,True
2026-08-21T19:44:04+00:00,905d4775-754e-4b38-baca-89c98fad1d1a,Sprint,Sprint Berlin Ruhlebener Str.,Berlin,52.529285,13.20718,2.9,2.159,2.099,2.209,True
2026-08-21T19:45:35+00:00,cebbe420-bcf3-4db8-9099-c52b783e2158,ESSO,Esso Tankstelle,BERLIN,52.549044,13.17897,0,2.179,2.119,2.219,True
2026-08-21T19:45:35+00:00,7347dd32-bfa1-470a-a6ee-2a2c95ad9af5,ARAL,Aral Tankstelle,Berlin,52.542747,13.199304,1.5,2.239,2.179,2.289,True
2026-08-21T19:45:35+00:00,9f07b69b-4b15-4852-9c60-5d293c6cadc5,Sprint,Sprint Berlin Seegefelder Str.,Berlin,52.536163,13.191189,1.6,2.159,2.099,2.209,True
2026-08-21T19:45:35+00:00,005056ba-7cb6-1ed2-bceb-641db1c24d1d,STAR,star Tankstelle,Berlin,52.534388,13.184014,1.7,2.159,2.099,2.209,True
2026-08-21T19:45:35+00:00,51d4b471-a095-1aa0-e100-80009459e03a,JET,JET BERLIN BRUNSBUETTELER DAMM 87-89,BERLIN,52.53379,13.18503,1.7,2.159,2.099,2.209,True
2026-08-21T19:45:35+00:00,d590310c-e209-46b2-bfe7-dacc6148e1f1,TotalEnergies,TotalEnergies Berlin,Berlin,52.55424,13.207408,2,2.169,2.109,2.219,True
2026-08-21T19:45:35+00:00,5d8c8a4c-bce7-4d28-ae12-0d61a971c5cc,Shell,Shell Berlin Streitstr. 19,Berlin,52.558899,13.208409,2.3,2.169,2.109,2.219,True
2026-08-21T19:45:35+00:00,057827cd-6583-4a3a-a461-f8546073fd02,SUN,Sun Klosterstr.,Berlin,52.52943,13.19517,2.4,2.159,2.099,2.209,True
2026-08-21T19:45:35+00:00,905d4775-754e-4b38-baca-89c98fad1d1a,Sprint,Sprint Berlin Ruhlebener Str.,Berlin,52.529285,13.20718,2.9,2.159,2.099,2.209,True
2026-08-21T19:47:06+00:00,cebbe420-bcf3-4db8-9099-c52b783e2158,ESSO,Esso Tankstelle,BERLIN,52.549044,13.17897,0,2.179,2.119,2.219,True
2026-08-21T19:47:06+00:00,7347dd32-bfa1-470a-a6ee-2a2c95ad9af5,ARAL,Aral Tankstelle,Berlin,52.542747,13.199304,1.5,2.239,2.179,2.289,True
2026-08-21T19:47:06+00:00,9f07b69b-4b15-4852-9c60-5d293c6cadc5,Sprint,Sprint Berlin Seegefelder Str.,Berlin,52.536163,13.191189,1.6,2.159,2.099,2.209,True
2026-08-21T19:47:06+00:00,005056ba-7cb6-1ed2-bceb-641db1c24d1d,STAR,star Tankstelle,Berlin,52.534388,13.184014,1.7,2.159,2.099,2.209,True
2026-08-21T19:47:06+00:00,51d4b471-a095-1aa0-e100-80009459e03a,JET,JET BERLIN BRUNSBUETTELER DAMM 87-89,BERLIN,52.53379,13.18503,1.7,2.159,2.099,2.209,True
2026-08-21T19:47:06+00:00,d590310c-e209-46b2-bfe7-dacc6148e1f1,TotalEnergies,TotalEnergies Berlin,Berlin,52.55424,13.207408,2,2.169,2.109,2.219,True
2026-08-21T19:47:06+00:00,5d8c8a4c-bce7-4d28-ae12-0d61a971c5cc,Shell,Shell Berlin Streitstr. 19,Berlin,52.558899,13.208409,2.3,2.169,2.109,2.219,True
2026-08-21T19:47:06+00:00,057827cd-6583-4a3a-a461-f8546073fd02,SUN,Sun Klosterstr.,Berlin,52.52943,13.19517,2.4,2.159,2.099,2.209,True
2026-08-21T19:47:06+00:00,905d4775-754e-4b38-baca-89c98fad1d1a,Sprint,Sprint Berlin Ruhlebener Str.,Berlin,52.529285,13.20718,2.9,2.159,2.099,2.209,True
2026-08-21T19:48:37+00:00,cebbe420-bcf3-4db8-9099-c52b783e2158,ESSO,Esso Tankstelle,BERLIN,52.549044,13.17897,0,2.179,2.119,2.219,True
2026-08-21T19:48:37+00:00,7347dd32-bfa1-470a-a6ee-2a2c95ad9af5,ARAL,Aral Tankstelle,Berlin,52.542747,13.199304,1.5,2.239,2.179,2.289,True
2026-08-21T19:48:37+00:00,9f07b69b-4b15-4852-9c60-5d293c6cadc5,Sprint,Sprint Berlin Seegefelder Str.,Berlin,52.536163,13.191189,1.6,2.159,2.099,2.209,True
2026-08-21T19:48:37+00:00,005056ba-7cb6-1ed2-bceb-641db1c24d1d,STAR,star Tankstelle,Berlin,52.534388,13.184014,1.7,2.159,2.099,2.209,True
2026-08-21T19:48:37+00:00,51d4b471-a095-1aa0-e100-80009459e03a,JET,JET BERLIN BRUNSBUETTELER DAMM 87-89,BERLIN,52.53379,13.18503,1.7,2.159,2.099,2.209,True
2026-08-21T19:48:37+00:00,d590310c-e209-46b2-bfe7-dacc6148e1f1,TotalEnergies,TotalEnergies Berlin,Berlin,52.55424,13.207408,2,2.169,2.109,2.219,True
2026-08-21T19:48:37+00:00,5d8c8a4c-bce7-4d28-ae12-0d61a971c5cc,Shell,Shell Berlin Streitstr. 19,Berlin,52.558899,13.208409,2.3,2.169,2.109,2.219,True
2026-08-21T19:48:37+00:00,057827cd-6583-4a3a-a461-f8546073fd02,SUN,Sun Klosterstr.,Berlin,52.52943,13.19517,2.4,2.159,2.099,2.209,True
2026-08-21T19:48:37+00:00,905d4775-754e-4b38-baca-89c98fad1d1a,Sprint,Sprint Berlin Ruhlebener Str.,Berlin,52.529285,13.20718,2.9,2.159,2.099,2.209,True
2026-08-21T19:50:08+00:00,cebbe420-bcf3-4db8-9099-c52b783e2158,ESSO,Esso Tankstelle,BERLIN,52.549044,13.17897,0,2.179,2.119,2.219,True
2026-08-21T19:50:08+00:00,7347dd32-bfa1-470a-a6ee-2a2c95ad9af5,ARAL,Aral Tankstelle,Berlin,52.542747,13.199304,1.5,2.239,2.179,2.289,True
2026-08-21T19:50:08+00:00,9f07b69b-4b15-4852-9c60-5d293c6cadc5,Sprint,Sprint Berlin Seegefelder Str.,Berlin,52.536163,13.191189,1.6,2.159,2.099,2.209,True
2026-08-21T19:50:08+00:00,005056ba-7cb6-1ed2-bceb-641db1c24d1d,STAR,star Tankstelle,Berlin,52.534388,13.184014,1.7,2.159,2.099,2.209,True
2026-08-21T19:50:08+00:00,51d4b471-a095-1aa0-e100-80009459e03a,JET,JET BERLIN BRUNSBUETTELER DAMM 87-89,BERLIN,52.53379,13.18503,1.7,2.159,2.099,2.209,True
2026-08-21T19:50:08+00:00,d590310c-e209-46b2-bfe7-dacc6148e1f1,TotalEnergies,TotalEnergies Berlin,Berlin,52.55424,13.207408,2,2.169,2.109,2.219,True
2026-08-21T19:50:08+00:00,5d8c8a4c-bce7-4d28-ae12-0d61a971c5cc,Shell,Shell Berlin Streitstr. 19,Berlin,52.558899,13.208409,2.3,2.169,2.109,2.219,True
2026-08-21T19:50:08+00:00,057827cd-6583-4a3a-a461-f8546073fd02,SUN,Sun Klosterstr.,Berlin,52.52943,13.19517,2.4,2.159,2.099,2.209,True
2026-08-21T19:50:08+00:00,905d4775-754e-4b38-baca-89c98fad1d1a,Sprint,Sprint Berlin Ruhlebener Str.,Berlin,52.529285,13.20718,2.9,2.159,2.099,2.209,True
2026-08-21T19:51:40+00:00,cebbe420-bcf3-4db8-9099-c52b783e2158,ESSO,Esso Tankstelle,BERLIN,52.549044,13.17897,0,2.179,2.119,2.219,True
2026-08-21T19:51:40+00:00,7347dd32-bfa1-470a-a6ee-2a2c95ad9af5,ARAL,Aral Tankstelle,Berlin,52.542747,13.199304,1.5,2.239,2.179,2.289,True
2026-08-21T19:51:40+00:00,9f07b69b-4b15-4852-9c60-5d293c6cadc5,Sprint,Sprint Berlin Seegefelder Str.,Berlin,52.536163,13.191189,1.6,2.159,2.099,2.209,True
2026-08-21T19:51:40+00:00,005056ba-7cb6-1ed2-bceb-641db1c24d1d,STAR,star Tankstelle,Berlin,52.534388,13.184014,1.7,2.159,2.099,2.209,True
2026-08-21T19:51:40+00:00,51d4b471-a095-1aa0-e100-80009459e03a,JET,JET BERLIN BRUNSBUETTELER DAMM 87-89,BERLIN,52.53379,13.18503,1.7,2.159,2.099,2.209,True
2026-08-21T19:51:40+00:00,d590310c-e209-46b2-bfe7-dacc6148e1f1,TotalEnergies,TotalEnergies Berlin,Berlin,52.55424,13.207408,2,2.169,2.109,2.219,True
2026-08-21T19:51:40+00:00,5d8c8a4c-bce7-4d28-ae12-0d61a971c5cc,Shell,Shell Berlin Streitstr. 19,Berlin,52.558899,13.208409,2.3,2.169,2.109,2.219,True
2026-08-21T19:51:40+00:00,057827cd-6583-4a3a-a461-f8546073fd02,SUN,Sun Klosterstr.,Berlin,52.52943,13.19517,2.4,2.159,2.099,2.209,True
2026-08-21T19:51:40+00:00,905d4775-754e-4b38-baca-89c98fad1d1a,Sprint,Sprint Berlin Ruhlebener Str.,Berlin,52.529285,13.20718,2.9,2.159,2.099,2.209,True
2026-08-21T19:53:11+00:00,cebbe420-bcf3-4db8-9099-c52b783e2158,ESSO,Esso Tankstelle,BERLIN,52.549044,13.17897,0,2.179,2.119,2.219,True
2026-08-21T19:53:11+00:00,7347dd32-bfa1-470a-a6ee-2a2c95ad9af5,ARAL,Aral Tankstelle,Berlin,52.542747,13.199304,1.5,2.239,2.179,2.289,True
2026-08-21T19:53:11+00:00,9f07b69b-4b15-4852-9c60-5d293c6cadc5,Sprint,Sprint Berlin Seegefelder Str.,Berlin,52.536163,13.191189,1.6,2.159,2.099,2.209,True
2026-08-21T19:53:11+00:00,005056ba-7cb6-1ed2-bceb-641db1c24d1d,STAR,star Tankstelle,Berlin,52.534388,13.184014,1.7,2.159,2.099,2.209,True
2026-08-21T19:53:11+00:00,51d4b471-a095-1aa0-e100-80009459e03a,JET,JET BERLIN BRUNSBUETTELER DAMM 87-89,BERLIN,52.53379,13.18503,1.7,2.159,2.099,2.209,True
2026-08-21T19:53:11+00:00,d590310c-e209-46b2-bfe7-dacc6148e1f1,TotalEnergies,TotalEnergies Berlin,Berlin,52.55424,13.207408,2,2.169,2.109,2.219,True
2026-08-21T19:53:11+00:00,5d8c8a4c-bce7-4d28-ae12-0d61a971c5cc,Shell,Shell Berlin Streitstr. 19,Berlin,52.558899,13.208409,2.3,2.169,2.109,2.219,True
2026-08-21T19:53:11+00:00,057827cd-6583-4a3a-a461-f8546073fd02,SUN,Sun Klosterstr.,Berlin,52.52943,13.19517,2.4,2.159,2.099,2.209,True
2026-08-21T19:53:11+00:00,905d4775-754e-4b38-baca-89c98fad1d1a,Sprint,Sprint Berlin Ruhlebener Str.,Berlin,52.529285,13.20718,2.9,2.159,2.099,2.209,True
2026-08-21T19:54:44+00:00,cebbe420-bcf3-4db8-9099-c52b783e2158,ESSO,Esso Tankstelle,BERLIN,52.549044,13.17897,0,2.179,2.119,2.219,True
2026-08-21T19:54:44+00:00,7347dd32-bfa1-470a-a6ee-2a2c95ad9af5,ARAL,Aral Tankstelle,Berlin,52.542747,13.199304,1.5,2.239,2.179,2.289,True
2026-08-21T19:54:44+00:00,9f07b69b-4b15-4852-9c60-5d293c6cadc5,Sprint,Sprint Berlin Seegefelder Str.,Berlin,52.536163,13.191189,1.6,2.159,2.099,2.209,True
2026-08-21T19:54:44+00:00,005056ba-7cb6-1ed2-bceb-641db1c24d1d,STAR,star Tankstelle,Berlin,52.534388,13.184014,1.7,2.159,2.099,2.209,True
2026-08-21T19:54:44+00:00,51d4b471-a095-1aa0-e100-80009459e03a,JET,JET BERLIN BRUNSBUETTELER DAMM 87-89,BERLIN,52.53379,13.18503,1.7,2.159,2.099,2.209,True
2026-08-21T19:54:44+00:00,d590310c-e209-46b2-bfe7-dacc6148e1f1,TotalEnergies,TotalEnergies Berlin,Berlin,52.55424,13.207408,2,2.169,2.109,2.219,True
2026-08-21T19:54:44+00:00,5d8c8a4c-bce7-4d28-ae12-0d61a971c5cc,Shell,Shell Berlin Streitstr. 19,Berlin,52.558899,13.208409,2.3,2.169,2.109,2.219,True
2026-08-21T19:54:44+00:00,057827cd-6583-4a3a-a461-f8546073fd02,SUN,Sun Klosterstr.,Berlin,52.52943,13.19517,2.4,2.159,2.099,2.209,True
2026-08-21T19:54:44+00:00,905d4775-754e-4b38-baca-89c98fad1d1a,Sprint,Sprint Berlin Ruhlebener Str.,Berlin,52.529285,13.20718,2.9,2.159,2.099,2.209,True
2026-08-21T19:56:15+00:00,cebbe420-bcf3-4db8-9099-c52b783e2158,ESSO,Esso Tankstelle,BERLIN,52.549044,13.17897,0,2.179,2.119,2.219,True
2026-08-21T19:56:15+00:00,7347dd32-bfa1-470a-a6ee-2a2c95ad9af5,ARAL,Aral Tankstelle,Berlin,52.542747,13.199304,1.5,2.239,2.179,2.289,True
2026-08-21T19:56:15+00:00,9f07b69b-4b15-4852-9c60-5d293c6cadc5,Sprint,Sprint Berlin Seegefelder Str.,Berlin,52.536163,13.191189,1.6,2.159,2.099,2.209,True
2026-08-21T19:56:15+00:00,005056ba-7cb6-1ed2-bceb-641db1c24d1d,STAR,star Tankstelle,Berlin,52.534388,13.184014,1.7,2.159,2.099,2.209,True
2026-08-21T19:56:15+00:00,51d4b471-a095-1aa0-e100-80009459e03a,JET,JET BERLIN BRUNSBUETTELER DAMM 87-89,BERLIN,52.53379,13.18503,1.7,2.159,2.099,2.209,True
2026-08-21T19:56:15+00:00,d590310c-e209-46b2-bfe7-dacc6148e1f1,TotalEnergies,TotalEnergies Berlin,Berlin,52.55424,13.207408,2,2.169,2.109,2.219,True
2026-08-21T19:56:15+00:00,5d8c8a4c-bce7-4d28-ae12-0d61a971c5cc,Shell,Shell Berlin Streitstr. 19,Berlin,52.558899,13.208409,2.3,2.169,2.109,2.219,True
2026-08-21T19:56:15+00:00,057827cd-6583-4a3a-a461-f8546073fd02,SUN,Sun Klosterstr.,Berlin,52.52943,13.19517,2.4,2.159,2.099,2.209,True
2026-08-21T19:56:15+00:00,905d4775-754e-4b38-baca-89c98fad1d1a,Sprint,Sprint Berlin Ruhlebener Str.,Berlin,52.529285,13.20718,2.9,2.159,2.099,2.209,True
2026-08-21T19:57:46+00:00,cebbe420-bcf3-4db8-9099-c52b783e2158,ESSO,Esso Tankstelle,BERLIN,52.549044,13.17897,0,2.179,2.119,2.219,True
2026-08-21T19:57:46+00:00,7347dd32-bfa1-470a-a6ee-2a2c95ad9af5,ARAL,Aral Tankstelle,Berlin,52.542747,13.199304,1.5,2.239,2.179,2.289,True
2026-08-21T19:57:46+00:00,9f07b69b-4b15-4852-9c60-5d293c6cadc5,Sprint,Sprint Berlin Seegefelder Str.,Berlin,52.536163,13.191189,1.6,2.159,2.099,2.209,True
2026-08-21T19:57:46+00:00,005056ba-7cb6-1ed2-bceb-641db1c24d1d,STAR,star Tankstelle,Berlin,52.534388,13.184014,1.7,2.159,2.099,2.209,True
2026-08-21T19:57:46+00:00,51d4b471-a095-1aa0-e100-80009459e03a,JET,JET BERLIN BRUNSBUETTELER DAMM 87-89,BERLIN,52.53379,13.18503,1.7,2.159,2.099,2.209,True
2026-08-21T19:57:46+00:00,d590310c-e209-46b2-bfe7-dacc6148e1f1,TotalEnergies,TotalEnergies Berlin,Berlin,52.55424,13.207408,2,2.169,2.109,2.219,True
2026-08-21T19:57:46+00:00,5d8c8a4c-bce7-4d28-ae12-0d61a971c5cc,Shell,Shell Berlin Streitstr. 19,Berlin,52.558899,13.208409,2.3,2.169,2.109,2.219,True
2026-08-21T19:57:46+00:00,057827cd-6583-4a3a-a461-f8546073fd02,SUN,Sun Klosterstr.,Berlin,52.52943,13.19517,2.4,2.159,2.099,2.209,True
2026-08-21T19:57:46+00:00,905d4775-754e-4b38-baca-89c98fad1d1a,Sprint,Sprint Berlin Ruhlebener Str.,Berlin,52.529285,13.20718,2.9,2.159,2.099,2.209,True
2026-08-21T19:59:17+00:00,cebbe420-bcf3-4db8-9099-c52b783e2158,ESSO,Esso Tankstelle,BERLIN,52.549044,13.17897,0,2.179,2.119,2.219,True
2026-08-21T19:59:17+00:00,7347dd32-bfa1-470a-a6ee-2a2c95ad9af5,ARAL,Aral Tankstelle,Berlin,52.542747,13.199304,1.5,2.239,2.179,2.289,True
2026-08-21T19:59:17+00:00,9f07b69b-4b15-4852-9c60-5d293c6cadc5,Sprint,Sprint Berlin Seegefelder Str.,Berlin,52.536163,13.191189,1.6,2.159,2.099,2.209,True
2026-08-21T19:59:17+00:00,005056ba-7cb6-1ed2-bceb-641db1c24d1d,STAR,star Tankstelle,Berlin,52.534388,13.184014,1.7,2.159,2.099,2.209,True
2026-08-21T19:59:17+00:00,51d4b471-a095-1aa0-e100-80009459e03a,JET,JET BERLIN BRUNSBUETTELER DAMM 87-89,BERLIN,52.53379,13.18503,1.7,2.159,2.099,2.209,True
2026-08-21T19:59:17+00:00,d590310c-e209-46b2-bfe7-dacc6148e1f1,TotalEnergies,TotalEnergies Berlin,Berlin,52.55424,13.207408,2,2.169,2.109,2.219,True
2026-08-21T19:59:17+00:00,5d8c8a4c-bce7-4d28-ae12-0d61a971c5cc,Shell,Shell Berlin Streitstr. 19,Berlin,52.558899,13.208409,2.3,2.169,2.109,2.219,True
2026-08-21T19:59:17+00:00,057827cd-6583-4a3a-a461-f8546073fd02,SUN,Sun Klosterstr.,Berlin,52.52943,13.19517,2.4,2.159,2.099,2.209,True
2026-08-21T19:59:17+00:00,905d4775-754e-4b38-baca-89c98fad1d1a,Sprint,Sprint Berlin Ruhlebener Str.,Berlin,52.529285,13.20718,2.9,2.159,2.099,2.209,True
2026-08-21T20:00:48+00:00,cebbe420-bcf3-4db8-9099-c52b783e2158,ESSO,Esso Tankstelle,BERLIN,52.549044,13.17897,0,2.179,2.119,2.219,True
2026-08-21T20:00:48+00:00,7347dd32-bfa1-470a-a6ee-2a2c95ad9af5,ARAL,Aral Tankstelle,Berlin,52.542747,13.199304,1.5,2.239,2.179,2.289,True
2026-08-21T20:00:48+00:00,9f07b69b-4b15-4852-9c60-5d293c6cadc5,Sprint,Sprint Berlin Seegefelder Str.,Berlin,52.536163,13.191189,1.6,2.159,2.099,2.209,True
2026-08-21T20:00:48+00:00,005056ba-7cb6-1ed2-bceb-641db1c24d1d,STAR,star Tankstelle,Berlin,52.534388,13.184014,1.7,2.159,2.099,2.209,True
2026-08-21T20:00:48+00:00,51d4b471-a095-1aa0-e100-80009459e03a,JET,JET BERLIN BRUNSBUETTELER DAMM 87-89,BERLIN,52.53379,13.18503,1.7,2.159,2.099,2.209,True
2026-08-21T20:00:48+00:00,d590310c-e209-46b2-bfe7-dacc6148e1f1,TotalEnergies,TotalEnergies Berlin,Berlin,52.55424,13.207408,2,2.169,2.109,2.219,True
2026-08-21T20:00:48+00:00,5d8c8a4c-bce7-4d28-ae12-0d61a971c5cc,Shell,Shell Berlin Streitstr. 19,Berlin,52.558899,13.208409,2.3,2.169,2.109,2.219,True
2026-08-21T20:00:48+00:00,057827cd-6583-4a3a-a461-f8546073fd02,SUN,Sun Klosterstr.,Berlin,52.52943,13.19517,2.4,2.159,2.099,2.209,True
2026-08-21T20:00:48+00:00,905d4775-754e-4b38-baca-89c98fad1d1a,Sprint,Sprint Berlin Ruhlebener Str.,Berlin,52.529285,13.20718,2.9,2.159,2.099,2.209,True
2026-08-21T20:02:20+00:00,cebbe420-bcf3-4db8-9099-c52b783e2158,ESSO,Esso Tankstelle,BERLIN,52.549044,13.17897,0,2.179,2.119,2.219,True
2026-08-21T20:02:20+00:00,7347dd32-bfa1-470a-a6ee-2a2c95ad9af5,ARAL,Aral Tankstelle,Berlin,52.542747,13.199304,1.5,2.239,2.179,2.289,True
2026-08-21T20:02:20+00:00,9f07b69b-4b15-4852-9c60-5d293c6cadc5,Sprint,Sprint Berlin Seegefelder Str.,Berlin,52.536163,13.191189,1.6,2.159,2.099,2.209,True
2026-08-21T20:02:20+00:00,005056ba-7cb6-1ed2-bceb-641db1c24d1d,STAR,star Tankstelle,Berlin,52.534388,13.184014,1.7,2.159,2.099,2.209,True
2026-08-21T20:02:20+00:00,51d4b471-a095-1aa0-e100-80009459e03a,JET,JET BERLIN BRUNSBUETTELER DAMM 87-89,BERLIN,52.53379,13.18503,1.7,2.159,2.099,2.209,False
2026-08-21T20:02:20+00:00,d590310c-e209-46b2-bfe7-dacc6148e1f1,TotalEnergies,TotalEnergies Berlin,Berlin,52.55424,13.207408,2,2.169,2.109,2.219,False
2026-08-21T20:02:20+00:00,5d8c8a4c-bce7-4d28-ae12-0d61a971c5cc,Shell,Shell Berlin Streitstr. 19,Berlin,52.558899,13.208409,2.3,2.169,2.109,2.219,True
2026-08-21T20:02:20+00:00,057827cd-6583-4a3a-a461-f8546073fd02,SUN,Sun Klosterstr.,Berlin,52.52943,13.19517,2.4,2.159,2.099,2.209,True
2026-08-21T20:02:20+00:00,905d4775-754e-4b38-baca-89c98fad1d1a,Sprint,Sprint Berlin Ruhlebener Str.,Berlin,52.529285,13.20718,2.9,2.159,2.099,2.209,False
2026-08-21T20:03:51+00:00,cebbe420-bcf3-4db8-9099-c52b783e2158,ESSO,Esso Tankstelle,BERLIN,52.549044,13.17897,0,2.179,2.119,2.219,True
2026-08-21T20:03:51+00:00,7347dd32-bfa1-470a-a6ee-2a2c95ad9af5,ARAL,Aral Tankstelle,Berlin,52.542747,13.199304,1.5,2.239,2.179,2.289,True
2026-08-21T20:03:51+00:00,9f07b69b-4b15-4852-9c60-5d293c6cadc5,Sprint,Sprint Berlin Seegefelder Str.,Berlin,52.536163,13.191189,1.6,2.159,2.099,2.209,True
2026-08-21T20:03:51+00:00,005056ba-7cb6-1ed2-bceb-641db1c24d1d,STAR,star Tankstelle,Berlin,52.534388,13.184014,1.7,2.159,2.099,2.209,True
2026-08-21T20:03:51+00:00,51d4b471-a095-1aa0-e100-80009459e03a,JET,JET BERLIN BRUNSBUETTELER DAMM 87-89,BERLIN,52.53379,13.18503,1.7,2.159,2.099,2.209,False
2026-08-21T20:03:51+00:00,d590310c-e209-46b2-bfe7-dacc6148e1f1,TotalEnergies,TotalEnergies Berlin,Berlin,52.55424,13.207408,2,2.169,2.109,2.219,False
2026-08-21T20:03:51+00:00,5d8c8a4c-bce7-4d28-ae12-0d61a971c5cc,Shell,Shell Berlin Streitstr. 19,Berlin,52.558899,13.208409,2.3,2.169,2.109,2.219,True
2026-08-21T20:03:51+00:00,057827cd-6583-4a3a-a461-f8546073fd02,SUN,Sun Klosterstr.,Berlin,52.52943,13.19517,2.4,2.159,2.099,2.209,True
2026-08-21T20:03:51+00:00,905d4775-754e-4b38-baca-89c98fad1d1a,Sprint,Sprint Berlin Ruhlebener Str.,Berlin,52.529285,13.20718,2.9,2.159,2.099,2.209,False
2026-08-21T20:05:22+00:00,cebbe420-bcf3-4db8-9099-c52b783e2158,ESSO,Esso Tankstelle,BERLIN,52.549044,13.17897,0,2.179,2.119,2.219,True
2026-08-21T20:05:22+00:00,7347dd32-bfa1-470a-a6ee-2a2c95ad9af5,ARAL,Aral Tankstelle,Berlin,52.542747,13.199304,1.5,2.239,2.179,2.289,True
2026-08-21T20:05:22+00:00,9f07b69b-4b15-4852-9c60-5d293c6cadc5,Sprint,Sprint Berlin Seegefelder Str.,Berlin,52.536163,13.191189,1.6,2.159,2.099,2.209,True
2026-08-21T20:05:22+00:00,005056ba-7cb6-1ed2-bceb-641db1c24d1d,STAR,star Tankstelle,Berlin,52.534388,13.184014,1.7,2.159,2.099,2.209,True
2026-08-21T20:05:22+00:00,51d4b471-a095-1aa0-e100-80009459e03a,JET,JET BERLIN BRUNSBUETTELER DAMM 87-89,BERLIN,52.53379,13.18503,1.7,2.159,2.099,2.209,False
2026-08-21T20:05:22+00:00,d590310c-e209-46b2-bfe7-dacc6148e1f1,TotalEnergies,TotalEnergies Berlin,Berlin,52.55424,13.207408,2,2.169,2.109,2.219,False
2026-08-21T20:05:22+00:00,5d8c8a4c-bce7-4d28-ae12-0d61a971c5cc,Shell,Shell Berlin Streitstr. 19,Berlin,52.558899,13.208409,2.3,2.169,2.109,2.219,True
2026-08-21T20:05:22+00:00,057827cd-6583-4a3a-a461-f8546073fd02,SUN,Sun Klosterstr.,Berlin,52.52943,13.19517,2.4,2.159,2.099,2.209,True
2026-08-21T20:05:22+00:00,905d4775-754e-4b38-baca-89c98fad1d1a,Sprint,Sprint Berlin Ruhlebener Str.,Berlin,52.529285,13.20718,2.9,2.159,2.099,2.199,False
2026-08-21T20:06:53+00:00,cebbe420-bcf3-4db8-9099-c52b783e2158,ESSO,Esso Tankstelle,BERLIN,52.549044,13.17897,0,2.179,2.119,2.219,True
2026-08-21T20:06:53+00:00,7347dd32-bfa1-470a-a6ee-2a2c95ad9af5,ARAL,Aral Tankstelle,Berlin,52.542747,13.199304,1.5,2.239,2.179,2.289,True
2026-08-21T20:06:53+00:00,9f07b69b-4b15-4852-9c60-5d293c6cadc5,Sprint,Sprint Berlin Seegefelder Str.,Berlin,52.536163,13.191189,1.6,2.159,2.099,2.209,True
2026-08-21T20:06:53+00:00,005056ba-7cb6-1ed2-bceb-641db1c24d1d,STAR,star Tankstelle,Berlin,52.534388,13.184014,1.7,2.159,2.099,2.209,True
2026-08-21T20:06:53+00:00,51d4b471-a095-1aa0-e100-80009459e03a,JET,JET BERLIN BRUNSBUETTELER DAMM 87-89,BERLIN,52.53379,13.18503,1.7,2.159,2.099,2.209,False
2026-08-21T20:06:53+00:00,d590310c-e209-46b2-bfe7-dacc6148e1f1,TotalEnergies,TotalEnergies Berlin,Berlin,52.55424,13.207408,2,2.169,2.109,2.219,False
2026-08-21T20:06:53+00:00,5d8c8a4c-bce7-4d28-ae12-0d61a971c5cc,Shell,Shell Berlin Streitstr. 19,Berlin,52.558899,13.208409,2.3,2.169,2.109,2.219,True
2026-08-21T20:06:53+00:00,057827cd-6583-4a3a-a461-f8546073fd02,SUN,Sun Klosterstr.,Berlin,52.52943,13.19517,2.4,2.159,2.099,2.209,True
2026-08-21T20:06:53+00:00,905d4775-754e-4b38-baca-89c98fad1d1a,Sprint,Sprint Berlin Ruhlebener Str.,Berlin,52.529285,13.20718,2.9,2.159,2.099,2.199,False
2026-08-21T20:08:24+00:00,cebbe420-bcf3-4db8-9099-c52b783e2158,ESSO,Esso Tankstelle,BERLIN,52.549044,13.17897,0,2.179,2.119,2.219,True
2026-08-21T20:08:24+00:00,7347dd32-bfa1-470a-a6ee-2a2c95ad9af5,ARAL,Aral Tankstelle,Berlin,52.542747,13.199304,1.5,2.239,2.179,2.289,True
2026-08-21T20:08:24+00:00,9f07b69b-4b15-4852-9c60-5d293c6cadc5,Sprint,Sprint Berlin Seegefelder Str.,Berlin,52.536163,13.191189,1.6,2.159,2.099,2.209,True
2026-08-21T20:08:24+00:00,005056ba-7cb6-1ed2-bceb-641db1c24d1d,STAR,star Tankstelle,Berlin,52.534388,13.184014,1.7,2.159,2.099,2.209,True
2026-08-21T20:08:24+00:00,51d4b471-a095-1aa0-e100-80009459e03a,JET,JET BERLIN BRUNSBUETTELER DAMM 87-89,BERLIN,52.53379,13.18503,1.7,2.159,2.099,2.209,False
2026-08-21T20:08:24+00:00,d590310c-e209-46b2-bfe7-dacc6148e1f1,TotalEnergies,TotalEnergies Berlin,Berlin,52.55424,13.207408,2,2.169,2.109,2.219,False
2026-08-21T20:08:24+00:00,5d8c8a4c-bce7-4d28-ae12-0d61a971c5cc,Shell,Shell Berlin Streitstr. 19,Berlin,52.558899,13.208409,2.3,2.169,2.109,2.219,True
2026-08-21T20:08:24+00:00,057827cd-6583-4a3a-a461-f8546073fd02,SUN,Sun Klosterstr.,Berlin,52.52943,13.19517,2.4,2.159,2.099,2.209,True
2026-08-21T20:08:24+00:00,905d4775-754e-4b38-baca-89c98fad1d1a,Sprint,Sprint Berlin Ruhlebener Str.,Berlin,52.529285,13.20718,2.9,2.159,2.099,2.199,False
2026-08-21T20:10:01+00:00,cebbe420-bcf3-4db8-9099-c52b783e2158,ESSO,Esso Tankstelle,BERLIN,52.549044,13.17897,0,2.179,2.119,2.219,True
2026-08-21T20:10:01+00:00,7347dd32-bfa1-470a-a6ee-2a2c95ad9af5,ARAL,Aral Tankstelle,Berlin,52.542747,13.199304,1.5,2.239,2.179,2.289,True
2026-08-21T20:10:01+00:00,9f07b69b-4b15-4852-9c60-5d293c6cadc5,Sprint,Sprint Berlin Seegefelder Str.,Berlin,52.536163,13.191189,1.6,2.159,2.099,2.209,True
2026-08-21T20:10:01+00:00,005056ba-7cb6-1ed2-bceb-641db1c24d1d,STAR,star Tankstelle,Berlin,52.534388,13.184014,1.7,2.159,2.099,2.209,True
2026-08-21T20:10:01+00:00,51d4b471-a095-1aa0-e100-80009459e03a,JET,JET BERLIN BRUNSBUETTELER DAMM 87-89,BERLIN,52.53379,13.18503,1.7,2.159,2.099,2.209,False
2026-08-21T20:10:01+00:00,d590310c-e209-46b2-bfe7-dacc6148e1f1,TotalEnergies,TotalEnergies Berlin,Berlin,52.55424,13.207408,2,2.169,2.109,2.219,False
2026-08-21T20:10:01+00:00,5d8c8a4c-bce7-4d28-ae12-0d61a971c5cc,Shell,Shell Berlin Streitstr. 19,Berlin,52.558899,13.208409,2.3,2.169,2.109,2.219,True
2026-08-21T20:10:01+00:00,057827cd-6583-4a3a-a461-f8546073fd02,SUN,Sun Klosterstr.,Berlin,52.52943,13.19517,2.4,2.159,2.099,2.209,True
2026-08-21T20:10:01+00:00,905d4775-754e-4b38-baca-89c98fad1d1a,Sprint,Sprint Berlin Ruhlebener Str.,Berlin,52.529285,13.20718,2.9,2.159,2.099,2.199,False
2026-08-21T20:11:37+00:00,cebbe420-bcf3-4db8-9099-c52b783e2158,ESSO,Esso Tankstelle,BERLIN,52.549044,13.17897,0,2.179,2.119,2.219,True
2026-08-21T20:11:37+00:00,7347dd32-bfa1-470a-a6ee-2a2c95ad9af5,ARAL,Aral Tankstelle,Berlin,52.542747,13.199304,1.5,2.239,2.179,2.289,True
2026-08-21T20:11:37+00:00,9f07b69b-4b15-4852-9c60-5d293c6cadc5,Sprint,Sprint Berlin Seegefelder Str.,Berlin,52.536163,13.191189,1.6,2.159,2.099,2.209,True
2026-08-21T20:11:37+00:00,005056ba-7cb6-1ed2-bceb-641db1c24d1d,STAR,star Tankstelle,Berlin,52.534388,13.184014,1.7,2.159,2.099,2.209,True
2026-08-21T20:11:37+00:00,51d4b471-a095-1aa0-e100-80009459e03a,JET,JET BERLIN BRUNSBUETTELER DAMM 87-89,BERLIN,52.53379,13.18503,1.7,2.159,2.099,2.209,False
2026-08-21T20:11:37+00:00,d590310c-e209-46b2-bfe7-dacc6148e1f1,TotalEnergies,TotalEnergies Berlin,Berlin,52.55424,13.207408,2,2.169,2.109,2.219,False
2026-08-21T20:11:37+00:00,5d8c8a4c-bce7-4d28-ae12-0d61a971c5cc,Shell,Shell Berlin Streitstr. 19,Berlin,52.558899,13.208409,2.3,2.169,2.109,2.219,True
2026-08-21T20:11:37+00:00,057827cd-6583-4a3a-a461-f8546073fd02,SUN,Sun Klosterstr.,Berlin,52.52943,13.19517,2.4,2.159,2.099,2.209,True
2026-08-21T20:11:37+00:00,905d4775-754e-4b38-baca-89c98fad1d1a,Sprint,Sprint Berlin Ruhlebener Str.,Berlin,52.529285,13.20718,2.9,2.159,2.099,2.199,False
2026-08-21T20:13:08+00:00,cebbe420-bcf3-4db8-9099-c52b783e2158,ESSO,Esso Tankstelle,BERLIN,52.549044,13.17897,0,2.179,2.119,2.219,True
2026-08-21T20:13:08+00:00,7347dd32-bfa1-470a-a6ee-2a2c95ad9af5,ARAL,Aral Tankstelle,Berlin,52.542747,13.199304,1.5,2.239,2.179,2.289,True
2026-08-21T20:13:08+00:00,9f07b69b-4b15-4852-9c60-5d293c6cadc5,Sprint,Sprint Berlin Seegefelder Str.,Berlin,52.536163,13.191189,1.6,2.159,2.099,2.209,True
2026-08-21T20:13:08+00:00,005056ba-7cb6-1ed2-bceb-641db1c24d1d,STAR,star Tankstelle,Berlin,52.534388,13.184014,1.7,2.159,2.099,2.209,True
2026-08-21T20:13:08+00:00,51d4b471-a095-1aa0-e100-80009459e03a,JET,JET BERLIN BRUNSBUETTELER DAMM 87-89,BERLIN,52.53379,13.18503,1.7,2.159,2.099,2.209,False
2026-08-21T20:13:08+00:00,d590310c-e209-46b2-bfe7-dacc6148e1f1,TotalEnergies,TotalEnergies Berlin,Berlin,52.55424,13.207408,2,2.169,2.109,2.219,False
2026-08-21T20:13:08+00:00,5d8c8a4c-bce7-4d28-ae12-0d61a971c5cc,Shell,Shell Berlin Streitstr. 19,Berlin,52.558899,13.208409,2.3,2.169,2.109,2.219,True
2026-08-21T20:13:08+00:00,057827cd-6583-4a3a-a461-f8546073fd02,SUN,Sun Klosterstr.,Berlin,52.52943,13.19517,2.4,2.159,2.099,2.209,True
2026-08-21T20:13:08+00:00,905d4775-754e-4b38-baca-89c98fad1d1a,Sprint,Sprint Berlin Ruhlebener Str.,Berlin,52.529285,13.20718,2.9,2.159,2.099,2.199,False
2026-08-21T20:14:39+00:00,cebbe420-bcf3-4db8-9099-c52b783e2158,ESSO,Esso Tankstelle,BERLIN,52.549044,13.17897,0,2.179,2.119,2.219,True
2026-08-21T20:14:39+00:00,7347dd32-bfa1-470a-a6ee-2a2c95ad9af5,ARAL,Aral Tankstelle,Berlin,52.542747,13.199304,1.5,2.239,2.179,2.289,True
2026-08-21T20:14:39+00:00,9f07b69b-4b15-4852-9c60-5d293c6cadc5,Sprint,Sprint Berlin Seegefelder Str.,Berlin,52.536163,13.191189,1.6,2.159,2.099,2.209,True
2026-08-21T20:14:39+00:00,005056ba-7cb6-1ed2-bceb-641db1c24d1d,STAR,star Tankstelle,Berlin,52.534388,13.184014,1.7,2.159,2.099,2.209,True
2026-08-21T20:14:39+00:00,51d4b471-a095-1aa0-e100-80009459e03a,JET,JET BERLIN BRUNSBUETTELER DAMM 87-89,BERLIN,52.53379,13.18503,1.7,2.159,2.099,2.209,False
2026-08-21T20:14:39+00:00,d590310c-e209-46b2-bfe7-dacc6148e1f1,TotalEnergies,TotalEnergies Berlin,Berlin,52.55424,13.207408,2,2.169,2.109,2.219,False
2026-08-21T20:14:39+00:00,5d8c8a4c-bce7-4d28-ae12-0d61a971c5cc,Shell,Shell Berlin Streitstr. 19,Berlin,52.558899,13.208409,2.3,2.169,2.109,2.219,True
2026-08-21T20:14:39+00:00,057827cd-6583-4a3a-a461-f8546073fd02,SUN,Sun Klosterstr.,Berlin,52.52943,13.19517,2.4,2.159,2.099,2.209,True
2026-08-21T20:14:39+00:00,905d4775-754e-4b38-baca-89c98fad1d1a,Sprint,Sprint Berlin Ruhlebener Str.,Berlin,52.529285,13.20718,2.9,2.159,2.099,2.199,False
2026-08-21T20:16:10+00:00,cebbe420-bcf3-4db8-9099-c52b783e2158,ESSO,Esso Tankstelle,BERLIN,52.549044,13.17897,0,2.179,2.119,2.219,True
2026-08-21T20:16:10+00:00,7347dd32-bfa1-470a-a6ee-2a2c95ad9af5,ARAL,Aral Tankstelle,Berlin,52.542747,13.199304,1.5,2.239,2.179,2.289,True
2026-08-21T20:16:10+00:00,9f07b69b-4b15-4852-9c60-5d293c6cadc5,Sprint,Sprint Berlin Seegefelder Str.,Berlin,52.536163,13.191189,1.6,2.159,2.099,2.209,True
2026-08-21T20:16:10+00:00,005056ba-7cb6-1ed2-bceb-641db1c24d1d,STAR,star Tankstelle,Berlin,52.534388,13.184014,1.7,2.159,2.099,2.209,True
2026-08-21T20:16:10+00:00,51d4b471-a095-1aa0-e100-80009459e03a,JET,JET BERLIN BRUNSBUETTELER DAMM 87-89,BERLIN,52.53379,13.18503,1.7,2.159,2.099,2.209,False
2026-08-21T20:16:10+00:00,d590310c-e209-46b2-bfe7-dacc6148e1f1,TotalEnergies,TotalEnergies Berlin,Berlin,52.55424,13.207408,2,2.169,2.109,2.219,False
2026-08-21T20:16:10+00:00,5d8c8a4c-bce7-4d28-ae12-0d61a971c5cc,Shell,Shell Berlin Streitstr. 19,Berlin,52.558899,13.208409,2.3,2.169,2.109,2.219,True
2026-08-21T20:16:10+00:00,057827cd-6583-4a3a-a461-f8546073fd02,SUN,Sun Klosterstr.,Berlin,52.52943,13.19517,2.4,2.159,2.099,2.209,True
2026-08-21T20:16:10+00:00,905d4775-754e-4b38-baca-89c98fad1d1a,Sprint,Sprint Berlin Ruhlebener Str.,Berlin,52.529285,13.20718,2.9,2.159,2.099,2.199,False
2026-08-21T20:17:41+00:00,cebbe420-bcf3-4db8-9099-c52b783e2158,ESSO,Esso Tankstelle,BERLIN,52.549044,13.17897,0,2.179,2.119,2.219,True
2026-08-21T20:17:41+00:00,7347dd32-bfa1-470a-a6ee-2a2c95ad9af5,ARAL,Aral Tankstelle,Berlin,52.542747,13.199304,1.5,2.239,2.179,2.289,True
2026-08-21T20:17:41+00:00,9f07b69b-4b15-4852-9c60-5d293c6cadc5,Sprint,Sprint Berlin Seegefelder Str.,Berlin,52.536163,13.191189,1.6,2.159,2.099,2.209,True
2026-08-21T20:17:41+00:00,005056ba-7cb6-1ed2-bceb-641db1c24d1d,STAR,star Tankstelle,Berlin,52.534388,13.184014,1.7,2.159,2.099,2.209,True
2026-08-21T20:17:41+00:00,51d4b471-a095-1aa0-e100-80009459e03a,JET,JET BERLIN BRUNSBUETTELER DAMM 87-89,BERLIN,52.53379,13.18503,1.7,2.159,2.099,2.209,False
2026-08-21T20:17:41+00:00,d590310c-e209-46b2-bfe7-dacc6148e1f1,TotalEnergies,TotalEnergies Berlin,Berlin,52.55424,13.207408,2,2.169,2.109,2.219,False
2026-08-21T20:17:41+00:00,5d8c8a4c-bce7-4d28-ae12-0d61a971c5cc,Shell,Shell Berlin Streitstr. 19,Berlin,52.558899,13.208409,2.3,2.169,2.109,2.219,True
2026-08-21T20:17:41+00:00,057827cd-6583-4a3a-a461-f8546073fd02,SUN,Sun Klosterstr.,Berlin,52.52943,13.19517,2.4,2.159,2.099,2.209,True
2026-08-21T20:17:41+00:00,905d4775-754e-4b38-baca-89c98fad1d1a,Sprint,Sprint Berlin Ruhlebener Str.,Berlin,52.529285,13.20718,2.9,2.159,2.099,2.199,False
2026-08-21T20:19:12+00:00,cebbe420-bcf3-4db8-9099-c52b783e2158,ESSO,Esso Tankstelle,BERLIN,52.549044,13.17897,0,2.179,2.119,2.219,True
2026-08-21T20:19:12+00:00,7347dd32-bfa1-470a-a6ee-2a2c95ad9af5,ARAL,Aral Tankstelle,Berlin,52.542747,13.199304,1.5,2.239,2.179,2.289,True
2026-08-21T20:19:12+00:00,9f07b69b-4b15-4852-9c60-5d293c6cadc5,Sprint,Sprint Berlin Seegefelder Str.,Berlin,52.536163,13.191189,1.6,2.159,2.099,2.209,True
2026-08-21T20:19:12+00:00,005056ba-7cb6-1ed2-bceb-641db1c24d1d,STAR,star Tankstelle,Berlin,52.534388,13.184014,1.7,2.159,2.099,2.199,True
2026-08-21T20:19:12+00:00,51d4b471-a095-1aa0-e100-80009459e03a,JET,JET BERLIN BRUNSBUETTELER DAMM 87-89,BERLIN,52.53379,13.18503,1.7,2.159,2.099,2.209,False
2026-08-21T20:19:12+00:00,d590310c-e209-46b2-bfe7-dacc6148e1f1,TotalEnergies,TotalEnergies Berlin,Berlin,52.55424,13.207408,2,2.169,2.109,2.219,False
2026-08-21T20:19:12+00:00,5d8c8a4c-bce7-4d28-ae12-0d61a971c5cc,Shell,Shell Berlin Streitstr. 19,Berlin,52.558899,13.208409,2.3,2.169,2.109,2.219,True
2026-08-21T20:19:12+00:00,057827cd-6583-4a3a-a461-f8546073fd02,SUN,Sun Klosterstr.,Berlin,52.52943,13.19517,2.4,2.159,2.099,2.209,True
2026-08-21T20:19:12+00:00,905d4775-754e-4b38-baca-89c98fad1d1a,Sprint,Sprint Berlin Ruhlebener Str.,Berlin,52.529285,13.20718,2.9,2.159,2.099,2.199,False
2026-08-21T20:20:43+00:00,cebbe420-bcf3-4db8-9099-c52b783e2158,ESSO,Esso Tankstelle,BERLIN,52.549044,13.17897,0,2.179,2.119,2.219,True
2026-08-21T20:20:43+00:00,7347dd32-bfa1-470a-a6ee-2a2c95ad9af5,ARAL,Aral Tankstelle,Berlin,52.542747,13.199304,1.5,2.239,2.179,2.289,True
2026-08-21T20:20:43+00:00,9f07b69b-4b15-4852-9c60-5d293c6cadc5,Sprint,Sprint Berlin Seegefelder Str.,Berlin,52.536163,13.191189,1.6,2.159,2.099,2.199,True
2026-08-21T20:20:43+00:00,005056ba-7cb6-1ed2-bceb-641db1c24d1d,STAR,star Tankstelle,Berlin,52.534388,13.184014,1.7,2.159,2.099,2.199,True
2026-08-21T20:20:43+00:00,51d4b471-a095-1aa0-e100-80009459e03a,JET,JET BERLIN BRUNSBUETTELER DAMM 87-89,BERLIN,52.53379,13.18503,1.7,2.159,2.099,2.209,False
2026-08-21T20:20:43+00:00,d590310c-e209-46b2-bfe7-dacc6148e1f1,TotalEnergies,TotalEnergies Berlin,Berlin,52.55424,13.207408,2,2.169,2.109,2.219,False
2026-08-21T20:20:43+00:00,5d8c8a4c-bce7-4d28-ae12-0d61a971c5cc,Shell,Shell Berlin Streitstr. 19,Berlin,52.558899,13.208409,2.3,2.169,2.109,2.219,True
2026-08-21T20:20:43+00:00,057827cd-6583-4a3a-a461-f8546073fd02,SUN,Sun Klosterstr.,Berlin,52.52943,13.19517,2.4,2.159,2.099,2.209,True
2026-08-21T20:20:43+00:00,905d4775-754e-4b38-baca-89c98fad1d1a,Sprint,Sprint Berlin Ruhlebener Str.,Berlin,52.529285,13.20718,2.9,2.159,2.099,2.199,False
2026-08-21T20:22:14+00:00,cebbe420-bcf3-4db8-9099-c52b783e2158,ESSO,Esso Tankstelle,BERLIN,52.549044,13.17897,0,2.179,2.119,2.219,True
2026-08-21T20:22:14+00:00,7347dd32-bfa1-470a-a6ee-2a2c95ad9af5,ARAL,Aral Tankstelle,Berlin,52.542747,13.199304,1.5,2.239,2.179,2.289,True
2026-08-21T20:22:14+00:00,9f07b69b-4b15-4852-9c60-5d293c6cadc5,Sprint,Sprint Berlin Seegefelder Str.,Berlin,52.536163,13.191189,1.6,2.159,2.099,2.199,True
2026-08-21T20:22:14+00:00,005056ba-7cb6-1ed2-bceb-641db1c24d1d,STAR,star Tankstelle,Berlin,52.534388,13.184014,1.7,2.159,2.099,2.199,True
2026-08-21T20:22:14+00:00,51d4b471-a095-1aa0-e100-80009459e03a,JET,JET BERLIN BRUNSBUETTELER DAMM 87-89,BERLIN,52.53379,13.18503,1.7,2.159,2.099,2.209,False
2026-08-21T20:22:14+00:00,d590310c-e209-46b2-bfe7-dacc6148e1f1,TotalEnergies,TotalEnergies Berlin,Berlin,52.55424,13.207408,2,2.169,2.109,2.219,False
2026-08-21T20:22:14+00:00,5d8c8a4c-bce7-4d28-ae12-0d61a971c5cc,Shell,Shell Berlin Streitstr. 19,Berlin,52.558899,13.208409,2.3,2.169,2.109,2.219,True
2026-08-21T20:22:14+00:00,057827cd-6583-4a3a-a461-f8546073fd02,SUN,Sun Klosterstr.,Berlin,52.52943,13.19517,2.4,2.159,2.099,2.209,True
2026-08-21T20:22:14+00:00,905d4775-754e-4b38-baca-89c98fad1d1a,Sprint,Sprint Berlin Ruhlebener Str.,Berlin,52.529285,13.20718,2.9,2.159,2.099,2.199,False
2026-08-21T20:23:45+00:00,cebbe420-bcf3-4db8-9099-c52b783e2158,ESSO,Esso Tankstelle,BERLIN,52.549044,13.17897,0,2.179,2.119,2.219,True
2026-08-21T20:23:45+00:00,7347dd32-bfa1-470a-a6ee-2a2c95ad9af5,ARAL,Aral Tankstelle,Berlin,52.542747,13.199304,1.5,2.239,2.179,2.289,True
2026-08-21T20:23:45+00:00,9f07b69b-4b15-4852-9c60-5d293c6cadc5,Sprint,Sprint Berlin Seegefelder Str.,Berlin,52.536163,13.191189,1.6,2.159,2.099,2.199,True
2026-08-21T20:23:45+00:00,005056ba-7cb6-1ed2-bceb-641db1c24d1d,STAR,star Tankstelle,Berlin,52.534388,13.184014,1.7,2.159,2.099,2.199,True
2026-08-21T20:23:45+00:00,51d4b471-a095-1aa0-e100-80009459e03a,JET,JET BERLIN BRUNSBUETTELER DAMM 87-89,BERLIN,52.53379,13.18503,1.7,2.159,2.099,2.209,False
2026-08-21T20:23:45+00:00,d590310c-e209-46b2-bfe7-dacc6148e1f1,TotalEnergies,TotalEnergies Berlin,Berlin,52.55424,13.207408,2,2.169,2.109,2.219,False
2026-08-21T20:23:45+00:00,5d8c8a4c-bce7-4d28-ae12-0d61a971c5cc,Shell,Shell Berlin Streitstr. 19,Berlin,52.558899,13.208409,2.3,2.169,2.109,2.219,True
2026-08-21T20:23:45+00:00,057827cd-6583-4a3a-a461-f8546073fd02,SUN,Sun Klosterstr.,Berlin,52.52943,13.19517,2.4,2.159,2.099,2.209,True
2026-08-21T20:23:45+00:00,905d4775-754e-4b38-baca-89c98fad1d1a,Sprint,Sprint Berlin Ruhlebener Str.,Berlin,52.529285,13.20718,2.9,2.159,2.099,2.199,False
2026-08-21T20:25:16+00:00,cebbe420-bcf3-4db8-9099-c52b783e2158,ESSO,Esso Tankstelle,BERLIN,52.549044,13.17897,0,2.179,2.119,2.219,True
2026-08-21T20:25:16+00:00,7347dd32-bfa1-470a-a6ee-2a2c95ad9af5,ARAL,Aral Tankstelle,Berlin,52.542747,13.199304,1.5,2.239,2.179,2.289,True
2026-08-21T20:25:16+00:00,9f07b69b-4b15-4852-9c60-5d293c6cadc5,Sprint,Sprint Berlin Seegefelder Str.,Berlin,52.536163,13.191189,1.6,2.159,2.099,2.199,True
2026-08-21T20:25:16+00:00,005056ba-7cb6-1ed2-bceb-641db1c24d1d,STAR,star Tankstelle,Berlin,52.534388,13.184014,1.7,2.159,2.099,2.199,True
2026-08-21T20:25:16+00:00,51d4b471-a095-1aa0-e100-80009459e03a,JET,JET BERLIN BRUNSBUETTELER DAMM 87-89,BERLIN,52.53379,13.18503,1.7,2.159,2.099,2.209,False
2026-08-21T20:25:16+00:00,d590310c-e209-46b2-bfe7-dacc6148e1f1,TotalEnergies,TotalEnergies Berlin,Berlin,52.55424,13.207408,2,2.169,2.109,2.219,False
2026-08-21T20:25:16+00:00,5d8c8a4c-bce7-4d28-ae12-0d61a971c5cc,Shell,Shell Berlin Streitstr. 19,Berlin,52.558899,13.208409,2.3,2.169,2.109,2.219,True
2026-08-21T20:25:16+00:00,057827cd-6583-4a3a-a461-f8546073fd02,SUN,Sun Klosterstr.,Berlin,52.52943,13.19517,2.4,2.159,2.099,2.209,True
2026-08-21T20:25:16+00:00,905d4775-754e-4b38-baca-89c98fad1d1a,Sprint,Sprint Berlin Ruhlebener Str.,Berlin,52.529285,13.20718,2.9,2.159,2.099,2.199,False
2026-08-21T20:26:47+00:00,cebbe420-bcf3-4db8-9099-c52b783e2158,ESSO,Esso Tankstelle,BERLIN,52.549044,13.17897,0,2.179,2.119,2.219,True
2026-08-21T20:26:47+00:00,7347dd32-bfa1-470a-a6ee-2a2c95ad9af5,ARAL,Aral Tankstelle,Berlin,52.542747,13.199304,1.5,2.239,2.179,2.289,True
2026-08-21T20:26:47+00:00,9f07b69b-4b15-4852-9c60-5d293c6cadc5,Sprint,Sprint Berlin Seegefelder Str.,Berlin,52.536163,13.191189,1.6,2.159,2.099,2.199,True
2026-08-21T20:26:47+00:00,005056ba-7cb6-1ed2-bceb-641db1c24d1d,STAR,star Tankstelle,Berlin,52.534388,13.184014,1.7,2.159,2.099,2.199,True
2026-08-21T20:26:47+00:00,51d4b471-a095-1aa0-e100-80009459e03a,JET,JET BERLIN BRUNSBUETTELER DAMM 87-89,BERLIN,52.53379,13.18503,1.7,2.159,2.099,2.209,False
2026-08-21T20:26:47+00:00,d590310c-e209-46b2-bfe7-dacc6148e1f1,TotalEnergies,TotalEnergies Berlin,Berlin,52.55424,13.207408,2,2.169,2.109,2.219,False
2026-08-21T20:26:47+00:00,5d8c8a4c-bce7-4d28-ae12-0d61a971c5cc,Shell,Shell Berlin Streitstr. 19,Berlin,52.558899,13.208409,2.3,2.169,2.109,2.219,True
2026-08-21T20:26:47+00:00,057827cd-6583-4a3a-a461-f8546073fd02,SUN,Sun Klosterstr.,Berlin,52.52943,13.19517,2.4,2.159,2.099,2.209,True
2026-08-21T20:26:47+00:00,905d4775-754e-4b38-baca-89c98fad1d1a,Sprint,Sprint Berlin Ruhlebener Str.,Berlin,52.529285,13.20718,2.9,2.159,2.099,2.199,False
2026-08-21T20:28:17+00:00,cebbe420-bcf3-4db8-9099-c52b783e2158,ESSO,Esso Tankstelle,BERLIN,52.549044,13.17897,0,2.179,2.119,2.219,True
2026-08-21T20:28:17+00:00,7347dd32-bfa1-470a-a6ee-2a2c95ad9af5,ARAL,Aral Tankstelle,Berlin,52.542747,13.199304,1.5,2.239,2.179,2.289,True
2026-08-21T20:28:17+00:00,9f07b69b-4b15-4852-9c60-5d293c6cadc5,Sprint,Sprint Berlin Seegefelder Str.,Berlin,52.536163,13.191189,1.6,2.159,2.099,2.199,True
2026-08-21T20:28:17+00:00,005056ba-7cb6-1ed2-bceb-641db1c24d1d,STAR,star Tankstelle,Berlin,52.534388,13.184014,1.7,2.159,2.099,2.199,True
2026-08-21T20:28:17+00:00,51d4b471-a095-1aa0-e100-80009459e03a,JET,JET BERLIN BRUNSBUETTELER DAMM 87-89,BERLIN,52.53379,13.18503,1.7,2.159,2.099,2.209,False
2026-08-21T20:28:17+00:00,d590310c-e209-46b2-bfe7-dacc6148e1f1,TotalEnergies,TotalEnergies Berlin,Berlin,52.55424,13.207408,2,2.169,2.109,2.219,False
2026-08-21T20:28:17+00:00,5d8c8a4c-bce7-4d28-ae12-0d61a971c5cc,Shell,Shell Berlin Streitstr. 19,Berlin,52.558899,13.208409,2.3,2.169,2.109,2.219,True
2026-08-21T20:28:17+00:00,057827cd-6583-4a3a-a461-f8546073fd02,SUN,Sun Klosterstr.,Berlin,52.52943,13.19517,2.4,2.159,2.099,2.209,True
2026-08-21T20:28:17+00:00,905d4775-754e-4b38-baca-89c98fad1d1a,Sprint,Sprint Berlin Ruhlebener Str.,Berlin,52.529285,13.20718,2.9,2.159,2.099,2.199,False
2026-08-21T20:29:48+00:00,cebbe420-bcf3-4db8-9099-c52b783e2158,ESSO,Esso Tankstelle,BERLIN,52.549044,13.17897,0,2.179,2.119,2.219,True
2026-08-21T20:29:48+00:00,7347dd32-bfa1-470a-a6ee-2a2c95ad9af5,ARAL,Aral Tankstelle,Berlin,52.542747,13.199304,1.5,2.239,2.179,2.289,True
2026-08-21T20:29:48+00:00,9f07b69b-4b15-4852-9c60-5d293c6cadc5,Sprint,Sprint Berlin Seegefelder Str.,Berlin,52.536163,13.191189,1.6,2.159,2.099,2.199,True
2026-08-21T20:29:48+00:00,005056ba-7cb6-1ed2-bceb-641db1c24d1d,STAR,star Tankstelle,Berlin,52.534388,13.184014,1.7,2.159,2.099,2.199,True
2026-08-21T20:29:48+00:00,51d4b471-a095-1aa0-e100-80009459e03a,JET,JET BERLIN BRUNSBUETTELER DAMM 87-89,BERLIN,52.53379,13.18503,1.7,2.159,2.099,2.209,False
2026-08-21T20:29:48+00:00,d590310c-e209-46b2-bfe7-dacc6148e1f1,TotalEnergies,TotalEnergies Berlin,Berlin,52.55424,13.207408,2,2.169,2.109,2.219,False
2026-08-21T20:29:48+00:00,5d8c8a4c-bce7-4d28-ae12-0d61a971c5cc,Shell,Shell Berlin Streitstr. 19,Berlin,52.558899,13.208409,2.3,2.169,2.109,2.219,True
2026-08-21T20:29:48+00:00,057827cd-6583-4a3a-a461-f8546073fd02,SUN,Sun Klosterstr.,Berlin,52.52943,13.19517,2.4,2.159,2.099,2.199,True
2026-08-21T20:29:48+00:00,905d4775-754e-4b38-baca-89c98fad1d1a,Sprint,Sprint Berlin Ruhlebener Str.,Berlin,52.529285,13.20718,2.9,2.159,2.099,2.199,False
2026-08-21T20:31:19+00:00,cebbe420-bcf3-4db8-9099-c52b783e2158,ESSO,Esso Tankstelle,BERLIN,52.549044,13.17897,0,2.179,2.119,2.219,True
2026-08-21T20:31:19+00:00,7347dd32-bfa1-470a-a6ee-2a2c95ad9af5,ARAL,Aral Tankstelle,Berlin,52.542747,13.199304,1.5,2.239,2.179,2.289,True
2026-08-21T20:31:19+00:00,9f07b69b-4b15-4852-9c60-5d293c6cadc5,Sprint,Sprint Berlin Seegefelder Str.,Berlin,52.536163,13.191189,1.6,2.159,2.099,2.199,False
2026-08-21T20:31:19+00:00,005056ba-7cb6-1ed2-bceb-641db1c24d1d,STAR,star Tankstelle,Berlin,52.534388,13.184014,1.7,2.159,2.099,2.199,True
2026-08-21T20:31:19+00:00,51d4b471-a095-1aa0-e100-80009459e03a,JET,JET BERLIN BRUNSBUETTELER DAMM 87-89,BERLIN,52.53379,13.18503,1.7,2.159,2.099,2.209,False
2026-08-21T20:31:19+00:00,d590310c-e209-46b2-bfe7-dacc6148e1f1,TotalEnergies,TotalEnergies Berlin,Berlin,52.55424,13.207408,2,2.169,2.109,2.219,False
2026-08-21T20:31:19+00:00,5d8c8a4c-bce7-4d28-ae12-0d61a971c5cc,Shell,Shell Berlin Streitstr. 19,Berlin,52.558899,13.208409,2.3,2.169,2.109,2.219,True
2026-08-21T20:31:19+00:00,057827cd-6583-4a3a-a461-f8546073fd02,SUN,Sun Klosterstr.,Berlin,52.52943,13.19517,2.4,2.159,2.099,2.199,True
2026-08-21T20:31:19+00:00,905d4775-754e-4b38-baca-89c98fad1d1a,Sprint,Sprint Berlin Ruhlebener Str.,Berlin,52.529285,13.20718,2.9,2.159,2.099,2.199,False
2026-08-21T20:32:50+00:00,cebbe420-bcf3-4db8-9099-c52b783e2158,ESSO,Esso Tankstelle,BERLIN,52.549044,13.17897,0,2.179,2.119,2.219,True
2026-08-21T20:32:50+00:00,7347dd32-bfa1-470a-a6ee-2a2c95ad9af5,ARAL,Aral Tankstelle,Berlin,52.542747,13.199304,1.5,2.239,2.179,2.289,True
2026-08-21T20:32:50+00:00,9f07b69b-4b15-4852-9c60-5d293c6cadc5,Sprint,Sprint Berlin Seegefelder Str.,Berlin,52.536163,13.191189,1.6,2.159,2.099,2.199,False
2026-08-21T20:32:50+00:00,005056ba-7cb6-1ed2-bceb-641db1c24d1d,STAR,star Tankstelle,Berlin,52.534388,13.184014,1.7,2.159,2.099,2.199,True
2026-08-21T20:32:50+00:00,51d4b471-a095-1aa0-e100-80009459e03a,JET,JET BERLIN BRUNSBUETTELER DAMM 87-89,BERLIN,52.53379,13.18503,1.7,2.159,2.099,2.209,False
2026-08-21T20:32:50+00:00,d590310c-e209-46b2-bfe7-dacc6148e1f1,TotalEnergies,TotalEnergies Berlin,Berlin,52.55424,13.207408,2,2.169,2.109,2.219,False
2026-08-21T20:32:50+00:00,5d8c8a4c-bce7-4d28-ae12-0d61a971c5cc,Shell,Shell Berlin Streitstr. 19,Berlin,52.558899,13.208409,2.3,2.169,2.109,2.219,True
2026-08-21T20:32:50+00:00,057827cd-6583-4a3a-a461-f8546073fd02,SUN,Sun Klosterstr.,Berlin,52.52943,13.19517,2.4,2.159,2.099,2.199,True
2026-08-21T20:32:50+00:00,905d4775-754e-4b38-baca-89c98fad1d1a,Sprint,Sprint Berlin Ruhlebener Str.,Berlin,52.529285,13.20718,2.9,2.159,2.099,2.199,False
2026-08-21T20:34:21+00:00,cebbe420-bcf3-4db8-9099-c52b783e2158,ESSO,Esso Tankstelle,BERLIN,52.549044,13.17897,0,2.179,2.119,2.219,True
2026-08-21T20:34:21+00:00,7347dd32-bfa1-470a-a6ee-2a2c95ad9af5,ARAL,Aral Tankstelle,Berlin,52.542747,13.199304,1.5,2.239,2.179,2.289,True
2026-08-21T20:34:21+00:00,9f07b69b-4b15-4852-9c60-5d293c6cadc5,Sprint,Sprint Berlin Seegefelder Str.,Berlin,52.536163,13.191189,1.6,2.159,2.099,2.199,False
2026-08-21T20:34:21+00:00,005056ba-7cb6-1ed2-bceb-641db1c24d1d,STAR,star Tankstelle,Berlin,52.534388,13.184014,1.7,2.159,2.099,2.199,True
2026-08-21T20:34:21+00:00,51d4b471-a095-1aa0-e100-80009459e03a,JET,JET BERLIN BRUNSBUETTELER DAMM 87-89,BERLIN,52.53379,13.18503,1.7,2.159,2.099,2.209,False
2026-08-21T20:34:21+00:00,d590310c-e209-46b2-bfe7-dacc6148e1f1,TotalEnergies,TotalEnergies Berlin,Berlin,52.55424,13.207408,2,2.169,2.109,2.219,False
2026-08-21T20:34:21+00:00,5d8c8a4c-bce7-4d28-ae12-0d61a971c5cc,Shell,Shell Berlin Streitstr. 19,Berlin,52.558899,13.208409,2.3,2.169,2.109,2.219,True
2026-08-21T20:34:21+00:00,057827cd-6583-4a3a-a461-f8546073fd02,SUN,Sun Klosterstr.,Berlin,52.52943,13.19517,2.4,2.159,2.099,2.199,True
2026-08-21T20:34:21+00:00,905d4775-754e-4b38-baca-89c98fad1d1a,Sprint,Sprint Berlin Ruhlebener Str.,Berlin,52.529285,13.20718,2.9,2.159,2.099,2.199,False
2026-08-21T20:35:52+00:00,cebbe420-bcf3-4db8-9099-c52b783e2158,ESSO,Esso Tankstelle,BERLIN,52.549044,13.17897,0,2.179,2.119,2.219,True
2026-08-21T20:35:52+00:00,7347dd32-bfa1-470a-a6ee-2a2c95ad9af5,ARAL,Aral Tankstelle,Berlin,52.542747,13.199304,1.5,2.239,2.179,2.289,True
2026-08-21T20:35:52+00:00,9f07b69b-4b15-4852-9c60-5d293c6cadc5,Sprint,Sprint Berlin Seegefelder Str.,Berlin,52.536163,13.191189,1.6,2.159,2.099,2.199,False
2026-08-21T20:35:52+00:00,005056ba-7cb6-1ed2-bceb-641db1c24d1d,STAR,star Tankstelle,Berlin,52.534388,13.184014,1.7,2.159,2.099,2.199,True
2026-08-21T20:35:52+00:00,51d4b471-a095-1aa0-e100-80009459e03a,JET,JET BERLIN BRUNSBUETTELER DAMM 87-89,BERLIN,52.53379,13.18503,1.7,2.159,2.099,2.209,False
2026-08-21T20:35:52+00:00,d590310c-e209-46b2-bfe7-dacc6148e1f1,TotalEnergies,TotalEnergies Berlin,Berlin,52.55424,13.207408,2,2.169,2.109,2.219,False
2026-08-21T20:35:52+00:00,5d8c8a4c-bce7-4d28-ae12-0d61a971c5cc,Shell,Shell Berlin Streitstr. 19,Berlin,52.558899,13.208409,2.3,2.169,2.109,2.219,True
2026-08-21T20:35:52+00:00,057827cd-6583-4a3a-a461-f8546073fd02,SUN,Sun Klosterstr.,Berlin,52.52943,13.19517,2.4,2.159,2.099,2.199,True
2026-08-21T20:35:52+00:00,905d4775-754e-4b38-baca-89c98fad1d1a,Sprint,Sprint Berlin Ruhlebener Str.,Berlin,52.529285,13.20718,2.9,2.159,2.099,2.199,False
2026-08-21T20:37:23+00:00,cebbe420-bcf3-4db8-9099-c52b783e2158,ESSO,Esso Tankstelle,BERLIN,52.549044,13.17897,0,2.179,2.119,2.219,True
2026-08-21T20:37:23+00:00,7347dd32-bfa1-470a-a6ee-2a2c95ad9af5,ARAL,Aral Tankstelle,Berlin,52.542747,13.199304,1.5,2.239,2.179,2.289,True
2026-08-21T20:37:23+00:00,9f07b69b-4b15-4852-9c60-5d293c6cadc5,Sprint,Sprint Berlin Seegefelder Str.,Berlin,52.536163,13.191189,1.6,2.159,2.099,2.199,False
2026-08-21T20:37:23+00:00,005056ba-7cb6-1ed2-bceb-641db1c24d1d,STAR,star Tankstelle,Berlin,52.534388,13.184014,1.7,2.159,2.099,2.199,True
2026-08-21T20:37:23+00:00,51d4b471-a095-1aa0-e100-80009459e03a,JET,JET BERLIN BRUNSBUETTELER DAMM 87-89,BERLIN,52.53379,13.18503,1.7,2.159,2.099,2.209,False
2026-08-21T20:37:23+00:00,d590310c-e209-46b2-bfe7-dacc6148e1f1,TotalEnergies,TotalEnergies Berlin,Berlin,52.55424,13.207408,2,2.169,2.109,2.219,False
2026-08-21T20:37:23+00:00,5d8c8a4c-bce7-4d28-ae12-0d61a971c5cc,Shell,Shell Berlin Streitstr. 19,Berlin,52.558899,13.208409,2.3,2.169,2.109,2.219,True
2026-08-21T20:37:23+00:00,057827cd-6583-4a3a-a461-f8546073fd02,SUN,Sun Klosterstr.,Berlin,52.52943,13.19517,2.4,2.159,2.099,2.199,True
2026-08-21T20:37:23+00:00,905d4775-754e-4b38-baca-89c98fad1d1a,Sprint,Sprint Berlin Ruhlebener Str.,Berlin,52.529285,13.20718,2.9,2.159,2.099,2.199,False
