ts,id,brand,name,place,lat,lng,dist,e5,e10,diesel,isOpen
2026-09-02T11:39:13+00:00,cebbe420-bcf3-4db8-9099-c52b783e2158,ESSO,Esso Tankstelle,BERLIN,52.549044,13.17897,0,2.389,2.329,2.409,True
2026-09-02T11:39:13+00:00,7347dd32-bfa1-470a-a6ee-2a2c95ad9af5,ARAL,Aral Tankstelle,Berlin,52.542747,13.199304,1.5,2.399,2.339,2.419,True
2026-09-02T11:39:13+00:00,9f07b69b-4b15-4852-9c60-5d293c6cadc5,Sprint,Sprint Berlin Seegefelder Str.,Berlin,52.536163,13.191189,1.6,2.379,2.319,2.399,True
2026-09-02T11:39:13+00:00,005056ba-7cb6-1ed2-bceb-641db1c24d1d,STAR,star Tankstelle,Berlin,52.534388,13.184014,1.7,2.379,2.319,2.399,True
2026-09-02T11:39:13+00:00,51d4b471-a095-1aa0-e100-80009459e03a,JET,JET BERLIN BRUNSBUETTELER DAMM 87-89,BERLIN,52.53379,13.18503,1.7,2.379,2.319,2.399,True
2026-09-02T11:39:13+00:00,d590310c-e209-46b2-bfe7-dacc6148e1f1,TotalEnergies,TotalEnergies Berlin,Berlin,52.55424,13.207408,2,2.409,2.349,2.409,True
2026-09-02T11:39:13+00:00,5d8c8a4c-bce7-4d28-ae12-0d61a971c5cc,Shell,Shell Berlin Streitstr. 19,Berlin,52.558899,13.208409,2.3,2.409,2.349,2.409,True
2026-09-02T11:39:13+00:00,057827cd-6583-4a3a-a461-f8546073fd02,SUN,Sun Klosterstr.,Berlin,52.52943,13.19517,2.4,2.369,2.309,2.399,True
2026-09-02T11:39:13+00:00,905d4775-754e-4b38-baca-89c98fad1d1a,Sprint,Sprint Berlin Ruhlebener Str.,Berlin,52.529285,13.20718,2.9,2.379,2.319,2.399,True
2026-09-02T11:40:44+00:00,cebbe420-bcf3-4db8-9099-c52b783e2158,ESSO,Esso Tankstelle,BERLIN,52.549044,13.17897,0,2.389,2.329,2.409,True
2026-09-02T11:40:44+00:00,7347dd32-bfa1-470a-a6ee-2a2c95ad9af5,ARAL,Aral Tankstelle,Berlin,52.542747,13.199304,1.5,2.399,2.339,2.419,True
2026-09-02T11:40:44+00:00,9f07b69b-4b15-4852-9c60-5d293c6cadc5,Sprint,Sprint Berlin Seegefelder Str.,Berlin,52.536163,13.191189,1.6,2.379,2.319,2.399,True
2026-09-02T11:40:44+00:00,005056ba-7cb6-1ed2-bceb-641db1c24d1d,STAR,star Tankstelle,Berlin,52.534388,13.184014,1.7,2.379,2.319,2.399,True
2026-09-02T11:40:44+00:00,51d4b471-a095-1aa0-e100-80009459e03a,JET,JET BERLIN BRUNSBUETTELER DAMM 87-89,BERLIN,52.53379,13.18503,1.7,2.379,2.319,2.399,True
2026-09-02T11:40:44+00:00,d590310c-e209-46b2-bfe7-dacc6148e1f1,TotalEnergies,TotalEnergies Berlin,Berlin,52.55424,13.207408,2,2.409,2.349,2.409,True
2026-09-02T11:40:44+00:00,5d8c8a4c-bce7-4d28-ae12-0d61a971c5cc,Shell,Shell Berlin Streitstr. 19,Berlin,52.558899,13.208409,2.3,2.409,2.349,2.409,True
2026-09-02T11:40:44+00:00,057827cd-6583-4a3a-a461-f8546073fd02,SUN,Sun Klosterstr.,Berlin,52.52943,13.19517,2.4,2.369,2.309,2.399,True
2026-09-02T11:40:44+00:00,905d4775-754e-4b38-baca-89c98fad1d1a,Sprint,Sprint Berlin Ruhlebener Str.,Berlin,52.529285,13.20718,2.9,2.379,2.319,2.399,True
2026-09-02T11:42:15+00:00,cebbe420-bcf3-4db8-9099-c52b783e2158,ESSO,Esso Tankstelle,BERLIN,52.549044,13.17897,0,2.389,2.329,2.409,True
2026-09-02T11:42:15+00:00,7347dd32-bfa1-470a-a6ee-2a2c95ad9af5,ARAL,Aral Tankstelle,Berlin,52.542747,13.199304,1.5,2.399,2.339,2.419,True
2026-09-02T11:42:15+00:00,9f07b69b-4b15-4852-9c60-5d293c6cadc5,Sprint,Sprint Berlin Seegefelder Str.,Berlin,52.536163,13.191189,1.6,2.379,2.319,2.399,True
2026-09-02T11:42:15+00:00,005056ba-7cb6-1ed2-bceb-641db1c24d1d,STAR,star Tankstelle,Berlin,52.534388,13.184014,1.7,2.379,2.319,2.399,True
2026-09-02T11:42:15+00:00,51d4b471-a095-1aa0-e100-80009459e03a,JET,JET BERLIN BRUNSBUETTELER DAMM 87-89,BERLIN,52.53379,13.18503,1.7,2.379,2.319,2.399,True
2026-09-02T11:42:15+00:00,d590310c-e209-46b2-bfe7-dacc6148e1f1,TotalEnergies,TotalEnergies Berlin,Berlin,52.55424,13.207408,2,2.409,2.349,2.409,True
2026-09-02T11:42:15+00:00,5d8c8a4c-bce7-4d28-ae12-0d61a971c5cc,Shell,Shell Berlin Streitstr. 19,Berlin,52.558899,13.208409,2.3,2.409,2.349,2.409,True
2026-09-02T11:42:15+00:00,057827cd-6583-4a3a-a461-f8546073fd02,SUN,Sun Klosterstr.,Berlin,52.52943,13.19517,2.4,2.369,2.309,2.399,True
2026-09-02T11:42:15+00:00,905d4775-754e-4b38-baca-89c98fad1d1a,Sprint,Sprint Berlin Ruhlebener Str.,Berlin,52.529285,13.20718,2.9,2.379,2.319,2.399,True
2026-09-02T11:43:46+00:00,cebbe420-bcf3-4db8-9099-c52b783e2158,ESSO,Esso Tankstelle,BERLIN,52.549044,13.17897,0,2.389,2.329,2.409,True
2026-09-02T11:43:46+00:00,7347dd32-bfa1-470a-a6ee-2a2c95ad9af5,ARAL,Aral Tankstelle,Berlin,52.542747,13.199304,1.5,2.399,2.339,2.419,True
2026-09-02T11:43:46+00:00,9f07b69b-4b15-4852-9c60-5d293c6cadc5,Sprint,Sprint Berlin Seegefelder Str.,Berlin,52.536163,13.191189,1.6,2.379,2.319,2.399,True
2026-09-02T11:43:46+00:00,005056ba-7cb6-1ed2-bceb-641db1c24d1d,STAR,star Tankstelle,Berlin,52.534388,13.184014,1.7,2.379,2.319,2.399,True
2026-09-02T11:43:46+00:00,51d4b471-a095-1aa0-e100-80009459e03a,JET,JET BERLIN BRUNSBUETTELER DAMM 87-89,BERLIN,52.53379,13.18503,1.7,2.379,2.319,2.399,True
2026-09-02T11:43:46+00:00,d590310c-e209-46b2-bfe7-dacc6148e1f1,TotalEnergies,TotalEnergies Berlin,Berlin,52.55424,13.207408,2,2.409,2.349,2.409,True
2026-09-02T11:43:46+00:00,5d8c8a4c-bce7-4d28-ae12-0d61a971c5cc,Shell,Shell Berlin Streitstr. 19,Berlin,52.558899,13.208409,2.3,2.409,2.349,2.409,True
2026-09-02T11:43:46+00:00,057827cd-6583-4a3a-a461-f8546073fd02,SUN,Sun Klosterstr.,Berlin,52.52943,13.19517,2.4,2.369,2.309,2.399,True
2026-09-02T11:43:46+00:00,905d4775-754e-4b38-baca-89c98fad1d1a,Sprint,Sprint Berlin Ruhlebener Str.,Berlin,52.529285,13.20718,2.9,2.379,2.319,2.399,True
2026-09-02T11:45:16+00:00,cebbe420-bcf3-4db8-9099-c52b783e2158,ESSO,Esso Tankstelle,BERLIN,52.549044,13.17897,0,2.389,2.329,2.409,True
2026-09-02T11:45:16+00:00,7347dd32-bfa1-470a-a6ee-2a2c95ad9af5,ARAL,Aral Tankstelle,Berlin,52.542747,13.199304,1.5,2.399,2.339,2.419,True
2026-09-02T11:45:16+00:00,9f07b69b-4b15-4852-9c60-5d293c6cadc5,Sprint,Sprint Berlin Seegefelder Str.,Berlin,52.536163,13.191189,1.6,2.379,2.319,2.399,True
2026-09-02T11:45:16+00:00,005056ba-7cb6-1ed2-bceb-641db1c24d1d,STAR,star Tankstelle,Berlin,52.534388,13.184014,1.7,2.379,2.319,2.399,True
2026-09-02T11:45:16+00:00,51d4b471-a095-1aa0-e100-80009459e03a,JET,JET BERLIN BRUNSBUETTELER DAMM 87-89,BERLIN,52.53379,13.18503,1.7,2.379,2.319,2.399,True
2026-09-02T11:45:16+00:00,d590310c-e209-46b2-bfe7-dacc6148e1f1,TotalEnergies,TotalEnergies Berlin,Berlin,52.55424,13.207408,2,2.409,2.349,2.409,True
2026-09-02T11:45:16+00:00,5d8c8a4c-bce7-4d28-ae12-0d61a971c5cc,Shell,Shell Berlin Streitstr. 19,Berlin,52.558899,13.208409,2.3,2.409,2.349,2.409,True
2026-09-02T11:45:16+00:00,057827cd-6583-4a3a-a461-f8546073fd02,SUN,Sun Klosterstr.,Berlin,52.52943,13.19517,2.4,2.369,2.309,2.399,True
2026-09-02T11:45:16+00:00,905d4775-754e-4b38-baca-89c98fad1d1a,Sprint,Sprint Berlin Ruhlebener Str.,Berlin,52.529285,13.20718,2.9,2.379,2.319,2.399,True
2026-09-02T11:46:48+00:00,cebbe420-bcf3-4db8-9099-c52b783e2158,ESSO,Esso Tankstelle,BERLIN,52.549044,13.17897,0,2.389,2.329,2.409,True
2026-09-02T11:46:48+00:00,7347dd32-bfa1-470a-a6ee-2a2c95ad9af5,ARAL,Aral Tankstelle,Berlin,52.542747,13.199304,1.5,2.399,2.339,2.419,True
2026-09-02T11:46:48+00:00,9f07b69b-4b15-4852-9c60-5d293c6cadc5,Sprint,Sprint Berlin Seegefelder Str.,Berlin,52.536163,13.191189,1.6,2.379,2.319,2.399,True
2026-09-02T11:46:48+00:00,005056ba-7cb6-1ed2-bceb-641db1c24d1d,STAR,star Tankstelle,Berlin,52.534388,13.184014,1.7,2.379,2.319,2.399,True
2026-09-02T11:46:48+00:00,51d4b471-a095-1aa0-e100-80009459e03a,JET,JET BERLIN BRUNSBUETTELER DAMM 87-89,BERLIN,52.53379,13.18503,1.7,2.379,2.319,2.399,True
2026-09-02T11:46:48+00:00,d590310c-e209-46b2-bfe7-dacc6148e1f1,TotalEnergies,TotalEnergies Berlin,Berlin,52.55424,13.207408,2,2.409,2.349,2.409,True
2026-09-02T11:46:48+00:00,5d8c8a4c-bce7-4d28-ae12-0d61a971c5cc,Shell,Shell Berlin Streitstr. 19,Berlin,52.558899,13.208409,2.3,2.409,2.349,2.409,True
2026-09-02T11:46:48+00:00,057827cd-6583-4a3a-a461-f8546073fd02,SUN,Sun Klosterstr.,Berlin,52.52943,13.19517,2.4,2.369,2.309,2.399,True
2026-09-02T11:46:48+00:00,905d4775-754e-4b38-baca-89c98fad1d1a,Sprint,Sprint Berlin Ruhlebener Str.,Berlin,52.529285,13.20718,2.9,2.379,2.319,2.399,True
2026-09-02T11:48:18+00:00,cebbe420-bcf3-4db8-9099-c52b783e2158,ESSO,Esso Tankstelle,BERLIN,52.549044,13.17897,0,2.389,2.329,2.409,True
2026-09-02T11:48:18+00:00,7347dd32-bfa1-470a-a6ee-2a2c95ad9af5,ARAL,Aral Tankstelle,Berlin,52.542747,13.199304,1.5,2.399,2.339,2.419,True
2026-09-02T11:48:18+00:00,9f07b69b-4b15-4852-9c60-5d293c6cadc5,Sprint,Sprint Berlin Seegefelder Str.,Berlin,52.536163,13.191189,1.6,2.379,2.319,2.399,True
2026-09-02T11:48:18+00:00,005056ba-7cb6-1ed2-bceb-641db1c24d1d,STAR,star Tankstelle,Berlin,52.534388,13.184014,1.7,2.379,2.319,2.399,True
2026-09-02T11:48:18+00:00,51d4b471-a095-1aa0-e100-80009459e03a,JET,JET BERLIN BRUNSBUETTELER DAMM 87-89,BERLIN,52.53379,13.18503,1.7,2.379,2.319,2.399,True
2026-09-02T11:48:18+00:00,d590310c-e209-46b2-bfe7-dacc6148e1f1,TotalEnergies,TotalEnergies Berlin,Berlin,52.55424,13.207408,2,2.409,2.349,2.409,True
2026-09-02T11:48:18+00:00,5d8c8a4c-bce7-4d28-ae12-0d61a971c5cc,Shell,Shell Berlin Streitstr. 19,Berlin,52.558899,13.208409,2.3,2.409,2.349,2.409,True
2026-09-02T11:48:18+00:00,057827cd-6583-4a3a-a461-f8546073fd02,SUN,Sun Klosterstr.,Berlin,52.52943,13.19517,2.4,2.369,2.309,2.399,True
2026-09-02T11:48:18+00:00,905d4775-754e-4b38-baca-89c98fad1d1a,Sprint,Sprint Berlin Ruhlebener Str.,Berlin,52.529285,13.20718,2.9,2.379,2.319,2.399,True
2026-09-02T11:49:49+00:00,cebbe420-bcf3-4db8-9099-c52b783e2158,ESSO,Esso Tankstelle,BERLIN,52.549044,13.17897,0,2.389,2.329,2.409,True
2026-09-02T11:49:49+00:00,7347dd32-bfa1-470a-a6ee-2a2c95ad9af5,ARAL,Aral Tankstelle,Berlin,52.542747,13.199304,1.5,2.399,2.339,2.419,True
2026-09-02T11:49:49+00:00,9f07b69b-4b15-4852-9c60-5d293c6cadc5,Sprint,Sprint Berlin Seegefelder Str.,Berlin,52.536163,13.191189,1.6,2.379,2.319,2.399,True
2026-09-02T11:49:49+00:00,005056ba-7cb6-1ed2-bceb-641db1c24d1d,STAR,star Tankstelle,Berlin,52.534388,13.184014,1.7,2.379,2.319,2.399,True
2026-09-02T11:49:49+00:00,51d4b471-a095-1aa0-e100-80009459e03a,JET,JET BERLIN BRUNSBUETTELER DAMM 87-89,BERLIN,52.53379,13.18503,1.7,2.379,2.319,2.399,True
2026-09-02T11:49:49+00:00,d590310c-e209-46b2-bfe7-dacc6148e1f1,TotalEnergies,TotalEnergies Berlin,Berlin,52.55424,13.207408,2,2.389,2.329,2.409,True
2026-09-02T11:49:49+00:00,5d8c8a4c-bce7-4d28-ae12-0d61a971c5cc,Shell,Shell Berlin Streitstr. 19,Berlin,52.558899,13.208409,2.3,2.409,2.349,2.409,True
2026-09-02T11:49:49+00:00,057827cd-6583-4a3a-a461-f8546073fd02,SUN,Sun Klosterstr.,Berlin,52.52943,13.19517,2.4,2.369,2.309,2.399,True
2026-09-02T11:49:49+00:00,905d4775-754e-4b38-baca-89c98fad1d1a,Sprint,Sprint Berlin Ruhlebener Str.,Berlin,52.529285,13.20718,2.9,2.379,2.319,2.399,True
2026-09-02T11:51:20+00:00,cebbe420-bcf3-4db8-9099-c52b783e2158,ESSO,Esso Tankstelle,BERLIN,52.549044,13.17897,0,2.389,2.329,2.409,True
2026-09-02T11:51:20+00:00,7347dd32-bfa1-470a-a6ee-2a2c95ad9af5,ARAL,Aral Tankstelle,Berlin,52.542747,13.199304,1.5,2.399,2.339,2.419,True
2026-09-02T11:51:20+00:00,9f07b69b-4b15-4852-9c60-5d293c6cadc5,Sprint,Sprint Berlin Seegefelder Str.,Berlin,52.536163,13.191189,1.6,2.379,2.319,2.399,True
2026-09-02T11:51:20+00:00,005056ba-7cb6-1ed2-bceb-641db1c24d1d,STAR,star Tankstelle,Berlin,52.534388,13.184014,1.7,2.379,2.319,2.399,True
2026-09-02T11:51:20+00:00,51d4b471-a095-1aa0-e100-80009459e03a,JET,JET BERLIN BRUNSBUETTELER DAMM 87-89,BERLIN,52.53379,13.18503,1.7,2.379,2.319,2.399,True
2026-09-02T11:51:20+00:00,d590310c-e209-46b2-bfe7-dacc6148e1f1,TotalEnergies,TotalEnergies Berlin,Berlin,52.55424,13.207408,2,2.389,2.329,2.409,True
2026-09-02T11:51:20+00:00,5d8c8a4c-bce7-4d28-ae12-0d61a971c5cc,Shell,Shell Berlin Streitstr. 19,Berlin,52.558899,13.208409,2.3,2.409,2.349,2.409,True
2026-09-02T11:51:20+00:00,057827cd-6583-4a3a-a461-f8546073fd02,SUN,Sun Klosterstr.,Berlin,52.52943,13.19517,2.4,2.369,2.309,2.399,True
2026-09-02T11:51:20+00:00,905d4775-754e-4b38-baca-89c98fad1d1a,Sprint,Sprint Berlin Ruhlebener Str.,Berlin,52.529285,13.20718,2.9,2.379,2.319,2.399,True
2026-09-02T11:52:51+00:00,cebbe420-bcf3-4db8-9099-c52b783e2158,ESSO,Esso Tankstelle,BERLIN,52.549044,13.17897,0,2.389,2.329,2.409,True
2026-09-02T11:52:51+00:00,7347dd32-bfa1-470a-a6ee-2a2c95ad9af5,ARAL,Aral Tankstelle,Berlin,52.542747,13.199304,1.5,2.399,2.339,2.409,True
2026-09-02T11:52:51+00:00,9f07b69b-4b15-4852-9c60-5d293c6cadc5,Sprint,Sprint Berlin Seegefelder Str.,Berlin,52.536163,13.191189,1.6,2.379,2.319,2.399,True
2026-09-02T11:52:51+00:00,005056ba-7cb6-1ed2-bceb-641db1c24d1d,STAR,star Tankstelle,Berlin,52.534388,13.184014,1.7,2.369,2.309,2.399,True
2026-09-02T11:52:51+00:00,51d4b471-a095-1aa0-e100-80009459e03a,JET,JET BERLIN BRUNSBUETTELER DAMM 87-89,BERLIN,52.53379,13.18503,1.7,2.379,2.319,2.399,True
2026-09-02T11:52:51+00:00,d590310c-e209-46b2-bfe7-dacc6148e1f1,TotalEnergies,TotalEnergies Berlin,Berlin,52.55424,13.207408,2,2.389,2.329,2.409,True
2026-09-02T11:52:51+00:00,5d8c8a4c-bce7-4d28-ae12-0d61a971c5cc,Shell,Shell Berlin Streitstr. 19,Berlin,52.558899,13.208409,2.3,2.409,2.349,2.409,True
2026-09-02T11:52:51+00:00,057827cd-6583-4a3a-a461-f8546073fd02,SUN,Sun Klosterstr.,Berlin,52.52943,13.19517,2.4,2.369,2.309,2.399,True
2026-09-02T11:52:51+00:00,905d4775-754e-4b38-baca-89c98fad1d1a,Sprint,Sprint Berlin Ruhlebener Str.,Berlin,52.529285,13.20718,2.9,2.379,2.319,2.399,True
2026-09-02T11:54:22+00:00,cebbe420-bcf3-4db8-9099-c52b783e2158,ESSO,Esso Tankstelle,BERLIN,52.549044,13.17897,0,2.389,2.329,2.409,True
2026-09-02T11:54:22+00:00,7347dd32-bfa1-470a-a6ee-2a2c95ad9af5,ARAL,Aral Tankstelle,Berlin,52.542747,13.199304,1.5,2.399,2.339,2.409,True
2026-09-02T11:54:22+00:00,9f07b69b-4b15-4852-9c60-5d293c6cadc5,Sprint,Sprint Berlin Seegefelder Str.,Berlin,52.536163,13.191189,1.6,2.379,2.319,2.399,True
2026-09-02T11:54:22+00:00,005056ba-7cb6-1ed2-bceb-641db1c24d1d,STAR,star Tankstelle,Berlin,52.534388,13.184014,1.7,2.369,2.309,2.399,True
2026-09-02T11:54:22+00:00,51d4b471-a095-1aa0-e100-80009459e03a,JET,JET BERLIN BRUNSBUETTELER DAMM 87-89,BERLIN,52.53379,13.18503,1.7,2.379,2.319,2.399,True
2026-09-02T11:54:22+00:00,d590310c-e209-46b2-bfe7-dacc6148e1f1,TotalEnergies,TotalEnergies Berlin,Berlin,52.55424,13.207408,2,2.389,2.329,2.409,True
2026-09-02T11:54:22+00:00,5d8c8a4c-bce7-4d28-ae12-0d61a971c5cc,Shell,Shell Berlin Streitstr. 19,Berlin,52.558899,13.208409,2.3,2.409,2.349,2.409,True
2026-09-02T11:54:22+00:00,057827cd-6583-4a3a-a461-f8546073fd02,SUN,Sun Klosterstr.,Berlin,52.52943,13.19517,2.4,2.369,2.309,2.399,True
2026-09-02T11:54:22+00:00,905d4775-754e-4b38-baca-89c98fad1d1a,Sprint,Sprint Berlin Ruhlebener Str.,Berlin,52.529285,13.20718,2.9,2.379,2.319,2.399,True
2026-09-02T11:55:52+00:00,cebbe420-bcf3-4db8-9099-c52b783e2158,ESSO,Esso Tankstelle,BERLIN,52.549044,13.17897,0,2.389,2.329,2.409,True
2026-09-02T11:55:52+00:00,7347dd32-bfa1-470a-a6ee-2a2c95ad9af5,ARAL,Aral Tankstelle,Berlin,52.542747,13.199304,1.5,2.399,2.339,2.409,True
2026-09-02T11:55:52+00:00,9f07b69b-4b15-4852-9c60-5d293c6cadc5,Sprint,Sprint Berlin Seegefelder Str.,Berlin,52.536163,13.191189,1.6,2.369,2.309,2.399,True
2026-09-02T11:55:52+00:00,005056ba-7cb6-1ed2-bceb-641db1c24d1d,STAR,star Tankstelle,Berlin,52.534388,13.184014,1.7,2.369,2.309,2.399,True
2026-09-02T11:55:52+00:00,51d4b471-a095-1aa0-e100-80009459e03a,JET,JET BERLIN BRUNSBUETTELER DAMM 87-89,BERLIN,52.53379,13.18503,1.7,2.379,2.319,2.399,True
2026-09-02T11:55:52+00:00,d590310c-e209-46b2-bfe7-dacc6148e1f1,TotalEnergies,TotalEnergies Berlin,Berlin,52.55424,13.207408,2,2.389,2.329,2.409,True
2026-09-02T11:55:52+00:00,5d8c8a4c-bce7-4d28-ae12-0d61a971c5cc,Shell,Shell Berlin Streitstr. 19,Berlin,52.558899,13.208409,2.3,2.409,2.349,2.409,True
2026-09-02T11:55:52+00:00,057827cd-6583-4a3a-a461-f8546073fd02,SUN,Sun Klosterstr.,Berlin,52.52943,13.19517,2.4,2.369,2.309,2.399,True
2026-09-02T11:55:52+00:00,905d4775-754e-4b38-baca-89c98fad1d1a,Sprint,Sprint Berlin Ruhlebener Str.,Berlin,52.529285,13.20718,2.9,2.369,2.309,2.389,True
2026-09-02T11:57:23+00:00,cebbe420-bcf3-4db8-9099-c52b783e2158,ESSO,Esso Tankstelle,BERLIN,52.549044,13.17897,0,2.389,2.329,2.409,True
2026-09-02T11:57:23+00:00,7347dd32-bfa1-470a-a6ee-2a2c95ad9af5,ARAL,Aral Tankstelle,Berlin,52.542747,13.199304,1.5,2.399,2.339,2.409,True
2026-09-02T11:57:23+00:00,9f07b69b-4b15-4852-9c60-5d293c6cadc5,Sprint,Sprint Berlin Seegefelder Str.,Berlin,52.536163,13.191189,1.6,2.369,2.309,2.399,True
2026-09-02T11:57:23+00:00,005056ba-7cb6-1ed2-bceb-641db1c24d1d,STAR,star Tankstelle,Berlin,52.534388,13.184014,1.7,2.369,2.309,2.399,True
2026-09-02T11:57:23+00:00,51d4b471-a095-1aa0-e100-80009459e03a,JET,JET BERLIN BRUNSBUETTELER DAMM 87-89,BERLIN,52.53379,13.18503,1.7,2.379,2.319,2.399,True
2026-09-02T11:57:23+00:00,d590310c-e209-46b2-bfe7-dacc6148e1f1,TotalEnergies,TotalEnergies Berlin,Berlin,52.55424,13.207408,2,2.389,2.329,2.409,True
2026-09-02T11:57:23+00:00,5d8c8a4c-bce7-4d28-ae12-0d61a971c5cc,Shell,Shell Berlin Streitstr. 19,Berlin,52.558899,13.208409,2.3,2.409,2.349,2.409,True
2026-09-02T11:57:23+00:00,057827cd-6583-4a3a-a461-f8546073fd02,SUN,Sun Klosterstr.,Berlin,52.52943,13.19517,2.4,2.369,2.309,2.399,True
2026-09-02T11:57:23+00:00,905d4775-754e-4b38-baca-89c98fad1d1a,Sprint,Sprint Berlin Ruhlebener Str.,Berlin,52.529285,13.20718,2.9,2.369,2.309,2.389,True
2026-09-02T11:58:54+00:00,cebbe420-bcf3-4db8-9099-c52b783e2158,ESSO,Esso Tankstelle,BERLIN,52.549044,13.17897,0,2.389,2.329,2.409,True
2026-09-02T11:58:54+00:00,7347dd32-bfa1-470a-a6ee-2a2c95ad9af5,ARAL,Aral Tankstelle,Berlin,52.542747,13.199304,1.5,2.399,2.339,2.409,True
2026-09-02T11:58:54+00:00,9f07b69b-4b15-4852-9c60-5d293c6cadc5,Sprint,Sprint Berlin Seegefelder Str.,Berlin,52.536163,13.191189,1.6,2.369,2.309,2.399,True
2026-09-02T11:58:54+00:00,005056ba-7cb6-1ed2-bceb-641db1c24d1d,STAR,star Tankstelle,Berlin,52.534388,13.184014,1.7,2.369,2.309,2.399,True
2026-09-02T11:58:54+00:00,51d4b471-a095-1aa0-e100-80009459e03a,JET,JET BERLIN BRUNSBUETTELER DAMM 87-89,BERLIN,52.53379,13.18503,1.7,2.379,2.319,2.399,True
2026-09-02T11:58:54+00:00,d590310c-e209-46b2-bfe7-dacc6148e1f1,TotalEnergies,TotalEnergies Berlin,Berlin,52.55424,13.207408,2,2.389,2.329,2.409,True
2026-09-02T11:58:54+00:00,5d8c8a4c-bce7-4d28-ae12-0d61a971c5cc,Shell,Shell Berlin Streitstr. 19,Berlin,52.558899,13.208409,2.3,2.399,2.339,2.409,True
2026-09-02T11:58:54+00:00,057827cd-6583-4a3a-a461-f8546073fd02,SUN,Sun Klosterstr.,Berlin,52.52943,13.19517,2.4,2.369,2.309,2.399,True
2026-09-02T11:58:54+00:00,905d4775-754e-4b38-baca-89c98fad1d1a,Sprint,Sprint Berlin Ruhlebener Str.,Berlin,52.529285,13.20718,2.9,2.369,2.309,2.389,True
2026-09-02T12:00:25+00:00,cebbe420-bcf3-4db8-9099-c52b783e2158,ESSO,Esso Tankstelle,BERLIN,52.549044,13.17897,0,2.389,2.329,2.409,True
2026-09-02T12:00:25+00:00,7347dd32-bfa1-470a-a6ee-2a2c95ad9af5,ARAL,Aral Tankstelle,Berlin,52.542747,13.199304,1.5,2.399,2.339,2.409,True
2026-09-02T12:00:25+00:00,9f07b69b-4b15-4852-9c60-5d293c6cadc5,Sprint,Sprint Berlin Seegefelder Str.,Berlin,52.536163,13.191189,1.6,2.369,2.309,2.399,True
2026-09-02T12:00:25+00:00,005056ba-7cb6-1ed2-bceb-641db1c24d1d,STAR,star Tankstelle,Berlin,52.534388,13.184014,1.7,2.369,2.309,2.399,True
2026-09-02T12:00:25+00:00,51d4b471-a095-1aa0-e100-80009459e03a,JET,JET BERLIN BRUNSBUETTELER DAMM 87-89,BERLIN,52.53379,13.18503,1.7,2.379,2.319,2.399,True
2026-09-02T12:00:25+00:00,d590310c-e209-46b2-bfe7-dacc6148e1f1,TotalEnergies,TotalEnergies Berlin,Berlin,52.55424,13.207408,2,2.389,2.329,2.409,True
2026-09-02T12:00:25+00:00,5d8c8a4c-bce7-4d28-ae12-0d61a971c5cc,Shell,Shell Berlin Streitstr. 19,Berlin,52.558899,13.208409,2.3,2.399,2.339,2.409,True
2026-09-02T12:00:25+00:00,057827cd-6583-4a3a-a461-f8546073fd02,SUN,Sun Klosterstr.,Berlin,52.52943,13.19517,2.4,2.369,2.309,2.399,True
2026-09-02T12:00:25+00:00,905d4775-754e-4b38-baca-89c98fad1d1a,Sprint,Sprint Berlin Ruhlebener Str.,Berlin,52.529285,13.20718,2.9,2.369,2.309,2.389,True
2026-09-02T12:02:01+00:00,cebbe420-bcf3-4db8-9099-c52b783e2158,ESSO,Esso Tankstelle,BERLIN,52.549044,13.17897,0,2.389,2.329,2.409,True
2026-09-02T12:02:01+00:00,7347dd32-bfa1-470a-a6ee-2a2c95ad9af5,ARAL,Aral Tankstelle,Berlin,52.542747,13.199304,1.5,2.399,2.339,2.409,True
2026-09-02T12:02:01+00:00,9f07b69b-4b15-4852-9c60-5d293c6cadc5,Sprint,Sprint Berlin Seegefelder Str.,Berlin,52.536163,13.191189,1.6,2.369,2.309,2.399,True
2026-09-02T12:02:01+00:00,005056ba-7cb6-1ed2-bceb-641db1c24d1d,STAR,star Tankstelle,Berlin,52.534388,13.184014,1.7,2.369,2.309,2.399,True
2026-09-02T12:02:01+00:00,51d4b471-a095-1aa0-e100-80009459e03a,JET,JET BERLIN BRUNSBUETTELER DAMM 87-89,BERLIN,52.53379,13.18503,1.7,2.379,2.319,2.399,True
2026-09-02T12:02:01+00:00,d590310c-e209-46b2-bfe7-dacc6148e1f1,TotalEnergies,TotalEnergies Berlin,Berlin,52.55424,13.207408,2,2.389,2.329,2.409,True
2026-09-02T12:02:01+00:00,5d8c8a4c-bce7-4d28-ae12-0d61a971c5cc,Shell,Shell Berlin Streitstr. 19,Berlin,52.558899,13.208409,2.3,2.399,2.339,2.409,True
2026-09-02T12:02:01+00:00,057827cd-6583-4a3a-a461-f8546073fd02,SUN,Sun Klosterstr.,Berlin,52.52943,13.19517,2.4,2.369,2.309,2.399,True
2026-09-02T12:02:01+00:00,905d4775-754e-4b38-baca-89c98fad1d1a,Sprint,Sprint Berlin Ruhlebener Str.,Berlin,52.529285,13.20718,2.9,2.369,2.309,2.389,True
2026-09-02T12:03:34+00:00,cebbe420-bcf3-4db8-9099-c52b783e2158,ESSO,Esso Tankstelle,BERLIN,52.549044,13.17897,0,2.389,2.329,2.409,True
2026-09-02T12:03:34+00:00,7347dd32-bfa1-470a-a6ee-2a2c95ad9af5,ARAL,Aral Tankstelle,Berlin,52.542747,13.199304,1.5,2.399,2.339,2.409,True
2026-09-02T12:03:34+00:00,9f07b69b-4b15-4852-9c60-5d293c6cadc5,Sprint,Sprint Berlin Seegefelder Str.,Berlin,52.536163,13.191189,1.6,2.369,2.309,2.399,True
2026-09-02T12:03:34+00:00,005056ba-7cb6-1ed2-bceb-641db1c24d1d,STAR,star Tankstelle,Berlin,52.534388,13.184014,1.7,2.369,2.309,2.399,True
2026-09-02T12:03:34+00:00,51d4b471-a095-1aa0-e100-80009459e03a,JET,JET BERLIN BRUNSBUETTELER DAMM 87-89,BERLIN,52.53379,13.18503,1.7,2.379,2.319,2.399,True
2026-09-02T12:03:34+00:00,d590310c-e209-46b2-bfe7-dacc6148e1f1,TotalEnergies,TotalEnergies Berlin,Berlin,52.55424,13.207408,2,2.389,2.329,2.409,True
2026-09-02T12:03:34+00:00,5d8c8a4c-bce7-4d28-ae12-0d61a971c5cc,Shell,Shell Berlin Streitstr. 19,Berlin,52.558899,13.208409,2.3,2.399,2.339,2.409,True
2026-09-02T12:03:34+00:00,057827cd-6583-4a3a-a461-f8546073fd02,SUN,Sun Klosterstr.,Berlin,52.52943,13.19517,2.4,2.369,2.309,2.399,True
2026-09-02T12:03:34+00:00,905d4775-754e-4b38-baca-89c98fad1d1a,Sprint,Sprint Berlin Ruhlebener Str.,Berlin,52.529285,13.20718,2.9,2.369,2.309,2.389,True
2026-09-02T12:05:05+00:00,cebbe420-bcf3-4db8-9099-c52b783e2158,ESSO,Esso Tankstelle,BERLIN,52.549044,13.17897,0,2.389,2.329,2.409,True
2026-09-02T12:05:05+00:00,7347dd32-bfa1-470a-a6ee-2a2c95ad9af5,ARAL,Aral Tankstelle,Berlin,52.542747,13.199304,1.5,2.399,2.339,2.409,True
2026-09-02T12:05:05+00:00,9f07b69b-4b15-4852-9c60-5d293c6cadc5,Sprint,Sprint Berlin Seegefelder Str.,Berlin,52.536163,13.191189,1.6,2.369,2.309,2.399,True
2026-09-02T12:05:05+00:00,005056ba-7cb6-1ed2-bceb-641db1c24d1d,STAR,star Tankstelle,Berlin,52.534388,13.184014,1.7,2.369,2.309,2.399,True
2026-09-02T12:05:05+00:00,51d4b471-a095-1aa0-e100-80009459e03a,JET,JET BERLIN BRUNSBUETTELER DAMM 87-89,BERLIN,52.53379,13.18503,1.7,2.369,2.309,2.389,True
2026-09-02T12:05:05+00:00,d590310c-e209-46b2-bfe7-dacc6148e1f1,TotalEnergies,TotalEnergies Berlin,Berlin,52.55424,13.207408,2,2.389,2.329,2.409,True
2026-09-02T12:05:05+00:00,5d8c8a4c-bce7-4d28-ae12-0d61a971c5cc,Shell,Shell Berlin Streitstr. 19,Berlin,52.558899,13.208409,2.3,2.399,2.339,2.409,True
2026-09-02T12:05:05+00:00,057827cd-6583-4a3a-a461-f8546073fd02,SUN,Sun Klosterstr.,Berlin,52.52943,13.19517,2.4,2.369,2.309,2.399,True
2026-09-02T12:05:05+00:00,905d4775-754e-4b38-baca-89c98fad1d1a,Sprint,Sprint Berlin Ruhlebener Str.,Berlin,52.529285,13.20718,2.9,2.369,2.309,2.389,True
2026-09-02T12:06:38+00:00,cebbe420-bcf3-4db8-9099-c52b783e2158,ESSO,Esso Tankstelle,BERLIN,52.549044,13.17897,0,2.389,2.329,2.409,True
2026-09-02T12:06:38+00:00,7347dd32-bfa1-470a-a6ee-2a2c95ad9af5,ARAL,Aral Tankstelle,Berlin,52.542747,13.199304,1.5,2.399,2.339,2.409,True
2026-09-02T12:06:38+00:00,9f07b69b-4b15-4852-9c60-5d293c6cadc5,Sprint,Sprint Berlin Seegefelder Str.,Berlin,52.536163,13.191189,1.6,2.369,2.309,2.389,True
2026-09-02T12:06:38+00:00,005056ba-7cb6-1ed2-bceb-641db1c24d1d,STAR,star Tankstelle,Berlin,52.534388,13.184014,1.7,2.369,2.309,2.389,True
2026-09-02T12:06:38+00:00,51d4b471-a095-1aa0-e100-80009459e03a,JET,JET BERLIN BRUNSBUETTELER DAMM 87-89,BERLIN,52.53379,13.18503,1.7,2.369,2.309,2.389,True
2026-09-02T12:06:38+00:00,d590310c-e209-46b2-bfe7-dacc6148e1f1,TotalEnergies,TotalEnergies Berlin,Berlin,52.55424,13.207408,2,2.389,2.329,2.409,True
2026-09-02T12:06:38+00:00,5d8c8a4c-bce7-4d28-ae12-0d61a971c5cc,Shell,Shell Berlin Streitstr. 19,Berlin,52.558899,13.208409,2.3,2.399,2.339,2.409,True
2026-09-02T12:06:38+00:00,057827cd-6583-4a3a-a461-f8546073fd02,SUN,Sun Klosterstr.,Berlin,52.52943,13.19517,2.4,2.369,2.309,2.399,True
2026-09-02T12:06:38+00:00,905d4775-754e-4b38-baca-89c98fad1d1a,Sprint,Sprint Berlin Ruhlebener Str.,Berlin,52.529285,13.20718,2.9,2.369,2.309,2.389,True
2026-09-02T12:08:09+00:00,cebbe420-bcf3-4db8-9099-c52b783e2158,ESSO,Esso Tankstelle,BERLIN,52.549044,13.17897,0,2.389,2.329,2.409,True
2026-09-02T12:08:09+00:00,7347dd32-bfa1-470a-a6ee-2a2c95ad9af5,ARAL,Aral Tankstelle,Berlin,52.542747,13.199304,1.5,2.399,2.339,2.409,True
2026-09-02T12:08:09+00:00,9f07b69b-4b15-4852-9c60-5d293c6cadc5,Sprint,Sprint Berlin Seegefelder Str.,Berlin,52.536163,13.191189,1.6,2.369,2.309,2.389,True
2026-09-02T12:08:09+00:00,005056ba-7cb6-1ed2-bceb-641db1c24d1d,STAR,star Tankstelle,Berlin,52.534388,13.184014,1.7,2.369,2.309,2.389,True
2026-09-02T12:08:09+00:00,51d4b471-a095-1aa0-e100-80009459e03a,JET,JET BERLIN BRUNSBUETTELER DAMM 87-89,BERLIN,52.53379,13.18503,1.7,2.369,2.309,2.389,True
2026-09-02T12:08:09+00:00,d590310c-e209-46b2-bfe7-dacc6148e1f1,TotalEnergies,TotalEnergies Berlin,Berlin,52.55424,13.207408,2,2.389,2.329,2.409,True
2026-09-02T12:08:09+00:00,5d8c8a4c-bce7-4d28-ae12-0d61a971c5cc,Shell,Shell Berlin Streitstr. 19,Berlin,52.558899,13.208409,2.3,2.399,2.339,2.409,True
2026-09-02T12:08:09+00:00,057827cd-6583-4a3a-a461-f8546073fd02,SUN,Sun Klosterstr.,Berlin,52.52943,13.19517,2.4,2.369,2.309,2.399,True
2026-09-02T12:08:09+00:00,905d4775-754e-4b38-baca-89c98fad1d1a,Sprint,Sprint Berlin Ruhlebener Str.,Berlin,52.529285,13.20718,2.9,2.369,2.309,2.389,True
2026-09-02T12:09:40+00:00,cebbe420-bcf3-4db8-9099-c52b783e2158,ESSO,Esso Tankstelle,BERLIN,52.549044,13.17897,0,2.389,2.329,2.409,True
2026-09-02T12:09:40+00:00,7347dd32-bfa1-470a-a6ee-2a2c95ad9af5,ARAL,Aral Tankstelle,Berlin,52.542747,13.199304,1.5,2.389,2.329,2.399,True
2026-09-02T12:09:40+00:00,9f07b69b-4b15-4852-9c60-5d293c6cadc5,Sprint,Sprint Berlin Seegefelder Str.,Berlin,52.536163,13.191189,1.6,2.369,2.309,2.389,True
2026-09-02T12:09:40+00:00,005056ba-7cb6-1ed2-bceb-641db1c24d1d,STAR,star Tankstelle,Berlin,52.534388,13.184014,1.7,2.369,2.309,2.389,True
2026-09-02T12:09:40+00:00,51d4b471-a095-1aa0-e100-80009459e03a,JET,JET BERLIN BRUNSBUETTELER DAMM 87-89,BERLIN,52.53379,13.18503,1.7,2.369,2.309,2.389,True
2026-09-02T12:09:40+00:00,d590310c-e209-46b2-bfe7-dacc6148e1f1,TotalEnergies,TotalEnergies Berlin,Berlin,52.55424,13.207408,2,2.379,2.319,2.399,True
2026-09-02T12:09:40+00:00,5d8c8a4c-bce7-4d28-ae12-0d61a971c5cc,Shell,Shell Berlin Streitstr. 19,Berlin,52.558899,13.208409,2.3,2.389,2.329,2.409,True
2026-09-02T12:09:40+00:00,057827cd-6583-4a3a-a461-f8546073fd02,SUN,Sun Klosterstr.,Berlin,52.52943,13.19517,2.4,2.369,2.309,2.389,True
2026-09-02T12:09:40+00:00,905d4775-754e-4b38-baca-89c98fad1d1a,Sprint,Sprint Berlin Ruhlebener Str.,Berlin,52.529285,13.20718,2.9,2.369,2.309,2.389,True
2026-09-02T12:11:11+00:00,cebbe420-bcf3-4db8-9099-c52b783e2158,ESSO,Esso Tankstelle,BERLIN,52.549044,13.17897,0,2.389,2.329,2.409,True
2026-09-02T12:11:11+00:00,7347dd32-bfa1-470a-a6ee-2a2c95ad9af5,ARAL,Aral Tankstelle,Berlin,52.542747,13.199304,1.5,2.389,2.329,2.399,True
2026-09-02T12:11:11+00:00,9f07b69b-4b15-4852-9c60-5d293c6cadc5,Sprint,Sprint Berlin Seegefelder Str.,Berlin,52.536163,13.191189,1.6,2.369,2.309,2.389,True
2026-09-02T12:11:11+00:00,005056ba-7cb6-1ed2-bceb-641db1c24d1d,STAR,star Tankstelle,Berlin,52.534388,13.184014,1.7,2.369,2.309,2.389,True
2026-09-02T12:11:11+00:00,51d4b471-a095-1aa0-e100-80009459e03a,JET,JET BERLIN BRUNSBUETTELER DAMM 87-89,BERLIN,52.53379,13.18503,1.7,2.369,2.309,2.389,True
2026-09-02T12:11:11+00:00,d590310c-e209-46b2-bfe7-dacc6148e1f1,TotalEnergies,TotalEnergies Berlin,Berlin,52.55424,13.207408,2,2.379,2.319,2.399,True
2026-09-02T12:11:11+00:00,5d8c8a4c-bce7-4d28-ae12-0d61a971c5cc,Shell,Shell Berlin Streitstr. 19,Berlin,52.558899,13.208409,2.3,2.389,2.329,2.409,True
2026-09-02T12:11:11+00:00,057827cd-6583-4a3a-a461-f8546073fd02,SUN,Sun Klosterstr.,Berlin,52.52943,13.19517,2.4,2.369,2.309,2.389,True
2026-09-02T12:11:11+00:00,905d4775-754e-4b38-baca-89c98fad1d1a,Sprint,Sprint Berlin Ruhlebener Str.,Berlin,52.529285,13.20718,2.9,2.369,2.309,2.389,True
2026-09-02T12:12:41+00:00,cebbe420-bcf3-4db8-9099-c52b783e2158,ESSO,Esso Tankstelle,BERLIN,52.549044,13.17897,0,2.389,2.329,2.409,True
2026-09-02T12:12:41+00:00,7347dd32-bfa1-470a-a6ee-2a2c95ad9af5,ARAL,Aral Tankstelle,Berlin,52.542747,13.199304,1.5,2.389,2.329,2.399,True
2026-09-02T12:12:41+00:00,9f07b69b-4b15-4852-9c60-5d293c6cadc5,Sprint,Sprint Berlin Seegefelder Str.,Berlin,52.536163,13.191189,1.6,2.369,2.309,2.389,True
2026-09-02T12:12:41+00:00,005056ba-7cb6-1ed2-bceb-641db1c24d1d,STAR,star Tankstelle,Berlin,52.534388,13.184014,1.7,2.369,2.309,2.389,True
2026-09-02T12:12:41+00:00,51d4b471-a095-1aa0-e100-80009459e03a,JET,JET BERLIN BRUNSBUETTELER DAMM 87-89,BERLIN,52.53379,13.18503,1.7,2.369,2.309,2.389,True
2026-09-02T12:12:41+00:00,d590310c-e209-46b2-bfe7-dacc6148e1f1,TotalEnergies,TotalEnergies Berlin,Berlin,52.55424,13.207408,2,2.379,2.319,2.399,True
2026-09-02T12:12:41+00:00,5d8c8a4c-bce7-4d28-ae12-0d61a971c5cc,Shell,Shell Berlin Streitstr. 19,Berlin,52.558899,13.208409,2.3,2.389,2.329,2.409,True
2026-09-02T12:12:41+00:00,057827cd-6583-4a3a-a461-f8546073fd02,SUN,Sun Klosterstr.,Berlin,52.52943,13.19517,2.4,2.369,2.309,2.389,True
2026-09-02T12:12:41+00:00,905d4775-754e-4b38-baca-89c98fad1d1a,Sprint,Sprint Berlin Ruhlebener Str.,Berlin,52.529285,13.20718,2.9,2.369,2.309,2.389,True
2026-09-02T12:14:12+00:00,cebbe420-bcf3-4db8-9099-c52b783e2158,ESSO,Esso Tankstelle,BERLIN,52.549044,13.17897,0,2.389,2.329,2.409,True
2026-09-02T12:14:12+00:00,7347dd32-bfa1-470a-a6ee-2a2c95ad9af5,ARAL,Aral Tankstelle,Berlin,52.542747,13.199304,1.5,2.389,2.329,2.399,True
2026-09-02T12:14:12+00:00,9f07b69b-4b15-4852-9c60-5d293c6cadc5,Sprint,Sprint Berlin Seegefelder Str.,Berlin,52.536163,13.191189,1.6,2.369,2.309,2.389,True
2026-09-02T12:14:12+00:00,005056ba-7cb6-1ed2-bceb-641db1c24d1d,STAR,star Tankstelle,Berlin,52.534388,13.184014,1.7,2.369,2.309,2.389,True
2026-09-02T12:14:12+00:00,51d4b471-a095-1aa0-e100-80009459e03a,JET,JET BERLIN BRUNSBUETTELER DAMM 87-89,BERLIN,52.53379,13.18503,1.7,2.369,2.309,2.389,True
2026-09-02T12:14:12+00:00,d590310c-e209-46b2-bfe7-dacc6148e1f1,TotalEnergies,TotalEnergies Berlin,Berlin,52.55424,13.207408,2,2.379,2.319,2.399,True
2026-09-02T12:14:12+00:00,5d8c8a4c-bce7-4d28-ae12-0d61a971c5cc,Shell,Shell Berlin Streitstr. 19,Berlin,52.558899,13.208409,2.3,2.389,2.329,2.409,True
2026-09-02T12:14:12+00:00,057827cd-6583-4a3a-a461-f8546073fd02,SUN,Sun Klosterstr.,Berlin,52.52943,13.19517,2.4,2.369,2.309,2.389,True
2026-09-02T12:14:12+00:00,905d4775-754e-4b38-baca-89c98fad1d1a,Sprint,Sprint Berlin Ruhlebener Str.,Berlin,52.529285,13.20718,2.9,2.369,2.309,2.389,True
2026-09-02T12:15:43+00:00,cebbe420-bcf3-4db8-9099-c52b783e2158,ESSO,Esso Tankstelle,BERLIN,52.549044,13.17897,0,2.379,2.319,2.399,True
2026-09-02T12:15:43+00:00,7347dd32-bfa1-470a-a6ee-2a2c95ad9af5,ARAL,Aral Tankstelle,Berlin,52.542747,13.199304,1.5,2.389,2.329,2.399,True
2026-09-02T12:15:43+00:00,9f07b69b-4b15-4852-9c60-5d293c6cadc5,Sprint,Sprint Berlin Seegefelder Str.,Berlin,52.536163,13.191189,1.6,2.369,2.309,2.389,True
2026-09-02T12:15:43+00:00,005056ba-7cb6-1ed2-bceb-641db1c24d1d,STAR,star Tankstelle,Berlin,52.534388,13.184014,1.7,2.369,2.309,2.389,True
2026-09-02T12:15:43+00:00,51d4b471-a095-1aa0-e100-80009459e03a,JET,JET BERLIN BRUNSBUETTELER DAMM 87-89,BERLIN,52.53379,13.18503,1.7,2.369,2.309,2.389,True
2026-09-02T12:15:43+00:00,d590310c-e209-46b2-bfe7-dacc6148e1f1,TotalEnergies,TotalEnergies Berlin,Berlin,52.55424,13.207408,2,2.379,2.319,2.399,True
2026-09-02T12:15:43+00:00,5d8c8a4c-bce7-4d28-ae12-0d61a971c5cc,Shell,Shell Berlin Streitstr. 19,Berlin,52.558899,13.208409,2.3,2.389,2.329,2.409,True
2026-09-02T12:15:43+00:00,057827cd-6583-4a3a-a461-f8546073fd02,SUN,Sun Klosterstr.,Berlin,52.52943,13.19517,2.4,2.369,2.309,2.389,True
2026-09-02T12:15:43+00:00,905d4775-754e-4b38-baca-89c98fad1d1a,Sprint,Sprint Berlin Ruhlebener Str.,Berlin,52.529285,13.20718,2.9,2.369,2.309,2.389,True
2026-09-02T12:17:14+00:00,cebbe420-bcf3-4db8-9099-c52b783e2158,ESSO,Esso Tankstelle,BERLIN,52.549044,13.17897,0,2.379,2.319,2.399,True
2026-09-02T12:17:14+00:00,7347dd32-bfa1-470a-a6ee-2a2c95ad9af5,ARAL,Aral Tankstelle,Berlin,52.542747,13.199304,1.5,2.389,2.329,2.399,True
2026-09-02T12:17:14+00:00,9f07b69b-4b15-4852-9c60-5d293c6cadc5,Sprint,Sprint Berlin Seegefelder Str.,Berlin,52.536163,13.191189,1.6,2.369,2.309,2.389,True
2026-09-02T12:17:14+00:00,005056ba-7cb6-1ed2-bceb-641db1c24d1d,STAR,star Tankstelle,Berlin,52.534388,13.184014,1.7,2.369,2.309,2.389,True
2026-09-02T12:17:14+00:00,51d4b471-a095-1aa0-e100-80009459e03a,JET,JET BERLIN BRUNSBUETTELER DAMM 87-89,BERLIN,52.53379,13.18503,1.7,2.369,2.309,2.389,True
2026-09-02T12:17:14+00:00,d590310c-e209-46b2-bfe7-dacc6148e1f1,TotalEnergies,TotalEnergies Berlin,Berlin,52.55424,13.207408,2,2.379,2.319,2.399,True
2026-09-02T12:17:14+00:00,5d8c8a4c-bce7-4d28-ae12-0d61a971c5cc,Shell,Shell Berlin Streitstr. 19,Berlin,52.558899,13.208409,2.3,2.389,2.329,2.409,True
2026-09-02T12:17:14+00:00,057827cd-6583-4a3a-a461-f8546073fd02,SUN,Sun Klosterstr.,Berlin,52.52943,13.19517,2.4,2.369,2.309,2.389,True
2026-09-02T12:17:14+00:00,905d4775-754e-4b38-baca-89c98fad1d1a,Sprint,Sprint Berlin Ruhlebener Str.,Berlin,52.529285,13.20718,2.9,2.369,2.309,2.389,True
2026-09-02T12:18:45+00:00,cebbe420-bcf3-4db8-9099-c52b783e2158,ESSO,Esso Tankstelle,BERLIN,52.549044,13.17897,0,2.379,2.319,2.399,True
2026-09-02T12:18:45+00:00,7347dd32-bfa1-470a-a6ee-2a2c95ad9af5,ARAL,Aral Tankstelle,Berlin,52.542747,13.199304,1.5,2.389,2.329,2.399,True
2026-09-02T12:18:45+00:00,9f07b69b-4b15-4852-9c60-5d293c6cadc5,Sprint,Sprint Berlin Seegefelder Str.,Berlin,52.536163,13.191189,1.6,2.369,2.309,2.389,True
2026-09-02T12:18:45+00:00,005056ba-7cb6-1ed2-bceb-641db1c24d1d,STAR,star Tankstelle,Berlin,52.534388,13.184014,1.7,2.369,2.309,2.389,True
2026-09-02T12:18:45+00:00,51d4b471-a095-1aa0-e100-80009459e03a,JET,JET BERLIN BRUNSBUETTELER DAMM 87-89,BERLIN,52.53379,13.18503,1.7,2.369,2.309,2.389,True
2026-09-02T12:18:45+00:00,d590310c-e209-46b2-bfe7-dacc6148e1f1,TotalEnergies,TotalEnergies Berlin,Berlin,52.55424,13.207408,2,2.379,2.319,2.399,True
2026-09-02T12:18:45+00:00,5d8c8a4c-bce7-4d28-ae12-0d61a971c5cc,Shell,Shell Berlin Streitstr. 19,Berlin,52.558899,13.208409,2.3,2.389,2.329,2.409,True
2026-09-02T12:18:45+00:00,057827cd-6583-4a3a-a461-f8546073fd02,SUN,Sun Klosterstr.,Berlin,52.52943,13.19517,2.4,2.369,2.309,2.389,True
2026-09-02T12:18:45+00:00,905d4775-754e-4b38-baca-89c98fad1d1a,Sprint,Sprint Berlin Ruhlebener Str.,Berlin,52.529285,13.20718,2.9,2.369,2.309,2.389,True
2026-09-02T12:20:16+00:00,cebbe420-bcf3-4db8-9099-c52b783e2158,ESSO,Esso Tankstelle,BERLIN,52.549044,13.17897,0,2.379,2.319,2.399,True
2026-09-02T12:20:16+00:00,7347dd32-bfa1-470a-a6ee-2a2c95ad9af5,ARAL,Aral Tankstelle,Berlin,52.542747,13.199304,1.5,2.389,2.329,2.399,True
2026-09-02T12:20:16+00:00,9f07b69b-4b15-4852-9c60-5d293c6cadc5,Sprint,Sprint Berlin Seegefelder Str.,Berlin,52.536163,13.191189,1.6,2.369,2.309,2.389,True
2026-09-02T12:20:16+00:00,005056ba-7cb6-1ed2-bceb-641db1c24d1d,STAR,star Tankstelle,Berlin,52.534388,13.184014,1.7,2.369,2.309,2.389,True
2026-09-02T12:20:16+00:00,51d4b471-a095-1aa0-e100-80009459e03a,JET,JET BERLIN BRUNSBUETTELER DAMM 87-89,BERLIN,52.53379,13.18503,1.7,2.369,2.309,2.389,True
2026-09-02T12:20:16+00:00,d590310c-e209-46b2-bfe7-dacc6148e1f1,TotalEnergies,TotalEnergies Berlin,Berlin,52.55424,13.207408,2,2.379,2.319,2.399,True
2026-09-02T12:20:16+00:00,5d8c8a4c-bce7-4d28-ae12-0d61a971c5cc,Shell,Shell Berlin Streitstr. 19,Berlin,52.558899,13.208409,2.3,2.389,2.329,2.409,True
2026-09-02T12:20:16+00:00,057827cd-6583-4a3a-a461-f8546073fd02,SUN,Sun Klosterstr.,Berlin,52.52943,13.19517,2.4,2.369,2.309,2.389,True
2026-09-02T12:20:16+00:00,905d4775-754e-4b38-baca-89c98fad1d1a,Sprint,Sprint Berlin Ruhlebener Str.,Berlin,52.529285,13.20718,2.9,2.369,2.309,2.389,True
2026-09-02T12:21:47+00:00,cebbe420-bcf3-4db8-9099-c52b783e2158,ESSO,Esso Tankstelle,BERLIN,52.549044,13.17897,0,2.379,2.319,2.399,True
2026-09-02T12:21:47+00:00,7347dd32-bfa1-470a-a6ee-2a2c95ad9af5,ARAL,Aral Tankstelle,Berlin,52.542747,13.199304,1.5,2.389,2.329,2.399,True
2026-09-02T12:21:47+00:00,9f07b69b-4b15-4852-9c60-5d293c6cadc5,Sprint,Sprint Berlin Seegefelder Str.,Berlin,52.536163,13.191189,1.6,2.369,2.309,2.389,True
2026-09-02T12:21:47+00:00,005056ba-7cb6-1ed2-bceb-641db1c24d1d,STAR,star Tankstelle,Berlin,52.534388,13.184014,1.7,2.369,2.309,2.389,True
2026-09-02T12:21:47+00:00,51d4b471-a095-1aa0-e100-80009459e03a,JET,JET BERLIN BRUNSBUETTELER DAMM 87-89,BERLIN,52.53379,13.18503,1.7,2.369,2.309,2.389,True
2026-09-02T12:21:47+00:00,d590310c-e209-46b2-bfe7-dacc6148e1f1,TotalEnergies,TotalEnergies Berlin,Berlin,52.55424,13.207408,2,2.379,2.319,2.399,True
2026-09-02T12:21:47+00:00,5d8c8a4c-bce7-4d28-ae12-0d61a971c5cc,Shell,Shell Berlin Streitstr. 19,Berlin,52.558899,13.208409,2.3,2.389,2.329,2.409,True
2026-09-02T12:21:47+00:00,057827cd-6583-4a3a-a461-f8546073fd02,SUN,Sun Klosterstr.,Berlin,52.52943,13.19517,2.4,2.369,2.309,2.389,True
2026-09-02T12:21:47+00:00,905d4775-754e-4b38-baca-89c98fad1d1a,Sprint,Sprint Berlin Ruhlebener Str.,Berlin,52.529285,13.20718,2.9,2.369,2.309,2.389,True
2026-09-02T12:23:17+00:00,cebbe420-bcf3-4db8-9099-c52b783e2158,ESSO,Esso Tankstelle,BERLIN,52.549044,13.17897,0,2.379,2.319,2.399,True
2026-09-02T12:23:17+00:00,7347dd32-bfa1-470a-a6ee-2a2c95ad9af5,ARAL,Aral Tankstelle,Berlin,52.542747,13.199304,1.5,2.389,2.329,2.399,True
2026-09-02T12:23:17+00:00,9f07b69b-4b15-4852-9c60-5d293c6cadc5,Sprint,Sprint Berlin Seegefelder Str.,Berlin,52.536163,13.191189,1.6,2.369,2.309,2.389,True
2026-09-02T12:23:17+00:00,005056ba-7cb6-1ed2-bceb-641db1c24d1d,STAR,star Tankstelle,Berlin,52.534388,13.184014,1.7,2.369,2.309,2.389,True
2026-09-02T12:23:17+00:00,51d4b471-a095-1aa0-e100-80009459e03a,JET,JET BERLIN BRUNSBUETTELER DAMM 87-89,BERLIN,52.53379,13.18503,1.7,2.369,2.309,2.389,True
2026-09-02T12:23:17+00:00,d590310c-e209-46b2-bfe7-dacc6148e1f1,TotalEnergies,TotalEnergies Berlin,Berlin,52.55424,13.207408,2,2.379,2.319,2.399,True
2026-09-02T12:23:17+00:00,5d8c8a4c-bce7-4d28-ae12-0d61a971c5cc,Shell,Shell Berlin Streitstr. 19,Berlin,52.558899,13.208409,2.3,2.389,2.329,2.409,True
2026-09-02T12:23:17+00:00,057827cd-6583-4a3a-a461-f8546073fd02,SUN,Sun Klosterstr.,Berlin,52.52943,13.19517,2.4,2.369,2.309,2.389,True
2026-09-02T12:23:17+00:00,905d4775-754e-4b38-baca-89c98fad1d1a,Sprint,Sprint Berlin Ruhlebener Str.,Berlin,52.529285,13.20718,2.9,2.369,2.309,2.389,True
2026-09-02T12:24:48+00:00,cebbe420-bcf3-4db8-9099-c52b783e2158,ESSO,Esso Tankstelle,BERLIN,52.549044,13.17897,0,2.379,2.319,2.399,True
2026-09-02T12:24:48+00:00,7347dd32-bfa1-470a-a6ee-2a2c95ad9af5,ARAL,Aral Tankstelle,Berlin,52.542747,13.199304,1.5,2.389,2.329,2.399,True
2026-09-02T12:24:48+00:00,9f07b69b-4b15-4852-9c60-5d293c6cadc5,Sprint,Sprint Berlin Seegefelder Str.,Berlin,52.536163,13.191189,1.6,2.369,2.309,2.389,True
2026-09-02T12:24:48+00:00,005056ba-7cb6-1ed2-bceb-641db1c24d1d,STAR,star Tankstelle,Berlin,52.534388,13.184014,1.7,2.369,2.309,2.389,True
2026-09-02T12:24:48+00:00,51d4b471-a095-1aa0-e100-80009459e03a,JET,JET BERLIN BRUNSBUETTELER DAMM 87-89,BERLIN,52.53379,13.18503,1.7,2.369,2.309,2.389,True
2026-09-02T12:24:48+00:00,d590310c-e209-46b2-bfe7-dacc6148e1f1,TotalEnergies,TotalEnergies Berlin,Berlin,52.55424,13.207408,2,2.379,2.319,2.399,True
2026-09-02T12:24:48+00:00,5d8c8a4c-bce7-4d28-ae12-0d61a971c5cc,Shell,Shell Berlin Streitstr. 19,Berlin,52.558899,13.208409,2.3,2.389,2.329,2.409,True
2026-09-02T12:24:48+00:00,057827cd-6583-4a3a-a461-f8546073fd02,SUN,Sun Klosterstr.,Berlin,52.52943,13.19517,2.4,2.369,2.309,2.389,True
2026-09-02T12:24:48+00:00,905d4775-754e-4b38-baca-89c98fad1d1a,Sprint,Sprint Berlin Ruhlebener Str.,Berlin,52.529285,13.20718,2.9,2.369,2.309,2.389,True
2026-09-02T12:26:19+00:00,cebbe420-bcf3-4db8-9099-c52b783e2158,ESSO,Esso Tankstelle,BERLIN,52.549044,13.17897,0,2.379,2.319,2.399,True
2026-09-02T12:26:19+00:00,7347dd32-bfa1-470a-a6ee-2a2c95ad9af5,ARAL,Aral Tankstelle,Berlin,52.542747,13.199304,1.5,2.389,2.329,2.399,True
2026-09-02T12:26:19+00:00,9f07b69b-4b15-4852-9c60-5d293c6cadc5,Sprint,Sprint Berlin Seegefelder Str.,Berlin,52.536163,13.191189,1.6,2.369,2.309,2.389,True
2026-09-02T12:26:19+00:00,005056ba-7cb6-1ed2-bceb-641db1c24d1d,STAR,star Tankstelle,Berlin,52.534388,13.184014,1.7,2.369,2.309,2.389,True
2026-09-02T12:26:19+00:00,51d4b471-a095-1aa0-e100-80009459e03a,JET,JET BERLIN BRUNSBUETTELER DAMM 87-89,BERLIN,52.53379,13.18503,1.7,2.369,2.309,2.389,True
2026-09-02T12:26:19+00:00,d590310c-e209-46b2-bfe7-dacc6148e1f1,TotalEnergies,TotalEnergies Berlin,Berlin,52.55424,13.207408,2,2.379,2.319,2.399,True
2026-09-02T12:26:19+00:00,5d8c8a4c-bce7-4d28-ae12-0d61a971c5cc,Shell,Shell Berlin Streitstr. 19,Berlin,52.558899,13.208409,2.3,2.389,2.329,2.409,True
2026-09-02T12:26:19+00:00,057827cd-6583-4a3a-a461-f8546073fd02,SUN,Sun Klosterstr.,Berlin,52.52943,13.19517,2.4,2.369,2.309,2.389,True
2026-09-02T12:26:19+00:00,905d4775-754e-4b38-baca-89c98fad1d1a,Sprint,Sprint Berlin Ruhlebener Str.,Berlin,52.529285,13.20718,2.9,2.369,2.309,2.389,True
2026-09-02T12:27:50+00:00,cebbe420-bcf3-4db8-9099-c52b783e2158,ESSO,Esso Tankstelle,BERLIN,52.549044,13.17897,0,2.379,2.319,2.399,True
2026-09-02T12:27:50+00:00,7347dd32-bfa1-470a-a6ee-2a2c95ad9af5,ARAL,Aral Tankstelle,Berlin,52.542747,13.199304,1.5,2.389,2.329,2.399,True
2026-09-02T12:27:50+00:00,9f07b69b-4b15-4852-9c60-5d293c6cadc5,Sprint,Sprint Berlin Seegefelder Str.,Berlin,52.536163,13.191189,1.6,2.369,2.309,2.389,True
2026-09-02T12:27:50+00:00,005056ba-7cb6-1ed2-bceb-641db1c24d1d,STAR,star Tankstelle,Berlin,52.534388,13.184014,1.7,2.369,2.309,2.389,True
2026-09-02T12:27:50+00:00,51d4b471-a095-1aa0-e100-80009459e03a,JET,JET BERLIN BRUNSBUETTELER DAMM 87-89,BERLIN,52.53379,13.18503,1.7,2.369,2.309,2.389,True
2026-09-02T12:27:50+00:00,d590310c-e209-46b2-bfe7-dacc6148e1f1,TotalEnergies,TotalEnergies Berlin,Berlin,52.55424,13.207408,2,2.379,2.319,2.399,True
2026-09-02T12:27:50+00:00,5d8c8a4c-bce7-4d28-ae12-0d61a971c5cc,Shell,Shell Berlin Streitstr. 19,Berlin,52.558899,13.208409,2.3,2.379,2.319,2.399,True
2026-09-02T12:27:50+00:00,057827cd-6583-4a3a-a461-f8546073fd02,SUN,Sun Klosterstr.,Berlin,52.52943,13.19517,2.4,2.369,2.309,2.389,True
2026-09-02T12:27:50+00:00,905d4775-754e-4b38-baca-89c98fad1d1a,Sprint,Sprint Berlin Ruhlebener Str.,Berlin,52.529285,13.20718,2.9,2.369,2.309,2.389,True
2026-09-02T12:29:21+00:00,cebbe420-bcf3-4db8-9099-c52b783e2158,ESSO,Esso Tankstelle,BERLIN,52.549044,13.17897,0,2.379,2.319,2.399,True
2026-09-02T12:29:21+00:00,7347dd32-bfa1-470a-a6ee-2a2c95ad9af5,ARAL,Aral Tankstelle,Berlin,52.542747,13.199304,1.5,2.389,2.329,2.399,True
2026-09-02T12:29:21+00:00,9f07b69b-4b15-4852-9c60-5d293c6cadc5,Sprint,Sprint Berlin Seegefelder Str.,Berlin,52.536163,13.191189,1.6,2.369,2.309,2.389,True
2026-09-02T12:29:21+00:00,005056ba-7cb6-1ed2-bceb-641db1c24d1d,STAR,star Tankstelle,Berlin,52.534388,13.184014,1.7,2.369,2.309,2.389,True
2026-09-02T12:29:21+00:00,51d4b471-a095-1aa0-e100-80009459e03a,JET,JET BERLIN BRUNSBUETTELER DAMM 87-89,BERLIN,52.53379,13.18503,1.7,2.369,2.309,2.389,True
2026-09-02T12:29:21+00:00,d590310c-e209-46b2-bfe7-dacc6148e1f1,TotalEnergies,TotalEnergies Berlin,Berlin,52.55424,13.207408,2,2.379,2.319,2.399,True
2026-09-02T12:29:21+00:00,5d8c8a4c-bce7-4d28-ae12-0d61a971c5cc,Shell,Shell Berlin Streitstr. 19,Berlin,52.558899,13.208409,2.3,2.379,2.319,2.399,True
2026-09-02T12:29:21+00:00,057827cd-6583-4a3a-a461-f8546073fd02,SUN,Sun Klosterstr.,Berlin,52.52943,13.19517,2.4,2.369,2.309,2.389,True
2026-09-02T12:29:21+00:00,905d4775-754e-4b38-baca-89c98fad1d1a,Sprint,Sprint Berlin Ruhlebener Str.,Berlin,52.529285,13.20718,2.9,2.369,2.309,2.389,True
2026-09-02T12:30:52+00:00,cebbe420-bcf3-4db8-9099-c52b783e2158,ESSO,Esso Tankstelle,BERLIN,52.549044,13.17897,0,2.379,2.319,2.399,True
2026-09-02T12:30:52+00:00,7347dd32-bfa1-470a-a6ee-2a2c95ad9af5,ARAL,Aral Tankstelle,Berlin,52.542747,13.199304,1.5,2.389,2.329,2.399,True
2026-09-02T12:30:52+00:00,9f07b69b-4b15-4852-9c60-5d293c6cadc5,Sprint,Sprint Berlin Seegefelder Str.,Berlin,52.536163,13.191189,1.6,2.369,2.309,2.389,True
2026-09-02T12:30:52+00:00,005056ba-7cb6-1ed2-bceb-641db1c24d1d,STAR,star Tankstelle,Berlin,52.534388,13.184014,1.7,2.369,2.309,2.389,True
2026-09-02T12:30:52+00:00,51d4b471-a095-1aa0-e100-80009459e03a,JET,JET BERLIN BRUNSBUETTELER DAMM 87-89,BERLIN,52.53379,13.18503,1.7,2.369,2.309,2.389,True
2026-09-02T12:30:52+00:00,d590310c-e209-46b2-bfe7-dacc6148e1f1,TotalEnergies,TotalEnergies Berlin,Berlin,52.55424,13.207408,2,2.379,2.319,2.389,True
2026-09-02T12:30:52+00:00,5d8c8a4c-bce7-4d28-ae12-0d61a971c5cc,Shell,Shell Berlin Streitstr. 19,Berlin,52.558899,13.208409,2.3,2.379,2.319,2.399,True
2026-09-02T12:30:52+00:00,057827cd-6583-4a3a-a461-f8546073fd02,SUN,Sun Klosterstr.,Berlin,52.52943,13.19517,2.4,2.369,2.309,2.389,True
2026-09-02T12:30:52+00:00,905d4775-754e-4b38-baca-89c98fad1d1a,Sprint,Sprint Berlin Ruhlebener Str.,Berlin,52.529285,13.20718,2.9,2.369,2.309,2.389,True
2026-09-02T12:32:22+00:00,cebbe420-bcf3-4db8-9099-c52b783e2158,ESSO,Esso Tankstelle,BERLIN,52.549044,13.17897,0,2.379,2.319,2.399,True
2026-09-02T12:32:22+00:00,7347dd32-bfa1-470a-a6ee-2a2c95ad9af5,ARAL,Aral Tankstelle,Berlin,52.542747,13.199304,1.5,2.389,2.329,2.399,True
2026-09-02T12:32:22+00:00,9f07b69b-4b15-4852-9c60-5d293c6cadc5,Sprint,Sprint Berlin Seegefelder Str.,Berlin,52.536163,13.191189,1.6,2.369,2.309,2.389,True
2026-09-02T12:32:22+00:00,005056ba-7cb6-1ed2-bceb-641db1c24d1d,STAR,star Tankstelle,Berlin,52.534388,13.184014,1.7,2.369,2.309,2.389,True
2026-09-02T12:32:22+00:00,51d4b471-a095-1aa0-e100-80009459e03a,JET,JET BERLIN BRUNSBUETTELER DAMM 87-89,BERLIN,52.53379,13.18503,1.7,2.369,2.309,2.389,True
2026-09-02T12:32:22+00:00,d590310c-e209-46b2-bfe7-dacc6148e1f1,TotalEnergies,TotalEnergies Berlin,Berlin,52.55424,13.207408,2,2.379,2.319,2.389,True
2026-09-02T12:32:22+00:00,5d8c8a4c-bce7-4d28-ae12-0d61a971c5cc,Shell,Shell Berlin Streitstr. 19,Berlin,52.558899,13.208409,2.3,2.379,2.319,2.399,True
2026-09-02T12:32:22+00:00,057827cd-6583-4a3a-a461-f8546073fd02,SUN,Sun Klosterstr.,Berlin,52.52943,13.19517,2.4,2.369,2.309,2.389,True
2026-09-02T12:32:22+00:00,905d4775-754e-4b38-baca-89c98fad1d1a,Sprint,Sprint Berlin Ruhlebener Str.,Berlin,52.529285,13.20718,2.9,2.369,2.309,2.389,True
2026-09-02T12:33:53+00:00,cebbe420-bcf3-4db8-9099-c52b783e2158,ESSO,Esso Tankstelle,BERLIN,52.549044,13.17897,0,2.379,2.319,2.399,True
2026-09-02T12:33:53+00:00,7347dd32-bfa1-470a-a6ee-2a2c95ad9af5,ARAL,Aral Tankstelle,Berlin,52.542747,13.199304,1.5,2.389,2.329,2.399,True
2026-09-02T12:33:53+00:00,9f07b69b-4b15-4852-9c60-5d293c6cadc5,Sprint,Sprint Berlin Seegefelder Str.,Berlin,52.536163,13.191189,1.6,2.369,2.309,2.389,True
2026-09-02T12:33:53+00:00,005056ba-7cb6-1ed2-bceb-641db1c24d1d,STAR,star Tankstelle,Berlin,52.534388,13.184014,1.7,2.369,2.309,2.389,True
2026-09-02T12:33:53+00:00,51d4b471-a095-1aa0-e100-80009459e03a,JET,JET BERLIN BRUNSBUETTELER DAMM 87-89,BERLIN,52.53379,13.18503,1.7,2.369,2.309,2.389,True
2026-09-02T12:33:53+00:00,d590310c-e209-46b2-bfe7-dacc6148e1f1,TotalEnergies,TotalEnergies Berlin,Berlin,52.55424,13.207408,2,2.379,2.319,2.389,True
2026-09-02T12:33:53+00:00,5d8c8a4c-bce7-4d28-ae12-0d61a971c5cc,Shell,Shell Berlin Streitstr. 19,Berlin,52.558899,13.208409,2.3,2.379,2.319,2.399,True
2026-09-02T12:33:53+00:00,057827cd-6583-4a3a-a461-f8546073fd02,SUN,Sun Klosterstr.,Berlin,52.52943,13.19517,2.4,2.369,2.309,2.389,True
2026-09-02T12:33:53+00:00,905d4775-754e-4b38-baca-89c98fad1d1a,Sprint,Sprint Berlin Ruhlebener Str.,Berlin,52.529285,13.20718,2.9,2.369,2.309,2.389,True
2026-09-02T12:35:24+00:00,cebbe420-bcf3-4db8-9099-c52b783e2158,ESSO,Esso Tankstelle,BERLIN,52.549044,13.17897,0,2.379,2.319,2.399,True
2026-09-02T12:35:24+00:00,7347dd32-bfa1-470a-a6ee-2a2c95ad9af5,ARAL,Aral Tankstelle,Berlin,52.542747,13.199304,1.5,2.389,2.329,2.399,True
2026-09-02T12:35:24+00:00,9f07b69b-4b15-4852-9c60-5d293c6cadc5,Sprint,Sprint Berlin Seegefelder Str.,Berlin,52.536163,13.191189,1.6,2.369,2.309,2.389,True
2026-09-02T12:35:24+00:00,005056ba-7cb6-1ed2-bceb-641db1c24d1d,STAR,star Tankstelle,Berlin,52.534388,13.184014,1.7,2.369,2.309,2.389,True
2026-09-02T12:35:24+00:00,51d4b471-a095-1aa0-e100-80009459e03a,JET,JET BERLIN BRUNSBUETTELER DAMM 87-89,BERLIN,52.53379,13.18503,1.7,2.369,2.309,2.389,True
2026-09-02T12:35:24+00:00,d590310c-e209-46b2-bfe7-dacc6148e1f1,TotalEnergies,TotalEnergies Berlin,Berlin,52.55424,13.207408,2,2.379,2.319,2.389,True
2026-09-02T12:35:24+00:00,5d8c8a4c-bce7-4d28-ae12-0d61a971c5cc,Shell,Shell Berlin Streitstr. 19,Berlin,52.558899,13.208409,2.3,2.379,2.319,2.399,True
2026-09-02T12:35:24+00:00,057827cd-6583-4a3a-a461-f8546073fd02,SUN,Sun Klosterstr.,Berlin,52.52943,13.19517,2.4,2.369,2.309,2.389,True
2026-09-02T12:35:24+00:00,905d4775-754e-4b38-baca-89c98fad1d1a,Sprint,Sprint Berlin Ruhlebener Str.,Berlin,52.529285,13.20718,2.9,2.369,2.309,2.379,True
2026-09-02T12:36:55+00:00,cebbe420-bcf3-4db8-9099-c52b783e2158,ESSO,Esso Tankstelle,BERLIN,52.549044,13.17897,0,2.379,2.319,2.399,True
2026-09-02T12:36:55+00:00,7347dd32-bfa1-470a-a6ee-2a2c95ad9af5,ARAL,Aral Tankstelle,Berlin,52.542747,13.199304,1.5,2.389,2.329,2.399,True
2026-09-02T12:36:55+00:00,9f07b69b-4b15-4852-9c60-5d293c6cadc5,Sprint,Sprint Berlin Seegefelder Str.,Berlin,52.536163,13.191189,1.6,2.369,2.309,2.389,True
2026-09-02T12:36:55+00:00,005056ba-7cb6-1ed2-bceb-641db1c24d1d,STAR,star Tankstelle,Berlin,52.534388,13.184014,1.7,2.369,2.309,2.389,True
2026-09-02T12:36:55+00:00,51d4b471-a095-1aa0-e100-80009459e03a,JET,JET BERLIN BRUNSBUETTELER DAMM 87-89,BERLIN,52.53379,13.18503,1.7,2.369,2.309,2.389,True
2026-09-02T12:36:55+00:00,d590310c-e209-46b2-bfe7-dacc6148e1f1,TotalEnergies,TotalEnergies Berlin,Berlin,52.55424,13.207408,2,2.379,2.319,2.389,True
2026-09-02T12:36:55+00:00,5d8c8a4c-bce7-4d28-ae12-0d61a971c5cc,Shell,Shell Berlin Streitstr. 19,Berlin,52.558899,13.208409,2.3,2.379,2.319,2.399,True
2026-09-02T12:36:55+00:00,057827cd-6583-4a3a-a461-f8546073fd02,SUN,Sun Klosterstr.,Berlin,52.52943,13.19517,2.4,2.369,2.309,2.389,True
2026-09-02T12:36:55+00:00,905d4775-754e-4b38-baca-89c98fad1d1a,Sprint,Sprint Berlin Ruhlebener Str.,Berlin,52.529285,13.20718,2.9,2.369,2.309,2.379,True
2026-09-02T12:38:26+00:00,cebbe420-bcf3-4db8-9099-c52b783e2158,ESSO,Esso Tankstelle,BERLIN,52.549044,13.17897,0,2.379,2.319,2.399,True
2026-09-02T12:38:26+00:00,7347dd32-bfa1-470a-a6ee-2a2c95ad9af5,ARAL,Aral Tankstelle,Berlin,52.542747,13.199304,1.5,2.389,2.329,2.399,True
2026-09-02T12:38:26+00:00,9f07b69b-4b15-4852-9c60-5d293c6cadc5,Sprint,Sprint Berlin Seegefelder Str.,Berlin,52.536163,13.191189,1.6,2.369,2.309,2.389,True
2026-09-02T12:38:26+00:00,005056ba-7cb6-1ed2-bceb-641db1c24d1d,STAR,star Tankstelle,Berlin,52.534388,13.184014,1.7,2.369,2.309,2.389,True
2026-09-02T12:38:26+00:00,51d4b471-a095-1aa0-e100-80009459e03a,JET,JET BERLIN BRUNSBUETTELER DAMM 87-89,BERLIN,52.53379,13.18503,1.7,2.369,2.309,2.389,True
2026-09-02T12:38:26+00:00,d590310c-e209-46b2-bfe7-dacc6148e1f1,TotalEnergies,TotalEnergies Berlin,Berlin,52.55424,13.207408,2,2.379,2.319,2.389,True
2026-09-02T12:38:26+00:00,5d8c8a4c-bce7-4d28-ae12-0d61a971c5cc,Shell,Shell Berlin Streitstr. 19,Berlin,52.558899,13.208409,2.3,2.379,2.319,2.399,True
2026-09-02T12:38:26+00:00,057827cd-6583-4a3a-a461-f8546073fd02,SUN,Sun Klosterstr.,Berlin,52.52943,13.19517,2.4,2.369,2.309,2.389,True
2026-09-02T12:38:26+00:00,905d4775-754e-4b38-baca-89c98fad1d1a,Sprint,Sprint Berlin Ruhlebener Str.,Berlin,52.529285,13.20718,2.9,2.369,2.309,2.379,True
2026-09-02T12:39:57+00:00,cebbe420-bcf3-4db8-9099-c52b783e2158,ESSO,Esso Tankstelle,BERLIN,52.549044,13.17897,0,2.379,2.319,2.399,True
2026-09-02T12:39:57+00:00,7347dd32-bfa1-470a-a6ee-2a2c95ad9af5,ARAL,Aral Tankstelle,Berlin,52.542747,13.199304,1.5,2.389,2.329,2.399,True
2026-09-02T12:39:57+00:00,9f07b69b-4b15-4852-9c60-5d293c6cadc5,Sprint,Sprint Berlin Seegefelder Str.,Berlin,52.536163,13.191189,1.6,2.369,2.309,2.389,True
2026-09-02T12:39:57+00:00,005056ba-7cb6-1ed2-bceb-641db1c24d1d,STAR,star Tankstelle,Berlin,52.534388,13.184014,1.7,2.369,2.309,2.389,True
2026-09-02T12:39:57+00:00,51d4b471-a095-1aa0-e100-80009459e03a,JET,JET BERLIN BRUNSBUETTELER DAMM 87-89,BERLIN,52.53379,13.18503,1.7,2.369,2.309,2.389,True
2026-09-02T12:39:57+00:00,d590310c-e209-46b2-bfe7-dacc6148e1f1,TotalEnergies,TotalEnergies Berlin,Berlin,52.55424,13.207408,2,2.379,2.319,2.389,True
2026-09-02T12:39:57+00:00,5d8c8a4c-bce7-4d28-ae12-0d61a971c5cc,Shell,Shell Berlin Streitstr. 19,Berlin,52.558899,13.208409,2.3,2.379,2.319,2.399,True
2026-09-02T12:39:57+00:00,057827cd-6583-4a3a-a461-f8546073fd02,SUN,Sun Klosterstr.,Berlin,52.52943,13.19517,2.4,2.369,2.309,2.389,True
2026-09-02T12:39:57+00:00,905d4775-754e-4b38-baca-89c98fad1d1a,Sprint,Sprint Berlin Ruhlebener Str.,Berlin,52.529285,13.20718,2.9,2.369,2.309,2.379,True
2026-09-02T12:41:27+00:00,cebbe420-bcf3-4db8-9099-c52b783e2158,ESSO,Esso Tankstelle,BERLIN,52.549044,13.17897,0,2.379,2.319,2.399,True
2026-09-02T12:41:27+00:00,7347dd32-bfa1-470a-a6ee-2a2c95ad9af5,ARAL,Aral Tankstelle,Berlin,52.542747,13.199304,1.5,2.389,2.329,2.399,True
2026-09-02T12:41:27+00:00,9f07b69b-4b15-4852-9c60-5d293c6cadc5,Sprint,Sprint Berlin Seegefelder Str.,Berlin,52.536163,13.191189,1.6,2.369,2.309,2.389,True
2026-09-02T12:41:27+00:00,005056ba-7cb6-1ed2-bceb-641db1c24d1d,STAR,star Tankstelle,Berlin,52.534388,13.184014,1.7,2.369,2.309,2.389,True
2026-09-02T12:41:27+00:00,51d4b471-a095-1aa0-e100-80009459e03a,JET,JET BERLIN BRUNSBUETTELER DAMM 87-89,BERLIN,52.53379,13.18503,1.7,2.369,2.309,2.389,True
2026-09-02T12:41:27+00:00,d590310c-e209-46b2-bfe7-dacc6148e1f1,TotalEnergies,TotalEnergies Berlin,Berlin,52.55424,13.207408,2,2.379,2.319,2.389,True
2026-09-02T12:41:27+00:00,5d8c8a4c-bce7-4d28-ae12-0d61a971c5cc,Shell,Shell Berlin Streitstr. 19,Berlin,52.558899,13.208409,2.3,2.379,2.319,2.399,True
2026-09-02T12:41:27+00:00,057827cd-6583-4a3a-a461-f8546073fd02,SUN,Sun Klosterstr.,Berlin,52.52943,13.19517,2.4,2.369,2.309,2.389,True
2026-09-02T12:41:27+00:00,905d4775-754e-4b38-baca-89c98fad1d1a,Sprint,Sprint Berlin Ruhlebener Str.,Berlin,52.529285,13.20718,2.9,2.369,2.309,2.379,True
2026-09-02T12:42:58+00:00,cebbe420-bcf3-4db8-9099-c52b783e2158,ESSO,Esso Tankstelle,BERLIN,52.549044,13.17897,0,2.379,2.319,2.399,True
2026-09-02T12:42:58+00:00,7347dd32-bfa1-470a-a6ee-2a2c95ad9af5,ARAL,Aral Tankstelle,Berlin,52.542747,13.199304,1.5,2.389,2.329,2.399,True
2026-09-02T12:42:58+00:00,9f07b69b-4b15-4852-9c60-5d293c6cadc5,Sprint,Sprint Berlin Seegefelder Str.,Berlin,52.536163,13.191189,1.6,2.369,2.309,2.389,True
2026-09-02T12:42:58+00:00,005056ba-7cb6-1ed2-bceb-641db1c24d1d,STAR,star Tankstelle,Berlin,52.534388,13.184014,1.7,2.369,2.309,2.389,True
2026-09-02T12:42:58+00:00,51d4b471-a095-1aa0-e100-80009459e03a,JET,JET BERLIN BRUNSBUETTELER DAMM 87-89,BERLIN,52.53379,13.18503,1.7,2.369,2.309,2.389,True
2026-09-02T12:42:58+00:00,d590310c-e209-46b2-bfe7-dacc6148e1f1,TotalEnergies,TotalEnergies Berlin,Berlin,52.55424,13.207408,2,2.379,2.319,2.389,True
2026-09-02T12:42:58+00:00,5d8c8a4c-bce7-4d28-ae12-0d61a971c5cc,Shell,Shell Berlin Streitstr. 19,Berlin,52.558899,13.208409,2.3,2.379,2.319,2.399,True
2026-09-02T12:42:58+00:00,057827cd-6583-4a3a-a461-f8546073fd02,SUN,Sun Klosterstr.,Berlin,52.52943,13.19517,2.4,2.369,2.309,2.389,True
2026-09-02T12:42:58+00:00,905d4775-754e-4b38-baca-89c98fad1d1a,Sprint,Sprint Berlin Ruhlebener Str.,Berlin,52.529285,13.20718,2.9,2.369,2.309,2.379,True
2026-09-02T12:44:29+00:00,cebbe420-bcf3-4db8-9099-c52b783e2158,ESSO,Esso Tankstelle,BERLIN,52.549044,13.17897,0,2.379,2.319,2.399,True
2026-09-02T12:44:29+00:00,7347dd32-bfa1-470a-a6ee-2a2c95ad9af5,ARAL,Aral Tankstelle,Berlin,52.542747,13.199304,1.5,2.389,2.329,2.399,True
2026-09-02T12:44:29+00:00,9f07b69b-4b15-4852-9c60-5d293c6cadc5,Sprint,Sprint Berlin Seegefelder Str.,Berlin,52.536163,13.191189,1.6,2.369,2.309,2.389,True
2026-09-02T12:44:29+00:00,005056ba-7cb6-1ed2-bceb-641db1c24d1d,STAR,star Tankstelle,Berlin,52.534388,13.184014,1.7,2.369,2.309,2.389,True
2026-09-02T12:44:29+00:00,51d4b471-a095-1aa0-e100-80009459e03a,JET,JET BERLIN BRUNSBUETTELER DAMM 87-89,BERLIN,52.53379,13.18503,1.7,2.369,2.309,2.389,True
2026-09-02T12:44:29+00:00,d590310c-e209-46b2-bfe7-dacc6148e1f1,TotalEnergies,TotalEnergies Berlin,Berlin,52.55424,13.207408,2,2.379,2.319,2.389,True
2026-09-02T12:44:29+00:00,5d8c8a4c-bce7-4d28-ae12-0d61a971c5cc,Shell,Shell Berlin Streitstr. 19,Berlin,52.558899,13.208409,2.3,2.379,2.319,2.399,True
2026-09-02T12:44:29+00:00,057827cd-6583-4a3a-a461-f8546073fd02,SUN,Sun Klosterstr.,Berlin,52.52943,13.19517,2.4,2.369,2.309,2.389,True
2026-09-02T12:44:29+00:00,905d4775-754e-4b38-baca-89c98fad1d1a,Sprint,Sprint Berlin Ruhlebener Str.,Berlin,52.529285,13.20718,2.9,2.369,2.309,2.379,True
2026-09-02T12:46:00+00:00,cebbe420-bcf3-4db8-9099-c52b783e2158,ESSO,Esso Tankstelle,BERLIN,52.549044,13.17897,0,2.379,2.319,2.399,True
2026-09-02T12:46:00+00:00,7347dd32-bfa1-470a-a6ee-2a2c95ad9af5,ARAL,Aral Tankstelle,Berlin,52.542747,13.199304,1.5,2.389,2.329,2.399,True
2026-09-02T12:46:00+00:00,9f07b69b-4b15-4852-9c60-5d293c6cadc5,Sprint,Sprint Berlin Seegefelder Str.,Berlin,52.536163,13.191189,1.6,2.369,2.309,2.389,True
2026-09-02T12:46:00+00:00,005056ba-7cb6-1ed2-bceb-641db1c24d1d,STAR,star Tankstelle,Berlin,52.534388,13.184014,1.7,2.369,2.309,2.389,True
2026-09-02T12:46:00+00:00,51d4b471-a095-1aa0-e100-80009459e03a,JET,JET BERLIN BRUNSBUETTELER DAMM 87-89,BERLIN,52.53379,13.18503,1.7,2.369,2.309,2.389,True
2026-09-02T12:46:00+00:00,d590310c-e209-46b2-bfe7-dacc6148e1f1,TotalEnergies,TotalEnergies Berlin,Berlin,52.55424,13.207408,2,2.379,2.319,2.389,True
2026-09-02T12:46:00+00:00,5d8c8a4c-bce7-4d28-ae12-0d61a971c5cc,Shell,Shell Berlin Streitstr. 19,Berlin,52.558899,13.208409,2.3,2.379,2.319,2.399,True
2026-09-02T12:46:00+00:00,057827cd-6583-4a3a-a461-f8546073fd02,SUN,Sun Klosterstr.,Berlin,52.52943,13.19517,2.4,2.369,2.309,2.389,True
2026-09-02T12:46:00+00:00,905d4775-754e-4b38-baca-89c98fad1d1a,Sprint,Sprint Berlin Ruhlebener Str.,Berlin,52.529285,13.20718,2.9,2.369,2.309,2.379,True
2026-09-02T12:47:31+00:00,cebbe420-bcf3-4db8-9099-c52b783e2158,ESSO,Esso Tankstelle,BERLIN,52.549044,13.17897,0,2.379,2.319,2.399,True
2026-09-02T12:47:31+00:00,7347dd32-bfa1-470a-a6ee-2a2c95ad9af5,ARAL,Aral Tankstelle,Berlin,52.542747,13.199304,1.5,2.389,2.329,2.399,True
2026-09-02T12:47:31+00:00,9f07b69b-4b15-4852-9c60-5d293c6cadc5,Sprint,Sprint Berlin Seegefelder Str.,Berlin,52.536163,13.191189,1.6,2.369,2.309,2.389,True
2026-09-02T12:47:31+00:00,005056ba-7cb6-1ed2-bceb-641db1c24d1d,STAR,star Tankstelle,Berlin,52.534388,13.184014,1.7,2.369,2.309,2.389,True
2026-09-02T12:47:31+00:00,51d4b471-a095-1aa0-e100-80009459e03a,JET,JET BERLIN BRUNSBUETTELER DAMM 87-89,BERLIN,52.53379,13.18503,1.7,2.369,2.309,2.389,True
2026-09-02T12:47:31+00:00,d590310c-e209-46b2-bfe7-dacc6148e1f1,TotalEnergies,TotalEnergies Berlin,Berlin,52.55424,13.207408,2,2.379,2.319,2.389,True
2026-09-02T12:47:31+00:00,5d8c8a4c-bce7-4d28-ae12-0d61a971c5cc,Shell,Shell Berlin Streitstr. 19,Berlin,52.558899,13.208409,2.3,2.379,2.319,2.399,True
2026-09-02T12:47:31+00:00,057827cd-6583-4a3a-a461-f8546073fd02,SUN,Sun Klosterstr.,Berlin,52.52943,13.19517,2.4,2.369,2.309,2.389,True
2026-09-02T12:47:31+00:00,905d4775-754e-4b38-baca-89c98fad1d1a,Sprint,Sprint Berlin Ruhlebener Str.,Berlin,52.529285,13.20718,2.9,2.369,2.309,2.379,True
2026-09-02T12:49:02+00:00,cebbe420-bcf3-4db8-9099-c52b783e2158,ESSO,Esso Tankstelle,BERLIN,52.549044,13.17897,0,2.379,2.319,2.399,True
2026-09-02T12:49:02+00:00,7347dd32-bfa1-470a-a6ee-2a2c95ad9af5,ARAL,Aral Tankstelle,Berlin,52.542747,13.199304,1.5,2.389,2.329,2.389,True
2026-09-02T12:49:02+00:00,9f07b69b-4b15-4852-9c60-5d293c6cadc5,Sprint,Sprint Berlin Seegefelder Str.,Berlin,52.536163,13.191189,1.6,2.369,2.309,2.389,True
2026-09-02T12:49:02+00:00,005056ba-7cb6-1ed2-bceb-641db1c24d1d,STAR,star Tankstelle,Berlin,52.534388,13.184014,1.7,2.369,2.309,2.389,True
2026-09-02T12:49:02+00:00,51d4b471-a095-1aa0-e100-80009459e03a,JET,JET BERLIN BRUNSBUETTELER DAMM 87-89,BERLIN,52.53379,13.18503,1.7,2.369,2.309,2.389,True
2026-09-02T12:49:02+00:00,d590310c-e209-46b2-bfe7-dacc6148e1f1,TotalEnergies,TotalEnergies Berlin,Berlin,52.55424,13.207408,2,2.379,2.319,2.389,True
2026-09-02T12:49:02+00:00,5d8c8a4c-bce7-4d28-ae12-0d61a971c5cc,Shell,Shell Berlin Streitstr. 19,Berlin,52.558899,13.208409,2.3,2.379,2.319,2.389,True
2026-09-02T12:49:02+00:00,057827cd-6583-4a3a-a461-f8546073fd02,SUN,Sun Klosterstr.,Berlin,52.52943,13.19517,2.4,2.369,2.309,2.379,True
2026-09-02T12:49:02+00:00,905d4775-754e-4b38-baca-89c98fad1d1a,Sprint,Sprint Berlin Ruhlebener Str.,Berlin,52.529285,13.20718,2.9,2.369,2.309,2.379,True
2026-09-02T12:50:33+00:00,cebbe420-bcf3-4db8-9099-c52b783e2158,ESSO,Esso Tankstelle,BERLIN,52.549044,13.17897,0,2.379,2.319,2.399,True
2026-09-02T12:50:33+00:00,7347dd32-bfa1-470a-a6ee-2a2c95ad9af5,ARAL,Aral Tankstelle,Berlin,52.542747,13.199304,1.5,2.389,2.329,2.389,True
2026-09-02T12:50:33+00:00,9f07b69b-4b15-4852-9c60-5d293c6cadc5,Sprint,Sprint Berlin Seegefelder Str.,Berlin,52.536163,13.191189,1.6,2.369,2.309,2.389,True
2026-09-02T12:50:33+00:00,005056ba-7cb6-1ed2-bceb-641db1c24d1d,STAR,star Tankstelle,Berlin,52.534388,13.184014,1.7,2.369,2.309,2.379,True
2026-09-02T12:50:33+00:00,51d4b471-a095-1aa0-e100-80009459e03a,JET,JET BERLIN BRUNSBUETTELER DAMM 87-89,BERLIN,52.53379,13.18503,1.7,2.369,2.309,2.389,True
2026-09-02T12:50:33+00:00,d590310c-e209-46b2-bfe7-dacc6148e1f1,TotalEnergies,TotalEnergies Berlin,Berlin,52.55424,13.207408,2,2.379,2.319,2.379,True
2026-09-02T12:50:33+00:00,5d8c8a4c-bce7-4d28-ae12-0d61a971c5cc,Shell,Shell Berlin Streitstr. 19,Berlin,52.558899,13.208409,2.3,2.379,2.319,2.389,True
2026-09-02T12:50:33+00:00,057827cd-6583-4a3a-a461-f8546073fd02,SUN,Sun Klosterstr.,Berlin,52.52943,13.19517,2.4,2.369,2.309,2.379,True
2026-09-02T12:50:33+00:00,905d4775-754e-4b38-baca-89c98fad1d1a,Sprint,Sprint Berlin Ruhlebener Str.,Berlin,52.529285,13.20718,2.9,2.369,2.309,2.379,True
2026-09-02T12:52:04+00:00,cebbe420-bcf3-4db8-9099-c52b783e2158,ESSO,Esso Tankstelle,BERLIN,52.549044,13.17897,0,2.379,2.319,2.399,True
2026-09-02T12:52:04+00:00,7347dd32-bfa1-470a-a6ee-2a2c95ad9af5,ARAL,Aral Tankstelle,Berlin,52.542747,13.199304,1.5,2.389,2.329,2.389,True
2026-09-02T12:52:04+00:00,9f07b69b-4b15-4852-9c60-5d293c6cadc5,Sprint,Sprint Berlin Seegefelder Str.,Berlin,52.536163,13.191189,1.6,2.369,2.309,2.379,True
2026-09-02T12:52:04+00:00,005056ba-7cb6-1ed2-bceb-641db1c24d1d,STAR,star Tankstelle,Berlin,52.534388,13.184014,1.7,2.369,2.309,2.379,True
2026-09-02T12:52:04+00:00,51d4b471-a095-1aa0-e100-80009459e03a,JET,JET BERLIN BRUNSBUETTELER DAMM 87-89,BERLIN,52.53379,13.18503,1.7,2.369,2.309,2.379,True
2026-09-02T12:52:04+00:00,d590310c-e209-46b2-bfe7-dacc6148e1f1,TotalEnergies,TotalEnergies Berlin,Berlin,52.55424,13.207408,2,2.379,2.319,2.379,True
2026-09-02T12:52:04+00:00,5d8c8a4c-bce7-4d28-ae12-0d61a971c5cc,Shell,Shell Berlin Streitstr. 19,Berlin,52.558899,13.208409,2.3,2.379,2.319,2.389,True
2026-09-02T12:52:04+00:00,057827cd-6583-4a3a-a461-f8546073fd02,SUN,Sun Klosterstr.,Berlin,52.52943,13.19517,2.4,2.369,2.309,2.379,True
2026-09-02T12:52:04+00:00,905d4775-754e-4b38-baca-89c98fad1d1a,Sprint,Sprint Berlin Ruhlebener Str.,Berlin,52.529285,13.20718,2.9,2.369,2.309,2.379,True
2026-09-02T12:53:35+00:00,cebbe420-bcf3-4db8-9099-c52b783e2158,ESSO,Esso Tankstelle,BERLIN,52.549044,13.17897,0,2.379,2.319,2.399,True
2026-09-02T12:53:35+00:00,7347dd32-bfa1-470a-a6ee-2a2c95ad9af5,ARAL,Aral Tankstelle,Berlin,52.542747,13.199304,1.5,2.389,2.329,2.389,True
2026-09-02T12:53:35+00:00,9f07b69b-4b15-4852-9c60-5d293c6cadc5,Sprint,Sprint Berlin Seegefelder Str.,Berlin,52.536163,13.191189,1.6,2.369,2.309,2.379,True
2026-09-02T12:53:35+00:00,005056ba-7cb6-1ed2-bceb-641db1c24d1d,STAR,star Tankstelle,Berlin,52.534388,13.184014,1.7,2.369,2.309,2.379,True
2026-09-02T12:53:35+00:00,51d4b471-a095-1aa0-e100-80009459e03a,JET,JET BERLIN BRUNSBUETTELER DAMM 87-89,BERLIN,52.53379,13.18503,1.7,2.369,2.309,2.379,True
2026-09-02T12:53:35+00:00,d590310c-e209-46b2-bfe7-dacc6148e1f1,TotalEnergies,TotalEnergies Berlin,Berlin,52.55424,13.207408,2,2.379,2.319,2.379,True
2026-09-02T12:53:35+00:00,5d8c8a4c-bce7-4d28-ae12-0d61a971c5cc,Shell,Shell Berlin Streitstr. 19,Berlin,52.558899,13.208409,2.3,2.379,2.319,2.389,True
2026-09-02T12:53:35+00:00,057827cd-6583-4a3a-a461-f8546073fd02,SUN,Sun Klosterstr.,Berlin,52.52943,13.19517,2.4,2.369,2.309,2.379,True
2026-09-02T12:53:35+00:00,905d4775-754e-4b38-baca-89c98fad1d1a,Sprint,Sprint Berlin Ruhlebener Str.,Berlin,52.529285,13.20718,2.9,2.369,2.309,2.379,True
2026-09-02T12:55:06+00:00,cebbe420-bcf3-4db8-9099-c52b783e2158,ESSO,Esso Tankstelle,BERLIN,52.549044,13.17897,0,2.379,2.319,2.399,True
2026-09-02T12:55:06+00:00,7347dd32-bfa1-470a-a6ee-2a2c95ad9af5,ARAL,Aral Tankstelle,Berlin,52.542747,13.199304,1.5,2.389,2.329,2.389,True
2026-09-02T12:55:06+00:00,9f07b69b-4b15-4852-9c60-5d293c6cadc5,Sprint,Sprint Berlin Seegefelder Str.,Berlin,52.536163,13.191189,1.6,2.369,2.309,2.379,True
2026-09-02T12:55:06+00:00,005056ba-7cb6-1ed2-bceb-641db1c24d1d,STAR,star Tankstelle,Berlin,52.534388,13.184014,1.7,2.369,2.309,2.379,True
2026-09-02T12:55:06+00:00,51d4b471-a095-1aa0-e100-80009459e03a,JET,JET BERLIN BRUNSBUETTELER DAMM 87-89,BERLIN,52.53379,13.18503,1.7,2.369,2.309,2.379,True
2026-09-02T12:55:06+00:00,d590310c-e209-46b2-bfe7-dacc6148e1f1,TotalEnergies,TotalEnergies Berlin,Berlin,52.55424,13.207408,2,2.379,2.319,2.379,True
2026-09-02T12:55:06+00:00,5d8c8a4c-bce7-4d28-ae12-0d61a971c5cc,Shell,Shell Berlin Streitstr. 19,Berlin,52.558899,13.208409,2.3,2.379,2.319,2.389,True
2026-09-02T12:55:06+00:00,057827cd-6583-4a3a-a461-f8546073fd02,SUN,Sun Klosterstr.,Berlin,52.52943,13.19517,2.4,2.369,2.309,2.379,True
2026-09-02T12:55:06+00:00,905d4775-754e-4b38-baca-89c98fad1d1a,Sprint,Sprint Berlin Ruhlebener Str.,Berlin,52.529285,13.20718,2.9,2.369,2.309,2.369,True
2026-09-02T12:56:36+00:00,cebbe420-bcf3-4db8-9099-c52b783e2158,ESSO,Esso Tankstelle,BERLIN,52.549044,13.17897,0,2.379,2.319,2.399,True
2026-09-02T12:56:36+00:00,7347dd32-bfa1-470a-a6ee-2a2c95ad9af5,ARAL,Aral Tankstelle,Berlin,52.542747,13.199304,1.5,2.389,2.329,2.389,True
2026-09-02T12:56:36+00:00,9f07b69b-4b15-4852-9c60-5d293c6cadc5,Sprint,Sprint Berlin Seegefelder Str.,Berlin,52.536163,13.191189,1.6,2.369,2.309,2.379,True
2026-09-02T12:56:36+00:00,005056ba-7cb6-1ed2-bceb-641db1c24d1d,STAR,star Tankstelle,Berlin,52.534388,13.184014,1.7,2.369,2.309,2.379,True
2026-09-02T12:56:36+00:00,51d4b471-a095-1aa0-e100-80009459e03a,JET,JET BERLIN BRUNSBUETTELER DAMM 87-89,BERLIN,52.53379,13.18503,1.7,2.369,2.309,2.379,True
2026-09-02T12:56:36+00:00,d590310c-e209-46b2-bfe7-dacc6148e1f1,TotalEnergies,TotalEnergies Berlin,Berlin,52.55424,13.207408,2,2.379,2.319,2.379,True
2026-09-02T12:56:36+00:00,5d8c8a4c-bce7-4d28-ae12-0d61a971c5cc,Shell,Shell Berlin Streitstr. 19,Berlin,52.558899,13.208409,2.3,2.379,2.319,2.389,True
2026-09-02T12:56:36+00:00,057827cd-6583-4a3a-a461-f8546073fd02,SUN,Sun Klosterstr.,Berlin,52.52943,13.19517,2.4,2.369,2.309,2.379,True
2026-09-02T12:56:36+00:00,905d4775-754e-4b38-baca-89c98fad1d1a,Sprint,Sprint Berlin Ruhlebener Str.,Berlin,52.529285,13.20718,2.9,2.369,2.309,2.369,True
2026-09-02T12:58:07+00:00,cebbe420-bcf3-4db8-9099-c52b783e2158,ESSO,Esso Tankstelle,BERLIN,52.549044,13.17897,0,2.379,2.319,2.399,True
2026-09-02T12:58:07+00:00,7347dd32-bfa1-470a-a6ee-2a2c95ad9af5,ARAL,Aral Tankstelle,Berlin,52.542747,13.199304,1.5,2.389,2.329,2.389,True
2026-09-02T12:58:07+00:00,9f07b69b-4b15-4852-9c60-5d293c6cadc5,Sprint,Sprint Berlin Seegefelder Str.,Berlin,52.536163,13.191189,1.6,2.369,2.309,2.379,True
2026-09-02T12:58:07+00:00,005056ba-7cb6-1ed2-bceb-641db1c24d1d,STAR,star Tankstelle,Berlin,52.534388,13.184014,1.7,2.369,2.309,2.379,True
2026-09-02T12:58:07+00:00,51d4b471-a095-1aa0-e100-80009459e03a,JET,JET BERLIN BRUNSBUETTELER DAMM 87-89,BERLIN,52.53379,13.18503,1.7,2.369,2.309,2.379,True
2026-09-02T12:58:07+00:00,d590310c-e209-46b2-bfe7-dacc6148e1f1,TotalEnergies,TotalEnergies Berlin,Berlin,52.55424,13.207408,2,2.379,2.319,2.379,True
2026-09-02T12:58:07+00:00,5d8c8a4c-bce7-4d28-ae12-0d61a971c5cc,Shell,Shell Berlin Streitstr. 19,Berlin,52.558899,13.208409,2.3,2.379,2.319,2.389,True
2026-09-02T12:58:07+00:00,057827cd-6583-4a3a-a461-f8546073fd02,SUN,Sun Klosterstr.,Berlin,52.52943,13.19517,2.4,2.369,2.309,2.379,True
2026-09-02T12:58:07+00:00,905d4775-754e-4b38-baca-89c98fad1d1a,Sprint,Sprint Berlin Ruhlebener Str.,Berlin,52.529285,13.20718,2.9,2.369,2.309,2.369,True
2026-09-02T12:59:38+00:00,cebbe420-bcf3-4db8-9099-c52b783e2158,ESSO,Esso Tankstelle,BERLIN,52.549044,13.17897,0,2.379,2.319,2.399,True
2026-09-02T12:59:38+00:00,7347dd32-bfa1-470a-a6ee-2a2c95ad9af5,ARAL,Aral Tankstelle,Berlin,52.542747,13.199304,1.5,2.389,2.329,2.389,True
2026-09-02T12:59:38+00:00,9f07b69b-4b15-4852-9c60-5d293c6cadc5,Sprint,Sprint Berlin Seegefelder Str.,Berlin,52.536163,13.191189,1.6,2.369,2.309,2.379,True
2026-09-02T12:59:38+00:00,005056ba-7cb6-1ed2-bceb-641db1c24d1d,STAR,star Tankstelle,Berlin,52.534388,13.184014,1.7,2.369,2.309,2.379,True
2026-09-02T12:59:38+00:00,51d4b471-a095-1aa0-e100-80009459e03a,JET,JET BERLIN BRUNSBUETTELER DAMM 87-89,BERLIN,52.53379,13.18503,1.7,2.369,2.309,2.379,True
2026-09-02T12:59:38+00:00,d590310c-e209-46b2-bfe7-dacc6148e1f1,TotalEnergies,TotalEnergies Berlin,Berlin,52.55424,13.207408,2,2.379,2.319,2.379,True
2026-09-02T12:59:38+00:00,5d8c8a4c-bce7-4d28-ae12-0d61a971c5cc,Shell,Shell Berlin Streitstr. 19,Berlin,52.558899,13.208409,2.3,2.379,2.319,2.389,True
2026-09-02T12:59:38+00:00,057827cd-6583-4a3a-a461-f8546073fd02,SUN,Sun Klosterstr.,Berlin,52.52943,13.19517,2.4,2.369,2.309,2.379,True
2026-09-02T12:59:38+00:00,905d4775-754e-4b38-baca-89c98fad1d1a,Sprint,Sprint Berlin Ruhlebener Str.,Berlin,52.529285,13.20718,2.9,2.369,2.309,2.369,True
2026-09-02T13:01:09+00:00,cebbe420-bcf3-4db8-9099-c52b783e2158,ESSO,Esso Tankstelle,BERLIN,52.549044,13.17897,0,2.379,2.319,2.399,True
2026-09-02T13:01:09+00:00,7347dd32-bfa1-470a-a6ee-2a2c95ad9af5,ARAL,Aral Tankstelle,Berlin,52.542747,13.199304,1.5,2.389,2.329,2.389,True
2026-09-02T13:01:09+00:00,9f07b69b-4b15-4852-9c60-5d293c6cadc5,Sprint,Sprint Berlin Seegefelder Str.,Berlin,52.536163,13.191189,1.6,2.369,2.309,2.379,True
2026-09-02T13:01:09+00:00,005056ba-7cb6-1ed2-bceb-641db1c24d1d,STAR,star Tankstelle,Berlin,52.534388,13.184014,1.7,2.369,2.309,2.379,True
2026-09-02T13:01:09+00:00,51d4b471-a095-1aa0-e100-80009459e03a,JET,JET BERLIN BRUNSBUETTELER DAMM 87-89,BERLIN,52.53379,13.18503,1.7,2.369,2.309,2.379,True
2026-09-02T13:01:09+00:00,d590310c-e209-46b2-bfe7-dacc6148e1f1,TotalEnergies,TotalEnergies Berlin,Berlin,52.55424,13.207408,2,2.379,2.319,2.379,True
2026-09-02T13:01:09+00:00,5d8c8a4c-bce7-4d28-ae12-0d61a971c5cc,Shell,Shell Berlin Streitstr. 19,Berlin,52.558899,13.208409,2.3,2.379,2.319,2.389,True
2026-09-02T13:01:09+00:00,057827cd-6583-4a3a-a461-f8546073fd02,SUN,Sun Klosterstr.,Berlin,52.52943,13.19517,2.4,2.369,2.309,2.379,True
2026-09-02T13:01:09+00:00,905d4775-754e-4b38-baca-89c98fad1d1a,Sprint,Sprint Berlin Ruhlebener Str.,Berlin,52.529285,13.20718,2.9,2.369,2.309,2.369,True
2026-09-02T13:02:40+00:00,cebbe420-bcf3-4db8-9099-c52b783e2158,ESSO,Esso Tankstelle,BERLIN,52.549044,13.17897,0,2.379,2.319,2.389,True
2026-09-02T13:02:40+00:00,7347dd32-bfa1-470a-a6ee-2a2c95ad9af5,ARAL,Aral Tankstelle,Berlin,52.542747,13.199304,1.5,2.389,2.329,2.389,True
2026-09-02T13:02:40+00:00,9f07b69b-4b15-4852-9c60-5d293c6cadc5,Sprint,Sprint Berlin Seegefelder Str.,Berlin,52.536163,13.191189,1.6,2.369,2.309,2.379,True
2026-09-02T13:02:40+00:00,005056ba-7cb6-1ed2-bceb-641db1c24d1d,STAR,star Tankstelle,Berlin,52.534388,13.184014,1.7,2.369,2.309,2.379,True
2026-09-02T13:02:40+00:00,51d4b471-a095-1aa0-e100-80009459e03a,JET,JET BERLIN BRUNSBUETTELER DAMM 87-89,BERLIN,52.53379,13.18503,1.7,2.369,2.309,2.379,True
2026-09-02T13:02:40+00:00,d590310c-e209-46b2-bfe7-dacc6148e1f1,TotalEnergies,TotalEnergies Berlin,Berlin,52.55424,13.207408,2,2.379,2.319,2.379,True
2026-09-02T13:02:40+00:00,5d8c8a4c-bce7-4d28-ae12-0d61a971c5cc,Shell,Shell Berlin Streitstr. 19,Berlin,52.558899,13.208409,2.3,2.379,2.319,2.389,True
2026-09-02T13:02:40+00:00,057827cd-6583-4a3a-a461-f8546073fd02,SUN,Sun Klosterstr.,Berlin,52.52943,13.19517,2.4,2.369,2.309,2.379,True
2026-09-02T13:02:40+00:00,905d4775-754e-4b38-baca-89c98fad1d1a,Sprint,Sprint Berlin Ruhlebener Str.,Berlin,52.529285,13.20718,2.9,2.369,2.309,2.369,True
2026-09-02T13:04:10+00:00,cebbe420-bcf3-4db8-9099-c52b783e2158,ESSO,Esso Tankstelle,BERLIN,52.549044,13.17897,0,2.379,2.319,2.389,True
2026-09-02T13:04:10+00:00,7347dd32-bfa1-470a-a6ee-2a2c95ad9af5,ARAL,Aral Tankstelle,Berlin,52.542747,13.199304,1.5,2.389,2.329,2.389,True
2026-09-02T13:04:10+00:00,9f07b69b-4b15-4852-9c60-5d293c6cadc5,Sprint,Sprint Berlin Seegefelder Str.,Berlin,52.536163,13.191189,1.6,2.369,2.309,2.379,True
2026-09-02T13:04:10+00:00,005056ba-7cb6-1ed2-bceb-641db1c24d1d,STAR,star Tankstelle,Berlin,52.534388,13.184014,1.7,2.369,2.309,2.379,True
2026-09-02T13:04:10+00:00,51d4b471-a095-1aa0-e100-80009459e03a,JET,JET BERLIN BRUNSBUETTELER DAMM 87-89,BERLIN,52.53379,13.18503,1.7,2.369,2.309,2.369,True
2026-09-02T13:04:10+00:00,d590310c-e209-46b2-bfe7-dacc6148e1f1,TotalEnergies,TotalEnergies Berlin,Berlin,52.55424,13.207408,2,2.379,2.319,2.379,True
2026-09-02T13:04:10+00:00,5d8c8a4c-bce7-4d28-ae12-0d61a971c5cc,Shell,Shell Berlin Streitstr. 19,Berlin,52.558899,13.208409,2.3,2.379,2.319,2.389,True
2026-09-02T13:04:10+00:00,057827cd-6583-4a3a-a461-f8546073fd02,SUN,Sun Klosterstr.,Berlin,52.52943,13.19517,2.4,2.369,2.309,2.379,True
2026-09-02T13:04:10+00:00,905d4775-754e-4b38-baca-89c98fad1d1a,Sprint,Sprint Berlin Ruhlebener Str.,Berlin,52.529285,13.20718,2.9,2.369,2.309,2.369,True
2026-09-02T13:05:41+00:00,cebbe420-bcf3-4db8-9099-c52b783e2158,ESSO,Esso Tankstelle,BERLIN,52.549044,13.17897,0,2.379,2.319,2.389,True
2026-09-02T13:05:41+00:00,7347dd32-bfa1-470a-a6ee-2a2c95ad9af5,ARAL,Aral Tankstelle,Berlin,52.542747,13.199304,1.5,2.389,2.329,2.389,True
2026-09-02T13:05:41+00:00,9f07b69b-4b15-4852-9c60-5d293c6cadc5,Sprint,Sprint Berlin Seegefelder Str.,Berlin,52.536163,13.191189,1.6,2.369,2.309,2.369,True
2026-09-02T13:05:41+00:00,005056ba-7cb6-1ed2-bceb-641db1c24d1d,STAR,star Tankstelle,Berlin,52.534388,13.184014,1.7,2.369,2.309,2.379,True
2026-09-02T13:05:41+00:00,51d4b471-a095-1aa0-e100-80009459e03a,JET,JET BERLIN BRUNSBUETTELER DAMM 87-89,BERLIN,52.53379,13.18503,1.7,2.369,2.309,2.369,True
2026-09-02T13:05:41+00:00,d590310c-e209-46b2-bfe7-dacc6148e1f1,TotalEnergies,TotalEnergies Berlin,Berlin,52.55424,13.207408,2,2.379,2.319,2.379,True
2026-09-02T13:05:41+00:00,5d8c8a4c-bce7-4d28-ae12-0d61a971c5cc,Shell,Shell Berlin Streitstr. 19,Berlin,52.558899,13.208409,2.3,2.379,2.319,2.389,True
2026-09-02T13:05:41+00:00,057827cd-6583-4a3a-a461-f8546073fd02,SUN,Sun Klosterstr.,Berlin,52.52943,13.19517,2.4,2.369,2.309,2.379,True
2026-09-02T13:05:41+00:00,905d4775-754e-4b38-baca-89c98fad1d1a,Sprint,Sprint Berlin Ruhlebener Str.,Berlin,52.529285,13.20718,2.9,2.369,2.309,2.369,True
2026-09-02T13:07:12+00:00,cebbe420-bcf3-4db8-9099-c52b783e2158,ESSO,Esso Tankstelle,BERLIN,52.549044,13.17897,0,2.379,2.319,2.389,True
2026-09-02T13:07:12+00:00,7347dd32-bfa1-470a-a6ee-2a2c95ad9af5,ARAL,Aral Tankstelle,Berlin,52.542747,13.199304,1.5,2.389,2.329,2.379,True
2026-09-02T13:07:12+00:00,9f07b69b-4b15-4852-9c60-5d293c6cadc5,Sprint,Sprint Berlin Seegefelder Str.,Berlin,52.536163,13.191189,1.6,2.369,2.309,2.369,True
2026-09-02T13:07:12+00:00,005056ba-7cb6-1ed2-bceb-641db1c24d1d,STAR,star Tankstelle,Berlin,52.534388,13.184014,1.7,2.369,2.309,2.369,True
2026-09-02T13:07:12+00:00,51d4b471-a095-1aa0-e100-80009459e03a,JET,JET BERLIN BRUNSBUETTELER DAMM 87-89,BERLIN,52.53379,13.18503,1.7,2.369,2.309,2.369,True
2026-09-02T13:07:12+00:00,d590310c-e209-46b2-bfe7-dacc6148e1f1,TotalEnergies,TotalEnergies Berlin,Berlin,52.55424,13.207408,2,2.379,2.319,2.379,True
2026-09-02T13:07:12+00:00,5d8c8a4c-bce7-4d28-ae12-0d61a971c5cc,Shell,Shell Berlin Streitstr. 19,Berlin,52.558899,13.208409,2.3,2.379,2.319,2.379,True
2026-09-02T13:07:12+00:00,057827cd-6583-4a3a-a461-f8546073fd02,SUN,Sun Klosterstr.,Berlin,52.52943,13.19517,2.4,2.369,2.309,2.379,True
2026-09-02T13:07:12+00:00,905d4775-754e-4b38-baca-89c98fad1d1a,Sprint,Sprint Berlin Ruhlebener Str.,Berlin,52.529285,13.20718,2.9,2.369,2.309,2.369,True
2026-09-02T13:08:43+00:00,cebbe420-bcf3-4db8-9099-c52b783e2158,ESSO,Esso Tankstelle,BERLIN,52.549044,13.17897,0,2.379,2.319,2.389,True
2026-09-02T13:08:43+00:00,7347dd32-bfa1-470a-a6ee-2a2c95ad9af5,ARAL,Aral Tankstelle,Berlin,52.542747,13.199304,1.5,2.389,2.329,2.379,True
2026-09-02T13:08:43+00:00,9f07b69b-4b15-4852-9c60-5d293c6cadc5,Sprint,Sprint Berlin Seegefelder Str.,Berlin,52.536163,13.191189,1.6,2.369,2.309,2.369,True
2026-09-02T13:08:43+00:00,005056ba-7cb6-1ed2-bceb-641db1c24d1d,STAR,star Tankstelle,Berlin,52.534388,13.184014,1.7,2.369,2.309,2.369,True
2026-09-02T13:08:43+00:00,51d4b471-a095-1aa0-e100-80009459e03a,JET,JET BERLIN BRUNSBUETTELER DAMM 87-89,BERLIN,52.53379,13.18503,1.7,2.369,2.309,2.369,True
2026-09-02T13:08:43+00:00,d590310c-e209-46b2-bfe7-dacc6148e1f1,TotalEnergies,TotalEnergies Berlin,Berlin,52.55424,13.207408,2,2.379,2.319,2.379,True
2026-09-02T13:08:43+00:00,5d8c8a4c-bce7-4d28-ae12-0d61a971c5cc,Shell,Shell Berlin Streitstr. 19,Berlin,52.558899,13.208409,2.3,2.379,2.319,2.379,True
2026-09-02T13:08:43+00:00,057827cd-6583-4a3a-a461-f8546073fd02,SUN,Sun Klosterstr.,Berlin,52.52943,13.19517,2.4,2.369,2.309,2.369,True
2026-09-02T13:08:43+00:00,905d4775-754e-4b38-baca-89c98fad1d1a,Sprint,Sprint Berlin Ruhlebener Str.,Berlin,52.529285,13.20718,2.9,2.369,2.309,2.369,True
2026-09-02T13:10:14+00:00,cebbe420-bcf3-4db8-9099-c52b783e2158,ESSO,Esso Tankstelle,BERLIN,52.549044,13.17897,0,2.379,2.319,2.389,True
2026-09-02T13:10:14+00:00,7347dd32-bfa1-470a-a6ee-2a2c95ad9af5,ARAL,Aral Tankstelle,Berlin,52.542747,13.199304,1.5,2.389,2.329,2.379,True
2026-09-02T13:10:14+00:00,9f07b69b-4b15-4852-9c60-5d293c6cadc5,Sprint,Sprint Berlin Seegefelder Str.,Berlin,52.536163,13.191189,1.6,2.369,2.309,2.369,True
2026-09-02T13:10:14+00:00,005056ba-7cb6-1ed2-bceb-641db1c24d1d,STAR,star Tankstelle,Berlin,52.534388,13.184014,1.7,2.369,2.309,2.369,True
2026-09-02T13:10:14+00:00,51d4b471-a095-1aa0-e100-80009459e03a,JET,JET BERLIN BRUNSBUETTELER DAMM 87-89,BERLIN,52.53379,13.18503,1.7,2.369,2.309,2.369,True
2026-09-02T13:10:14+00:00,d590310c-e209-46b2-bfe7-dacc6148e1f1,TotalEnergies,TotalEnergies Berlin,Berlin,52.55424,13.207408,2,2.379,2.319,2.379,True
2026-09-02T13:10:14+00:00,5d8c8a4c-bce7-4d28-ae12-0d61a971c5cc,Shell,Shell Berlin Streitstr. 19,Berlin,52.558899,13.208409,2.3,2.379,2.319,2.379,True
2026-09-02T13:10:14+00:00,057827cd-6583-4a3a-a461-f8546073fd02,SUN,Sun Klosterstr.,Berlin,52.52943,13.19517,2.4,2.369,2.309,2.369,True
2026-09-02T13:10:14+00:00,905d4775-754e-4b38-baca-89c98fad1d1a,Sprint,Sprint Berlin Ruhlebener Str.,Berlin,52.529285,13.20718,2.9,2.369,2.309,2.359,True
2026-09-02T13:11:45+00:00,cebbe420-bcf3-4db8-9099-c52b783e2158,ESSO,Esso Tankstelle,BERLIN,52.549044,13.17897,0,2.379,2.319,2.389,True
2026-09-02T13:11:45+00:00,7347dd32-bfa1-470a-a6ee-2a2c95ad9af5,ARAL,Aral Tankstelle,Berlin,52.542747,13.199304,1.5,2.389,2.329,2.379,True
2026-09-02T13:11:45+00:00,9f07b69b-4b15-4852-9c60-5d293c6cadc5,Sprint,Sprint Berlin Seegefelder Str.,Berlin,52.536163,13.191189,1.6,2.369,2.309,2.369,True
2026-09-02T13:11:45+00:00,005056ba-7cb6-1ed2-bceb-641db1c24d1d,STAR,star Tankstelle,Berlin,52.534388,13.184014,1.7,2.369,2.309,2.369,True
2026-09-02T13:11:45+00:00,51d4b471-a095-1aa0-e100-80009459e03a,JET,JET BERLIN BRUNSBUETTELER DAMM 87-89,BERLIN,52.53379,13.18503,1.7,2.369,2.309,2.369,True
2026-09-02T13:11:45+00:00,d590310c-e209-46b2-bfe7-dacc6148e1f1,TotalEnergies,TotalEnergies Berlin,Berlin,52.55424,13.207408,2,2.379,2.319,2.379,True
2026-09-02T13:11:45+00:00,5d8c8a4c-bce7-4d28-ae12-0d61a971c5cc,Shell,Shell Berlin Streitstr. 19,Berlin,52.558899,13.208409,2.3,2.379,2.319,2.379,True
2026-09-02T13:11:45+00:00,057827cd-6583-4a3a-a461-f8546073fd02,SUN,Sun Klosterstr.,Berlin,52.52943,13.19517,2.4,2.369,2.309,2.369,True
2026-09-02T13:11:45+00:00,905d4775-754e-4b38-baca-89c98fad1d1a,Sprint,Sprint Berlin Ruhlebener Str.,Berlin,52.529285,13.20718,2.9,2.369,2.309,2.359,True
2026-09-02T13:13:15+00:00,cebbe420-bcf3-4db8-9099-c52b783e2158,ESSO,Esso Tankstelle,BERLIN,52.549044,13.17897,0,2.379,2.319,2.389,True
2026-09-02T13:13:15+00:00,7347dd32-bfa1-470a-a6ee-2a2c95ad9af5,ARAL,Aral Tankstelle,Berlin,52.542747,13.199304,1.5,2.389,2.329,2.379,True
2026-09-02T13:13:15+00:00,9f07b69b-4b15-4852-9c60-5d293c6cadc5,Sprint,Sprint Berlin Seegefelder Str.,Berlin,52.536163,13.191189,1.6,2.369,2.309,2.369,True
2026-09-02T13:13:15+00:00,005056ba-7cb6-1ed2-bceb-641db1c24d1d,STAR,star Tankstelle,Berlin,52.534388,13.184014,1.7,2.369,2.309,2.369,True
2026-09-02T13:13:15+00:00,51d4b471-a095-1aa0-e100-80009459e03a,JET,JET BERLIN BRUNSBUETTELER DAMM 87-89,BERLIN,52.53379,13.18503,1.7,2.369,2.309,2.369,True
2026-09-02T13:13:15+00:00,d590310c-e209-46b2-bfe7-dacc6148e1f1,TotalEnergies,TotalEnergies Berlin,Berlin,52.55424,13.207408,2,2.379,2.319,2.379,True
2026-09-02T13:13:15+00:00,5d8c8a4c-bce7-4d28-ae12-0d61a971c5cc,Shell,Shell Berlin Streitstr. 19,Berlin,52.558899,13.208409,2.3,2.379,2.319,2.379,True
2026-09-02T13:13:15+00:00,057827cd-6583-4a3a-a461-f8546073fd02,SUN,Sun Klosterstr.,Berlin,52.52943,13.19517,2.4,2.369,2.309,2.369,True
2026-09-02T13:13:15+00:00,905d4775-754e-4b38-baca-89c98fad1d1a,Sprint,Sprint Berlin Ruhlebener Str.,Berlin,52.529285,13.20718,2.9,2.369,2.309,2.359,True
2026-09-02T13:14:46+00:00,cebbe420-bcf3-4db8-9099-c52b783e2158,ESSO,Esso Tankstelle,BERLIN,52.549044,13.17897,0,2.379,2.319,2.379,True
2026-09-02T13:14:46+00:00,7347dd32-bfa1-470a-a6ee-2a2c95ad9af5,ARAL,Aral Tankstelle,Berlin,52.542747,13.199304,1.5,2.389,2.329,2.379,True
2026-09-02T13:14:46+00:00,9f07b69b-4b15-4852-9c60-5d293c6cadc5,Sprint,Sprint Berlin Seegefelder Str.,Berlin,52.536163,13.191189,1.6,2.369,2.309,2.369,True
2026-09-02T13:14:46+00:00,005056ba-7cb6-1ed2-bceb-641db1c24d1d,STAR,star Tankstelle,Berlin,52.534388,13.184014,1.7,2.369,2.309,2.369,True
2026-09-02T13:14:46+00:00,51d4b471-a095-1aa0-e100-80009459e03a,JET,JET BERLIN BRUNSBUETTELER DAMM 87-89,BERLIN,52.53379,13.18503,1.7,2.369,2.309,2.359,True
2026-09-02T13:14:46+00:00,d590310c-e209-46b2-bfe7-dacc6148e1f1,TotalEnergies,TotalEnergies Berlin,Berlin,52.55424,13.207408,2,2.379,2.319,2.379,True
2026-09-02T13:14:46+00:00,5d8c8a4c-bce7-4d28-ae12-0d61a971c5cc,Shell,Shell Berlin Streitstr. 19,Berlin,52.558899,13.208409,2.3,2.379,2.319,2.379,True
2026-09-02T13:14:46+00:00,057827cd-6583-4a3a-a461-f8546073fd02,SUN,Sun Klosterstr.,Berlin,52.52943,13.19517,2.4,2.369,2.309,2.369,True
2026-09-02T13:14:46+00:00,905d4775-754e-4b38-baca-89c98fad1d1a,Sprint,Sprint Berlin Ruhlebener Str.,Berlin,52.529285,13.20718,2.9,2.369,2.309,2.359,True
2026-09-02T13:16:17+00:00,cebbe420-bcf3-4db8-9099-c52b783e2158,ESSO,Esso Tankstelle,BERLIN,52.549044,13.17897,0,2.379,2.319,2.379,True
2026-09-02T13:16:17+00:00,7347dd32-bfa1-470a-a6ee-2a2c95ad9af5,ARAL,Aral Tankstelle,Berlin,52.542747,13.199304,1.5,2.389,2.329,2.379,True
2026-09-02T13:16:17+00:00,9f07b69b-4b15-4852-9c60-5d293c6cadc5,Sprint,Sprint Berlin Seegefelder Str.,Berlin,52.536163,13.191189,1.6,2.369,2.309,2.369,True
2026-09-02T13:16:17+00:00,005056ba-7cb6-1ed2-bceb-641db1c24d1d,STAR,star Tankstelle,Berlin,52.534388,13.184014,1.7,2.369,2.309,2.369,True
2026-09-02T13:16:17+00:00,51d4b471-a095-1aa0-e100-80009459e03a,JET,JET BERLIN BRUNSBUETTELER DAMM 87-89,BERLIN,52.53379,13.18503,1.7,2.369,2.309,2.359,True
2026-09-02T13:16:17+00:00,d590310c-e209-46b2-bfe7-dacc6148e1f1,TotalEnergies,TotalEnergies Berlin,Berlin,52.55424,13.207408,2,2.379,2.319,2.379,True
2026-09-02T13:16:17+00:00,5d8c8a4c-bce7-4d28-ae12-0d61a971c5cc,Shell,Shell Berlin Streitstr. 19,Berlin,52.558899,13.208409,2.3,2.379,2.319,2.379,True
2026-09-02T13:16:17+00:00,057827cd-6583-4a3a-a461-f8546073fd02,SUN,Sun Klosterstr.,Berlin,52.52943,13.19517,2.4,2.369,2.309,2.369,True
2026-09-02T13:16:17+00:00,905d4775-754e-4b38-baca-89c98fad1d1a,Sprint,Sprint Berlin Ruhlebener Str.,Berlin,52.529285,13.20718,2.9,2.369,2.309,2.359,True
2026-09-02T13:17:48+00:00,cebbe420-bcf3-4db8-9099-c52b783e2158,ESSO,Esso Tankstelle,BERLIN,52.549044,13.17897,0,2.379,2.319,2.379,True
2026-09-02T13:17:48+00:00,7347dd32-bfa1-470a-a6ee-2a2c95ad9af5,ARAL,Aral Tankstelle,Berlin,52.542747,13.199304,1.5,2.389,2.329,2.379,True
2026-09-02T13:17:48+00:00,9f07b69b-4b15-4852-9c60-5d293c6cadc5,Sprint,Sprint Berlin Seegefelder Str.,Berlin,52.536163,13.191189,1.6,2.369,2.309,2.359,True
2026-09-02T13:17:48+00:00,005056ba-7cb6-1ed2-bceb-641db1c24d1d,STAR,star Tankstelle,Berlin,52.534388,13.184014,1.7,2.369,2.309,2.369,True
2026-09-02T13:17:48+00:00,51d4b471-a095-1aa0-e100-80009459e03a,JET,JET BERLIN BRUNSBUETTELER DAMM 87-89,BERLIN,52.53379,13.18503,1.7,2.369,2.309,2.359,True
2026-09-02T13:17:48+00:00,d590310c-e209-46b2-bfe7-dacc6148e1f1,TotalEnergies,TotalEnergies Berlin,Berlin,52.55424,13.207408,2,2.379,2.319,2.379,True
2026-09-02T13:17:48+00:00,5d8c8a4c-bce7-4d28-ae12-0d61a971c5cc,Shell,Shell Berlin Streitstr. 19,Berlin,52.558899,13.208409,2.3,2.379,2.319,2.379,True
2026-09-02T13:17:48+00:00,057827cd-6583-4a3a-a461-f8546073fd02,SUN,Sun Klosterstr.,Berlin,52.52943,13.19517,2.4,2.369,2.309,2.369,True
2026-09-02T13:17:48+00:00,905d4775-754e-4b38-baca-89c98fad1d1a,Sprint,Sprint Berlin Ruhlebener Str.,Berlin,52.529285,13.20718,2.9,2.369,2.309,2.359,True
2026-09-02T13:19:19+00:00,cebbe420-bcf3-4db8-9099-c52b783e2158,ESSO,Esso Tankstelle,BERLIN,52.549044,13.17897,0,2.379,2.319,2.379,True
2026-09-02T13:19:19+00:00,7347dd32-bfa1-470a-a6ee-2a2c95ad9af5,ARAL,Aral Tankstelle,Berlin,52.542747,13.199304,1.5,2.389,2.329,2.379,True
2026-09-02T13:19:19+00:00,9f07b69b-4b15-4852-9c60-5d293c6cadc5,Sprint,Sprint Berlin Seegefelder Str.,Berlin,52.536163,13.191189,1.6,2.369,2.309,2.359,True
2026-09-02T13:19:19+00:00,005056ba-7cb6-1ed2-bceb-641db1c24d1d,STAR,star Tankstelle,Berlin,52.534388,13.184014,1.7,2.369,2.309,2.369,True
2026-09-02T13:19:19+00:00,51d4b471-a095-1aa0-e100-80009459e03a,JET,JET BERLIN BRUNSBUETTELER DAMM 87-89,BERLIN,52.53379,13.18503,1.7,2.369,2.309,2.359,True
2026-09-02T13:19:19+00:00,d590310c-e209-46b2-bfe7-dacc6148e1f1,TotalEnergies,TotalEnergies Berlin,Berlin,52.55424,13.207408,2,2.379,2.319,2.379,True
2026-09-02T13:19:19+00:00,5d8c8a4c-bce7-4d28-ae12-0d61a971c5cc,Shell,Shell Berlin Streitstr. 19,Berlin,52.558899,13.208409,2.3,2.379,2.319,2.379,True
2026-09-02T13:19:19+00:00,057827cd-6583-4a3a-a461-f8546073fd02,SUN,Sun Klosterstr.,Berlin,52.52943,13.19517,2.4,2.369,2.309,2.369,True
2026-09-02T13:19:19+00:00,905d4775-754e-4b38-baca-89c98fad1d1a,Sprint,Sprint Berlin Ruhlebener Str.,Berlin,52.529285,13.20718,2.9,2.369,2.309,2.359,True
2026-09-02T13:20:49+00:00,cebbe420-bcf3-4db8-9099-c52b783e2158,ESSO,Esso Tankstelle,BERLIN,52.549044,13.17897,0,2.379,2.319,2.379,True
2026-09-02T13:20:49+00:00,7347dd32-bfa1-470a-a6ee-2a2c95ad9af5,ARAL,Aral Tankstelle,Berlin,52.542747,13.199304,1.5,2.389,2.329,2.379,True
2026-09-02T13:20:49+00:00,9f07b69b-4b15-4852-9c60-5d293c6cadc5,Sprint,Sprint Berlin Seegefelder Str.,Berlin,52.536163,13.191189,1.6,2.369,2.309,2.359,True
2026-09-02T13:20:49+00:00,005056ba-7cb6-1ed2-bceb-641db1c24d1d,STAR,star Tankstelle,Berlin,52.534388,13.184014,1.7,2.369,2.309,2.369,True
2026-09-02T13:20:49+00:00,51d4b471-a095-1aa0-e100-80009459e03a,JET,JET BERLIN BRUNSBUETTELER DAMM 87-89,BERLIN,52.53379,13.18503,1.7,2.369,2.309,2.359,True
2026-09-02T13:20:49+00:00,d590310c-e209-46b2-bfe7-dacc6148e1f1,TotalEnergies,TotalEnergies Berlin,Berlin,52.55424,13.207408,2,2.379,2.319,2.379,True
2026-09-02T13:20:49+00:00,5d8c8a4c-bce7-4d28-ae12-0d61a971c5cc,Shell,Shell Berlin Streitstr. 19,Berlin,52.558899,13.208409,2.3,2.379,2.319,2.379,True
2026-09-02T13:20:49+00:00,057827cd-6583-4a3a-a461-f8546073fd02,SUN,Sun Klosterstr.,Berlin,52.52943,13.19517,2.4,2.369,2.309,2.369,True
2026-09-02T13:20:49+00:00,905d4775-754e-4b38-baca-89c98fad1d1a,Sprint,Sprint Berlin Ruhlebener Str.,Berlin,52.529285,13.20718,2.9,2.369,2.309,2.359,True
2026-09-02T13:22:20+00:00,cebbe420-bcf3-4db8-9099-c52b783e2158,ESSO,Esso Tankstelle,BERLIN,52.549044,13.17897,0,2.379,2.319,2.379,True
2026-09-02T13:22:20+00:00,7347dd32-bfa1-470a-a6ee-2a2c95ad9af5,ARAL,Aral Tankstelle,Berlin,52.542747,13.199304,1.5,2.389,2.329,2.379,True
2026-09-02T13:22:20+00:00,9f07b69b-4b15-4852-9c60-5d293c6cadc5,Sprint,Sprint Berlin Seegefelder Str.,Berlin,52.536163,13.191189,1.6,2.369,2.309,2.359,True
2026-09-02T13:22:20+00:00,005056ba-7cb6-1ed2-bceb-641db1c24d1d,STAR,star Tankstelle,Berlin,52.534388,13.184014,1.7,2.369,2.309,2.369,True
2026-09-02T13:22:20+00:00,51d4b471-a095-1aa0-e100-80009459e03a,JET,JET BERLIN BRUNSBUETTELER DAMM 87-89,BERLIN,52.53379,13.18503,1.7,2.369,2.309,2.359,True
2026-09-02T13:22:20+00:00,d590310c-e209-46b2-bfe7-dacc6148e1f1,TotalEnergies,TotalEnergies Berlin,Berlin,52.55424,13.207408,2,2.379,2.319,2.379,True
2026-09-02T13:22:20+00:00,5d8c8a4c-bce7-4d28-ae12-0d61a971c5cc,Shell,Shell Berlin Streitstr. 19,Berlin,52.558899,13.208409,2.3,2.379,2.319,2.379,True
2026-09-02T13:22:20+00:00,057827cd-6583-4a3a-a461-f8546073fd02,SUN,Sun Klosterstr.,Berlin,52.52943,13.19517,2.4,2.369,2.309,2.369,True
2026-09-02T13:22:20+00:00,905d4775-754e-4b38-baca-89c98fad1d1a,Sprint,Sprint Berlin Ruhlebener Str.,Berlin,52.529285,13.20718,2.9,2.369,2.309,2.359,True
2026-09-02T13:23:51+00:00,cebbe420-bcf3-4db8-9099-c52b783e2158,ESSO,Esso Tankstelle,BERLIN,52.549044,13.17897,0,2.379,2.319,2.379,True
2026-09-02T13:23:51+00:00,7347dd32-bfa1-470a-a6ee-2a2c95ad9af5,ARAL,Aral Tankstelle,Berlin,52.542747,13.199304,1.5,2.389,2.329,2.379,True
2026-09-02T13:23:51+00:00,9f07b69b-4b15-4852-9c60-5d293c6cadc5,Sprint,Sprint Berlin Seegefelder Str.,Berlin,52.536163,13.191189,1.6,2.369,2.309,2.359,True
2026-09-02T13:23:51+00:00,005056ba-7cb6-1ed2-bceb-641db1c24d1d,STAR,star Tankstelle,Berlin,52.534388,13.184014,1.7,2.369,2.309,2.369,True
2026-09-02T13:23:51+00:00,51d4b471-a095-1aa0-e100-80009459e03a,JET,JET BERLIN BRUNSBUETTELER DAMM 87-89,BERLIN,52.53379,13.18503,1.7,2.369,2.309,2.359,True
2026-09-02T13:23:51+00:00,d590310c-e209-46b2-bfe7-dacc6148e1f1,TotalEnergies,TotalEnergies Berlin,Berlin,52.55424,13.207408,2,2.379,2.319,2.379,True
2026-09-02T13:23:51+00:00,5d8c8a4c-bce7-4d28-ae12-0d61a971c5cc,Shell,Shell Berlin Streitstr. 19,Berlin,52.558899,13.208409,2.3,2.379,2.319,2.379,True
2026-09-02T13:23:51+00:00,057827cd-6583-4a3a-a461-f8546073fd02,SUN,Sun Klosterstr.,Berlin,52.52943,13.19517,2.4,2.369,2.309,2.369,True
2026-09-02T13:23:51+00:00,905d4775-754e-4b38-baca-89c98fad1d1a,Sprint,Sprint Berlin Ruhlebener Str.,Berlin,52.529285,13.20718,2.9,2.369,2.309,2.359,True
2026-09-02T13:25:22+00:00,cebbe420-bcf3-4db8-9099-c52b783e2158,ESSO,Esso Tankstelle,BERLIN,52.549044,13.17897,0,2.379,2.319,2.379,True
2026-09-02T13:25:22+00:00,7347dd32-bfa1-470a-a6ee-2a2c95ad9af5,ARAL,Aral Tankstelle,Berlin,52.542747,13.199304,1.5,2.389,2.329,2.379,True
2026-09-02T13:25:22+00:00,9f07b69b-4b15-4852-9c60-5d293c6cadc5,Sprint,Sprint Berlin Seegefelder Str.,Berlin,52.536163,13.191189,1.6,2.369,2.309,2.359,True
2026-09-02T13:25:22+00:00,005056ba-7cb6-1ed2-bceb-641db1c24d1d,STAR,star Tankstelle,Berlin,52.534388,13.184014,1.7,2.369,2.309,2.359,True
2026-09-02T13:25:22+00:00,51d4b471-a095-1aa0-e100-80009459e03a,JET,JET BERLIN BRUNSBUETTELER DAMM 87-89,BERLIN,52.53379,13.18503,1.7,2.369,2.309,2.359,True
2026-09-02T13:25:22+00:00,d590310c-e209-46b2-bfe7-dacc6148e1f1,TotalEnergies,TotalEnergies Berlin,Berlin,52.55424,13.207408,2,2.379,2.319,2.379,True
2026-09-02T13:25:22+00:00,5d8c8a4c-bce7-4d28-ae12-0d61a971c5cc,Shell,Shell Berlin Streitstr. 19,Berlin,52.558899,13.208409,2.3,2.379,2.319,2.379,True
2026-09-02T13:25:22+00:00,057827cd-6583-4a3a-a461-f8546073fd02,SUN,Sun Klosterstr.,Berlin,52.52943,13.19517,2.4,2.369,2.309,2.359,True
2026-09-02T13:25:22+00:00,905d4775-754e-4b38-baca-89c98fad1d1a,Sprint,Sprint Berlin Ruhlebener Str.,Berlin,52.529285,13.20718,2.9,2.369,2.309,2.359,True
2026-09-02T13:26:53+00:00,cebbe420-bcf3-4db8-9099-c52b783e2158,ESSO,Esso Tankstelle,BERLIN,52.549044,13.17897,0,2.379,2.319,2.379,True
2026-09-02T13:26:53+00:00,7347dd32-bfa1-470a-a6ee-2a2c95ad9af5,ARAL,Aral Tankstelle,Berlin,52.542747,13.199304,1.5,2.389,2.329,2.379,True
2026-09-02T13:26:53+00:00,9f07b69b-4b15-4852-9c60-5d293c6cadc5,Sprint,Sprint Berlin Seegefelder Str.,Berlin,52.536163,13.191189,1.6,2.369,2.309,2.359,True
2026-09-02T13:26:53+00:00,005056ba-7cb6-1ed2-bceb-641db1c24d1d,STAR,star Tankstelle,Berlin,52.534388,13.184014,1.7,2.369,2.309,2.359,True
2026-09-02T13:26:53+00:00,51d4b471-a095-1aa0-e100-80009459e03a,JET,JET BERLIN BRUNSBUETTELER DAMM 87-89,BERLIN,52.53379,13.18503,1.7,2.369,2.309,2.359,True
2026-09-02T13:26:53+00:00,d590310c-e209-46b2-bfe7-dacc6148e1f1,TotalEnergies,TotalEnergies Berlin,Berlin,52.55424,13.207408,2,2.379,2.319,2.379,True
2026-09-02T13:26:53+00:00,5d8c8a4c-bce7-4d28-ae12-0d61a971c5cc,Shell,Shell Berlin Streitstr. 19,Berlin,52.558899,13.208409,2.3,2.379,2.319,2.379,True
2026-09-02T13:26:53+00:00,057827cd-6583-4a3a-a461-f8546073fd02,SUN,Sun Klosterstr.,Berlin,52.52943,13.19517,2.4,2.369,2.309,2.359,True
2026-09-02T13:26:53+00:00,905d4775-754e-4b38-baca-89c98fad1d1a,Sprint,Sprint Berlin Ruhlebener Str.,Berlin,52.529285,13.20718,2.9,2.369,2.309,2.359,True
2026-09-02T13:28:24+00:00,cebbe420-bcf3-4db8-9099-c52b783e2158,ESSO,Esso Tankstelle,BERLIN,52.549044,13.17897,0,2.379,2.319,2.379,True
2026-09-02T13:28:24+00:00,7347dd32-bfa1-470a-a6ee-2a2c95ad9af5,ARAL,Aral Tankstelle,Berlin,52.542747,13.199304,1.5,2.389,2.329,2.379,True
2026-09-02T13:28:24+00:00,9f07b69b-4b15-4852-9c60-5d293c6cadc5,Sprint,Sprint Berlin Seegefelder Str.,Berlin,52.536163,13.191189,1.6,2.369,2.309,2.359,True
2026-09-02T13:28:24+00:00,005056ba-7cb6-1ed2-bceb-641db1c24d1d,STAR,star Tankstelle,Berlin,52.534388,13.184014,1.7,2.369,2.309,2.359,True
2026-09-02T13:28:24+00:00,51d4b471-a095-1aa0-e100-80009459e03a,JET,JET BERLIN BRUNSBUETTELER DAMM 87-89,BERLIN,52.53379,13.18503,1.7,2.369,2.309,2.359,True
2026-09-02T13:28:24+00:00,d590310c-e209-46b2-bfe7-dacc6148e1f1,TotalEnergies,TotalEnergies Berlin,Berlin,52.55424,13.207408,2,2.379,2.319,2.379,True
2026-09-02T13:28:24+00:00,5d8c8a4c-bce7-4d28-ae12-0d61a971c5cc,Shell,Shell Berlin Streitstr. 19,Berlin,52.558899,13.208409,2.3,2.379,2.319,2.379,True
2026-09-02T13:28:24+00:00,057827cd-6583-4a3a-a461-f8546073fd02,SUN,Sun Klosterstr.,Berlin,52.52943,13.19517,2.4,2.369,2.309,2.359,True
2026-09-02T13:28:24+00:00,905d4775-754e-4b38-baca-89c98fad1d1a,Sprint,Sprint Berlin Ruhlebener Str.,Berlin,52.529285,13.20718,2.9,2.369,2.309,2.359,True
2026-09-02T13:29:55+00:00,cebbe420-bcf3-4db8-9099-c52b783e2158,ESSO,Esso Tankstelle,BERLIN,52.549044,13.17897,0,2.379,2.319,2.379,True
2026-09-02T13:29:55+00:00,7347dd32-bfa1-470a-a6ee-2a2c95ad9af5,ARAL,Aral Tankstelle,Berlin,52.542747,13.199304,1.5,2.389,2.329,2.379,True
2026-09-02T13:29:55+00:00,9f07b69b-4b15-4852-9c60-5d293c6cadc5,Sprint,Sprint Berlin Seegefelder Str.,Berlin,52.536163,13.191189,1.6,2.369,2.309,2.359,True
2026-09-02T13:29:55+00:00,005056ba-7cb6-1ed2-bceb-641db1c24d1d,STAR,star Tankstelle,Berlin,52.534388,13.184014,1.7,2.369,2.309,2.359,True
2026-09-02T13:29:55+00:00,51d4b471-a095-1aa0-e100-80009459e03a,JET,JET BERLIN BRUNSBUETTELER DAMM 87-89,BERLIN,52.53379,13.18503,1.7,2.369,2.309,2.359,True
2026-09-02T13:29:55+00:00,d590310c-e209-46b2-bfe7-dacc6148e1f1,TotalEnergies,TotalEnergies Berlin,Berlin,52.55424,13.207408,2,2.379,2.319,2.369,True
2026-09-02T13:29:55+00:00,5d8c8a4c-bce7-4d28-ae12-0d61a971c5cc,Shell,Shell Berlin Streitstr. 19,Berlin,52.558899,13.208409,2.3,2.379,2.319,2.379,True
2026-09-02T13:29:55+00:00,057827cd-6583-4a3a-a461-f8546073fd02,SUN,Sun Klosterstr.,Berlin,52.52943,13.19517,2.4,2.369,2.309,2.359,True
2026-09-02T13:29:55+00:00,905d4775-754e-4b38-baca-89c98fad1d1a,Sprint,Sprint Berlin Ruhlebener Str.,Berlin,52.529285,13.20718,2.9,2.369,2.309,2.359,True
2026-09-02T13:31:26+00:00,cebbe420-bcf3-4db8-9099-c52b783e2158,ESSO,Esso Tankstelle,BERLIN,52.549044,13.17897,0,2.379,2.319,2.369,True
2026-09-02T13:31:26+00:00,7347dd32-bfa1-470a-a6ee-2a2c95ad9af5,ARAL,Aral Tankstelle,Berlin,52.542747,13.199304,1.5,2.389,2.329,2.379,True
2026-09-02T13:31:26+00:00,9f07b69b-4b15-4852-9c60-5d293c6cadc5,Sprint,Sprint Berlin Seegefelder Str.,Berlin,52.536163,13.191189,1.6,2.369,2.309,2.359,True
2026-09-02T13:31:26+00:00,005056ba-7cb6-1ed2-bceb-641db1c24d1d,STAR,star Tankstelle,Berlin,52.534388,13.184014,1.7,2.369,2.309,2.359,True
2026-09-02T13:31:26+00:00,51d4b471-a095-1aa0-e100-80009459e03a,JET,JET BERLIN BRUNSBUETTELER DAMM 87-89,BERLIN,52.53379,13.18503,1.7,2.369,2.309,2.359,True
2026-09-02T13:31:26+00:00,d590310c-e209-46b2-bfe7-dacc6148e1f1,TotalEnergies,TotalEnergies Berlin,Berlin,52.55424,13.207408,2,2.379,2.319,2.369,True
2026-09-02T13:31:26+00:00,5d8c8a4c-bce7-4d28-ae12-0d61a971c5cc,Shell,Shell Berlin Streitstr. 19,Berlin,52.558899,13.208409,2.3,2.379,2.319,2.379,True
2026-09-02T13:31:26+00:00,057827cd-6583-4a3a-a461-f8546073fd02,SUN,Sun Klosterstr.,Berlin,52.52943,13.19517,2.4,2.369,2.309,2.359,True
2026-09-02T13:31:26+00:00,905d4775-754e-4b38-baca-89c98fad1d1a,Sprint,Sprint Berlin Ruhlebener Str.,Berlin,52.529285,13.20718,2.9,2.369,2.309,2.359,True
2026-09-02T13:32:57+00:00,cebbe420-bcf3-4db8-9099-c52b783e2158,ESSO,Esso Tankstelle,BERLIN,52.549044,13.17897,0,2.379,2.319,2.369,True
2026-09-02T13:32:57+00:00,7347dd32-bfa1-470a-a6ee-2a2c95ad9af5,ARAL,Aral Tankstelle,Berlin,52.542747,13.199304,1.5,2.389,2.329,2.379,True
2026-09-02T13:32:57+00:00,9f07b69b-4b15-4852-9c60-5d293c6cadc5,Sprint,Sprint Berlin Seegefelder Str.,Berlin,52.536163,13.191189,1.6,2.369,2.309,2.359,True
2026-09-02T13:32:57+00:00,005056ba-7cb6-1ed2-bceb-641db1c24d1d,STAR,star Tankstelle,Berlin,52.534388,13.184014,1.7,2.369,2.309,2.359,True
2026-09-02T13:32:57+00:00,51d4b471-a095-1aa0-e100-80009459e03a,JET,JET BERLIN BRUNSBUETTELER DAMM 87-89,BERLIN,52.53379,13.18503,1.7,2.369,2.309,2.359,True
2026-09-02T13:32:57+00:00,d590310c-e209-46b2-bfe7-dacc6148e1f1,TotalEnergies,TotalEnergies Berlin,Berlin,52.55424,13.207408,2,2.379,2.319,2.369,True
2026-09-02T13:32:57+00:00,5d8c8a4c-bce7-4d28-ae12-0d61a971c5cc,Shell,Shell Berlin Streitstr. 19,Berlin,52.558899,13.208409,2.3,2.379,2.319,2.379,True
2026-09-02T13:32:57+00:00,057827cd-6583-4a3a-a461-f8546073fd02,SUN,Sun Klosterstr.,Berlin,52.52943,13.19517,2.4,2.369,2.309,2.359,True
2026-09-02T13:32:57+00:00,905d4775-754e-4b38-baca-89c98fad1d1a,Sprint,Sprint Berlin Ruhlebener Str.,Berlin,52.529285,13.20718,2.9,2.369,2.309,2.349,True
2026-09-02T13:34:28+00:00,cebbe420-bcf3-4db8-9099-c52b783e2158,ESSO,Esso Tankstelle,BERLIN,52.549044,13.17897,0,2.379,2.319,2.369,True
2026-09-02T13:34:28+00:00,7347dd32-bfa1-470a-a6ee-2a2c95ad9af5,ARAL,Aral Tankstelle,Berlin,52.542747,13.199304,1.5,2.389,2.329,2.379,True
2026-09-02T13:34:28+00:00,9f07b69b-4b15-4852-9c60-5d293c6cadc5,Sprint,Sprint Berlin Seegefelder Str.,Berlin,52.536163,13.191189,1.6,2.369,2.309,2.359,True
2026-09-02T13:34:28+00:00,005056ba-7cb6-1ed2-bceb-641db1c24d1d,STAR,star Tankstelle,Berlin,52.534388,13.184014,1.7,2.369,2.309,2.359,True
2026-09-02T13:34:28+00:00,51d4b471-a095-1aa0-e100-80009459e03a,JET,JET BERLIN BRUNSBUETTELER DAMM 87-89,BERLIN,52.53379,13.18503,1.7,2.369,2.309,2.359,True
2026-09-02T13:34:28+00:00,d590310c-e209-46b2-bfe7-dacc6148e1f1,TotalEnergies,TotalEnergies Berlin,Berlin,52.55424,13.207408,2,2.379,2.319,2.369,True
2026-09-02T13:34:28+00:00,5d8c8a4c-bce7-4d28-ae12-0d61a971c5cc,Shell,Shell Berlin Streitstr. 19,Berlin,52.558899,13.208409,2.3,2.379,2.319,2.379,True
2026-09-02T13:34:28+00:00,057827cd-6583-4a3a-a461-f8546073fd02,SUN,Sun Klosterstr.,Berlin,52.52943,13.19517,2.4,2.369,2.309,2.359,True
2026-09-02T13:34:28+00:00,905d4775-754e-4b38-baca-89c98fad1d1a,Sprint,Sprint Berlin Ruhlebener Str.,Berlin,52.529285,13.20718,2.9,2.369,2.309,2.349,True
2026-09-02T13:35:59+00:00,cebbe420-bcf3-4db8-9099-c52b783e2158,ESSO,Esso Tankstelle,BERLIN,52.549044,13.17897,0,2.379,2.319,2.369,True
2026-09-02T13:35:59+00:00,7347dd32-bfa1-470a-a6ee-2a2c95ad9af5,ARAL,Aral Tankstelle,Berlin,52.542747,13.199304,1.5,2.389,2.329,2.379,True
2026-09-02T13:35:59+00:00,9f07b69b-4b15-4852-9c60-5d293c6cadc5,Sprint,Sprint Berlin Seegefelder Str.,Berlin,52.536163,13.191189,1.6,2.369,2.309,2.359,True
2026-09-02T13:35:59+00:00,005056ba-7cb6-1ed2-bceb-641db1c24d1d,STAR,star Tankstelle,Berlin,52.534388,13.184014,1.7,2.369,2.309,2.359,True
2026-09-02T13:35:59+00:00,51d4b471-a095-1aa0-e100-80009459e03a,JET,JET BERLIN BRUNSBUETTELER DAMM 87-89,BERLIN,52.53379,13.18503,1.7,2.369,2.309,2.359,True
2026-09-02T13:35:59+00:00,d590310c-e209-46b2-bfe7-dacc6148e1f1,TotalEnergies,TotalEnergies Berlin,Berlin,52.55424,13.207408,2,2.379,2.319,2.369,True
2026-09-02T13:35:59+00:00,5d8c8a4c-bce7-4d28-ae12-0d61a971c5cc,Shell,Shell Berlin Streitstr. 19,Berlin,52.558899,13.208409,2.3,2.379,2.319,2.379,True
2026-09-02T13:35:59+00:00,057827cd-6583-4a3a-a461-f8546073fd02,SUN,Sun Klosterstr.,Berlin,52.52943,13.19517,2.4,2.369,2.309,2.359,True
2026-09-02T13:35:59+00:00,905d4775-754e-4b38-baca-89c98fad1d1a,Sprint,Sprint Berlin Ruhlebener Str.,Berlin,52.529285,13.20718,2.9,2.369,2.309,2.349,True
2026-09-02T13:37:29+00:00,cebbe420-bcf3-4db8-9099-c52b783e2158,ESSO,Esso Tankstelle,BERLIN,52.549044,13.17897,0,2.379,2.319,2.369,True
2026-09-02T13:37:29+00:00,7347dd32-bfa1-470a-a6ee-2a2c95ad9af5,ARAL,Aral Tankstelle,Berlin,52.542747,13.199304,1.5,2.389,2.329,2.379,True
2026-09-02T13:37:29+00:00,9f07b69b-4b15-4852-9c60-5d293c6cadc5,Sprint,Sprint Berlin Seegefelder Str.,Berlin,52.536163,13.191189,1.6,2.369,2.309,2.359,True
2026-09-02T13:37:29+00:00,005056ba-7cb6-1ed2-bceb-641db1c24d1d,STAR,star Tankstelle,Berlin,52.534388,13.184014,1.7,2.369,2.309,2.359,True
2026-09-02T13:37:29+00:00,51d4b471-a095-1aa0-e100-80009459e03a,JET,JET BERLIN BRUNSBUETTELER DAMM 87-89,BERLIN,52.53379,13.18503,1.7,2.369,2.309,2.359,True
2026-09-02T13:37:29+00:00,d590310c-e209-46b2-bfe7-dacc6148e1f1,TotalEnergies,TotalEnergies Berlin,Berlin,52.55424,13.207408,2,2.379,2.319,2.369,True
2026-09-02T13:37:29+00:00,5d8c8a4c-bce7-4d28-ae12-0d61a971c5cc,Shell,Shell Berlin Streitstr. 19,Berlin,52.558899,13.208409,2.3,2.379,2.319,2.379,True
2026-09-02T13:37:29+00:00,057827cd-6583-4a3a-a461-f8546073fd02,SUN,Sun Klosterstr.,Berlin,52.52943,13.19517,2.4,2.369,2.309,2.359,True
2026-09-02T13:37:29+00:00,905d4775-754e-4b38-baca-89c98fad1d1a,Sprint,Sprint Berlin Ruhlebener Str.,Berlin,52.529285,13.20718,2.9,2.369,2.309,2.349,True
2026-09-02T13:39:00+00:00,cebbe420-bcf3-4db8-9099-c52b783e2158,ESSO,Esso Tankstelle,BERLIN,52.549044,13.17897,0,2.379,2.319,2.369,True
2026-09-02T13:39:00+00:00,7347dd32-bfa1-470a-a6ee-2a2c95ad9af5,ARAL,Aral Tankstelle,Berlin,52.542747,13.199304,1.5,2.389,2.329,2.379,True
2026-09-02T13:39:00+00:00,9f07b69b-4b15-4852-9c60-5d293c6cadc5,Sprint,Sprint Berlin Seegefelder Str.,Berlin,52.536163,13.191189,1.6,2.369,2.309,2.359,True
2026-09-02T13:39:00+00:00,005056ba-7cb6-1ed2-bceb-641db1c24d1d,STAR,star Tankstelle,Berlin,52.534388,13.184014,1.7,2.369,2.309,2.359,True
2026-09-02T13:39:00+00:00,51d4b471-a095-1aa0-e100-80009459e03a,JET,JET BERLIN BRUNSBUETTELER DAMM 87-89,BERLIN,52.53379,13.18503,1.7,2.369,2.309,2.359,True
2026-09-02T13:39:00+00:00,d590310c-e209-46b2-bfe7-dacc6148e1f1,TotalEnergies,TotalEnergies Berlin,Berlin,52.55424,13.207408,2,2.379,2.319,2.369,True
2026-09-02T13:39:00+00:00,5d8c8a4c-bce7-4d28-ae12-0d61a971c5cc,Shell,Shell Berlin Streitstr. 19,Berlin,52.558899,13.208409,2.3,2.379,2.319,2.379,True
2026-09-02T13:39:00+00:00,057827cd-6583-4a3a-a461-f8546073fd02,SUN,Sun Klosterstr.,Berlin,52.52943,13.19517,2.4,2.369,2.309,2.359,True
2026-09-02T13:39:00+00:00,905d4775-754e-4b38-baca-89c98fad1d1a,Sprint,Sprint Berlin Ruhlebener Str.,Berlin,52.529285,13.20718,2.9,2.369,2.309,2.349,True
2026-09-02T13:40:32+00:00,cebbe420-bcf3-4db8-9099-c52b783e2158,ESSO,Esso Tankstelle,BERLIN,52.549044,13.17897,0,2.379,2.319,2.369,True
2026-09-02T13:40:32+00:00,7347dd32-bfa1-470a-a6ee-2a2c95ad9af5,ARAL,Aral Tankstelle,Berlin,52.542747,13.199304,1.5,2.389,2.329,2.379,True
2026-09-02T13:40:32+00:00,9f07b69b-4b15-4852-9c60-5d293c6cadc5,Sprint,Sprint Berlin Seegefelder Str.,Berlin,52.536163,13.191189,1.6,2.369,2.309,2.359,True
2026-09-02T13:40:32+00:00,005056ba-7cb6-1ed2-bceb-641db1c24d1d,STAR,star Tankstelle,Berlin,52.534388,13.184014,1.7,2.369,2.309,2.359,True
2026-09-02T13:40:32+00:00,51d4b471-a095-1aa0-e100-80009459e03a,JET,JET BERLIN BRUNSBUETTELER DAMM 87-89,BERLIN,52.53379,13.18503,1.7,2.369,2.309,2.359,True
2026-09-02T13:40:32+00:00,d590310c-e209-46b2-bfe7-dacc6148e1f1,TotalEnergies,TotalEnergies Berlin,Berlin,52.55424,13.207408,2,2.379,2.319,2.369,True
2026-09-02T13:40:32+00:00,5d8c8a4c-bce7-4d28-ae12-0d61a971c5cc,Shell,Shell Berlin Streitstr. 19,Berlin,52.558899,13.208409,2.3,2.379,2.319,2.379,True
2026-09-02T13:40:32+00:00,057827cd-6583-4a3a-a461-f8546073fd02,SUN,Sun Klosterstr.,Berlin,52.52943,13.19517,2.4,2.369,2.309,2.359,True
2026-09-02T13:40:32+00:00,905d4775-754e-4b38-baca-89c98fad1d1a,Sprint,Sprint Berlin Ruhlebener Str.,Berlin,52.529285,13.20718,2.9,2.369,2.309,2.349,True
2026-09-02T13:42:02+00:00,cebbe420-bcf3-4db8-9099-c52b783e2158,ESSO,Esso Tankstelle,BERLIN,52.549044,13.17897,0,2.379,2.319,2.369,True
2026-09-02T13:42:02+00:00,7347dd32-bfa1-470a-a6ee-2a2c95ad9af5,ARAL,Aral Tankstelle,Berlin,52.542747,13.199304,1.5,2.389,2.329,2.379,True
2026-09-02T13:42:02+00:00,9f07b69b-4b15-4852-9c60-5d293c6cadc5,Sprint,Sprint Berlin Seegefelder Str.,Berlin,52.536163,13.191189,1.6,2.369,2.309,2.359,True
2026-09-02T13:42:02+00:00,005056ba-7cb6-1ed2-bceb-641db1c24d1d,STAR,star Tankstelle,Berlin,52.534388,13.184014,1.7,2.369,2.309,2.359,True
2026-09-02T13:42:02+00:00,51d4b471-a095-1aa0-e100-80009459e03a,JET,JET BERLIN BRUNSBUETTELER DAMM 87-89,BERLIN,52.53379,13.18503,1.7,2.369,2.309,2.359,True
2026-09-02T13:42:02+00:00,d590310c-e209-46b2-bfe7-dacc6148e1f1,TotalEnergies,TotalEnergies Berlin,Berlin,52.55424,13.207408,2,2.379,2.319,2.369,True
2026-09-02T13:42:02+00:00,5d8c8a4c-bce7-4d28-ae12-0d61a971c5cc,Shell,Shell Berlin Streitstr. 19,Berlin,52.558899,13.208409,2.3,2.379,2.319,2.379,True
2026-09-02T13:42:02+00:00,057827cd-6583-4a3a-a461-f8546073fd02,SUN,Sun Klosterstr.,Berlin,52.52943,13.19517,2.4,2.369,2.309,2.359,True
2026-09-02T13:42:02+00:00,905d4775-754e-4b38-baca-89c98fad1d1a,Sprint,Sprint Berlin Ruhlebener Str.,Berlin,52.529285,13.20718,2.9,2.369,2.309,2.349,True
2026-09-02T13:43:33+00:00,cebbe420-bcf3-4db8-9099-c52b783e2158,ESSO,Esso Tankstelle,BERLIN,52.549044,13.17897,0,2.379,2.319,2.369,True
2026-09-02T13:43:33+00:00,7347dd32-bfa1-470a-a6ee-2a2c95ad9af5,ARAL,Aral Tankstelle,Berlin,52.542747,13.199304,1.5,2.389,2.329,2.379,True
2026-09-02T13:43:33+00:00,9f07b69b-4b15-4852-9c60-5d293c6cadc5,Sprint,Sprint Berlin Seegefelder Str.,Berlin,52.536163,13.191189,1.6,2.369,2.309,2.359,True
2026-09-02T13:43:33+00:00,005056ba-7cb6-1ed2-bceb-641db1c24d1d,STAR,star Tankstelle,Berlin,52.534388,13.184014,1.7,2.369,2.309,2.359,True
2026-09-02T13:43:33+00:00,51d4b471-a095-1aa0-e100-80009459e03a,JET,JET BERLIN BRUNSBUETTELER DAMM 87-89,BERLIN,52.53379,13.18503,1.7,2.369,2.309,2.359,True
2026-09-02T13:43:33+00:00,d590310c-e209-46b2-bfe7-dacc6148e1f1,TotalEnergies,TotalEnergies Berlin,Berlin,52.55424,13.207408,2,2.379,2.319,2.369,True
2026-09-02T13:43:33+00:00,5d8c8a4c-bce7-4d28-ae12-0d61a971c5cc,Shell,Shell Berlin Streitstr. 19,Berlin,52.558899,13.208409,2.3,2.379,2.319,2.379,True
2026-09-02T13:43:33+00:00,057827cd-6583-4a3a-a461-f8546073fd02,SUN,Sun Klosterstr.,Berlin,52.52943,13.19517,2.4,2.369,2.309,2.359,True
2026-09-02T13:43:33+00:00,905d4775-754e-4b38-baca-89c98fad1d1a,Sprint,Sprint Berlin Ruhlebener Str.,Berlin,52.529285,13.20718,2.9,2.369,2.309,2.349,True
2026-09-02T13:45:04+00:00,cebbe420-bcf3-4db8-9099-c52b783e2158,ESSO,Esso Tankstelle,BERLIN,52.549044,13.17897,0,2.379,2.319,2.369,True
2026-09-02T13:45:04+00:00,7347dd32-bfa1-470a-a6ee-2a2c95ad9af5,ARAL,Aral Tankstelle,Berlin,52.542747,13.199304,1.5,2.389,2.329,2.379,True
2026-09-02T13:45:04+00:00,9f07b69b-4b15-4852-9c60-5d293c6cadc5,Sprint,Sprint Berlin Seegefelder Str.,Berlin,52.536163,13.191189,1.6,2.369,2.309,2.359,True
2026-09-02T13:45:04+00:00,005056ba-7cb6-1ed2-bceb-641db1c24d1d,STAR,star Tankstelle,Berlin,52.534388,13.184014,1.7,2.369,2.309,2.359,True
2026-09-02T13:45:04+00:00,51d4b471-a095-1aa0-e100-80009459e03a,JET,JET BERLIN BRUNSBUETTELER DAMM 87-89,BERLIN,52.53379,13.18503,1.7,2.369,2.309,2.349,True
2026-09-02T13:45:04+00:00,d590310c-e209-46b2-bfe7-dacc6148e1f1,TotalEnergies,TotalEnergies Berlin,Berlin,52.55424,13.207408,2,2.379,2.319,2.369,True
2026-09-02T13:45:04+00:00,5d8c8a4c-bce7-4d28-ae12-0d61a971c5cc,Shell,Shell Berlin Streitstr. 19,Berlin,52.558899,13.208409,2.3,2.379,2.319,2.379,True
2026-09-02T13:45:04+00:00,057827cd-6583-4a3a-a461-f8546073fd02,SUN,Sun Klosterstr.,Berlin,52.52943,13.19517,2.4,2.369,2.309,2.349,True
2026-09-02T13:45:04+00:00,905d4775-754e-4b38-baca-89c98fad1d1a,Sprint,Sprint Berlin Ruhlebener Str.,Berlin,52.529285,13.20718,2.9,2.369,2.309,2.349,True
2026-09-02T13:46:39+00:00,cebbe420-bcf3-4db8-9099-c52b783e2158,ESSO,Esso Tankstelle,BERLIN,52.549044,13.17897,0,2.379,2.319,2.369,True
2026-09-02T13:46:39+00:00,7347dd32-bfa1-470a-a6ee-2a2c95ad9af5,ARAL,Aral Tankstelle,Berlin,52.542747,13.199304,1.5,2.389,2.329,2.379,True
2026-09-02T13:46:39+00:00,9f07b69b-4b15-4852-9c60-5d293c6cadc5,Sprint,Sprint Berlin Seegefelder Str.,Berlin,52.536163,13.191189,1.6,2.369,2.309,2.349,True
2026-09-02T13:46:39+00:00,005056ba-7cb6-1ed2-bceb-641db1c24d1d,STAR,star Tankstelle,Berlin,52.534388,13.184014,1.7,2.369,2.309,2.349,True
2026-09-02T13:46:39+00:00,51d4b471-a095-1aa0-e100-80009459e03a,JET,JET BERLIN BRUNSBUETTELER DAMM 87-89,BERLIN,52.53379,13.18503,1.7,2.369,2.309,2.349,True
2026-09-02T13:46:39+00:00,d590310c-e209-46b2-bfe7-dacc6148e1f1,TotalEnergies,TotalEnergies Berlin,Berlin,52.55424,13.207408,2,2.379,2.319,2.369,True
2026-09-02T13:46:39+00:00,5d8c8a4c-bce7-4d28-ae12-0d61a971c5cc,Shell,Shell Berlin Streitstr. 19,Berlin,52.558899,13.208409,2.3,2.379,2.319,2.369,True
2026-09-02T13:46:39+00:00,057827cd-6583-4a3a-a461-f8546073fd02,SUN,Sun Klosterstr.,Berlin,52.52943,13.19517,2.4,2.369,2.309,2.349,True
2026-09-02T13:46:39+00:00,905d4775-754e-4b38-baca-89c98fad1d1a,Sprint,Sprint Berlin Ruhlebener Str.,Berlin,52.529285,13.20718,2.9,2.369,2.309,2.349,True
2026-09-02T13:48:10+00:00,cebbe420-bcf3-4db8-9099-c52b783e2158,ESSO,Esso Tankstelle,BERLIN,52.549044,13.17897,0,2.379,2.319,2.369,True
2026-09-02T13:48:10+00:00,7347dd32-bfa1-470a-a6ee-2a2c95ad9af5,ARAL,Aral Tankstelle,Berlin,52.542747,13.199304,1.5,2.389,2.329,2.379,True
2026-09-02T13:48:10+00:00,9f07b69b-4b15-4852-9c60-5d293c6cadc5,Sprint,Sprint Berlin Seegefelder Str.,Berlin,52.536163,13.191189,1.6,2.369,2.309,2.349,True
2026-09-02T13:48:10+00:00,005056ba-7cb6-1ed2-bceb-641db1c24d1d,STAR,star Tankstelle,Berlin,52.534388,13.184014,1.7,2.369,2.309,2.349,True
2026-09-02T13:48:10+00:00,51d4b471-a095-1aa0-e100-80009459e03a,JET,JET BERLIN BRUNSBUETTELER DAMM 87-89,BERLIN,52.53379,13.18503,1.7,2.369,2.309,2.349,True
2026-09-02T13:48:10+00:00,d590310c-e209-46b2-bfe7-dacc6148e1f1,TotalEnergies,TotalEnergies Berlin,Berlin,52.55424,13.207408,2,2.379,2.319,2.369,True
2026-09-02T13:48:10+00:00,5d8c8a4c-bce7-4d28-ae12-0d61a971c5cc,Shell,Shell Berlin Streitstr. 19,Berlin,52.558899,13.208409,2.3,2.379,2.319,2.369,True
2026-09-02T13:48:10+00:00,057827cd-6583-4a3a-a461-f8546073fd02,SUN,Sun Klosterstr.,Berlin,52.52943,13.19517,2.4,2.369,2.309,2.349,True
2026-09-02T13:48:10+00:00,905d4775-754e-4b38-baca-89c98fad1d1a,Sprint,Sprint Berlin Ruhlebener Str.,Berlin,52.529285,13.20718,2.9,2.369,2.309,2.349,True
2026-09-02T13:49:41+00:00,cebbe420-bcf3-4db8-9099-c52b783e2158,ESSO,Esso Tankstelle,BERLIN,52.549044,13.17897,0,2.379,2.319,2.369,True
2026-09-02T13:49:41+00:00,7347dd32-bfa1-470a-a6ee-2a2c95ad9af5,ARAL,Aral Tankstelle,Berlin,52.542747,13.199304,1.5,2.389,2.329,2.379,True
2026-09-02T13:49:41+00:00,9f07b69b-4b15-4852-9c60-5d293c6cadc5,Sprint,Sprint Berlin Seegefelder Str.,Berlin,52.536163,13.191189,1.6,2.369,2.309,2.349,True
2026-09-02T13:49:41+00:00,005056ba-7cb6-1ed2-bceb-641db1c24d1d,STAR,star Tankstelle,Berlin,52.534388,13.184014,1.7,2.369,2.309,2.349,True
2026-09-02T13:49:41+00:00,51d4b471-a095-1aa0-e100-80009459e03a,JET,JET BERLIN BRUNSBUETTELER DAMM 87-89,BERLIN,52.53379,13.18503,1.7,2.369,2.309,2.349,True
2026-09-02T13:49:41+00:00,d590310c-e209-46b2-bfe7-dacc6148e1f1,TotalEnergies,TotalEnergies Berlin,Berlin,52.55424,13.207408,2,2.379,2.319,2.359,True
2026-09-02T13:49:41+00:00,5d8c8a4c-bce7-4d28-ae12-0d61a971c5cc,Shell,Shell Berlin Streitstr. 19,Berlin,52.558899,13.208409,2.3,2.379,2.319,2.369,True
2026-09-02T13:49:41+00:00,057827cd-6583-4a3a-a461-f8546073fd02,SUN,Sun Klosterstr.,Berlin,52.52943,13.19517,2.4,2.369,2.309,2.349,True
2026-09-02T13:49:41+00:00,905d4775-754e-4b38-baca-89c98fad1d1a,Sprint,Sprint Berlin Ruhlebener Str.,Berlin,52.529285,13.20718,2.9,2.369,2.309,2.349,True
2026-09-02T13:51:12+00:00,cebbe420-bcf3-4db8-9099-c52b783e2158,ESSO,Esso Tankstelle,BERLIN,52.549044,13.17897,0,2.379,2.319,2.369,True
2026-09-02T13:51:12+00:00,7347dd32-bfa1-470a-a6ee-2a2c95ad9af5,ARAL,Aral Tankstelle,Berlin,52.542747,13.199304,1.5,2.389,2.329,2.379,True
2026-09-02T13:51:12+00:00,9f07b69b-4b15-4852-9c60-5d293c6cadc5,Sprint,Sprint Berlin Seegefelder Str.,Berlin,52.536163,13.191189,1.6,2.369,2.309,2.349,True
2026-09-02T13:51:12+00:00,005056ba-7cb6-1ed2-bceb-641db1c24d1d,STAR,star Tankstelle,Berlin,52.534388,13.184014,1.7,2.369,2.309,2.349,True
2026-09-02T13:51:12+00:00,51d4b471-a095-1aa0-e100-80009459e03a,JET,JET BERLIN BRUNSBUETTELER DAMM 87-89,BERLIN,52.53379,13.18503,1.7,2.369,2.309,2.349,True
2026-09-02T13:51:12+00:00,d590310c-e209-46b2-bfe7-dacc6148e1f1,TotalEnergies,TotalEnergies Berlin,Berlin,52.55424,13.207408,2,2.379,2.319,2.359,True
2026-09-02T13:51:12+00:00,5d8c8a4c-bce7-4d28-ae12-0d61a971c5cc,Shell,Shell Berlin Streitstr. 19,Berlin,52.558899,13.208409,2.3,2.379,2.319,2.369,True
2026-09-02T13:51:12+00:00,057827cd-6583-4a3a-a461-f8546073fd02,SUN,Sun Klosterstr.,Berlin,52.52943,13.19517,2.4,2.369,2.309,2.349,True
2026-09-02T13:51:12+00:00,905d4775-754e-4b38-baca-89c98fad1d1a,Sprint,Sprint Berlin Ruhlebener Str.,Berlin,52.529285,13.20718,2.9,2.369,2.309,2.349,True
2026-09-02T13:52:43+00:00,cebbe420-bcf3-4db8-9099-c52b783e2158,ESSO,Esso Tankstelle,BERLIN,52.549044,13.17897,0,2.379,2.319,2.369,True
2026-09-02T13:52:43+00:00,7347dd32-bfa1-470a-a6ee-2a2c95ad9af5,ARAL,Aral Tankstelle,Berlin,52.542747,13.199304,1.5,2.389,2.329,2.379,True
2026-09-02T13:52:43+00:00,9f07b69b-4b15-4852-9c60-5d293c6cadc5,Sprint,Sprint Berlin Seegefelder Str.,Berlin,52.536163,13.191189,1.6,2.369,2.309,2.349,True
2026-09-02T13:52:43+00:00,005056ba-7cb6-1ed2-bceb-641db1c24d1d,STAR,star Tankstelle,Berlin,52.534388,13.184014,1.7,2.369,2.309,2.349,True
2026-09-02T13:52:43+00:00,51d4b471-a095-1aa0-e100-80009459e03a,JET,JET BERLIN BRUNSBUETTELER DAMM 87-89,BERLIN,52.53379,13.18503,1.7,2.369,2.309,2.349,True
2026-09-02T13:52:43+00:00,d590310c-e209-46b2-bfe7-dacc6148e1f1,TotalEnergies,TotalEnergies Berlin,Berlin,52.55424,13.207408,2,2.379,2.319,2.359,True
2026-09-02T13:52:43+00:00,5d8c8a4c-bce7-4d28-ae12-0d61a971c5cc,Shell,Shell Berlin Streitstr. 19,Berlin,52.558899,13.208409,2.3,2.379,2.319,2.369,True
2026-09-02T13:52:43+00:00,057827cd-6583-4a3a-a461-f8546073fd02,SUN,Sun Klosterstr.,Berlin,52.52943,13.19517,2.4,2.369,2.309,2.349,True
2026-09-02T13:52:43+00:00,905d4775-754e-4b38-baca-89c98fad1d1a,Sprint,Sprint Berlin Ruhlebener Str.,Berlin,52.529285,13.20718,2.9,2.369,2.309,2.349,True
2026-09-02T13:54:13+00:00,cebbe420-bcf3-4db8-9099-c52b783e2158,ESSO,Esso Tankstelle,BERLIN,52.549044,13.17897,0,2.379,2.319,2.369,True
2026-09-02T13:54:13+00:00,7347dd32-bfa1-470a-a6ee-2a2c95ad9af5,ARAL,Aral Tankstelle,Berlin,52.542747,13.199304,1.5,2.389,2.329,2.379,True
2026-09-02T13:54:13+00:00,9f07b69b-4b15-4852-9c60-5d293c6cadc5,Sprint,Sprint Berlin Seegefelder Str.,Berlin,52.536163,13.191189,1.6,2.369,2.309,2.349,True
2026-09-02T13:54:13+00:00,005056ba-7cb6-1ed2-bceb-641db1c24d1d,STAR,star Tankstelle,Berlin,52.534388,13.184014,1.7,2.369,2.309,2.349,True
2026-09-02T13:54:13+00:00,51d4b471-a095-1aa0-e100-80009459e03a,JET,JET BERLIN BRUNSBUETTELER DAMM 87-89,BERLIN,52.53379,13.18503,1.7,2.369,2.309,2.349,True
2026-09-02T13:54:13+00:00,d590310c-e209-46b2-bfe7-dacc6148e1f1,TotalEnergies,TotalEnergies Berlin,Berlin,52.55424,13.207408,2,2.379,2.319,2.359,True
2026-09-02T13:54:13+00:00,5d8c8a4c-bce7-4d28-ae12-0d61a971c5cc,Shell,Shell Berlin Streitstr. 19,Berlin,52.558899,13.208409,2.3,2.379,2.319,2.369,True
2026-09-02T13:54:13+00:00,057827cd-6583-4a3a-a461-f8546073fd02,SUN,Sun Klosterstr.,Berlin,52.52943,13.19517,2.4,2.369,2.309,2.349,True
2026-09-02T13:54:13+00:00,905d4775-754e-4b38-baca-89c98fad1d1a,Sprint,Sprint Berlin Ruhlebener Str.,Berlin,52.529285,13.20718,2.9,2.369,2.309,2.349,True
2026-09-02T13:55:44+00:00,cebbe420-bcf3-4db8-9099-c52b783e2158,ESSO,Esso Tankstelle,BERLIN,52.549044,13.17897,0,2.379,2.319,2.369,True
2026-09-02T13:55:44+00:00,7347dd32-bfa1-470a-a6ee-2a2c95ad9af5,ARAL,Aral Tankstelle,Berlin,52.542747,13.199304,1.5,2.389,2.329,2.379,True
2026-09-02T13:55:44+00:00,9f07b69b-4b15-4852-9c60-5d293c6cadc5,Sprint,Sprint Berlin Seegefelder Str.,Berlin,52.536163,13.191189,1.6,2.369,2.309,2.349,True
2026-09-02T13:55:44+00:00,005056ba-7cb6-1ed2-bceb-641db1c24d1d,STAR,star Tankstelle,Berlin,52.534388,13.184014,1.7,2.369,2.309,2.349,True
2026-09-02T13:55:44+00:00,51d4b471-a095-1aa0-e100-80009459e03a,JET,JET BERLIN BRUNSBUETTELER DAMM 87-89,BERLIN,52.53379,13.18503,1.7,2.369,2.309,2.349,True
2026-09-02T13:55:44+00:00,d590310c-e209-46b2-bfe7-dacc6148e1f1,TotalEnergies,TotalEnergies Berlin,Berlin,52.55424,13.207408,2,2.379,2.319,2.359,True
2026-09-02T13:55:44+00:00,5d8c8a4c-bce7-4d28-ae12-0d61a971c5cc,Shell,Shell Berlin Streitstr. 19,Berlin,52.558899,13.208409,2.3,2.379,2.319,2.369,True
2026-09-02T13:55:44+00:00,057827cd-6583-4a3a-a461-f8546073fd02,SUN,Sun Klosterstr.,Berlin,52.52943,13.19517,2.4,2.369,2.309,2.349,True
2026-09-02T13:55:44+00:00,905d4775-754e-4b38-baca-89c98fad1d1a,Sprint,Sprint Berlin Ruhlebener Str.,Berlin,52.529285,13.20718,2.9,2.369,2.309,2.339,True
2026-09-02T13:57:15+00:00,cebbe420-bcf3-4db8-9099-c52b783e2158,ESSO,Esso Tankstelle,BERLIN,52.549044,13.17897,0,2.379,2.319,2.369,True
2026-09-02T13:57:15+00:00,7347dd32-bfa1-470a-a6ee-2a2c95ad9af5,ARAL,Aral Tankstelle,Berlin,52.542747,13.199304,1.5,2.389,2.329,2.379,True
2026-09-02T13:57:15+00:00,9f07b69b-4b15-4852-9c60-5d293c6cadc5,Sprint,Sprint Berlin Seegefelder Str.,Berlin,52.536163,13.191189,1.6,2.369,2.309,2.349,True
2026-09-02T13:57:15+00:00,005056ba-7cb6-1ed2-bceb-641db1c24d1d,STAR,star Tankstelle,Berlin,52.534388,13.184014,1.7,2.369,2.309,2.349,True
2026-09-02T13:57:15+00:00,51d4b471-a095-1aa0-e100-80009459e03a,JET,JET BERLIN BRUNSBUETTELER DAMM 87-89,BERLIN,52.53379,13.18503,1.7,2.369,2.309,2.349,True
2026-09-02T13:57:15+00:00,d590310c-e209-46b2-bfe7-dacc6148e1f1,TotalEnergies,TotalEnergies Berlin,Berlin,52.55424,13.207408,2,2.379,2.319,2.359,True
2026-09-02T13:57:15+00:00,5d8c8a4c-bce7-4d28-ae12-0d61a971c5cc,Shell,Shell Berlin Streitstr. 19,Berlin,52.558899,13.208409,2.3,2.379,2.319,2.369,True
2026-09-02T13:57:15+00:00,057827cd-6583-4a3a-a461-f8546073fd02,SUN,Sun Klosterstr.,Berlin,52.52943,13.19517,2.4,2.369,2.309,2.349,True
2026-09-02T13:57:15+00:00,905d4775-754e-4b38-baca-89c98fad1d1a,Sprint,Sprint Berlin Ruhlebener Str.,Berlin,52.529285,13.20718,2.9,2.369,2.309,2.339,True
2026-09-02T13:58:47+00:00,cebbe420-bcf3-4db8-9099-c52b783e2158,ESSO,Esso Tankstelle,BERLIN,52.549044,13.17897,0,2.379,2.319,2.359,True
2026-09-02T13:58:47+00:00,7347dd32-bfa1-470a-a6ee-2a2c95ad9af5,ARAL,Aral Tankstelle,Berlin,52.542747,13.199304,1.5,2.389,2.329,2.379,True
2026-09-02T13:58:47+00:00,9f07b69b-4b15-4852-9c60-5d293c6cadc5,Sprint,Sprint Berlin Seegefelder Str.,Berlin,52.536163,13.191189,1.6,2.369,2.309,2.349,True
2026-09-02T13:58:47+00:00,005056ba-7cb6-1ed2-bceb-641db1c24d1d,STAR,star Tankstelle,Berlin,52.534388,13.184014,1.7,2.369,2.309,2.349,True
2026-09-02T13:58:47+00:00,51d4b471-a095-1aa0-e100-80009459e03a,JET,JET BERLIN BRUNSBUETTELER DAMM 87-89,BERLIN,52.53379,13.18503,1.7,2.369,2.309,2.349,True
2026-09-02T13:58:47+00:00,d590310c-e209-46b2-bfe7-dacc6148e1f1,TotalEnergies,TotalEnergies Berlin,Berlin,52.55424,13.207408,2,2.379,2.319,2.359,True
2026-09-02T13:58:47+00:00,5d8c8a4c-bce7-4d28-ae12-0d61a971c5cc,Shell,Shell Berlin Streitstr. 19,Berlin,52.558899,13.208409,2.3,2.379,2.319,2.369,True
2026-09-02T13:58:47+00:00,057827cd-6583-4a3a-a461-f8546073fd02,SUN,Sun Klosterstr.,Berlin,52.52943,13.19517,2.4,2.369,2.309,2.349,True
2026-09-02T13:58:47+00:00,905d4775-754e-4b38-baca-89c98fad1d1a,Sprint,Sprint Berlin Ruhlebener Str.,Berlin,52.529285,13.20718,2.9,2.369,2.309,2.339,True
2026-09-02T14:00:18+00:00,cebbe420-bcf3-4db8-9099-c52b783e2158,ESSO,Esso Tankstelle,BERLIN,52.549044,13.17897,0,2.379,2.319,2.359,True
2026-09-02T14:00:18+00:00,7347dd32-bfa1-470a-a6ee-2a2c95ad9af5,ARAL,Aral Tankstelle,Berlin,52.542747,13.199304,1.5,2.389,2.329,2.379,True
2026-09-02T14:00:18+00:00,9f07b69b-4b15-4852-9c60-5d293c6cadc5,Sprint,Sprint Berlin Seegefelder Str.,Berlin,52.536163,13.191189,1.6,2.369,2.309,2.349,True
2026-09-02T14:00:18+00:00,005056ba-7cb6-1ed2-bceb-641db1c24d1d,STAR,star Tankstelle,Berlin,52.534388,13.184014,1.7,2.369,2.309,2.349,True
2026-09-02T14:00:18+00:00,51d4b471-a095-1aa0-e100-80009459e03a,JET,JET BERLIN BRUNSBUETTELER DAMM 87-89,BERLIN,52.53379,13.18503,1.7,2.369,2.309,2.349,True
2026-09-02T14:00:18+00:00,d590310c-e209-46b2-bfe7-dacc6148e1f1,TotalEnergies,TotalEnergies Berlin,Berlin,52.55424,13.207408,2,2.379,2.319,2.359,True
2026-09-02T14:00:18+00:00,5d8c8a4c-bce7-4d28-ae12-0d61a971c5cc,Shell,Shell Berlin Streitstr. 19,Berlin,52.558899,13.208409,2.3,2.379,2.319,2.369,True
2026-09-02T14:00:18+00:00,057827cd-6583-4a3a-a461-f8546073fd02,SUN,Sun Klosterstr.,Berlin,52.52943,13.19517,2.4,2.369,2.309,2.349,True
2026-09-02T14:00:18+00:00,905d4775-754e-4b38-baca-89c98fad1d1a,Sprint,Sprint Berlin Ruhlebener Str.,Berlin,52.529285,13.20718,2.9,2.369,2.309,2.339,True
2026-09-02T14:01:59+00:00,cebbe420-bcf3-4db8-9099-c52b783e2158,ESSO,Esso Tankstelle,BERLIN,52.549044,13.17897,0,2.379,2.319,2.359,True
2026-09-02T14:01:59+00:00,7347dd32-bfa1-470a-a6ee-2a2c95ad9af5,ARAL,Aral Tankstelle,Berlin,52.542747,13.199304,1.5,2.389,2.329,2.379,True
2026-09-02T14:01:59+00:00,9f07b69b-4b15-4852-9c60-5d293c6cadc5,Sprint,Sprint Berlin Seegefelder Str.,Berlin,52.536163,13.191189,1.6,2.369,2.309,2.349,True
2026-09-02T14:01:59+00:00,005056ba-7cb6-1ed2-bceb-641db1c24d1d,STAR,star Tankstelle,Berlin,52.534388,13.184014,1.7,2.369,2.309,2.349,True
2026-09-02T14:01:59+00:00,51d4b471-a095-1aa0-e100-80009459e03a,JET,JET BERLIN BRUNSBUETTELER DAMM 87-89,BERLIN,52.53379,13.18503,1.7,2.369,2.309,2.349,True
2026-09-02T14:01:59+00:00,d590310c-e209-46b2-bfe7-dacc6148e1f1,TotalEnergies,TotalEnergies Berlin,Berlin,52.55424,13.207408,2,2.379,2.319,2.359,True
2026-09-02T14:01:59+00:00,5d8c8a4c-bce7-4d28-ae12-0d61a971c5cc,Shell,Shell Berlin Streitstr. 19,Berlin,52.558899,13.208409,2.3,2.379,2.319,2.369,True
2026-09-02T14:01:59+00:00,057827cd-6583-4a3a-a461-f8546073fd02,SUN,Sun Klosterstr.,Berlin,52.52943,13.19517,2.4,2.369,2.309,2.349,True
2026-09-02T14:01:59+00:00,905d4775-754e-4b38-baca-89c98fad1d1a,Sprint,Sprint Berlin Ruhlebener Str.,Berlin,52.529285,13.20718,2.9,2.369,2.309,2.339,True
2026-09-02T14:03:30+00:00,cebbe420-bcf3-4db8-9099-c52b783e2158,ESSO,Esso Tankstelle,BERLIN,52.549044,13.17897,0,2.379,2.319,2.359,True
2026-09-02T14:03:30+00:00,7347dd32-bfa1-470a-a6ee-2a2c95ad9af5,ARAL,Aral Tankstelle,Berlin,52.542747,13.199304,1.5,2.389,2.329,2.379,True
2026-09-02T14:03:30+00:00,9f07b69b-4b15-4852-9c60-5d293c6cadc5,Sprint,Sprint Berlin Seegefelder Str.,Berlin,52.536163,13.191189,1.6,2.369,2.309,2.349,True
2026-09-02T14:03:30+00:00,005056ba-7cb6-1ed2-bceb-641db1c24d1d,STAR,star Tankstelle,Berlin,52.534388,13.184014,1.7,2.369,2.309,2.349,True
2026-09-02T14:03:30+00:00,51d4b471-a095-1aa0-e100-80009459e03a,JET,JET BERLIN BRUNSBUETTELER DAMM 87-89,BERLIN,52.53379,13.18503,1.7,2.369,2.309,2.349,True
2026-09-02T14:03:30+00:00,d590310c-e209-46b2-bfe7-dacc6148e1f1,TotalEnergies,TotalEnergies Berlin,Berlin,52.55424,13.207408,2,2.379,2.319,2.359,True
2026-09-02T14:03:30+00:00,5d8c8a4c-bce7-4d28-ae12-0d61a971c5cc,Shell,Shell Berlin Streitstr. 19,Berlin,52.558899,13.208409,2.3,2.379,2.319,2.369,True
2026-09-02T14:03:30+00:00,057827cd-6583-4a3a-a461-f8546073fd02,SUN,Sun Klosterstr.,Berlin,52.52943,13.19517,2.4,2.369,2.309,2.349,True
2026-09-02T14:03:30+00:00,905d4775-754e-4b38-baca-89c98fad1d1a,Sprint,Sprint Berlin Ruhlebener Str.,Berlin,52.529285,13.20718,2.9,2.369,2.309,2.339,True
2026-09-02T14:05:01+00:00,cebbe420-bcf3-4db8-9099-c52b783e2158,ESSO,Esso Tankstelle,BERLIN,52.549044,13.17897,0,2.379,2.319,2.359,True
2026-09-02T14:05:01+00:00,7347dd32-bfa1-470a-a6ee-2a2c95ad9af5,ARAL,Aral Tankstelle,Berlin,52.542747,13.199304,1.5,2.389,2.329,2.379,True
2026-09-02T14:05:01+00:00,9f07b69b-4b15-4852-9c60-5d293c6cadc5,Sprint,Sprint Berlin Seegefelder Str.,Berlin,52.536163,13.191189,1.6,2.369,2.309,2.349,True
2026-09-02T14:05:01+00:00,005056ba-7cb6-1ed2-bceb-641db1c24d1d,STAR,star Tankstelle,Berlin,52.534388,13.184014,1.7,2.369,2.309,2.349,True
2026-09-02T14:05:01+00:00,51d4b471-a095-1aa0-e100-80009459e03a,JET,JET BERLIN BRUNSBUETTELER DAMM 87-89,BERLIN,52.53379,13.18503,1.7,2.369,2.309,2.349,True
2026-09-02T14:05:01+00:00,d590310c-e209-46b2-bfe7-dacc6148e1f1,TotalEnergies,TotalEnergies Berlin,Berlin,52.55424,13.207408,2,2.379,2.319,2.359,True
2026-09-02T14:05:01+00:00,5d8c8a4c-bce7-4d28-ae12-0d61a971c5cc,Shell,Shell Berlin Streitstr. 19,Berlin,52.558899,13.208409,2.3,2.379,2.319,2.369,True
2026-09-02T14:05:01+00:00,057827cd-6583-4a3a-a461-f8546073fd02,SUN,Sun Klosterstr.,Berlin,52.52943,13.19517,2.4,2.369,2.309,2.349,True
2026-09-02T14:05:01+00:00,905d4775-754e-4b38-baca-89c98fad1d1a,Sprint,Sprint Berlin Ruhlebener Str.,Berlin,52.529285,13.20718,2.9,2.369,2.309,2.339,True
2026-09-02T14:06:35+00:00,cebbe420-bcf3-4db8-9099-c52b783e2158,ESSO,Esso Tankstelle,BERLIN,52.549044,13.17897,0,2.379,2.319,2.359,True
2026-09-02T14:06:35+00:00,7347dd32-bfa1-470a-a6ee-2a2c95ad9af5,ARAL,Aral Tankstelle,Berlin,52.542747,13.199304,1.5,2.389,2.329,2.379,True
2026-09-02T14:06:35+00:00,9f07b69b-4b15-4852-9c60-5d293c6cadc5,Sprint,Sprint Berlin Seegefelder Str.,Berlin,52.536163,13.191189,1.6,2.369,2.309,2.349,True
2026-09-02T14:06:35+00:00,005056ba-7cb6-1ed2-bceb-641db1c24d1d,STAR,star Tankstelle,Berlin,52.534388,13.184014,1.7,2.369,2.309,2.349,True
2026-09-02T14:06:35+00:00,51d4b471-a095-1aa0-e100-80009459e03a,JET,JET BERLIN BRUNSBUETTELER DAMM 87-89,BERLIN,52.53379,13.18503,1.7,2.369,2.309,2.339,True
2026-09-02T14:06:35+00:00,d590310c-e209-46b2-bfe7-dacc6148e1f1,TotalEnergies,TotalEnergies Berlin,Berlin,52.55424,13.207408,2,2.379,2.319,2.359,True
2026-09-02T14:06:35+00:00,5d8c8a4c-bce7-4d28-ae12-0d61a971c5cc,Shell,Shell Berlin Streitstr. 19,Berlin,52.558899,13.208409,2.3,2.379,2.319,2.369,True
2026-09-02T14:06:35+00:00,057827cd-6583-4a3a-a461-f8546073fd02,SUN,Sun Klosterstr.,Berlin,52.52943,13.19517,2.4,2.369,2.309,2.349,True
2026-09-02T14:06:35+00:00,905d4775-754e-4b38-baca-89c98fad1d1a,Sprint,Sprint Berlin Ruhlebener Str.,Berlin,52.529285,13.20718,2.9,2.369,2.309,2.339,True
2026-09-02T14:08:06+00:00,cebbe420-bcf3-4db8-9099-c52b783e2158,ESSO,Esso Tankstelle,BERLIN,52.549044,13.17897,0,2.379,2.319,2.359,True
2026-09-02T14:08:06+00:00,7347dd32-bfa1-470a-a6ee-2a2c95ad9af5,ARAL,Aral Tankstelle,Berlin,52.542747,13.199304,1.5,2.389,2.329,2.379,True
2026-09-02T14:08:06+00:00,9f07b69b-4b15-4852-9c60-5d293c6cadc5,Sprint,Sprint Berlin Seegefelder Str.,Berlin,52.536163,13.191189,1.6,2.369,2.309,2.349,True
2026-09-02T14:08:06+00:00,005056ba-7cb6-1ed2-bceb-641db1c24d1d,STAR,star Tankstelle,Berlin,52.534388,13.184014,1.7,2.369,2.309,2.349,True
2026-09-02T14:08:06+00:00,51d4b471-a095-1aa0-e100-80009459e03a,JET,JET BERLIN BRUNSBUETTELER DAMM 87-89,BERLIN,52.53379,13.18503,1.7,2.369,2.309,2.339,True
2026-09-02T14:08:06+00:00,d590310c-e209-46b2-bfe7-dacc6148e1f1,TotalEnergies,TotalEnergies Berlin,Berlin,52.55424,13.207408,2,2.379,2.319,2.359,True
2026-09-02T14:08:06+00:00,5d8c8a4c-bce7-4d28-ae12-0d61a971c5cc,Shell,Shell Berlin Streitstr. 19,Berlin,52.558899,13.208409,2.3,2.379,2.319,2.369,True
2026-09-02T14:08:06+00:00,057827cd-6583-4a3a-a461-f8546073fd02,SUN,Sun Klosterstr.,Berlin,52.52943,13.19517,2.4,2.369,2.309,2.349,True
2026-09-02T14:08:06+00:00,905d4775-754e-4b38-baca-89c98fad1d1a,Sprint,Sprint Berlin Ruhlebener Str.,Berlin,52.529285,13.20718,2.9,2.369,2.309,2.339,True
2026-09-02T14:09:39+00:00,cebbe420-bcf3-4db8-9099-c52b783e2158,ESSO,Esso Tankstelle,BERLIN,52.549044,13.17897,0,2.379,2.319,2.359,True
2026-09-02T14:09:39+00:00,7347dd32-bfa1-470a-a6ee-2a2c95ad9af5,ARAL,Aral Tankstelle,Berlin,52.542747,13.199304,1.5,2.389,2.329,2.349,True
2026-09-02T14:09:39+00:00,9f07b69b-4b15-4852-9c60-5d293c6cadc5,Sprint,Sprint Berlin Seegefelder Str.,Berlin,52.536163,13.191189,1.6,2.369,2.309,2.339,True
2026-09-02T14:09:39+00:00,005056ba-7cb6-1ed2-bceb-641db1c24d1d,STAR,star Tankstelle,Berlin,52.534388,13.184014,1.7,2.369,2.309,2.339,True
2026-09-02T14:09:39+00:00,51d4b471-a095-1aa0-e100-80009459e03a,JET,JET BERLIN BRUNSBUETTELER DAMM 87-89,BERLIN,52.53379,13.18503,1.7,2.369,2.309,2.339,True
2026-09-02T14:09:39+00:00,d590310c-e209-46b2-bfe7-dacc6148e1f1,TotalEnergies,TotalEnergies Berlin,Berlin,52.55424,13.207408,2,2.379,2.319,2.349,True
2026-09-02T14:09:39+00:00,5d8c8a4c-bce7-4d28-ae12-0d61a971c5cc,Shell,Shell Berlin Streitstr. 19,Berlin,52.558899,13.208409,2.3,2.379,2.319,2.359,True
2026-09-02T14:09:39+00:00,057827cd-6583-4a3a-a461-f8546073fd02,SUN,Sun Klosterstr.,Berlin,52.52943,13.19517,2.4,2.369,2.309,2.339,True
2026-09-02T14:09:39+00:00,905d4775-754e-4b38-baca-89c98fad1d1a,Sprint,Sprint Berlin Ruhlebener Str.,Berlin,52.529285,13.20718,2.9,2.369,2.309,2.339,True
2026-09-02T14:11:10+00:00,cebbe420-bcf3-4db8-9099-c52b783e2158,ESSO,Esso Tankstelle,BERLIN,52.549044,13.17897,0,2.379,2.319,2.359,True
2026-09-02T14:11:10+00:00,7347dd32-bfa1-470a-a6ee-2a2c95ad9af5,ARAL,Aral Tankstelle,Berlin,52.542747,13.199304,1.5,2.389,2.329,2.349,True
2026-09-02T14:11:10+00:00,9f07b69b-4b15-4852-9c60-5d293c6cadc5,Sprint,Sprint Berlin Seegefelder Str.,Berlin,52.536163,13.191189,1.6,2.369,2.309,2.339,True
2026-09-02T14:11:10+00:00,005056ba-7cb6-1ed2-bceb-641db1c24d1d,STAR,star Tankstelle,Berlin,52.534388,13.184014,1.7,2.369,2.309,2.339,True
2026-09-02T14:11:10+00:00,51d4b471-a095-1aa0-e100-80009459e03a,JET,JET BERLIN BRUNSBUETTELER DAMM 87-89,BERLIN,52.53379,13.18503,1.7,2.369,2.309,2.339,True
2026-09-02T14:11:10+00:00,d590310c-e209-46b2-bfe7-dacc6148e1f1,TotalEnergies,TotalEnergies Berlin,Berlin,52.55424,13.207408,2,2.379,2.319,2.349,True
2026-09-02T14:11:10+00:00,5d8c8a4c-bce7-4d28-ae12-0d61a971c5cc,Shell,Shell Berlin Streitstr. 19,Berlin,52.558899,13.208409,2.3,2.379,2.319,2.359,True
2026-09-02T14:11:10+00:00,057827cd-6583-4a3a-a461-f8546073fd02,SUN,Sun Klosterstr.,Berlin,52.52943,13.19517,2.4,2.369,2.309,2.339,True
2026-09-02T14:11:10+00:00,905d4775-754e-4b38-baca-89c98fad1d1a,Sprint,Sprint Berlin Ruhlebener Str.,Berlin,52.529285,13.20718,2.9,2.369,2.309,2.339,True
2026-09-02T14:12:41+00:00,cebbe420-bcf3-4db8-9099-c52b783e2158,ESSO,Esso Tankstelle,BERLIN,52.549044,13.17897,0,2.379,2.319,2.359,True
2026-09-02T14:12:41+00:00,7347dd32-bfa1-470a-a6ee-2a2c95ad9af5,ARAL,Aral Tankstelle,Berlin,52.542747,13.199304,1.5,2.389,2.329,2.349,True
2026-09-02T14:12:41+00:00,9f07b69b-4b15-4852-9c60-5d293c6cadc5,Sprint,Sprint Berlin Seegefelder Str.,Berlin,52.536163,13.191189,1.6,2.369,2.309,2.339,True
2026-09-02T14:12:41+00:00,005056ba-7cb6-1ed2-bceb-641db1c24d1d,STAR,star Tankstelle,Berlin,52.534388,13.184014,1.7,2.369,2.309,2.339,True
2026-09-02T14:12:41+00:00,51d4b471-a095-1aa0-e100-80009459e03a,JET,JET BERLIN BRUNSBUETTELER DAMM 87-89,BERLIN,52.53379,13.18503,1.7,2.369,2.309,2.339,True
2026-09-02T14:12:41+00:00,d590310c-e209-46b2-bfe7-dacc6148e1f1,TotalEnergies,TotalEnergies Berlin,Berlin,52.55424,13.207408,2,2.379,2.319,2.349,True
2026-09-02T14:12:41+00:00,5d8c8a4c-bce7-4d28-ae12-0d61a971c5cc,Shell,Shell Berlin Streitstr. 19,Berlin,52.558899,13.208409,2.3,2.379,2.319,2.359,True
2026-09-02T14:12:41+00:00,057827cd-6583-4a3a-a461-f8546073fd02,SUN,Sun Klosterstr.,Berlin,52.52943,13.19517,2.4,2.369,2.309,2.339,True
2026-09-02T14:12:41+00:00,905d4775-754e-4b38-baca-89c98fad1d1a,Sprint,Sprint Berlin Ruhlebener Str.,Berlin,52.529285,13.20718,2.9,2.369,2.309,2.339,True
2026-09-02T14:14:12+00:00,cebbe420-bcf3-4db8-9099-c52b783e2158,ESSO,Esso Tankstelle,BERLIN,52.549044,13.17897,0,2.379,2.319,2.359,True
2026-09-02T14:14:12+00:00,7347dd32-bfa1-470a-a6ee-2a2c95ad9af5,ARAL,Aral Tankstelle,Berlin,52.542747,13.199304,1.5,2.389,2.329,2.349,True
2026-09-02T14:14:12+00:00,9f07b69b-4b15-4852-9c60-5d293c6cadc5,Sprint,Sprint Berlin Seegefelder Str.,Berlin,52.536163,13.191189,1.6,2.369,2.309,2.339,True
2026-09-02T14:14:12+00:00,005056ba-7cb6-1ed2-bceb-641db1c24d1d,STAR,star Tankstelle,Berlin,52.534388,13.184014,1.7,2.369,2.309,2.339,True
2026-09-02T14:14:12+00:00,51d4b471-a095-1aa0-e100-80009459e03a,JET,JET BERLIN BRUNSBUETTELER DAMM 87-89,BERLIN,52.53379,13.18503,1.7,2.369,2.309,2.339,True
2026-09-02T14:14:12+00:00,d590310c-e209-46b2-bfe7-dacc6148e1f1,TotalEnergies,TotalEnergies Berlin,Berlin,52.55424,13.207408,2,2.379,2.319,2.349,True
2026-09-02T14:14:12+00:00,5d8c8a4c-bce7-4d28-ae12-0d61a971c5cc,Shell,Shell Berlin Streitstr. 19,Berlin,52.558899,13.208409,2.3,2.379,2.319,2.359,True
2026-09-02T14:14:12+00:00,057827cd-6583-4a3a-a461-f8546073fd02,SUN,Sun Klosterstr.,Berlin,52.52943,13.19517,2.4,2.369,2.309,2.339,True
2026-09-02T14:14:12+00:00,905d4775-754e-4b38-baca-89c98fad1d1a,Sprint,Sprint Berlin Ruhlebener Str.,Berlin,52.529285,13.20718,2.9,2.369,2.309,2.339,True
2026-09-02T14:15:42+00:00,cebbe420-bcf3-4db8-9099-c52b783e2158,ESSO,Esso Tankstelle,BERLIN,52.549044,13.17897,0,2.379,2.319,2.359,True
2026-09-02T14:15:42+00:00,7347dd32-bfa1-470a-a6ee-2a2c95ad9af5,ARAL,Aral Tankstelle,Berlin,52.542747,13.199304,1.5,2.389,2.329,2.349,True
2026-09-02T14:15:42+00:00,9f07b69b-4b15-4852-9c60-5d293c6cadc5,Sprint,Sprint Berlin Seegefelder Str.,Berlin,52.536163,13.191189,1.6,2.369,2.309,2.339,True
2026-09-02T14:15:42+00:00,005056ba-7cb6-1ed2-bceb-641db1c24d1d,STAR,star Tankstelle,Berlin,52.534388,13.184014,1.7,2.369,2.309,2.339,True
2026-09-02T14:15:42+00:00,51d4b471-a095-1aa0-e100-80009459e03a,JET,JET BERLIN BRUNSBUETTELER DAMM 87-89,BERLIN,52.53379,13.18503,1.7,2.359,2.299,2.339,True
2026-09-02T14:15:42+00:00,d590310c-e209-46b2-bfe7-dacc6148e1f1,TotalEnergies,TotalEnergies Berlin,Berlin,52.55424,13.207408,2,2.379,2.319,2.349,True
2026-09-02T14:15:42+00:00,5d8c8a4c-bce7-4d28-ae12-0d61a971c5cc,Shell,Shell Berlin Streitstr. 19,Berlin,52.558899,13.208409,2.3,2.379,2.319,2.359,True
2026-09-02T14:15:42+00:00,057827cd-6583-4a3a-a461-f8546073fd02,SUN,Sun Klosterstr.,Berlin,52.52943,13.19517,2.4,2.369,2.309,2.339,True
2026-09-02T14:15:42+00:00,905d4775-754e-4b38-baca-89c98fad1d1a,Sprint,Sprint Berlin Ruhlebener Str.,Berlin,52.529285,13.20718,2.9,2.369,2.309,2.339,True
2026-09-02T14:17:13+00:00,cebbe420-bcf3-4db8-9099-c52b783e2158,ESSO,Esso Tankstelle,BERLIN,52.549044,13.17897,0,2.379,2.319,2.359,True
2026-09-02T14:17:13+00:00,7347dd32-bfa1-470a-a6ee-2a2c95ad9af5,ARAL,Aral Tankstelle,Berlin,52.542747,13.199304,1.5,2.389,2.329,2.349,True
2026-09-02T14:17:13+00:00,9f07b69b-4b15-4852-9c60-5d293c6cadc5,Sprint,Sprint Berlin Seegefelder Str.,Berlin,52.536163,13.191189,1.6,2.369,2.309,2.339,True
2026-09-02T14:17:13+00:00,005056ba-7cb6-1ed2-bceb-641db1c24d1d,STAR,star Tankstelle,Berlin,52.534388,13.184014,1.7,2.369,2.309,2.339,True
2026-09-02T14:17:13+00:00,51d4b471-a095-1aa0-e100-80009459e03a,JET,JET BERLIN BRUNSBUETTELER DAMM 87-89,BERLIN,52.53379,13.18503,1.7,2.359,2.299,2.339,True
2026-09-02T14:17:13+00:00,d590310c-e209-46b2-bfe7-dacc6148e1f1,TotalEnergies,TotalEnergies Berlin,Berlin,52.55424,13.207408,2,2.379,2.319,2.349,True
2026-09-02T14:17:13+00:00,5d8c8a4c-bce7-4d28-ae12-0d61a971c5cc,Shell,Shell Berlin Streitstr. 19,Berlin,52.558899,13.208409,2.3,2.379,2.319,2.359,True
2026-09-02T14:17:13+00:00,057827cd-6583-4a3a-a461-f8546073fd02,SUN,Sun Klosterstr.,Berlin,52.52943,13.19517,2.4,2.369,2.309,2.339,True
2026-09-02T14:17:13+00:00,905d4775-754e-4b38-baca-89c98fad1d1a,Sprint,Sprint Berlin Ruhlebener Str.,Berlin,52.529285,13.20718,2.9,2.359,2.299,2.329,True
2026-09-02T14:18:44+00:00,cebbe420-bcf3-4db8-9099-c52b783e2158,ESSO,Esso Tankstelle,BERLIN,52.549044,13.17897,0,2.379,2.319,2.359,True
2026-09-02T14:18:44+00:00,7347dd32-bfa1-470a-a6ee-2a2c95ad9af5,ARAL,Aral Tankstelle,Berlin,52.542747,13.199304,1.5,2.389,2.329,2.349,True
2026-09-02T14:18:44+00:00,9f07b69b-4b15-4852-9c60-5d293c6cadc5,Sprint,Sprint Berlin Seegefelder Str.,Berlin,52.536163,13.191189,1.6,2.359,2.299,2.339,True
2026-09-02T14:18:44+00:00,005056ba-7cb6-1ed2-bceb-641db1c24d1d,STAR,star Tankstelle,Berlin,52.534388,13.184014,1.7,2.369,2.309,2.339,True
2026-09-02T14:18:44+00:00,51d4b471-a095-1aa0-e100-80009459e03a,JET,JET BERLIN BRUNSBUETTELER DAMM 87-89,BERLIN,52.53379,13.18503,1.7,2.359,2.299,2.339,True
2026-09-02T14:18:44+00:00,d590310c-e209-46b2-bfe7-dacc6148e1f1,TotalEnergies,TotalEnergies Berlin,Berlin,52.55424,13.207408,2,2.379,2.319,2.349,True
2026-09-02T14:18:44+00:00,5d8c8a4c-bce7-4d28-ae12-0d61a971c5cc,Shell,Shell Berlin Streitstr. 19,Berlin,52.558899,13.208409,2.3,2.379,2.319,2.359,True
2026-09-02T14:18:44+00:00,057827cd-6583-4a3a-a461-f8546073fd02,SUN,Sun Klosterstr.,Berlin,52.52943,13.19517,2.4,2.369,2.309,2.339,True
2026-09-02T14:18:44+00:00,905d4775-754e-4b38-baca-89c98fad1d1a,Sprint,Sprint Berlin Ruhlebener Str.,Berlin,52.529285,13.20718,2.9,2.359,2.299,2.329,True
2026-09-02T14:20:15+00:00,cebbe420-bcf3-4db8-9099-c52b783e2158,ESSO,Esso Tankstelle,BERLIN,52.549044,13.17897,0,2.379,2.319,2.359,True
2026-09-02T14:20:15+00:00,7347dd32-bfa1-470a-a6ee-2a2c95ad9af5,ARAL,Aral Tankstelle,Berlin,52.542747,13.199304,1.5,2.389,2.329,2.349,True
2026-09-02T14:20:15+00:00,9f07b69b-4b15-4852-9c60-5d293c6cadc5,Sprint,Sprint Berlin Seegefelder Str.,Berlin,52.536163,13.191189,1.6,2.359,2.299,2.339,True
2026-09-02T14:20:15+00:00,005056ba-7cb6-1ed2-bceb-641db1c24d1d,STAR,star Tankstelle,Berlin,52.534388,13.184014,1.7,2.369,2.309,2.339,True
2026-09-02T14:20:15+00:00,51d4b471-a095-1aa0-e100-80009459e03a,JET,JET BERLIN BRUNSBUETTELER DAMM 87-89,BERLIN,52.53379,13.18503,1.7,2.359,2.299,2.339,True
2026-09-02T14:20:15+00:00,d590310c-e209-46b2-bfe7-dacc6148e1f1,TotalEnergies,TotalEnergies Berlin,Berlin,52.55424,13.207408,2,2.379,2.319,2.349,True
2026-09-02T14:20:15+00:00,5d8c8a4c-bce7-4d28-ae12-0d61a971c5cc,Shell,Shell Berlin Streitstr. 19,Berlin,52.558899,13.208409,2.3,2.379,2.319,2.359,True
2026-09-02T14:20:15+00:00,057827cd-6583-4a3a-a461-f8546073fd02,SUN,Sun Klosterstr.,Berlin,52.52943,13.19517,2.4,2.369,2.309,2.339,True
2026-09-02T14:20:15+00:00,905d4775-754e-4b38-baca-89c98fad1d1a,Sprint,Sprint Berlin Ruhlebener Str.,Berlin,52.529285,13.20718,2.9,2.359,2.299,2.329,True
2026-09-02T14:21:46+00:00,cebbe420-bcf3-4db8-9099-c52b783e2158,ESSO,Esso Tankstelle,BERLIN,52.549044,13.17897,0,2.379,2.319,2.349,True
2026-09-02T14:21:46+00:00,7347dd32-bfa1-470a-a6ee-2a2c95ad9af5,ARAL,Aral Tankstelle,Berlin,52.542747,13.199304,1.5,2.389,2.329,2.349,True
2026-09-02T14:21:46+00:00,9f07b69b-4b15-4852-9c60-5d293c6cadc5,Sprint,Sprint Berlin Seegefelder Str.,Berlin,52.536163,13.191189,1.6,2.359,2.299,2.339,True
2026-09-02T14:21:46+00:00,005056ba-7cb6-1ed2-bceb-641db1c24d1d,STAR,star Tankstelle,Berlin,52.534388,13.184014,1.7,2.369,2.309,2.339,True
2026-09-02T14:21:46+00:00,51d4b471-a095-1aa0-e100-80009459e03a,JET,JET BERLIN BRUNSBUETTELER DAMM 87-89,BERLIN,52.53379,13.18503,1.7,2.359,2.299,2.339,True
2026-09-02T14:21:46+00:00,d590310c-e209-46b2-bfe7-dacc6148e1f1,TotalEnergies,TotalEnergies Berlin,Berlin,52.55424,13.207408,2,2.379,2.319,2.349,True
2026-09-02T14:21:46+00:00,5d8c8a4c-bce7-4d28-ae12-0d61a971c5cc,Shell,Shell Berlin Streitstr. 19,Berlin,52.558899,13.208409,2.3,2.379,2.319,2.359,True
2026-09-02T14:21:46+00:00,057827cd-6583-4a3a-a461-f8546073fd02,SUN,Sun Klosterstr.,Berlin,52.52943,13.19517,2.4,2.369,2.309,2.339,True
2026-09-02T14:21:46+00:00,905d4775-754e-4b38-baca-89c98fad1d1a,Sprint,Sprint Berlin Ruhlebener Str.,Berlin,52.529285,13.20718,2.9,2.359,2.299,2.329,True
2026-09-02T14:23:16+00:00,cebbe420-bcf3-4db8-9099-c52b783e2158,ESSO,Esso Tankstelle,BERLIN,52.549044,13.17897,0,2.379,2.319,2.349,True
2026-09-02T14:23:16+00:00,7347dd32-bfa1-470a-a6ee-2a2c95ad9af5,ARAL,Aral Tankstelle,Berlin,52.542747,13.199304,1.5,2.389,2.329,2.349,True
2026-09-02T14:23:16+00:00,9f07b69b-4b15-4852-9c60-5d293c6cadc5,Sprint,Sprint Berlin Seegefelder Str.,Berlin,52.536163,13.191189,1.6,2.359,2.299,2.339,True
2026-09-02T14:23:16+00:00,005056ba-7cb6-1ed2-bceb-641db1c24d1d,STAR,star Tankstelle,Berlin,52.534388,13.184014,1.7,2.369,2.309,2.339,True
2026-09-02T14:23:16+00:00,51d4b471-a095-1aa0-e100-80009459e03a,JET,JET BERLIN BRUNSBUETTELER DAMM 87-89,BERLIN,52.53379,13.18503,1.7,2.359,2.299,2.339,True
2026-09-02T14:23:16+00:00,d590310c-e209-46b2-bfe7-dacc6148e1f1,TotalEnergies,TotalEnergies Berlin,Berlin,52.55424,13.207408,2,2.379,2.319,2.349,True
2026-09-02T14:23:16+00:00,5d8c8a4c-bce7-4d28-ae12-0d61a971c5cc,Shell,Shell Berlin Streitstr. 19,Berlin,52.558899,13.208409,2.3,2.379,2.319,2.359,True
2026-09-02T14:23:16+00:00,057827cd-6583-4a3a-a461-f8546073fd02,SUN,Sun Klosterstr.,Berlin,52.52943,13.19517,2.4,2.369,2.309,2.339,True
2026-09-02T14:23:16+00:00,905d4775-754e-4b38-baca-89c98fad1d1a,Sprint,Sprint Berlin Ruhlebener Str.,Berlin,52.529285,13.20718,2.9,2.359,2.299,2.329,True
2026-09-02T14:24:47+00:00,cebbe420-bcf3-4db8-9099-c52b783e2158,ESSO,Esso Tankstelle,BERLIN,52.549044,13.17897,0,2.379,2.319,2.349,True
2026-09-02T14:24:47+00:00,7347dd32-bfa1-470a-a6ee-2a2c95ad9af5,ARAL,Aral Tankstelle,Berlin,52.542747,13.199304,1.5,2.389,2.329,2.349,True
2026-09-02T14:24:47+00:00,9f07b69b-4b15-4852-9c60-5d293c6cadc5,Sprint,Sprint Berlin Seegefelder Str.,Berlin,52.536163,13.191189,1.6,2.359,2.299,2.339,True
2026-09-02T14:24:47+00:00,005056ba-7cb6-1ed2-bceb-641db1c24d1d,STAR,star Tankstelle,Berlin,52.534388,13.184014,1.7,2.369,2.309,2.339,True
2026-09-02T14:24:47+00:00,51d4b471-a095-1aa0-e100-80009459e03a,JET,JET BERLIN BRUNSBUETTELER DAMM 87-89,BERLIN,52.53379,13.18503,1.7,2.359,2.299,2.339,True
2026-09-02T14:24:47+00:00,d590310c-e209-46b2-bfe7-dacc6148e1f1,TotalEnergies,TotalEnergies Berlin,Berlin,52.55424,13.207408,2,2.379,2.319,2.349,True
2026-09-02T14:24:47+00:00,5d8c8a4c-bce7-4d28-ae12-0d61a971c5cc,Shell,Shell Berlin Streitstr. 19,Berlin,52.558899,13.208409,2.3,2.379,2.319,2.359,True
2026-09-02T14:24:47+00:00,057827cd-6583-4a3a-a461-f8546073fd02,SUN,Sun Klosterstr.,Berlin,52.52943,13.19517,2.4,2.369,2.309,2.339,True
2026-09-02T14:24:47+00:00,905d4775-754e-4b38-baca-89c98fad1d1a,Sprint,Sprint Berlin Ruhlebener Str.,Berlin,52.529285,13.20718,2.9,2.359,2.299,2.329,True
2026-09-02T14:26:18+00:00,cebbe420-bcf3-4db8-9099-c52b783e2158,ESSO,Esso Tankstelle,BERLIN,52.549044,13.17897,0,2.379,2.319,2.349,True
2026-09-02T14:26:18+00:00,7347dd32-bfa1-470a-a6ee-2a2c95ad9af5,ARAL,Aral Tankstelle,Berlin,52.542747,13.199304,1.5,2.389,2.329,2.349,True
2026-09-02T14:26:18+00:00,9f07b69b-4b15-4852-9c60-5d293c6cadc5,Sprint,Sprint Berlin Seegefelder Str.,Berlin,52.536163,13.191189,1.6,2.359,2.299,2.339,True
2026-09-02T14:26:18+00:00,005056ba-7cb6-1ed2-bceb-641db1c24d1d,STAR,star Tankstelle,Berlin,52.534388,13.184014,1.7,2.369,2.309,2.339,True
2026-09-02T14:26:18+00:00,51d4b471-a095-1aa0-e100-80009459e03a,JET,JET BERLIN BRUNSBUETTELER DAMM 87-89,BERLIN,52.53379,13.18503,1.7,2.359,2.299,2.329,True
2026-09-02T14:26:18+00:00,d590310c-e209-46b2-bfe7-dacc6148e1f1,TotalEnergies,TotalEnergies Berlin,Berlin,52.55424,13.207408,2,2.379,2.319,2.349,True
2026-09-02T14:26:18+00:00,5d8c8a4c-bce7-4d28-ae12-0d61a971c5cc,Shell,Shell Berlin Streitstr. 19,Berlin,52.558899,13.208409,2.3,2.379,2.319,2.359,True
2026-09-02T14:26:18+00:00,057827cd-6583-4a3a-a461-f8546073fd02,SUN,Sun Klosterstr.,Berlin,52.52943,13.19517,2.4,2.369,2.309,2.339,True
2026-09-02T14:26:18+00:00,905d4775-754e-4b38-baca-89c98fad1d1a,Sprint,Sprint Berlin Ruhlebener Str.,Berlin,52.529285,13.20718,2.9,2.359,2.299,2.329,True
2026-09-02T14:27:49+00:00,cebbe420-bcf3-4db8-9099-c52b783e2158,ESSO,Esso Tankstelle,BERLIN,52.549044,13.17897,0,2.369,2.309,2.349,True
2026-09-02T14:27:49+00:00,7347dd32-bfa1-470a-a6ee-2a2c95ad9af5,ARAL,Aral Tankstelle,Berlin,52.542747,13.199304,1.5,2.389,2.329,2.349,True
2026-09-02T14:27:49+00:00,9f07b69b-4b15-4852-9c60-5d293c6cadc5,Sprint,Sprint Berlin Seegefelder Str.,Berlin,52.536163,13.191189,1.6,2.359,2.299,2.329,True
2026-09-02T14:27:49+00:00,005056ba-7cb6-1ed2-bceb-641db1c24d1d,STAR,star Tankstelle,Berlin,52.534388,13.184014,1.7,2.369,2.309,2.339,True
2026-09-02T14:27:49+00:00,51d4b471-a095-1aa0-e100-80009459e03a,JET,JET BERLIN BRUNSBUETTELER DAMM 87-89,BERLIN,52.53379,13.18503,1.7,2.359,2.299,2.329,True
2026-09-02T14:27:49+00:00,d590310c-e209-46b2-bfe7-dacc6148e1f1,TotalEnergies,TotalEnergies Berlin,Berlin,52.55424,13.207408,2,2.379,2.319,2.349,True
2026-09-02T14:27:49+00:00,5d8c8a4c-bce7-4d28-ae12-0d61a971c5cc,Shell,Shell Berlin Streitstr. 19,Berlin,52.558899,13.208409,2.3,2.379,2.319,2.349,True
2026-09-02T14:27:49+00:00,057827cd-6583-4a3a-a461-f8546073fd02,SUN,Sun Klosterstr.,Berlin,52.52943,13.19517,2.4,2.369,2.309,2.339,True
2026-09-02T14:27:49+00:00,905d4775-754e-4b38-baca-89c98fad1d1a,Sprint,Sprint Berlin Ruhlebener Str.,Berlin,52.529285,13.20718,2.9,2.359,2.299,2.329,True
2026-09-02T14:29:20+00:00,cebbe420-bcf3-4db8-9099-c52b783e2158,ESSO,Esso Tankstelle,BERLIN,52.549044,13.17897,0,2.369,2.309,2.349,True
2026-09-02T14:29:20+00:00,7347dd32-bfa1-470a-a6ee-2a2c95ad9af5,ARAL,Aral Tankstelle,Berlin,52.542747,13.199304,1.5,2.389,2.329,2.349,True
2026-09-02T14:29:20+00:00,9f07b69b-4b15-4852-9c60-5d293c6cadc5,Sprint,Sprint Berlin Seegefelder Str.,Berlin,52.536163,13.191189,1.6,2.359,2.299,2.329,True
2026-09-02T14:29:20+00:00,005056ba-7cb6-1ed2-bceb-641db1c24d1d,STAR,star Tankstelle,Berlin,52.534388,13.184014,1.7,2.369,2.309,2.339,True
2026-09-02T14:29:20+00:00,51d4b471-a095-1aa0-e100-80009459e03a,JET,JET BERLIN BRUNSBUETTELER DAMM 87-89,BERLIN,52.53379,13.18503,1.7,2.359,2.299,2.329,True
2026-09-02T14:29:20+00:00,d590310c-e209-46b2-bfe7-dacc6148e1f1,TotalEnergies,TotalEnergies Berlin,Berlin,52.55424,13.207408,2,2.379,2.319,2.349,True
2026-09-02T14:29:20+00:00,5d8c8a4c-bce7-4d28-ae12-0d61a971c5cc,Shell,Shell Berlin Streitstr. 19,Berlin,52.558899,13.208409,2.3,2.379,2.319,2.349,True
2026-09-02T14:29:20+00:00,057827cd-6583-4a3a-a461-f8546073fd02,SUN,Sun Klosterstr.,Berlin,52.52943,13.19517,2.4,2.369,2.309,2.339,True
2026-09-02T14:29:20+00:00,905d4775-754e-4b38-baca-89c98fad1d1a,Sprint,Sprint Berlin Ruhlebener Str.,Berlin,52.529285,13.20718,2.9,2.359,2.299,2.329,True
2026-09-02T14:30:51+00:00,cebbe420-bcf3-4db8-9099-c52b783e2158,ESSO,Esso Tankstelle,BERLIN,52.549044,13.17897,0,2.369,2.309,2.349,True
2026-09-02T14:30:51+00:00,7347dd32-bfa1-470a-a6ee-2a2c95ad9af5,ARAL,Aral Tankstelle,Berlin,52.542747,13.199304,1.5,2.389,2.329,2.349,True
2026-09-02T14:30:51+00:00,9f07b69b-4b15-4852-9c60-5d293c6cadc5,Sprint,Sprint Berlin Seegefelder Str.,Berlin,52.536163,13.191189,1.6,2.359,2.299,2.329,True
2026-09-02T14:30:51+00:00,005056ba-7cb6-1ed2-bceb-641db1c24d1d,STAR,star Tankstelle,Berlin,52.534388,13.184014,1.7,2.359,2.299,2.329,True
2026-09-02T14:30:51+00:00,51d4b471-a095-1aa0-e100-80009459e03a,JET,JET BERLIN BRUNSBUETTELER DAMM 87-89,BERLIN,52.53379,13.18503,1.7,2.359,2.299,2.329,True
2026-09-02T14:30:51+00:00,d590310c-e209-46b2-bfe7-dacc6148e1f1,TotalEnergies,TotalEnergies Berlin,Berlin,52.55424,13.207408,2,2.379,2.319,2.339,True
2026-09-02T14:30:51+00:00,5d8c8a4c-bce7-4d28-ae12-0d61a971c5cc,Shell,Shell Berlin Streitstr. 19,Berlin,52.558899,13.208409,2.3,2.379,2.319,2.349,True
2026-09-02T14:30:51+00:00,057827cd-6583-4a3a-a461-f8546073fd02,SUN,Sun Klosterstr.,Berlin,52.52943,13.19517,2.4,2.359,2.299,2.329,True
2026-09-02T14:30:51+00:00,905d4775-754e-4b38-baca-89c98fad1d1a,Sprint,Sprint Berlin Ruhlebener Str.,Berlin,52.529285,13.20718,2.9,2.359,2.299,2.329,True
2026-09-02T14:32:22+00:00,cebbe420-bcf3-4db8-9099-c52b783e2158,ESSO,Esso Tankstelle,BERLIN,52.549044,13.17897,0,2.369,2.309,2.349,True
2026-09-02T14:32:22+00:00,7347dd32-bfa1-470a-a6ee-2a2c95ad9af5,ARAL,Aral Tankstelle,Berlin,52.542747,13.199304,1.5,2.389,2.329,2.349,True
2026-09-02T14:32:22+00:00,9f07b69b-4b15-4852-9c60-5d293c6cadc5,Sprint,Sprint Berlin Seegefelder Str.,Berlin,52.536163,13.191189,1.6,2.359,2.299,2.329,True
2026-09-02T14:32:22+00:00,005056ba-7cb6-1ed2-bceb-641db1c24d1d,STAR,star Tankstelle,Berlin,52.534388,13.184014,1.7,2.359,2.299,2.329,True
2026-09-02T14:32:22+00:00,51d4b471-a095-1aa0-e100-80009459e03a,JET,JET BERLIN BRUNSBUETTELER DAMM 87-89,BERLIN,52.53379,13.18503,1.7,2.359,2.299,2.329,True
2026-09-02T14:32:22+00:00,d590310c-e209-46b2-bfe7-dacc6148e1f1,TotalEnergies,TotalEnergies Berlin,Berlin,52.55424,13.207408,2,2.379,2.319,2.339,True
2026-09-02T14:32:22+00:00,5d8c8a4c-bce7-4d28-ae12-0d61a971c5cc,Shell,Shell Berlin Streitstr. 19,Berlin,52.558899,13.208409,2.3,2.379,2.319,2.349,True
2026-09-02T14:32:22+00:00,057827cd-6583-4a3a-a461-f8546073fd02,SUN,Sun Klosterstr.,Berlin,52.52943,13.19517,2.4,2.359,2.299,2.329,True
2026-09-02T14:32:22+00:00,905d4775-754e-4b38-baca-89c98fad1d1a,Sprint,Sprint Berlin Ruhlebener Str.,Berlin,52.529285,13.20718,2.9,2.339,2.279,2.329,True
2026-09-02T14:33:53+00:00,cebbe420-bcf3-4db8-9099-c52b783e2158,ESSO,Esso Tankstelle,BERLIN,52.549044,13.17897,0,2.369,2.309,2.349,True
2026-09-02T14:33:53+00:00,7347dd32-bfa1-470a-a6ee-2a2c95ad9af5,ARAL,Aral Tankstelle,Berlin,52.542747,13.199304,1.5,2.389,2.329,2.349,True
2026-09-02T14:33:53+00:00,9f07b69b-4b15-4852-9c60-5d293c6cadc5,Sprint,Sprint Berlin Seegefelder Str.,Berlin,52.536163,13.191189,1.6,2.359,2.299,2.329,True
2026-09-02T14:33:53+00:00,005056ba-7cb6-1ed2-bceb-641db1c24d1d,STAR,star Tankstelle,Berlin,52.534388,13.184014,1.7,2.359,2.299,2.329,True
2026-09-02T14:33:53+00:00,51d4b471-a095-1aa0-e100-80009459e03a,JET,JET BERLIN BRUNSBUETTELER DAMM 87-89,BERLIN,52.53379,13.18503,1.7,2.359,2.299,2.329,True
2026-09-02T14:33:53+00:00,d590310c-e209-46b2-bfe7-dacc6148e1f1,TotalEnergies,TotalEnergies Berlin,Berlin,52.55424,13.207408,2,2.379,2.319,2.339,True
2026-09-02T14:33:53+00:00,5d8c8a4c-bce7-4d28-ae12-0d61a971c5cc,Shell,Shell Berlin Streitstr. 19,Berlin,52.558899,13.208409,2.3,2.379,2.319,2.349,True
2026-09-02T14:33:53+00:00,057827cd-6583-4a3a-a461-f8546073fd02,SUN,Sun Klosterstr.,Berlin,52.52943,13.19517,2.4,2.359,2.299,2.329,True
2026-09-02T14:33:53+00:00,905d4775-754e-4b38-baca-89c98fad1d1a,Sprint,Sprint Berlin Ruhlebener Str.,Berlin,52.529285,13.20718,2.9,2.339,2.279,2.329,True
2026-09-02T14:35:23+00:00,cebbe420-bcf3-4db8-9099-c52b783e2158,ESSO,Esso Tankstelle,BERLIN,52.549044,13.17897,0,2.369,2.309,2.349,True
2026-09-02T14:35:23+00:00,7347dd32-bfa1-470a-a6ee-2a2c95ad9af5,ARAL,Aral Tankstelle,Berlin,52.542747,13.199304,1.5,2.389,2.329,2.349,True
2026-09-02T14:35:23+00:00,9f07b69b-4b15-4852-9c60-5d293c6cadc5,Sprint,Sprint Berlin Seegefelder Str.,Berlin,52.536163,13.191189,1.6,2.359,2.299,2.329,True
2026-09-02T14:35:23+00:00,005056ba-7cb6-1ed2-bceb-641db1c24d1d,STAR,star Tankstelle,Berlin,52.534388,13.184014,1.7,2.359,2.299,2.329,True
2026-09-02T14:35:23+00:00,51d4b471-a095-1aa0-e100-80009459e03a,JET,JET BERLIN BRUNSBUETTELER DAMM 87-89,BERLIN,52.53379,13.18503,1.7,2.359,2.299,2.329,True
2026-09-02T14:35:23+00:00,d590310c-e209-46b2-bfe7-dacc6148e1f1,TotalEnergies,TotalEnergies Berlin,Berlin,52.55424,13.207408,2,2.379,2.319,2.339,True
2026-09-02T14:35:23+00:00,5d8c8a4c-bce7-4d28-ae12-0d61a971c5cc,Shell,Shell Berlin Streitstr. 19,Berlin,52.558899,13.208409,2.3,2.379,2.319,2.349,True
2026-09-02T14:35:23+00:00,057827cd-6583-4a3a-a461-f8546073fd02,SUN,Sun Klosterstr.,Berlin,52.52943,13.19517,2.4,2.359,2.299,2.329,True
2026-09-02T14:35:23+00:00,905d4775-754e-4b38-baca-89c98fad1d1a,Sprint,Sprint Berlin Ruhlebener Str.,Berlin,52.529285,13.20718,2.9,2.339,2.279,2.329,True
2026-09-02T14:36:54+00:00,cebbe420-bcf3-4db8-9099-c52b783e2158,ESSO,Esso Tankstelle,BERLIN,52.549044,13.17897,0,2.369,2.309,2.349,True
2026-09-02T14:36:54+00:00,7347dd32-bfa1-470a-a6ee-2a2c95ad9af5,ARAL,Aral Tankstelle,Berlin,52.542747,13.199304,1.5,2.389,2.329,2.349,True
2026-09-02T14:36:54+00:00,9f07b69b-4b15-4852-9c60-5d293c6cadc5,Sprint,Sprint Berlin Seegefelder Str.,Berlin,52.536163,13.191189,1.6,2.359,2.299,2.329,True
2026-09-02T14:36:54+00:00,005056ba-7cb6-1ed2-bceb-641db1c24d1d,STAR,star Tankstelle,Berlin,52.534388,13.184014,1.7,2.359,2.299,2.329,True
2026-09-02T14:36:54+00:00,51d4b471-a095-1aa0-e100-80009459e03a,JET,JET BERLIN BRUNSBUETTELER DAMM 87-89,BERLIN,52.53379,13.18503,1.7,2.359,2.299,2.329,True
2026-09-02T14:36:54+00:00,d590310c-e209-46b2-bfe7-dacc6148e1f1,TotalEnergies,TotalEnergies Berlin,Berlin,52.55424,13.207408,2,2.379,2.319,2.339,True
2026-09-02T14:36:54+00:00,5d8c8a4c-bce7-4d28-ae12-0d61a971c5cc,Shell,Shell Berlin Streitstr. 19,Berlin,52.558899,13.208409,2.3,2.379,2.319,2.349,True
2026-09-02T14:36:54+00:00,057827cd-6583-4a3a-a461-f8546073fd02,SUN,Sun Klosterstr.,Berlin,52.52943,13.19517,2.4,2.359,2.299,2.329,True
2026-09-02T14:36:54+00:00,905d4775-754e-4b38-baca-89c98fad1d1a,Sprint,Sprint Berlin Ruhlebener Str.,Berlin,52.529285,13.20718,2.9,2.339,2.279,2.319,True
2026-09-02T14:38:25+00:00,cebbe420-bcf3-4db8-9099-c52b783e2158,ESSO,Esso Tankstelle,BERLIN,52.549044,13.17897,0,2.369,2.309,2.349,True
2026-09-02T14:38:25+00:00,7347dd32-bfa1-470a-a6ee-2a2c95ad9af5,ARAL,Aral Tankstelle,Berlin,52.542747,13.199304,1.5,2.389,2.329,2.349,True
2026-09-02T14:38:25+00:00,9f07b69b-4b15-4852-9c60-5d293c6cadc5,Sprint,Sprint Berlin Seegefelder Str.,Berlin,52.536163,13.191189,1.6,2.359,2.299,2.329,True
2026-09-02T14:38:25+00:00,005056ba-7cb6-1ed2-bceb-641db1c24d1d,STAR,star Tankstelle,Berlin,52.534388,13.184014,1.7,2.359,2.299,2.329,True
2026-09-02T14:38:25+00:00,51d4b471-a095-1aa0-e100-80009459e03a,JET,JET BERLIN BRUNSBUETTELER DAMM 87-89,BERLIN,52.53379,13.18503,1.7,2.359,2.299,2.329,True
2026-09-02T14:38:25+00:00,d590310c-e209-46b2-bfe7-dacc6148e1f1,TotalEnergies,TotalEnergies Berlin,Berlin,52.55424,13.207408,2,2.379,2.319,2.339,True
2026-09-02T14:38:25+00:00,5d8c8a4c-bce7-4d28-ae12-0d61a971c5cc,Shell,Shell Berlin Streitstr. 19,Berlin,52.558899,13.208409,2.3,2.379,2.319,2.349,True
2026-09-02T14:38:25+00:00,057827cd-6583-4a3a-a461-f8546073fd02,SUN,Sun Klosterstr.,Berlin,52.52943,13.19517,2.4,2.359,2.299,2.329,True
2026-09-02T14:38:25+00:00,905d4775-754e-4b38-baca-89c98fad1d1a,Sprint,Sprint Berlin Ruhlebener Str.,Berlin,52.529285,13.20718,2.9,2.339,2.279,2.319,True
2026-09-02T14:39:56+00:00,cebbe420-bcf3-4db8-9099-c52b783e2158,ESSO,Esso Tankstelle,BERLIN,52.549044,13.17897,0,2.369,2.309,2.349,True
2026-09-02T14:39:56+00:00,7347dd32-bfa1-470a-a6ee-2a2c95ad9af5,ARAL,Aral Tankstelle,Berlin,52.542747,13.199304,1.5,2.389,2.329,2.349,True
2026-09-02T14:39:56+00:00,9f07b69b-4b15-4852-9c60-5d293c6cadc5,Sprint,Sprint Berlin Seegefelder Str.,Berlin,52.536163,13.191189,1.6,2.349,2.289,2.329,True
2026-09-02T14:39:56+00:00,005056ba-7cb6-1ed2-bceb-641db1c24d1d,STAR,star Tankstelle,Berlin,52.534388,13.184014,1.7,2.359,2.299,2.329,True
2026-09-02T14:39:56+00:00,51d4b471-a095-1aa0-e100-80009459e03a,JET,JET BERLIN BRUNSBUETTELER DAMM 87-89,BERLIN,52.53379,13.18503,1.7,2.359,2.299,2.329,True
2026-09-02T14:39:56+00:00,d590310c-e209-46b2-bfe7-dacc6148e1f1,TotalEnergies,TotalEnergies Berlin,Berlin,52.55424,13.207408,2,2.379,2.319,2.339,True
2026-09-02T14:39:56+00:00,5d8c8a4c-bce7-4d28-ae12-0d61a971c5cc,Shell,Shell Berlin Streitstr. 19,Berlin,52.558899,13.208409,2.3,2.379,2.319,2.349,True
2026-09-02T14:39:56+00:00,057827cd-6583-4a3a-a461-f8546073fd02,SUN,Sun Klosterstr.,Berlin,52.52943,13.19517,2.4,2.359,2.299,2.329,True
2026-09-02T14:39:56+00:00,905d4775-754e-4b38-baca-89c98fad1d1a,Sprint,Sprint Berlin Ruhlebener Str.,Berlin,52.529285,13.20718,2.9,2.339,2.279,2.319,True
2026-09-02T14:41:27+00:00,cebbe420-bcf3-4db8-9099-c52b783e2158,ESSO,Esso Tankstelle,BERLIN,52.549044,13.17897,0,2.369,2.309,2.339,True
2026-09-02T14:41:27+00:00,7347dd32-bfa1-470a-a6ee-2a2c95ad9af5,ARAL,Aral Tankstelle,Berlin,52.542747,13.199304,1.5,2.389,2.329,2.349,True
2026-09-02T14:41:27+00:00,9f07b69b-4b15-4852-9c60-5d293c6cadc5,Sprint,Sprint Berlin Seegefelder Str.,Berlin,52.536163,13.191189,1.6,2.349,2.289,2.329,True
2026-09-02T14:41:27+00:00,005056ba-7cb6-1ed2-bceb-641db1c24d1d,STAR,star Tankstelle,Berlin,52.534388,13.184014,1.7,2.359,2.299,2.329,True
2026-09-02T14:41:27+00:00,51d4b471-a095-1aa0-e100-80009459e03a,JET,JET BERLIN BRUNSBUETTELER DAMM 87-89,BERLIN,52.53379,13.18503,1.7,2.359,2.299,2.329,True
2026-09-02T14:41:27+00:00,d590310c-e209-46b2-bfe7-dacc6148e1f1,TotalEnergies,TotalEnergies Berlin,Berlin,52.55424,13.207408,2,2.379,2.319,2.339,True
2026-09-02T14:41:27+00:00,5d8c8a4c-bce7-4d28-ae12-0d61a971c5cc,Shell,Shell Berlin Streitstr. 19,Berlin,52.558899,13.208409,2.3,2.379,2.319,2.349,True
2026-09-02T14:41:27+00:00,057827cd-6583-4a3a-a461-f8546073fd02,SUN,Sun Klosterstr.,Berlin,52.52943,13.19517,2.4,2.359,2.299,2.329,True
2026-09-02T14:41:27+00:00,905d4775-754e-4b38-baca-89c98fad1d1a,Sprint,Sprint Berlin Ruhlebener Str.,Berlin,52.529285,13.20718,2.9,2.339,2.279,2.319,True
2026-09-02T14:42:57+00:00,cebbe420-bcf3-4db8-9099-c52b783e2158,ESSO,Esso Tankstelle,BERLIN,52.549044,13.17897,0,2.369,2.309,2.339,True
2026-09-02T14:42:57+00:00,7347dd32-bfa1-470a-a6ee-2a2c95ad9af5,ARAL,Aral Tankstelle,Berlin,52.542747,13.199304,1.5,2.389,2.329,2.349,True
2026-09-02T14:42:57+00:00,9f07b69b-4b15-4852-9c60-5d293c6cadc5,Sprint,Sprint Berlin Seegefelder Str.,Berlin,52.536163,13.191189,1.6,2.349,2.289,2.329,True
2026-09-02T14:42:57+00:00,005056ba-7cb6-1ed2-bceb-641db1c24d1d,STAR,star Tankstelle,Berlin,52.534388,13.184014,1.7,2.359,2.299,2.329,True
2026-09-02T14:42:57+00:00,51d4b471-a095-1aa0-e100-80009459e03a,JET,JET BERLIN BRUNSBUETTELER DAMM 87-89,BERLIN,52.53379,13.18503,1.7,2.359,2.299,2.329,True
2026-09-02T14:42:57+00:00,d590310c-e209-46b2-bfe7-dacc6148e1f1,TotalEnergies,TotalEnergies Berlin,Berlin,52.55424,13.207408,2,2.379,2.319,2.339,True
2026-09-02T14:42:57+00:00,5d8c8a4c-bce7-4d28-ae12-0d61a971c5cc,Shell,Shell Berlin Streitstr. 19,Berlin,52.558899,13.208409,2.3,2.379,2.319,2.349,True
2026-09-02T14:42:57+00:00,057827cd-6583-4a3a-a461-f8546073fd02,SUN,Sun Klosterstr.,Berlin,52.52943,13.19517,2.4,2.359,2.299,2.329,True
2026-09-02T14:42:57+00:00,905d4775-754e-4b38-baca-89c98fad1d1a,Sprint,Sprint Berlin Ruhlebener Str.,Berlin,52.529285,13.20718,2.9,2.339,2.279,2.319,True
2026-09-02T14:44:28+00:00,cebbe420-bcf3-4db8-9099-c52b783e2158,ESSO,Esso Tankstelle,BERLIN,52.549044,13.17897,0,2.369,2.309,2.339,True
2026-09-02T14:44:28+00:00,7347dd32-bfa1-470a-a6ee-2a2c95ad9af5,ARAL,Aral Tankstelle,Berlin,52.542747,13.199304,1.5,2.389,2.329,2.349,True
2026-09-02T14:44:28+00:00,9f07b69b-4b15-4852-9c60-5d293c6cadc5,Sprint,Sprint Berlin Seegefelder Str.,Berlin,52.536163,13.191189,1.6,2.349,2.289,2.329,True
2026-09-02T14:44:28+00:00,005056ba-7cb6-1ed2-bceb-641db1c24d1d,STAR,star Tankstelle,Berlin,52.534388,13.184014,1.7,2.359,2.299,2.329,True
2026-09-02T14:44:28+00:00,51d4b471-a095-1aa0-e100-80009459e03a,JET,JET BERLIN BRUNSBUETTELER DAMM 87-89,BERLIN,52.53379,13.18503,1.7,2.359,2.299,2.329,True
2026-09-02T14:44:28+00:00,d590310c-e209-46b2-bfe7-dacc6148e1f1,TotalEnergies,TotalEnergies Berlin,Berlin,52.55424,13.207408,2,2.379,2.319,2.339,True
2026-09-02T14:44:28+00:00,5d8c8a4c-bce7-4d28-ae12-0d61a971c5cc,Shell,Shell Berlin Streitstr. 19,Berlin,52.558899,13.208409,2.3,2.379,2.319,2.349,True
2026-09-02T14:44:28+00:00,057827cd-6583-4a3a-a461-f8546073fd02,SUN,Sun Klosterstr.,Berlin,52.52943,13.19517,2.4,2.359,2.299,2.329,True
2026-09-02T14:44:28+00:00,905d4775-754e-4b38-baca-89c98fad1d1a,Sprint,Sprint Berlin Ruhlebener Str.,Berlin,52.529285,13.20718,2.9,2.339,2.279,2.319,True
2026-09-02T14:45:59+00:00,cebbe420-bcf3-4db8-9099-c52b783e2158,ESSO,Esso Tankstelle,BERLIN,52.549044,13.17897,0,2.369,2.309,2.339,True
2026-09-02T14:45:59+00:00,7347dd32-bfa1-470a-a6ee-2a2c95ad9af5,ARAL,Aral Tankstelle,Berlin,52.542747,13.199304,1.5,2.389,2.329,2.349,True
2026-09-02T14:45:59+00:00,9f07b69b-4b15-4852-9c60-5d293c6cadc5,Sprint,Sprint Berlin Seegefelder Str.,Berlin,52.536163,13.191189,1.6,2.349,2.289,2.329,True
2026-09-02T14:45:59+00:00,005056ba-7cb6-1ed2-bceb-641db1c24d1d,STAR,star Tankstelle,Berlin,52.534388,13.184014,1.7,2.339,2.279,2.329,True
2026-09-02T14:45:59+00:00,51d4b471-a095-1aa0-e100-80009459e03a,JET,JET BERLIN BRUNSBUETTELER DAMM 87-89,BERLIN,52.53379,13.18503,1.7,2.339,2.279,2.319,True
2026-09-02T14:45:59+00:00,d590310c-e209-46b2-bfe7-dacc6148e1f1,TotalEnergies,TotalEnergies Berlin,Berlin,52.55424,13.207408,2,2.379,2.319,2.339,True
2026-09-02T14:45:59+00:00,5d8c8a4c-bce7-4d28-ae12-0d61a971c5cc,Shell,Shell Berlin Streitstr. 19,Berlin,52.558899,13.208409,2.3,2.379,2.319,2.349,True
2026-09-02T14:45:59+00:00,057827cd-6583-4a3a-a461-f8546073fd02,SUN,Sun Klosterstr.,Berlin,52.52943,13.19517,2.4,2.339,2.279,2.319,True
2026-09-02T14:45:59+00:00,905d4775-754e-4b38-baca-89c98fad1d1a,Sprint,Sprint Berlin Ruhlebener Str.,Berlin,52.529285,13.20718,2.9,2.339,2.279,2.319,True
2026-09-02T14:47:30+00:00,cebbe420-bcf3-4db8-9099-c52b783e2158,ESSO,Esso Tankstelle,BERLIN,52.549044,13.17897,0,2.369,2.309,2.339,True
2026-09-02T14:47:30+00:00,7347dd32-bfa1-470a-a6ee-2a2c95ad9af5,ARAL,Aral Tankstelle,Berlin,52.542747,13.199304,1.5,2.389,2.329,2.349,True
2026-09-02T14:47:30+00:00,9f07b69b-4b15-4852-9c60-5d293c6cadc5,Sprint,Sprint Berlin Seegefelder Str.,Berlin,52.536163,13.191189,1.6,2.339,2.279,2.319,True
2026-09-02T14:47:30+00:00,005056ba-7cb6-1ed2-bceb-641db1c24d1d,STAR,star Tankstelle,Berlin,52.534388,13.184014,1.7,2.339,2.279,2.329,True
2026-09-02T14:47:30+00:00,51d4b471-a095-1aa0-e100-80009459e03a,JET,JET BERLIN BRUNSBUETTELER DAMM 87-89,BERLIN,52.53379,13.18503,1.7,2.339,2.279,2.319,True
2026-09-02T14:47:30+00:00,d590310c-e209-46b2-bfe7-dacc6148e1f1,TotalEnergies,TotalEnergies Berlin,Berlin,52.55424,13.207408,2,2.379,2.319,2.339,True
2026-09-02T14:47:30+00:00,5d8c8a4c-bce7-4d28-ae12-0d61a971c5cc,Shell,Shell Berlin Streitstr. 19,Berlin,52.558899,13.208409,2.3,2.379,2.319,2.349,True
2026-09-02T14:47:30+00:00,057827cd-6583-4a3a-a461-f8546073fd02,SUN,Sun Klosterstr.,Berlin,52.52943,13.19517,2.4,2.339,2.279,2.319,True
2026-09-02T14:47:30+00:00,905d4775-754e-4b38-baca-89c98fad1d1a,Sprint,Sprint Berlin Ruhlebener Str.,Berlin,52.529285,13.20718,2.9,2.339,2.279,2.319,True
2026-09-02T14:49:01+00:00,cebbe420-bcf3-4db8-9099-c52b783e2158,ESSO,Esso Tankstelle,BERLIN,52.549044,13.17897,0,2.369,2.309,2.339,True
2026-09-02T14:49:01+00:00,7347dd32-bfa1-470a-a6ee-2a2c95ad9af5,ARAL,Aral Tankstelle,Berlin,52.542747,13.199304,1.5,2.389,2.329,2.349,True
2026-09-02T14:49:01+00:00,9f07b69b-4b15-4852-9c60-5d293c6cadc5,Sprint,Sprint Berlin Seegefelder Str.,Berlin,52.536163,13.191189,1.6,2.339,2.279,2.319,True
2026-09-02T14:49:01+00:00,005056ba-7cb6-1ed2-bceb-641db1c24d1d,STAR,star Tankstelle,Berlin,52.534388,13.184014,1.7,2.339,2.279,2.329,True
2026-09-02T14:49:01+00:00,51d4b471-a095-1aa0-e100-80009459e03a,JET,JET BERLIN BRUNSBUETTELER DAMM 87-89,BERLIN,52.53379,13.18503,1.7,2.339,2.279,2.319,True
2026-09-02T14:49:01+00:00,d590310c-e209-46b2-bfe7-dacc6148e1f1,TotalEnergies,TotalEnergies Berlin,Berlin,52.55424,13.207408,2,2.379,2.319,2.339,True
2026-09-02T14:49:01+00:00,5d8c8a4c-bce7-4d28-ae12-0d61a971c5cc,Shell,Shell Berlin Streitstr. 19,Berlin,52.558899,13.208409,2.3,2.379,2.319,2.349,True
2026-09-02T14:49:01+00:00,057827cd-6583-4a3a-a461-f8546073fd02,SUN,Sun Klosterstr.,Berlin,52.52943,13.19517,2.4,2.339,2.279,2.319,True
2026-09-02T14:49:01+00:00,905d4775-754e-4b38-baca-89c98fad1d1a,Sprint,Sprint Berlin Ruhlebener Str.,Berlin,52.529285,13.20718,2.9,2.339,2.279,2.319,True
2026-09-02T14:50:32+00:00,cebbe420-bcf3-4db8-9099-c52b783e2158,ESSO,Esso Tankstelle,BERLIN,52.549044,13.17897,0,2.369,2.309,2.339,True
2026-09-02T14:50:32+00:00,7347dd32-bfa1-470a-a6ee-2a2c95ad9af5,ARAL,Aral Tankstelle,Berlin,52.542747,13.199304,1.5,2.389,2.329,2.349,True
2026-09-02T14:50:32+00:00,9f07b69b-4b15-4852-9c60-5d293c6cadc5,Sprint,Sprint Berlin Seegefelder Str.,Berlin,52.536163,13.191189,1.6,2.339,2.279,2.319,True
2026-09-02T14:50:32+00:00,005056ba-7cb6-1ed2-bceb-641db1c24d1d,STAR,star Tankstelle,Berlin,52.534388,13.184014,1.7,2.339,2.279,2.319,True
2026-09-02T14:50:32+00:00,51d4b471-a095-1aa0-e100-80009459e03a,JET,JET BERLIN BRUNSBUETTELER DAMM 87-89,BERLIN,52.53379,13.18503,1.7,2.339,2.279,2.319,True
2026-09-02T14:50:32+00:00,d590310c-e209-46b2-bfe7-dacc6148e1f1,TotalEnergies,TotalEnergies Berlin,Berlin,52.55424,13.207408,2,2.369,2.309,2.329,True
2026-09-02T14:50:32+00:00,5d8c8a4c-bce7-4d28-ae12-0d61a971c5cc,Shell,Shell Berlin Streitstr. 19,Berlin,52.558899,13.208409,2.3,2.379,2.319,2.339,True
2026-09-02T14:50:32+00:00,057827cd-6583-4a3a-a461-f8546073fd02,SUN,Sun Klosterstr.,Berlin,52.52943,13.19517,2.4,2.339,2.279,2.319,True
2026-09-02T14:50:32+00:00,905d4775-754e-4b38-baca-89c98fad1d1a,Sprint,Sprint Berlin Ruhlebener Str.,Berlin,52.529285,13.20718,2.9,2.339,2.279,2.319,True
2026-09-02T14:52:02+00:00,cebbe420-bcf3-4db8-9099-c52b783e2158,ESSO,Esso Tankstelle,BERLIN,52.549044,13.17897,0,2.369,2.309,2.339,True
2026-09-02T14:52:02+00:00,7347dd32-bfa1-470a-a6ee-2a2c95ad9af5,ARAL,Aral Tankstelle,Berlin,52.542747,13.199304,1.5,2.389,2.329,2.349,True
2026-09-02T14:52:02+00:00,9f07b69b-4b15-4852-9c60-5d293c6cadc5,Sprint,Sprint Berlin Seegefelder Str.,Berlin,52.536163,13.191189,1.6,2.339,2.279,2.319,True
2026-09-02T14:52:02+00:00,005056ba-7cb6-1ed2-bceb-641db1c24d1d,STAR,star Tankstelle,Berlin,52.534388,13.184014,1.7,2.339,2.279,2.319,True
2026-09-02T14:52:02+00:00,51d4b471-a095-1aa0-e100-80009459e03a,JET,JET BERLIN BRUNSBUETTELER DAMM 87-89,BERLIN,52.53379,13.18503,1.7,2.339,2.279,2.319,True
2026-09-02T14:52:02+00:00,d590310c-e209-46b2-bfe7-dacc6148e1f1,TotalEnergies,TotalEnergies Berlin,Berlin,52.55424,13.207408,2,2.369,2.309,2.329,True
2026-09-02T14:52:02+00:00,5d8c8a4c-bce7-4d28-ae12-0d61a971c5cc,Shell,Shell Berlin Streitstr. 19,Berlin,52.558899,13.208409,2.3,2.379,2.319,2.339,True
2026-09-02T14:52:02+00:00,057827cd-6583-4a3a-a461-f8546073fd02,SUN,Sun Klosterstr.,Berlin,52.52943,13.19517,2.4,2.339,2.279,2.319,True
2026-09-02T14:52:02+00:00,905d4775-754e-4b38-baca-89c98fad1d1a,Sprint,Sprint Berlin Ruhlebener Str.,Berlin,52.529285,13.20718,2.9,2.329,2.269,2.319,True
2026-09-02T14:53:34+00:00,cebbe420-bcf3-4db8-9099-c52b783e2158,ESSO,Esso Tankstelle,BERLIN,52.549044,13.17897,0,2.369,2.309,2.339,True
2026-09-02T14:53:34+00:00,7347dd32-bfa1-470a-a6ee-2a2c95ad9af5,ARAL,Aral Tankstelle,Berlin,52.542747,13.199304,1.5,2.389,2.329,2.349,True
2026-09-02T14:53:34+00:00,9f07b69b-4b15-4852-9c60-5d293c6cadc5,Sprint,Sprint Berlin Seegefelder Str.,Berlin,52.536163,13.191189,1.6,2.339,2.279,2.319,True
2026-09-02T14:53:34+00:00,005056ba-7cb6-1ed2-bceb-641db1c24d1d,STAR,star Tankstelle,Berlin,52.534388,13.184014,1.7,2.339,2.279,2.319,True
2026-09-02T14:53:34+00:00,51d4b471-a095-1aa0-e100-80009459e03a,JET,JET BERLIN BRUNSBUETTELER DAMM 87-89,BERLIN,52.53379,13.18503,1.7,2.339,2.279,2.319,True
2026-09-02T14:53:34+00:00,d590310c-e209-46b2-bfe7-dacc6148e1f1,TotalEnergies,TotalEnergies Berlin,Berlin,52.55424,13.207408,2,2.369,2.309,2.329,True
2026-09-02T14:53:34+00:00,5d8c8a4c-bce7-4d28-ae12-0d61a971c5cc,Shell,Shell Berlin Streitstr. 19,Berlin,52.558899,13.208409,2.3,2.379,2.319,2.339,True
2026-09-02T14:53:34+00:00,057827cd-6583-4a3a-a461-f8546073fd02,SUN,Sun Klosterstr.,Berlin,52.52943,13.19517,2.4,2.339,2.279,2.319,True
2026-09-02T14:53:34+00:00,905d4775-754e-4b38-baca-89c98fad1d1a,Sprint,Sprint Berlin Ruhlebener Str.,Berlin,52.529285,13.20718,2.9,2.329,2.269,2.319,True
2026-09-02T14:55:04+00:00,cebbe420-bcf3-4db8-9099-c52b783e2158,ESSO,Esso Tankstelle,BERLIN,52.549044,13.17897,0,2.369,2.309,2.339,True
2026-09-02T14:55:04+00:00,7347dd32-bfa1-470a-a6ee-2a2c95ad9af5,ARAL,Aral Tankstelle,Berlin,52.542747,13.199304,1.5,2.389,2.329,2.349,True
2026-09-02T14:55:04+00:00,9f07b69b-4b15-4852-9c60-5d293c6cadc5,Sprint,Sprint Berlin Seegefelder Str.,Berlin,52.536163,13.191189,1.6,2.339,2.279,2.319,True
2026-09-02T14:55:04+00:00,005056ba-7cb6-1ed2-bceb-641db1c24d1d,STAR,star Tankstelle,Berlin,52.534388,13.184014,1.7,2.339,2.279,2.319,True
2026-09-02T14:55:04+00:00,51d4b471-a095-1aa0-e100-80009459e03a,JET,JET BERLIN BRUNSBUETTELER DAMM 87-89,BERLIN,52.53379,13.18503,1.7,2.339,2.279,2.319,True
2026-09-02T14:55:04+00:00,d590310c-e209-46b2-bfe7-dacc6148e1f1,TotalEnergies,TotalEnergies Berlin,Berlin,52.55424,13.207408,2,2.369,2.309,2.329,True
2026-09-02T14:55:04+00:00,5d8c8a4c-bce7-4d28-ae12-0d61a971c5cc,Shell,Shell Berlin Streitstr. 19,Berlin,52.558899,13.208409,2.3,2.379,2.319,2.339,True
2026-09-02T14:55:04+00:00,057827cd-6583-4a3a-a461-f8546073fd02,SUN,Sun Klosterstr.,Berlin,52.52943,13.19517,2.4,2.339,2.279,2.319,True
2026-09-02T14:55:04+00:00,905d4775-754e-4b38-baca-89c98fad1d1a,Sprint,Sprint Berlin Ruhlebener Str.,Berlin,52.529285,13.20718,2.9,2.329,2.269,2.309,True
2026-09-02T14:56:36+00:00,cebbe420-bcf3-4db8-9099-c52b783e2158,ESSO,Esso Tankstelle,BERLIN,52.549044,13.17897,0,2.369,2.309,2.339,True
2026-09-02T14:56:36+00:00,7347dd32-bfa1-470a-a6ee-2a2c95ad9af5,ARAL,Aral Tankstelle,Berlin,52.542747,13.199304,1.5,2.389,2.329,2.349,True
2026-09-02T14:56:36+00:00,9f07b69b-4b15-4852-9c60-5d293c6cadc5,Sprint,Sprint Berlin Seegefelder Str.,Berlin,52.536163,13.191189,1.6,2.339,2.279,2.319,True
2026-09-02T14:56:36+00:00,005056ba-7cb6-1ed2-bceb-641db1c24d1d,STAR,star Tankstelle,Berlin,52.534388,13.184014,1.7,2.339,2.279,2.319,True
2026-09-02T14:56:36+00:00,51d4b471-a095-1aa0-e100-80009459e03a,JET,JET BERLIN BRUNSBUETTELER DAMM 87-89,BERLIN,52.53379,13.18503,1.7,2.329,2.269,2.319,True
2026-09-02T14:56:36+00:00,d590310c-e209-46b2-bfe7-dacc6148e1f1,TotalEnergies,TotalEnergies Berlin,Berlin,52.55424,13.207408,2,2.369,2.309,2.329,True
2026-09-02T14:56:36+00:00,5d8c8a4c-bce7-4d28-ae12-0d61a971c5cc,Shell,Shell Berlin Streitstr. 19,Berlin,52.558899,13.208409,2.3,2.379,2.319,2.339,True
2026-09-02T14:56:36+00:00,057827cd-6583-4a3a-a461-f8546073fd02,SUN,Sun Klosterstr.,Berlin,52.52943,13.19517,2.4,2.339,2.279,2.319,True
2026-09-02T14:56:36+00:00,905d4775-754e-4b38-baca-89c98fad1d1a,Sprint,Sprint Berlin Ruhlebener Str.,Berlin,52.529285,13.20718,2.9,2.329,2.269,2.309,True
2026-09-02T14:58:06+00:00,cebbe420-bcf3-4db8-9099-c52b783e2158,ESSO,Esso Tankstelle,BERLIN,52.549044,13.17897,0,2.369,2.309,2.339,True
2026-09-02T14:58:06+00:00,7347dd32-bfa1-470a-a6ee-2a2c95ad9af5,ARAL,Aral Tankstelle,Berlin,52.542747,13.199304,1.5,2.389,2.329,2.349,True
2026-09-02T14:58:06+00:00,9f07b69b-4b15-4852-9c60-5d293c6cadc5,Sprint,Sprint Berlin Seegefelder Str.,Berlin,52.536163,13.191189,1.6,2.329,2.269,2.319,True
2026-09-02T14:58:06+00:00,005056ba-7cb6-1ed2-bceb-641db1c24d1d,STAR,star Tankstelle,Berlin,52.534388,13.184014,1.7,2.339,2.279,2.319,True
2026-09-02T14:58:06+00:00,51d4b471-a095-1aa0-e100-80009459e03a,JET,JET BERLIN BRUNSBUETTELER DAMM 87-89,BERLIN,52.53379,13.18503,1.7,2.329,2.269,2.319,True
2026-09-02T14:58:06+00:00,d590310c-e209-46b2-bfe7-dacc6148e1f1,TotalEnergies,TotalEnergies Berlin,Berlin,52.55424,13.207408,2,2.369,2.309,2.329,True
2026-09-02T14:58:06+00:00,5d8c8a4c-bce7-4d28-ae12-0d61a971c5cc,Shell,Shell Berlin Streitstr. 19,Berlin,52.558899,13.208409,2.3,2.379,2.319,2.339,True
2026-09-02T14:58:06+00:00,057827cd-6583-4a3a-a461-f8546073fd02,SUN,Sun Klosterstr.,Berlin,52.52943,13.19517,2.4,2.339,2.279,2.319,True
2026-09-02T14:58:06+00:00,905d4775-754e-4b38-baca-89c98fad1d1a,Sprint,Sprint Berlin Ruhlebener Str.,Berlin,52.529285,13.20718,2.9,2.329,2.269,2.309,True
2026-09-02T14:59:37+00:00,cebbe420-bcf3-4db8-9099-c52b783e2158,ESSO,Esso Tankstelle,BERLIN,52.549044,13.17897,0,2.349,2.289,2.329,True
2026-09-02T14:59:37+00:00,7347dd32-bfa1-470a-a6ee-2a2c95ad9af5,ARAL,Aral Tankstelle,Berlin,52.542747,13.199304,1.5,2.389,2.329,2.349,True
2026-09-02T14:59:37+00:00,9f07b69b-4b15-4852-9c60-5d293c6cadc5,Sprint,Sprint Berlin Seegefelder Str.,Berlin,52.536163,13.191189,1.6,2.329,2.269,2.319,True
2026-09-02T14:59:37+00:00,005056ba-7cb6-1ed2-bceb-641db1c24d1d,STAR,star Tankstelle,Berlin,52.534388,13.184014,1.7,2.339,2.279,2.319,True
2026-09-02T14:59:37+00:00,51d4b471-a095-1aa0-e100-80009459e03a,JET,JET BERLIN BRUNSBUETTELER DAMM 87-89,BERLIN,52.53379,13.18503,1.7,2.329,2.269,2.319,True
2026-09-02T14:59:37+00:00,d590310c-e209-46b2-bfe7-dacc6148e1f1,TotalEnergies,TotalEnergies Berlin,Berlin,52.55424,13.207408,2,2.369,2.309,2.329,True
2026-09-02T14:59:37+00:00,5d8c8a4c-bce7-4d28-ae12-0d61a971c5cc,Shell,Shell Berlin Streitstr. 19,Berlin,52.558899,13.208409,2.3,2.379,2.319,2.339,True
2026-09-02T14:59:37+00:00,057827cd-6583-4a3a-a461-f8546073fd02,SUN,Sun Klosterstr.,Berlin,52.52943,13.19517,2.4,2.339,2.279,2.319,True
2026-09-02T14:59:37+00:00,905d4775-754e-4b38-baca-89c98fad1d1a,Sprint,Sprint Berlin Ruhlebener Str.,Berlin,52.529285,13.20718,2.9,2.329,2.269,2.309,True
2026-09-02T15:01:08+00:00,cebbe420-bcf3-4db8-9099-c52b783e2158,ESSO,Esso Tankstelle,BERLIN,52.549044,13.17897,0,2.349,2.289,2.329,True
2026-09-02T15:01:08+00:00,7347dd32-bfa1-470a-a6ee-2a2c95ad9af5,ARAL,Aral Tankstelle,Berlin,52.542747,13.199304,1.5,2.389,2.329,2.349,True
2026-09-02T15:01:08+00:00,9f07b69b-4b15-4852-9c60-5d293c6cadc5,Sprint,Sprint Berlin Seegefelder Str.,Berlin,52.536163,13.191189,1.6,2.329,2.269,2.319,True
2026-09-02T15:01:08+00:00,005056ba-7cb6-1ed2-bceb-641db1c24d1d,STAR,star Tankstelle,Berlin,52.534388,13.184014,1.7,2.339,2.279,2.319,True
2026-09-02T15:01:08+00:00,51d4b471-a095-1aa0-e100-80009459e03a,JET,JET BERLIN BRUNSBUETTELER DAMM 87-89,BERLIN,52.53379,13.18503,1.7,2.329,2.269,2.319,True
2026-09-02T15:01:08+00:00,d590310c-e209-46b2-bfe7-dacc6148e1f1,TotalEnergies,TotalEnergies Berlin,Berlin,52.55424,13.207408,2,2.369,2.309,2.329,True
2026-09-02T15:01:08+00:00,5d8c8a4c-bce7-4d28-ae12-0d61a971c5cc,Shell,Shell Berlin Streitstr. 19,Berlin,52.558899,13.208409,2.3,2.379,2.319,2.339,True
2026-09-02T15:01:08+00:00,057827cd-6583-4a3a-a461-f8546073fd02,SUN,Sun Klosterstr.,Berlin,52.52943,13.19517,2.4,2.339,2.279,2.319,True
2026-09-02T15:01:08+00:00,905d4775-754e-4b38-baca-89c98fad1d1a,Sprint,Sprint Berlin Ruhlebener Str.,Berlin,52.529285,13.20718,2.9,2.329,2.269,2.309,True
2026-09-02T15:02:39+00:00,cebbe420-bcf3-4db8-9099-c52b783e2158,ESSO,Esso Tankstelle,BERLIN,52.549044,13.17897,0,2.349,2.289,2.329,True
2026-09-02T15:02:39+00:00,7347dd32-bfa1-470a-a6ee-2a2c95ad9af5,ARAL,Aral Tankstelle,Berlin,52.542747,13.199304,1.5,2.389,2.329,2.349,True
2026-09-02T15:02:39+00:00,9f07b69b-4b15-4852-9c60-5d293c6cadc5,Sprint,Sprint Berlin Seegefelder Str.,Berlin,52.536163,13.191189,1.6,2.329,2.269,2.319,True
2026-09-02T15:02:39+00:00,005056ba-7cb6-1ed2-bceb-641db1c24d1d,STAR,star Tankstelle,Berlin,52.534388,13.184014,1.7,2.339,2.279,2.319,True
2026-09-02T15:02:39+00:00,51d4b471-a095-1aa0-e100-80009459e03a,JET,JET BERLIN BRUNSBUETTELER DAMM 87-89,BERLIN,52.53379,13.18503,1.7,2.329,2.269,2.319,True
2026-09-02T15:02:39+00:00,d590310c-e209-46b2-bfe7-dacc6148e1f1,TotalEnergies,TotalEnergies Berlin,Berlin,52.55424,13.207408,2,2.369,2.309,2.329,True
2026-09-02T15:02:39+00:00,5d8c8a4c-bce7-4d28-ae12-0d61a971c5cc,Shell,Shell Berlin Streitstr. 19,Berlin,52.558899,13.208409,2.3,2.379,2.319,2.339,True
2026-09-02T15:02:39+00:00,057827cd-6583-4a3a-a461-f8546073fd02,SUN,Sun Klosterstr.,Berlin,52.52943,13.19517,2.4,2.329,2.269,2.309,True
2026-09-02T15:02:39+00:00,905d4775-754e-4b38-baca-89c98fad1d1a,Sprint,Sprint Berlin Ruhlebener Str.,Berlin,52.529285,13.20718,2.9,2.329,2.269,2.309,True
2026-09-02T15:04:10+00:00,cebbe420-bcf3-4db8-9099-c52b783e2158,ESSO,Esso Tankstelle,BERLIN,52.549044,13.17897,0,2.349,2.289,2.329,True
2026-09-02T15:04:10+00:00,7347dd32-bfa1-470a-a6ee-2a2c95ad9af5,ARAL,Aral Tankstelle,Berlin,52.542747,13.199304,1.5,2.389,2.329,2.349,True
2026-09-02T15:04:10+00:00,9f07b69b-4b15-4852-9c60-5d293c6cadc5,Sprint,Sprint Berlin Seegefelder Str.,Berlin,52.536163,13.191189,1.6,2.329,2.269,2.319,True
2026-09-02T15:04:10+00:00,005056ba-7cb6-1ed2-bceb-641db1c24d1d,STAR,star Tankstelle,Berlin,52.534388,13.184014,1.7,2.339,2.279,2.319,True
2026-09-02T15:04:10+00:00,51d4b471-a095-1aa0-e100-80009459e03a,JET,JET BERLIN BRUNSBUETTELER DAMM 87-89,BERLIN,52.53379,13.18503,1.7,2.329,2.269,2.309,True
2026-09-02T15:04:10+00:00,d590310c-e209-46b2-bfe7-dacc6148e1f1,TotalEnergies,TotalEnergies Berlin,Berlin,52.55424,13.207408,2,2.369,2.309,2.329,True
2026-09-02T15:04:10+00:00,5d8c8a4c-bce7-4d28-ae12-0d61a971c5cc,Shell,Shell Berlin Streitstr. 19,Berlin,52.558899,13.208409,2.3,2.379,2.319,2.339,True
2026-09-02T15:04:10+00:00,057827cd-6583-4a3a-a461-f8546073fd02,SUN,Sun Klosterstr.,Berlin,52.52943,13.19517,2.4,2.329,2.269,2.309,True
2026-09-02T15:04:10+00:00,905d4775-754e-4b38-baca-89c98fad1d1a,Sprint,Sprint Berlin Ruhlebener Str.,Berlin,52.529285,13.20718,2.9,2.329,2.269,2.309,True
2026-09-02T15:05:41+00:00,cebbe420-bcf3-4db8-9099-c52b783e2158,ESSO,Esso Tankstelle,BERLIN,52.549044,13.17897,0,2.349,2.289,2.329,True
2026-09-02T15:05:41+00:00,7347dd32-bfa1-470a-a6ee-2a2c95ad9af5,ARAL,Aral Tankstelle,Berlin,52.542747,13.199304,1.5,2.389,2.329,2.349,True
2026-09-02T15:05:41+00:00,9f07b69b-4b15-4852-9c60-5d293c6cadc5,Sprint,Sprint Berlin Seegefelder Str.,Berlin,52.536163,13.191189,1.6,2.329,2.269,2.309,True
2026-09-02T15:05:41+00:00,005056ba-7cb6-1ed2-bceb-641db1c24d1d,STAR,star Tankstelle,Berlin,52.534388,13.184014,1.7,2.329,2.269,2.319,True
2026-09-02T15:05:41+00:00,51d4b471-a095-1aa0-e100-80009459e03a,JET,JET BERLIN BRUNSBUETTELER DAMM 87-89,BERLIN,52.53379,13.18503,1.7,2.329,2.269,2.309,True
2026-09-02T15:05:41+00:00,d590310c-e209-46b2-bfe7-dacc6148e1f1,TotalEnergies,TotalEnergies Berlin,Berlin,52.55424,13.207408,2,2.369,2.309,2.329,True
2026-09-02T15:05:41+00:00,5d8c8a4c-bce7-4d28-ae12-0d61a971c5cc,Shell,Shell Berlin Streitstr. 19,Berlin,52.558899,13.208409,2.3,2.379,2.319,2.339,True
2026-09-02T15:05:41+00:00,057827cd-6583-4a3a-a461-f8546073fd02,SUN,Sun Klosterstr.,Berlin,52.52943,13.19517,2.4,2.329,2.269,2.309,True
2026-09-02T15:05:41+00:00,905d4775-754e-4b38-baca-89c98fad1d1a,Sprint,Sprint Berlin Ruhlebener Str.,Berlin,52.529285,13.20718,2.9,2.329,2.269,2.309,True
2026-09-02T15:07:14+00:00,cebbe420-bcf3-4db8-9099-c52b783e2158,ESSO,Esso Tankstelle,BERLIN,52.549044,13.17897,0,2.349,2.289,2.329,True
2026-09-02T15:07:14+00:00,7347dd32-bfa1-470a-a6ee-2a2c95ad9af5,ARAL,Aral Tankstelle,Berlin,52.542747,13.199304,1.5,2.349,2.289,2.319,True
2026-09-02T15:07:14+00:00,9f07b69b-4b15-4852-9c60-5d293c6cadc5,Sprint,Sprint Berlin Seegefelder Str.,Berlin,52.536163,13.191189,1.6,2.329,2.269,2.309,True
2026-09-02T15:07:14+00:00,005056ba-7cb6-1ed2-bceb-641db1c24d1d,STAR,star Tankstelle,Berlin,52.534388,13.184014,1.7,2.329,2.269,2.309,True
2026-09-02T15:07:14+00:00,51d4b471-a095-1aa0-e100-80009459e03a,JET,JET BERLIN BRUNSBUETTELER DAMM 87-89,BERLIN,52.53379,13.18503,1.7,2.329,2.269,2.309,True
2026-09-02T15:07:14+00:00,d590310c-e209-46b2-bfe7-dacc6148e1f1,TotalEnergies,TotalEnergies Berlin,Berlin,52.55424,13.207408,2,2.369,2.309,2.329,True
2026-09-02T15:07:14+00:00,5d8c8a4c-bce7-4d28-ae12-0d61a971c5cc,Shell,Shell Berlin Streitstr. 19,Berlin,52.558899,13.208409,2.3,2.379,2.319,2.339,True
2026-09-02T15:07:14+00:00,057827cd-6583-4a3a-a461-f8546073fd02,SUN,Sun Klosterstr.,Berlin,52.52943,13.19517,2.4,2.329,2.269,2.309,True
2026-09-02T15:07:14+00:00,905d4775-754e-4b38-baca-89c98fad1d1a,Sprint,Sprint Berlin Ruhlebener Str.,Berlin,52.529285,13.20718,2.9,2.329,2.269,2.309,True
2026-09-02T15:08:45+00:00,cebbe420-bcf3-4db8-9099-c52b783e2158,ESSO,Esso Tankstelle,BERLIN,52.549044,13.17897,0,2.349,2.289,2.329,True
2026-09-02T15:08:45+00:00,7347dd32-bfa1-470a-a6ee-2a2c95ad9af5,ARAL,Aral Tankstelle,Berlin,52.542747,13.199304,1.5,2.349,2.289,2.319,True
2026-09-02T15:08:45+00:00,9f07b69b-4b15-4852-9c60-5d293c6cadc5,Sprint,Sprint Berlin Seegefelder Str.,Berlin,52.536163,13.191189,1.6,2.329,2.269,2.309,True
2026-09-02T15:08:45+00:00,005056ba-7cb6-1ed2-bceb-641db1c24d1d,STAR,star Tankstelle,Berlin,52.534388,13.184014,1.7,2.329,2.269,2.309,True
2026-09-02T15:08:45+00:00,51d4b471-a095-1aa0-e100-80009459e03a,JET,JET BERLIN BRUNSBUETTELER DAMM 87-89,BERLIN,52.53379,13.18503,1.7,2.329,2.269,2.309,True
2026-09-02T15:08:45+00:00,d590310c-e209-46b2-bfe7-dacc6148e1f1,TotalEnergies,TotalEnergies Berlin,Berlin,52.55424,13.207408,2,2.349,2.289,2.319,True
2026-09-02T15:08:45+00:00,5d8c8a4c-bce7-4d28-ae12-0d61a971c5cc,Shell,Shell Berlin Streitstr. 19,Berlin,52.558899,13.208409,2.3,2.369,2.309,2.329,True
2026-09-02T15:08:45+00:00,057827cd-6583-4a3a-a461-f8546073fd02,SUN,Sun Klosterstr.,Berlin,52.52943,13.19517,2.4,2.329,2.269,2.309,True
2026-09-02T15:08:45+00:00,905d4775-754e-4b38-baca-89c98fad1d1a,Sprint,Sprint Berlin Ruhlebener Str.,Berlin,52.529285,13.20718,2.9,2.329,2.269,2.309,True
2026-09-02T15:10:15+00:00,cebbe420-bcf3-4db8-9099-c52b783e2158,ESSO,Esso Tankstelle,BERLIN,52.549044,13.17897,0,2.349,2.289,2.329,True
2026-09-02T15:10:15+00:00,7347dd32-bfa1-470a-a6ee-2a2c95ad9af5,ARAL,Aral Tankstelle,Berlin,52.542747,13.199304,1.5,2.349,2.289,2.319,True
2026-09-02T15:10:15+00:00,9f07b69b-4b15-4852-9c60-5d293c6cadc5,Sprint,Sprint Berlin Seegefelder Str.,Berlin,52.536163,13.191189,1.6,2.329,2.269,2.309,True
2026-09-02T15:10:15+00:00,005056ba-7cb6-1ed2-bceb-641db1c24d1d,STAR,star Tankstelle,Berlin,52.534388,13.184014,1.7,2.329,2.269,2.309,True
2026-09-02T15:10:15+00:00,51d4b471-a095-1aa0-e100-80009459e03a,JET,JET BERLIN BRUNSBUETTELER DAMM 87-89,BERLIN,52.53379,13.18503,1.7,2.329,2.269,2.309,True
2026-09-02T15:10:15+00:00,d590310c-e209-46b2-bfe7-dacc6148e1f1,TotalEnergies,TotalEnergies Berlin,Berlin,52.55424,13.207408,2,2.349,2.289,2.319,True
2026-09-02T15:10:15+00:00,5d8c8a4c-bce7-4d28-ae12-0d61a971c5cc,Shell,Shell Berlin Streitstr. 19,Berlin,52.558899,13.208409,2.3,2.369,2.309,2.329,True
2026-09-02T15:10:15+00:00,057827cd-6583-4a3a-a461-f8546073fd02,SUN,Sun Klosterstr.,Berlin,52.52943,13.19517,2.4,2.329,2.269,2.309,True
2026-09-02T15:10:15+00:00,905d4775-754e-4b38-baca-89c98fad1d1a,Sprint,Sprint Berlin Ruhlebener Str.,Berlin,52.529285,13.20718,2.9,2.329,2.269,2.309,True
2026-09-02T15:11:46+00:00,cebbe420-bcf3-4db8-9099-c52b783e2158,ESSO,Esso Tankstelle,BERLIN,52.549044,13.17897,0,2.339,2.279,2.329,True
2026-09-02T15:11:46+00:00,7347dd32-bfa1-470a-a6ee-2a2c95ad9af5,ARAL,Aral Tankstelle,Berlin,52.542747,13.199304,1.5,2.349,2.289,2.319,True
2026-09-02T15:11:46+00:00,9f07b69b-4b15-4852-9c60-5d293c6cadc5,Sprint,Sprint Berlin Seegefelder Str.,Berlin,52.536163,13.191189,1.6,2.329,2.269,2.309,True
2026-09-02T15:11:46+00:00,005056ba-7cb6-1ed2-bceb-641db1c24d1d,STAR,star Tankstelle,Berlin,52.534388,13.184014,1.7,2.329,2.269,2.309,True
2026-09-02T15:11:46+00:00,51d4b471-a095-1aa0-e100-80009459e03a,JET,JET BERLIN BRUNSBUETTELER DAMM 87-89,BERLIN,52.53379,13.18503,1.7,2.329,2.269,2.309,True
2026-09-02T15:11:46+00:00,d590310c-e209-46b2-bfe7-dacc6148e1f1,TotalEnergies,TotalEnergies Berlin,Berlin,52.55424,13.207408,2,2.349,2.289,2.319,True
2026-09-02T15:11:46+00:00,5d8c8a4c-bce7-4d28-ae12-0d61a971c5cc,Shell,Shell Berlin Streitstr. 19,Berlin,52.558899,13.208409,2.3,2.369,2.309,2.329,True
2026-09-02T15:11:46+00:00,057827cd-6583-4a3a-a461-f8546073fd02,SUN,Sun Klosterstr.,Berlin,52.52943,13.19517,2.4,2.329,2.269,2.309,True
2026-09-02T15:11:46+00:00,905d4775-754e-4b38-baca-89c98fad1d1a,Sprint,Sprint Berlin Ruhlebener Str.,Berlin,52.529285,13.20718,2.9,2.329,2.269,2.309,True
2026-09-02T15:13:17+00:00,cebbe420-bcf3-4db8-9099-c52b783e2158,ESSO,Esso Tankstelle,BERLIN,52.549044,13.17897,0,2.339,2.279,2.329,True
2026-09-02T15:13:17+00:00,7347dd32-bfa1-470a-a6ee-2a2c95ad9af5,ARAL,Aral Tankstelle,Berlin,52.542747,13.199304,1.5,2.349,2.289,2.319,True
2026-09-02T15:13:17+00:00,9f07b69b-4b15-4852-9c60-5d293c6cadc5,Sprint,Sprint Berlin Seegefelder Str.,Berlin,52.536163,13.191189,1.6,2.329,2.269,2.309,True
2026-09-02T15:13:17+00:00,005056ba-7cb6-1ed2-bceb-641db1c24d1d,STAR,star Tankstelle,Berlin,52.534388,13.184014,1.7,2.329,2.269,2.309,True
2026-09-02T15:13:17+00:00,51d4b471-a095-1aa0-e100-80009459e03a,JET,JET BERLIN BRUNSBUETTELER DAMM 87-89,BERLIN,52.53379,13.18503,1.7,2.329,2.269,2.309,True
2026-09-02T15:13:17+00:00,d590310c-e209-46b2-bfe7-dacc6148e1f1,TotalEnergies,TotalEnergies Berlin,Berlin,52.55424,13.207408,2,2.349,2.289,2.319,True
2026-09-02T15:13:17+00:00,5d8c8a4c-bce7-4d28-ae12-0d61a971c5cc,Shell,Shell Berlin Streitstr. 19,Berlin,52.558899,13.208409,2.3,2.369,2.309,2.329,True
2026-09-02T15:13:17+00:00,057827cd-6583-4a3a-a461-f8546073fd02,SUN,Sun Klosterstr.,Berlin,52.52943,13.19517,2.4,2.329,2.269,2.309,True
2026-09-02T15:13:17+00:00,905d4775-754e-4b38-baca-89c98fad1d1a,Sprint,Sprint Berlin Ruhlebener Str.,Berlin,52.529285,13.20718,2.9,2.329,2.269,2.309,True
2026-09-02T15:14:48+00:00,cebbe420-bcf3-4db8-9099-c52b783e2158,ESSO,Esso Tankstelle,BERLIN,52.549044,13.17897,0,2.339,2.279,2.329,True
2026-09-02T15:14:48+00:00,7347dd32-bfa1-470a-a6ee-2a2c95ad9af5,ARAL,Aral Tankstelle,Berlin,52.542747,13.199304,1.5,2.349,2.289,2.319,True
2026-09-02T15:14:48+00:00,9f07b69b-4b15-4852-9c60-5d293c6cadc5,Sprint,Sprint Berlin Seegefelder Str.,Berlin,52.536163,13.191189,1.6,2.329,2.269,2.309,True
2026-09-02T15:14:48+00:00,005056ba-7cb6-1ed2-bceb-641db1c24d1d,STAR,star Tankstelle,Berlin,52.534388,13.184014,1.7,2.329,2.269,2.309,True
2026-09-02T15:14:48+00:00,51d4b471-a095-1aa0-e100-80009459e03a,JET,JET BERLIN BRUNSBUETTELER DAMM 87-89,BERLIN,52.53379,13.18503,1.7,2.329,2.269,2.309,True
2026-09-02T15:14:48+00:00,d590310c-e209-46b2-bfe7-dacc6148e1f1,TotalEnergies,TotalEnergies Berlin,Berlin,52.55424,13.207408,2,2.349,2.289,2.319,True
2026-09-02T15:14:48+00:00,5d8c8a4c-bce7-4d28-ae12-0d61a971c5cc,Shell,Shell Berlin Streitstr. 19,Berlin,52.558899,13.208409,2.3,2.369,2.309,2.329,True
2026-09-02T15:14:48+00:00,057827cd-6583-4a3a-a461-f8546073fd02,SUN,Sun Klosterstr.,Berlin,52.52943,13.19517,2.4,2.329,2.269,2.309,True
2026-09-02T15:14:48+00:00,905d4775-754e-4b38-baca-89c98fad1d1a,Sprint,Sprint Berlin Ruhlebener Str.,Berlin,52.529285,13.20718,2.9,2.329,2.269,2.309,True
2026-09-02T15:16:19+00:00,cebbe420-bcf3-4db8-9099-c52b783e2158,ESSO,Esso Tankstelle,BERLIN,52.549044,13.17897,0,2.339,2.279,2.329,True
2026-09-02T15:16:19+00:00,7347dd32-bfa1-470a-a6ee-2a2c95ad9af5,ARAL,Aral Tankstelle,Berlin,52.542747,13.199304,1.5,2.349,2.289,2.319,True
2026-09-02T15:16:19+00:00,9f07b69b-4b15-4852-9c60-5d293c6cadc5,Sprint,Sprint Berlin Seegefelder Str.,Berlin,52.536163,13.191189,1.6,2.329,2.269,2.309,True
2026-09-02T15:16:19+00:00,005056ba-7cb6-1ed2-bceb-641db1c24d1d,STAR,star Tankstelle,Berlin,52.534388,13.184014,1.7,2.329,2.269,2.309,True
2026-09-02T15:16:19+00:00,51d4b471-a095-1aa0-e100-80009459e03a,JET,JET BERLIN BRUNSBUETTELER DAMM 87-89,BERLIN,52.53379,13.18503,1.7,2.329,2.269,2.309,True
2026-09-02T15:16:19+00:00,d590310c-e209-46b2-bfe7-dacc6148e1f1,TotalEnergies,TotalEnergies Berlin,Berlin,52.55424,13.207408,2,2.349,2.289,2.319,True
2026-09-02T15:16:19+00:00,5d8c8a4c-bce7-4d28-ae12-0d61a971c5cc,Shell,Shell Berlin Streitstr. 19,Berlin,52.558899,13.208409,2.3,2.369,2.309,2.329,True
2026-09-02T15:16:19+00:00,057827cd-6583-4a3a-a461-f8546073fd02,SUN,Sun Klosterstr.,Berlin,52.52943,13.19517,2.4,2.329,2.269,2.309,True
2026-09-02T15:16:19+00:00,905d4775-754e-4b38-baca-89c98fad1d1a,Sprint,Sprint Berlin Ruhlebener Str.,Berlin,52.529285,13.20718,2.9,2.329,2.269,2.309,True
2026-09-02T15:17:50+00:00,cebbe420-bcf3-4db8-9099-c52b783e2158,ESSO,Esso Tankstelle,BERLIN,52.549044,13.17897,0,2.339,2.279,2.319,True
2026-09-02T15:17:50+00:00,7347dd32-bfa1-470a-a6ee-2a2c95ad9af5,ARAL,Aral Tankstelle,Berlin,52.542747,13.199304,1.5,2.349,2.289,2.319,True
2026-09-02T15:17:50+00:00,9f07b69b-4b15-4852-9c60-5d293c6cadc5,Sprint,Sprint Berlin Seegefelder Str.,Berlin,52.536163,13.191189,1.6,2.329,2.269,2.309,True
2026-09-02T15:17:50+00:00,005056ba-7cb6-1ed2-bceb-641db1c24d1d,STAR,star Tankstelle,Berlin,52.534388,13.184014,1.7,2.329,2.269,2.309,True
2026-09-02T15:17:50+00:00,51d4b471-a095-1aa0-e100-80009459e03a,JET,JET BERLIN BRUNSBUETTELER DAMM 87-89,BERLIN,52.53379,13.18503,1.7,2.329,2.269,2.309,True
2026-09-02T15:17:50+00:00,d590310c-e209-46b2-bfe7-dacc6148e1f1,TotalEnergies,TotalEnergies Berlin,Berlin,52.55424,13.207408,2,2.349,2.289,2.319,True
2026-09-02T15:17:50+00:00,5d8c8a4c-bce7-4d28-ae12-0d61a971c5cc,Shell,Shell Berlin Streitstr. 19,Berlin,52.558899,13.208409,2.3,2.369,2.309,2.329,True
2026-09-02T15:17:50+00:00,057827cd-6583-4a3a-a461-f8546073fd02,SUN,Sun Klosterstr.,Berlin,52.52943,13.19517,2.4,2.329,2.269,2.309,True
2026-09-02T15:17:50+00:00,905d4775-754e-4b38-baca-89c98fad1d1a,Sprint,Sprint Berlin Ruhlebener Str.,Berlin,52.529285,13.20718,2.9,2.329,2.269,2.309,True
2026-09-02T15:19:21+00:00,cebbe420-bcf3-4db8-9099-c52b783e2158,ESSO,Esso Tankstelle,BERLIN,52.549044,13.17897,0,2.339,2.279,2.319,True
2026-09-02T15:19:21+00:00,7347dd32-bfa1-470a-a6ee-2a2c95ad9af5,ARAL,Aral Tankstelle,Berlin,52.542747,13.199304,1.5,2.349,2.289,2.319,True
2026-09-02T15:19:21+00:00,9f07b69b-4b15-4852-9c60-5d293c6cadc5,Sprint,Sprint Berlin Seegefelder Str.,Berlin,52.536163,13.191189,1.6,2.329,2.269,2.309,True
2026-09-02T15:19:21+00:00,005056ba-7cb6-1ed2-bceb-641db1c24d1d,STAR,star Tankstelle,Berlin,52.534388,13.184014,1.7,2.329,2.269,2.309,True
2026-09-02T15:19:21+00:00,51d4b471-a095-1aa0-e100-80009459e03a,JET,JET BERLIN BRUNSBUETTELER DAMM 87-89,BERLIN,52.53379,13.18503,1.7,2.329,2.269,2.309,True
2026-09-02T15:19:21+00:00,d590310c-e209-46b2-bfe7-dacc6148e1f1,TotalEnergies,TotalEnergies Berlin,Berlin,52.55424,13.207408,2,2.349,2.289,2.319,True
2026-09-02T15:19:21+00:00,5d8c8a4c-bce7-4d28-ae12-0d61a971c5cc,Shell,Shell Berlin Streitstr. 19,Berlin,52.558899,13.208409,2.3,2.369,2.309,2.329,True
2026-09-02T15:19:21+00:00,057827cd-6583-4a3a-a461-f8546073fd02,SUN,Sun Klosterstr.,Berlin,52.52943,13.19517,2.4,2.329,2.269,2.309,True
2026-09-02T15:19:21+00:00,905d4775-754e-4b38-baca-89c98fad1d1a,Sprint,Sprint Berlin Ruhlebener Str.,Berlin,52.529285,13.20718,2.9,2.329,2.269,2.309,True
2026-09-02T15:20:51+00:00,cebbe420-bcf3-4db8-9099-c52b783e2158,ESSO,Esso Tankstelle,BERLIN,52.549044,13.17897,0,2.339,2.279,2.319,True
2026-09-02T15:20:51+00:00,7347dd32-bfa1-470a-a6ee-2a2c95ad9af5,ARAL,Aral Tankstelle,Berlin,52.542747,13.199304,1.5,2.349,2.289,2.319,True
2026-09-02T15:20:51+00:00,9f07b69b-4b15-4852-9c60-5d293c6cadc5,Sprint,Sprint Berlin Seegefelder Str.,Berlin,52.536163,13.191189,1.6,2.329,2.269,2.309,True
2026-09-02T15:20:51+00:00,005056ba-7cb6-1ed2-bceb-641db1c24d1d,STAR,star Tankstelle,Berlin,52.534388,13.184014,1.7,2.329,2.269,2.309,True
2026-09-02T15:20:51+00:00,51d4b471-a095-1aa0-e100-80009459e03a,JET,JET BERLIN BRUNSBUETTELER DAMM 87-89,BERLIN,52.53379,13.18503,1.7,2.329,2.269,2.309,True
2026-09-02T15:20:51+00:00,d590310c-e209-46b2-bfe7-dacc6148e1f1,TotalEnergies,TotalEnergies Berlin,Berlin,52.55424,13.207408,2,2.349,2.289,2.319,True
2026-09-02T15:20:51+00:00,5d8c8a4c-bce7-4d28-ae12-0d61a971c5cc,Shell,Shell Berlin Streitstr. 19,Berlin,52.558899,13.208409,2.3,2.369,2.309,2.329,True
2026-09-02T15:20:51+00:00,057827cd-6583-4a3a-a461-f8546073fd02,SUN,Sun Klosterstr.,Berlin,52.52943,13.19517,2.4,2.329,2.269,2.309,True
2026-09-02T15:20:51+00:00,905d4775-754e-4b38-baca-89c98fad1d1a,Sprint,Sprint Berlin Ruhlebener Str.,Berlin,52.529285,13.20718,2.9,2.329,2.269,2.309,True
2026-09-02T15:22:22+00:00,cebbe420-bcf3-4db8-9099-c52b783e2158,ESSO,Esso Tankstelle,BERLIN,52.549044,13.17897,0,2.339,2.279,2.319,True
2026-09-02T15:22:22+00:00,7347dd32-bfa1-470a-a6ee-2a2c95ad9af5,ARAL,Aral Tankstelle,Berlin,52.542747,13.199304,1.5,2.349,2.289,2.319,True
2026-09-02T15:22:22+00:00,9f07b69b-4b15-4852-9c60-5d293c6cadc5,Sprint,Sprint Berlin Seegefelder Str.,Berlin,52.536163,13.191189,1.6,2.329,2.269,2.309,True
2026-09-02T15:22:22+00:00,005056ba-7cb6-1ed2-bceb-641db1c24d1d,STAR,star Tankstelle,Berlin,52.534388,13.184014,1.7,2.329,2.269,2.309,True
2026-09-02T15:22:22+00:00,51d4b471-a095-1aa0-e100-80009459e03a,JET,JET BERLIN BRUNSBUETTELER DAMM 87-89,BERLIN,52.53379,13.18503,1.7,2.329,2.269,2.309,True
2026-09-02T15:22:22+00:00,d590310c-e209-46b2-bfe7-dacc6148e1f1,TotalEnergies,TotalEnergies Berlin,Berlin,52.55424,13.207408,2,2.349,2.289,2.319,True
2026-09-02T15:22:22+00:00,5d8c8a4c-bce7-4d28-ae12-0d61a971c5cc,Shell,Shell Berlin Streitstr. 19,Berlin,52.558899,13.208409,2.3,2.369,2.309,2.329,True
2026-09-02T15:22:22+00:00,057827cd-6583-4a3a-a461-f8546073fd02,SUN,Sun Klosterstr.,Berlin,52.52943,13.19517,2.4,2.329,2.269,2.309,True
2026-09-02T15:22:22+00:00,905d4775-754e-4b38-baca-89c98fad1d1a,Sprint,Sprint Berlin Ruhlebener Str.,Berlin,52.529285,13.20718,2.9,2.329,2.269,2.309,True
2026-09-02T15:23:53+00:00,cebbe420-bcf3-4db8-9099-c52b783e2158,ESSO,Esso Tankstelle,BERLIN,52.549044,13.17897,0,2.339,2.279,2.319,True
2026-09-02T15:23:53+00:00,7347dd32-bfa1-470a-a6ee-2a2c95ad9af5,ARAL,Aral Tankstelle,Berlin,52.542747,13.199304,1.5,2.349,2.289,2.319,True
2026-09-02T15:23:53+00:00,9f07b69b-4b15-4852-9c60-5d293c6cadc5,Sprint,Sprint Berlin Seegefelder Str.,Berlin,52.536163,13.191189,1.6,2.329,2.269,2.309,True
2026-09-02T15:23:53+00:00,005056ba-7cb6-1ed2-bceb-641db1c24d1d,STAR,star Tankstelle,Berlin,52.534388,13.184014,1.7,2.329,2.269,2.309,True
2026-09-02T15:23:53+00:00,51d4b471-a095-1aa0-e100-80009459e03a,JET,JET BERLIN BRUNSBUETTELER DAMM 87-89,BERLIN,52.53379,13.18503,1.7,2.329,2.269,2.309,True
2026-09-02T15:23:53+00:00,d590310c-e209-46b2-bfe7-dacc6148e1f1,TotalEnergies,TotalEnergies Berlin,Berlin,52.55424,13.207408,2,2.349,2.289,2.319,True
2026-09-02T15:23:53+00:00,5d8c8a4c-bce7-4d28-ae12-0d61a971c5cc,Shell,Shell Berlin Streitstr. 19,Berlin,52.558899,13.208409,2.3,2.369,2.309,2.329,True
2026-09-02T15:23:53+00:00,057827cd-6583-4a3a-a461-f8546073fd02,SUN,Sun Klosterstr.,Berlin,52.52943,13.19517,2.4,2.329,2.269,2.309,True
2026-09-02T15:23:53+00:00,905d4775-754e-4b38-baca-89c98fad1d1a,Sprint,Sprint Berlin Ruhlebener Str.,Berlin,52.529285,13.20718,2.9,2.329,2.269,2.309,True
2026-09-02T15:25:24+00:00,cebbe420-bcf3-4db8-9099-c52b783e2158,ESSO,Esso Tankstelle,BERLIN,52.549044,13.17897,0,2.339,2.279,2.319,True
2026-09-02T15:25:24+00:00,7347dd32-bfa1-470a-a6ee-2a2c95ad9af5,ARAL,Aral Tankstelle,Berlin,52.542747,13.199304,1.5,2.349,2.289,2.319,True
2026-09-02T15:25:24+00:00,9f07b69b-4b15-4852-9c60-5d293c6cadc5,Sprint,Sprint Berlin Seegefelder Str.,Berlin,52.536163,13.191189,1.6,2.329,2.269,2.309,True
2026-09-02T15:25:24+00:00,005056ba-7cb6-1ed2-bceb-641db1c24d1d,STAR,star Tankstelle,Berlin,52.534388,13.184014,1.7,2.329,2.269,2.309,True
2026-09-02T15:25:24+00:00,51d4b471-a095-1aa0-e100-80009459e03a,JET,JET BERLIN BRUNSBUETTELER DAMM 87-89,BERLIN,52.53379,13.18503,1.7,2.329,2.269,2.309,True
2026-09-02T15:25:24+00:00,d590310c-e209-46b2-bfe7-dacc6148e1f1,TotalEnergies,TotalEnergies Berlin,Berlin,52.55424,13.207408,2,2.349,2.289,2.319,True
2026-09-02T15:25:24+00:00,5d8c8a4c-bce7-4d28-ae12-0d61a971c5cc,Shell,Shell Berlin Streitstr. 19,Berlin,52.558899,13.208409,2.3,2.369,2.309,2.329,True
2026-09-02T15:25:24+00:00,057827cd-6583-4a3a-a461-f8546073fd02,SUN,Sun Klosterstr.,Berlin,52.52943,13.19517,2.4,2.329,2.269,2.309,True
2026-09-02T15:25:24+00:00,905d4775-754e-4b38-baca-89c98fad1d1a,Sprint,Sprint Berlin Ruhlebener Str.,Berlin,52.529285,13.20718,2.9,2.329,2.269,2.309,True
2026-09-02T15:26:55+00:00,cebbe420-bcf3-4db8-9099-c52b783e2158,ESSO,Esso Tankstelle,BERLIN,52.549044,13.17897,0,2.339,2.279,2.319,True
2026-09-02T15:26:55+00:00,7347dd32-bfa1-470a-a6ee-2a2c95ad9af5,ARAL,Aral Tankstelle,Berlin,52.542747,13.199304,1.5,2.349,2.289,2.319,True
2026-09-02T15:26:55+00:00,9f07b69b-4b15-4852-9c60-5d293c6cadc5,Sprint,Sprint Berlin Seegefelder Str.,Berlin,52.536163,13.191189,1.6,2.329,2.269,2.309,True
2026-09-02T15:26:55+00:00,005056ba-7cb6-1ed2-bceb-641db1c24d1d,STAR,star Tankstelle,Berlin,52.534388,13.184014,1.7,2.329,2.269,2.309,True
2026-09-02T15:26:55+00:00,51d4b471-a095-1aa0-e100-80009459e03a,JET,JET BERLIN BRUNSBUETTELER DAMM 87-89,BERLIN,52.53379,13.18503,1.7,2.329,2.269,2.309,True
2026-09-02T15:26:55+00:00,d590310c-e209-46b2-bfe7-dacc6148e1f1,TotalEnergies,TotalEnergies Berlin,Berlin,52.55424,13.207408,2,2.349,2.289,2.319,True
2026-09-02T15:26:55+00:00,5d8c8a4c-bce7-4d28-ae12-0d61a971c5cc,Shell,Shell Berlin Streitstr. 19,Berlin,52.558899,13.208409,2.3,2.349,2.289,2.319,True
2026-09-02T15:26:55+00:00,057827cd-6583-4a3a-a461-f8546073fd02,SUN,Sun Klosterstr.,Berlin,52.52943,13.19517,2.4,2.329,2.269,2.309,True
2026-09-02T15:26:55+00:00,905d4775-754e-4b38-baca-89c98fad1d1a,Sprint,Sprint Berlin Ruhlebener Str.,Berlin,52.529285,13.20718,2.9,2.329,2.269,2.309,True
2026-09-02T15:28:25+00:00,cebbe420-bcf3-4db8-9099-c52b783e2158,ESSO,Esso Tankstelle,BERLIN,52.549044,13.17897,0,2.339,2.279,2.319,True
2026-09-02T15:28:25+00:00,7347dd32-bfa1-470a-a6ee-2a2c95ad9af5,ARAL,Aral Tankstelle,Berlin,52.542747,13.199304,1.5,2.349,2.289,2.319,True
2026-09-02T15:28:25+00:00,9f07b69b-4b15-4852-9c60-5d293c6cadc5,Sprint,Sprint Berlin Seegefelder Str.,Berlin,52.536163,13.191189,1.6,2.329,2.269,2.309,True
2026-09-02T15:28:25+00:00,005056ba-7cb6-1ed2-bceb-641db1c24d1d,STAR,star Tankstelle,Berlin,52.534388,13.184014,1.7,2.329,2.269,2.309,True
2026-09-02T15:28:25+00:00,51d4b471-a095-1aa0-e100-80009459e03a,JET,JET BERLIN BRUNSBUETTELER DAMM 87-89,BERLIN,52.53379,13.18503,1.7,2.329,2.269,2.309,True
2026-09-02T15:28:25+00:00,d590310c-e209-46b2-bfe7-dacc6148e1f1,TotalEnergies,TotalEnergies Berlin,Berlin,52.55424,13.207408,2,2.349,2.289,2.319,True
2026-09-02T15:28:25+00:00,5d8c8a4c-bce7-4d28-ae12-0d61a971c5cc,Shell,Shell Berlin Streitstr. 19,Berlin,52.558899,13.208409,2.3,2.349,2.289,2.319,True
2026-09-02T15:28:25+00:00,057827cd-6583-4a3a-a461-f8546073fd02,SUN,Sun Klosterstr.,Berlin,52.52943,13.19517,2.4,2.329,2.269,2.309,True
2026-09-02T15:28:25+00:00,905d4775-754e-4b38-baca-89c98fad1d1a,Sprint,Sprint Berlin Ruhlebener Str.,Berlin,52.529285,13.20718,2.9,2.329,2.269,2.299,True
2026-09-02T15:29:56+00:00,cebbe420-bcf3-4db8-9099-c52b783e2158,ESSO,Esso Tankstelle,BERLIN,52.549044,13.17897,0,2.339,2.279,2.319,True
2026-09-02T15:29:56+00:00,7347dd32-bfa1-470a-a6ee-2a2c95ad9af5,ARAL,Aral Tankstelle,Berlin,52.542747,13.199304,1.5,2.349,2.289,2.319,True
2026-09-02T15:29:56+00:00,9f07b69b-4b15-4852-9c60-5d293c6cadc5,Sprint,Sprint Berlin Seegefelder Str.,Berlin,52.536163,13.191189,1.6,2.329,2.269,2.309,True
2026-09-02T15:29:56+00:00,005056ba-7cb6-1ed2-bceb-641db1c24d1d,STAR,star Tankstelle,Berlin,52.534388,13.184014,1.7,2.329,2.269,2.309,True
2026-09-02T15:29:56+00:00,51d4b471-a095-1aa0-e100-80009459e03a,JET,JET BERLIN BRUNSBUETTELER DAMM 87-89,BERLIN,52.53379,13.18503,1.7,2.329,2.269,2.309,True
2026-09-02T15:29:56+00:00,d590310c-e209-46b2-bfe7-dacc6148e1f1,TotalEnergies,TotalEnergies Berlin,Berlin,52.55424,13.207408,2,2.339,2.279,2.309,True
2026-09-02T15:29:56+00:00,5d8c8a4c-bce7-4d28-ae12-0d61a971c5cc,Shell,Shell Berlin Streitstr. 19,Berlin,52.558899,13.208409,2.3,2.349,2.289,2.319,True
2026-09-02T15:29:56+00:00,057827cd-6583-4a3a-a461-f8546073fd02,SUN,Sun Klosterstr.,Berlin,52.52943,13.19517,2.4,2.329,2.269,2.309,True
2026-09-02T15:29:56+00:00,905d4775-754e-4b38-baca-89c98fad1d1a,Sprint,Sprint Berlin Ruhlebener Str.,Berlin,52.529285,13.20718,2.9,2.329,2.269,2.299,True
2026-09-02T15:31:27+00:00,cebbe420-bcf3-4db8-9099-c52b783e2158,ESSO,Esso Tankstelle,BERLIN,52.549044,13.17897,0,2.339,2.279,2.319,True
2026-09-02T15:31:27+00:00,7347dd32-bfa1-470a-a6ee-2a2c95ad9af5,ARAL,Aral Tankstelle,Berlin,52.542747,13.199304,1.5,2.349,2.289,2.319,True
2026-09-02T15:31:27+00:00,9f07b69b-4b15-4852-9c60-5d293c6cadc5,Sprint,Sprint Berlin Seegefelder Str.,Berlin,52.536163,13.191189,1.6,2.329,2.269,2.309,True
2026-09-02T15:31:27+00:00,005056ba-7cb6-1ed2-bceb-641db1c24d1d,STAR,star Tankstelle,Berlin,52.534388,13.184014,1.7,2.329,2.269,2.309,True
2026-09-02T15:31:27+00:00,51d4b471-a095-1aa0-e100-80009459e03a,JET,JET BERLIN BRUNSBUETTELER DAMM 87-89,BERLIN,52.53379,13.18503,1.7,2.329,2.269,2.309,True
2026-09-02T15:31:27+00:00,d590310c-e209-46b2-bfe7-dacc6148e1f1,TotalEnergies,TotalEnergies Berlin,Berlin,52.55424,13.207408,2,2.339,2.279,2.309,True
2026-09-02T15:31:27+00:00,5d8c8a4c-bce7-4d28-ae12-0d61a971c5cc,Shell,Shell Berlin Streitstr. 19,Berlin,52.558899,13.208409,2.3,2.349,2.289,2.319,True
2026-09-02T15:31:27+00:00,057827cd-6583-4a3a-a461-f8546073fd02,SUN,Sun Klosterstr.,Berlin,52.52943,13.19517,2.4,2.329,2.269,2.309,True
2026-09-02T15:31:27+00:00,905d4775-754e-4b38-baca-89c98fad1d1a,Sprint,Sprint Berlin Ruhlebener Str.,Berlin,52.529285,13.20718,2.9,2.329,2.269,2.299,True
2026-09-02T15:32:58+00:00,cebbe420-bcf3-4db8-9099-c52b783e2158,ESSO,Esso Tankstelle,BERLIN,52.549044,13.17897,0,2.339,2.279,2.319,True
2026-09-02T15:32:58+00:00,7347dd32-bfa1-470a-a6ee-2a2c95ad9af5,ARAL,Aral Tankstelle,Berlin,52.542747,13.199304,1.5,2.349,2.289,2.319,True
2026-09-02T15:32:58+00:00,9f07b69b-4b15-4852-9c60-5d293c6cadc5,Sprint,Sprint Berlin Seegefelder Str.,Berlin,52.536163,13.191189,1.6,2.329,2.269,2.309,True
2026-09-02T15:32:58+00:00,005056ba-7cb6-1ed2-bceb-641db1c24d1d,STAR,star Tankstelle,Berlin,52.534388,13.184014,1.7,2.329,2.269,2.309,True
2026-09-02T15:32:58+00:00,51d4b471-a095-1aa0-e100-80009459e03a,JET,JET BERLIN BRUNSBUETTELER DAMM 87-89,BERLIN,52.53379,13.18503,1.7,2.329,2.269,2.309,True
2026-09-02T15:32:58+00:00,d590310c-e209-46b2-bfe7-dacc6148e1f1,TotalEnergies,TotalEnergies Berlin,Berlin,52.55424,13.207408,2,2.339,2.279,2.309,True
2026-09-02T15:32:58+00:00,5d8c8a4c-bce7-4d28-ae12-0d61a971c5cc,Shell,Shell Berlin Streitstr. 19,Berlin,52.558899,13.208409,2.3,2.349,2.289,2.319,True
2026-09-02T15:32:58+00:00,057827cd-6583-4a3a-a461-f8546073fd02,SUN,Sun Klosterstr.,Berlin,52.52943,13.19517,2.4,2.329,2.269,2.309,True
2026-09-02T15:32:58+00:00,905d4775-754e-4b38-baca-89c98fad1d1a,Sprint,Sprint Berlin Ruhlebener Str.,Berlin,52.529285,13.20718,2.9,2.319,2.259,2.299,True
2026-09-02T15:34:30+00:00,cebbe420-bcf3-4db8-9099-c52b783e2158,ESSO,Esso Tankstelle,BERLIN,52.549044,13.17897,0,2.339,2.279,2.319,True
2026-09-02T15:34:30+00:00,7347dd32-bfa1-470a-a6ee-2a2c95ad9af5,ARAL,Aral Tankstelle,Berlin,52.542747,13.199304,1.5,2.349,2.289,2.319,True
2026-09-02T15:34:30+00:00,9f07b69b-4b15-4852-9c60-5d293c6cadc5,Sprint,Sprint Berlin Seegefelder Str.,Berlin,52.536163,13.191189,1.6,2.329,2.269,2.309,True
2026-09-02T15:34:30+00:00,005056ba-7cb6-1ed2-bceb-641db1c24d1d,STAR,star Tankstelle,Berlin,52.534388,13.184014,1.7,2.329,2.269,2.309,True
2026-09-02T15:34:30+00:00,51d4b471-a095-1aa0-e100-80009459e03a,JET,JET BERLIN BRUNSBUETTELER DAMM 87-89,BERLIN,52.53379,13.18503,1.7,2.329,2.269,2.309,True
2026-09-02T15:34:30+00:00,d590310c-e209-46b2-bfe7-dacc6148e1f1,TotalEnergies,TotalEnergies Berlin,Berlin,52.55424,13.207408,2,2.339,2.279,2.309,True
2026-09-02T15:34:30+00:00,5d8c8a4c-bce7-4d28-ae12-0d61a971c5cc,Shell,Shell Berlin Streitstr. 19,Berlin,52.558899,13.208409,2.3,2.349,2.289,2.319,True
2026-09-02T15:34:30+00:00,057827cd-6583-4a3a-a461-f8546073fd02,SUN,Sun Klosterstr.,Berlin,52.52943,13.19517,2.4,2.329,2.269,2.309,True
2026-09-02T15:34:30+00:00,905d4775-754e-4b38-baca-89c98fad1d1a,Sprint,Sprint Berlin Ruhlebener Str.,Berlin,52.529285,13.20718,2.9,2.319,2.259,2.299,True
2026-09-02T15:36:00+00:00,cebbe420-bcf3-4db8-9099-c52b783e2158,ESSO,Esso Tankstelle,BERLIN,52.549044,13.17897,0,2.339,2.279,2.319,True
2026-09-02T15:36:00+00:00,7347dd32-bfa1-470a-a6ee-2a2c95ad9af5,ARAL,Aral Tankstelle,Berlin,52.542747,13.199304,1.5,2.349,2.289,2.319,True
2026-09-02T15:36:00+00:00,9f07b69b-4b15-4852-9c60-5d293c6cadc5,Sprint,Sprint Berlin Seegefelder Str.,Berlin,52.536163,13.191189,1.6,2.319,2.259,2.299,True
2026-09-02T15:36:00+00:00,005056ba-7cb6-1ed2-bceb-641db1c24d1d,STAR,star Tankstelle,Berlin,52.534388,13.184014,1.7,2.329,2.269,2.309,True
2026-09-02T15:36:00+00:00,51d4b471-a095-1aa0-e100-80009459e03a,JET,JET BERLIN BRUNSBUETTELER DAMM 87-89,BERLIN,52.53379,13.18503,1.7,2.319,2.259,2.299,True
2026-09-02T15:36:00+00:00,d590310c-e209-46b2-bfe7-dacc6148e1f1,TotalEnergies,TotalEnergies Berlin,Berlin,52.55424,13.207408,2,2.339,2.279,2.309,True
2026-09-02T15:36:00+00:00,5d8c8a4c-bce7-4d28-ae12-0d61a971c5cc,Shell,Shell Berlin Streitstr. 19,Berlin,52.558899,13.208409,2.3,2.349,2.289,2.319,True
2026-09-02T15:36:00+00:00,057827cd-6583-4a3a-a461-f8546073fd02,SUN,Sun Klosterstr.,Berlin,52.52943,13.19517,2.4,2.329,2.269,2.309,True
2026-09-02T15:36:00+00:00,905d4775-754e-4b38-baca-89c98fad1d1a,Sprint,Sprint Berlin Ruhlebener Str.,Berlin,52.529285,13.20718,2.9,2.319,2.259,2.299,True
2026-09-02T15:37:32+00:00,cebbe420-bcf3-4db8-9099-c52b783e2158,ESSO,Esso Tankstelle,BERLIN,52.549044,13.17897,0,2.339,2.279,2.319,True
2026-09-02T15:37:32+00:00,7347dd32-bfa1-470a-a6ee-2a2c95ad9af5,ARAL,Aral Tankstelle,Berlin,52.542747,13.199304,1.5,2.349,2.289,2.319,True
2026-09-02T15:37:32+00:00,9f07b69b-4b15-4852-9c60-5d293c6cadc5,Sprint,Sprint Berlin Seegefelder Str.,Berlin,52.536163,13.191189,1.6,2.319,2.259,2.299,True
2026-09-02T15:37:32+00:00,005056ba-7cb6-1ed2-bceb-641db1c24d1d,STAR,star Tankstelle,Berlin,52.534388,13.184014,1.7,2.329,2.269,2.309,True
2026-09-02T15:37:32+00:00,51d4b471-a095-1aa0-e100-80009459e03a,JET,JET BERLIN BRUNSBUETTELER DAMM 87-89,BERLIN,52.53379,13.18503,1.7,2.319,2.259,2.299,True
2026-09-02T15:37:32+00:00,d590310c-e209-46b2-bfe7-dacc6148e1f1,TotalEnergies,TotalEnergies Berlin,Berlin,52.55424,13.207408,2,2.339,2.279,2.309,True
2026-09-02T15:37:32+00:00,5d8c8a4c-bce7-4d28-ae12-0d61a971c5cc,Shell,Shell Berlin Streitstr. 19,Berlin,52.558899,13.208409,2.3,2.349,2.289,2.319,True
2026-09-02T15:37:32+00:00,057827cd-6583-4a3a-a461-f8546073fd02,SUN,Sun Klosterstr.,Berlin,52.52943,13.19517,2.4,2.329,2.269,2.309,True
2026-09-02T15:37:32+00:00,905d4775-754e-4b38-baca-89c98fad1d1a,Sprint,Sprint Berlin Ruhlebener Str.,Berlin,52.529285,13.20718,2.9,2.319,2.259,2.299,True
2026-09-02T15:39:03+00:00,cebbe420-bcf3-4db8-9099-c52b783e2158,ESSO,Esso Tankstelle,BERLIN,52.549044,13.17897,0,2.339,2.279,2.319,True
2026-09-02T15:39:03+00:00,7347dd32-bfa1-470a-a6ee-2a2c95ad9af5,ARAL,Aral Tankstelle,Berlin,52.542747,13.199304,1.5,2.349,2.289,2.319,True
2026-09-02T15:39:03+00:00,9f07b69b-4b15-4852-9c60-5d293c6cadc5,Sprint,Sprint Berlin Seegefelder Str.,Berlin,52.536163,13.191189,1.6,2.319,2.259,2.299,True
2026-09-02T15:39:03+00:00,005056ba-7cb6-1ed2-bceb-641db1c24d1d,STAR,star Tankstelle,Berlin,52.534388,13.184014,1.7,2.329,2.269,2.309,True
2026-09-02T15:39:03+00:00,51d4b471-a095-1aa0-e100-80009459e03a,JET,JET BERLIN BRUNSBUETTELER DAMM 87-89,BERLIN,52.53379,13.18503,1.7,2.319,2.259,2.299,True
2026-09-02T15:39:03+00:00,d590310c-e209-46b2-bfe7-dacc6148e1f1,TotalEnergies,TotalEnergies Berlin,Berlin,52.55424,13.207408,2,2.339,2.279,2.309,True
2026-09-02T15:39:03+00:00,5d8c8a4c-bce7-4d28-ae12-0d61a971c5cc,Shell,Shell Berlin Streitstr. 19,Berlin,52.558899,13.208409,2.3,2.349,2.289,2.319,True
2026-09-02T15:39:03+00:00,057827cd-6583-4a3a-a461-f8546073fd02,SUN,Sun Klosterstr.,Berlin,52.52943,13.19517,2.4,2.329,2.269,2.309,True
2026-09-02T15:39:03+00:00,905d4775-754e-4b38-baca-89c98fad1d1a,Sprint,Sprint Berlin Ruhlebener Str.,Berlin,52.529285,13.20718,2.9,2.319,2.259,2.299,True
2026-09-02T15:40:34+00:00,cebbe420-bcf3-4db8-9099-c52b783e2158,ESSO,Esso Tankstelle,BERLIN,52.549044,13.17897,0,2.339,2.279,2.319,True
2026-09-02T15:40:34+00:00,7347dd32-bfa1-470a-a6ee-2a2c95ad9af5,ARAL,Aral Tankstelle,Berlin,52.542747,13.199304,1.5,2.349,2.289,2.319,True
2026-09-02T15:40:34+00:00,9f07b69b-4b15-4852-9c60-5d293c6cadc5,Sprint,Sprint Berlin Seegefelder Str.,Berlin,52.536163,13.191189,1.6,2.319,2.259,2.299,True
2026-09-02T15:40:34+00:00,005056ba-7cb6-1ed2-bceb-641db1c24d1d,STAR,star Tankstelle,Berlin,52.534388,13.184014,1.7,2.329,2.269,2.299,True
2026-09-02T15:40:34+00:00,51d4b471-a095-1aa0-e100-80009459e03a,JET,JET BERLIN BRUNSBUETTELER DAMM 87-89,BERLIN,52.53379,13.18503,1.7,2.319,2.259,2.299,True
2026-09-02T15:40:34+00:00,d590310c-e209-46b2-bfe7-dacc6148e1f1,TotalEnergies,TotalEnergies Berlin,Berlin,52.55424,13.207408,2,2.339,2.279,2.309,True
2026-09-02T15:40:34+00:00,5d8c8a4c-bce7-4d28-ae12-0d61a971c5cc,Shell,Shell Berlin Streitstr. 19,Berlin,52.558899,13.208409,2.3,2.349,2.289,2.319,True
2026-09-02T15:40:34+00:00,057827cd-6583-4a3a-a461-f8546073fd02,SUN,Sun Klosterstr.,Berlin,52.52943,13.19517,2.4,2.319,2.259,2.299,True
2026-09-02T15:40:34+00:00,905d4775-754e-4b38-baca-89c98fad1d1a,Sprint,Sprint Berlin Ruhlebener Str.,Berlin,52.529285,13.20718,2.9,2.319,2.259,2.299,True
2026-09-02T15:42:05+00:00,cebbe420-bcf3-4db8-9099-c52b783e2158,ESSO,Esso Tankstelle,BERLIN,52.549044,13.17897,0,2.339,2.279,2.319,True
2026-09-02T15:42:05+00:00,7347dd32-bfa1-470a-a6ee-2a2c95ad9af5,ARAL,Aral Tankstelle,Berlin,52.542747,13.199304,1.5,2.349,2.289,2.319,True
2026-09-02T15:42:05+00:00,9f07b69b-4b15-4852-9c60-5d293c6cadc5,Sprint,Sprint Berlin Seegefelder Str.,Berlin,52.536163,13.191189,1.6,2.319,2.259,2.299,True
2026-09-02T15:42:05+00:00,005056ba-7cb6-1ed2-bceb-641db1c24d1d,STAR,star Tankstelle,Berlin,52.534388,13.184014,1.7,2.329,2.269,2.299,True
2026-09-02T15:42:05+00:00,51d4b471-a095-1aa0-e100-80009459e03a,JET,JET BERLIN BRUNSBUETTELER DAMM 87-89,BERLIN,52.53379,13.18503,1.7,2.319,2.259,2.299,True
2026-09-02T15:42:05+00:00,d590310c-e209-46b2-bfe7-dacc6148e1f1,TotalEnergies,TotalEnergies Berlin,Berlin,52.55424,13.207408,2,2.339,2.279,2.309,True
2026-09-02T15:42:05+00:00,5d8c8a4c-bce7-4d28-ae12-0d61a971c5cc,Shell,Shell Berlin Streitstr. 19,Berlin,52.558899,13.208409,2.3,2.349,2.289,2.319,True
2026-09-02T15:42:05+00:00,057827cd-6583-4a3a-a461-f8546073fd02,SUN,Sun Klosterstr.,Berlin,52.52943,13.19517,2.4,2.319,2.259,2.299,True
2026-09-02T15:42:05+00:00,905d4775-754e-4b38-baca-89c98fad1d1a,Sprint,Sprint Berlin Ruhlebener Str.,Berlin,52.529285,13.20718,2.9,2.319,2.259,2.299,True
2026-09-02T15:43:36+00:00,cebbe420-bcf3-4db8-9099-c52b783e2158,ESSO,Esso Tankstelle,BERLIN,52.549044,13.17897,0,2.339,2.279,2.319,True
2026-09-02T15:43:36+00:00,7347dd32-bfa1-470a-a6ee-2a2c95ad9af5,ARAL,Aral Tankstelle,Berlin,52.542747,13.199304,1.5,2.349,2.289,2.319,True
2026-09-02T15:43:36+00:00,9f07b69b-4b15-4852-9c60-5d293c6cadc5,Sprint,Sprint Berlin Seegefelder Str.,Berlin,52.536163,13.191189,1.6,2.319,2.259,2.299,True
2026-09-02T15:43:36+00:00,005056ba-7cb6-1ed2-bceb-641db1c24d1d,STAR,star Tankstelle,Berlin,52.534388,13.184014,1.7,2.329,2.269,2.299,True
2026-09-02T15:43:36+00:00,51d4b471-a095-1aa0-e100-80009459e03a,JET,JET BERLIN BRUNSBUETTELER DAMM 87-89,BERLIN,52.53379,13.18503,1.7,2.319,2.259,2.299,True
2026-09-02T15:43:36+00:00,d590310c-e209-46b2-bfe7-dacc6148e1f1,TotalEnergies,TotalEnergies Berlin,Berlin,52.55424,13.207408,2,2.339,2.279,2.309,True
2026-09-02T15:43:36+00:00,5d8c8a4c-bce7-4d28-ae12-0d61a971c5cc,Shell,Shell Berlin Streitstr. 19,Berlin,52.558899,13.208409,2.3,2.349,2.289,2.319,True
2026-09-02T15:43:36+00:00,057827cd-6583-4a3a-a461-f8546073fd02,SUN,Sun Klosterstr.,Berlin,52.52943,13.19517,2.4,2.319,2.259,2.299,True
2026-09-02T15:43:36+00:00,905d4775-754e-4b38-baca-89c98fad1d1a,Sprint,Sprint Berlin Ruhlebener Str.,Berlin,52.529285,13.20718,2.9,2.319,2.259,2.299,True
2026-09-02T15:45:07+00:00,cebbe420-bcf3-4db8-9099-c52b783e2158,ESSO,Esso Tankstelle,BERLIN,52.549044,13.17897,0,2.339,2.279,2.319,True
2026-09-02T15:45:07+00:00,7347dd32-bfa1-470a-a6ee-2a2c95ad9af5,ARAL,Aral Tankstelle,Berlin,52.542747,13.199304,1.5,2.349,2.289,2.319,True
2026-09-02T15:45:07+00:00,9f07b69b-4b15-4852-9c60-5d293c6cadc5,Sprint,Sprint Berlin Seegefelder Str.,Berlin,52.536163,13.191189,1.6,2.319,2.259,2.299,True
2026-09-02T15:45:07+00:00,005056ba-7cb6-1ed2-bceb-641db1c24d1d,STAR,star Tankstelle,Berlin,52.534388,13.184014,1.7,2.329,2.269,2.299,True
2026-09-02T15:45:07+00:00,51d4b471-a095-1aa0-e100-80009459e03a,JET,JET BERLIN BRUNSBUETTELER DAMM 87-89,BERLIN,52.53379,13.18503,1.7,2.319,2.259,2.299,True
2026-09-02T15:45:07+00:00,d590310c-e209-46b2-bfe7-dacc6148e1f1,TotalEnergies,TotalEnergies Berlin,Berlin,52.55424,13.207408,2,2.339,2.279,2.309,True
2026-09-02T15:45:07+00:00,5d8c8a4c-bce7-4d28-ae12-0d61a971c5cc,Shell,Shell Berlin Streitstr. 19,Berlin,52.558899,13.208409,2.3,2.349,2.289,2.319,True
2026-09-02T15:45:07+00:00,057827cd-6583-4a3a-a461-f8546073fd02,SUN,Sun Klosterstr.,Berlin,52.52943,13.19517,2.4,2.319,2.259,2.299,True
2026-09-02T15:45:07+00:00,905d4775-754e-4b38-baca-89c98fad1d1a,Sprint,Sprint Berlin Ruhlebener Str.,Berlin,52.529285,13.20718,2.9,2.319,2.259,2.299,True
2026-09-02T15:46:40+00:00,cebbe420-bcf3-4db8-9099-c52b783e2158,ESSO,Esso Tankstelle,BERLIN,52.549044,13.17897,0,2.339,2.279,2.319,True
2026-09-02T15:46:40+00:00,7347dd32-bfa1-470a-a6ee-2a2c95ad9af5,ARAL,Aral Tankstelle,Berlin,52.542747,13.199304,1.5,2.349,2.289,2.319,True
2026-09-02T15:46:40+00:00,9f07b69b-4b15-4852-9c60-5d293c6cadc5,Sprint,Sprint Berlin Seegefelder Str.,Berlin,52.536163,13.191189,1.6,2.319,2.259,2.299,True
2026-09-02T15:46:40+00:00,005056ba-7cb6-1ed2-bceb-641db1c24d1d,STAR,star Tankstelle,Berlin,52.534388,13.184014,1.7,2.319,2.259,2.299,True
2026-09-02T15:46:40+00:00,51d4b471-a095-1aa0-e100-80009459e03a,JET,JET BERLIN BRUNSBUETTELER DAMM 87-89,BERLIN,52.53379,13.18503,1.7,2.319,2.259,2.299,True
2026-09-02T15:46:40+00:00,d590310c-e209-46b2-bfe7-dacc6148e1f1,TotalEnergies,TotalEnergies Berlin,Berlin,52.55424,13.207408,2,2.339,2.279,2.309,True
2026-09-02T15:46:40+00:00,5d8c8a4c-bce7-4d28-ae12-0d61a971c5cc,Shell,Shell Berlin Streitstr. 19,Berlin,52.558899,13.208409,2.3,2.339,2.279,2.309,True
2026-09-02T15:46:40+00:00,057827cd-6583-4a3a-a461-f8546073fd02,SUN,Sun Klosterstr.,Berlin,52.52943,13.19517,2.4,2.319,2.259,2.299,True
2026-09-02T15:46:40+00:00,905d4775-754e-4b38-baca-89c98fad1d1a,Sprint,Sprint Berlin Ruhlebener Str.,Berlin,52.529285,13.20718,2.9,2.319,2.259,2.299,True
2026-09-02T15:48:11+00:00,cebbe420-bcf3-4db8-9099-c52b783e2158,ESSO,Esso Tankstelle,BERLIN,52.549044,13.17897,0,2.329,2.269,2.309,True
2026-09-02T15:48:11+00:00,7347dd32-bfa1-470a-a6ee-2a2c95ad9af5,ARAL,Aral Tankstelle,Berlin,52.542747,13.199304,1.5,2.349,2.289,2.319,True
2026-09-02T15:48:11+00:00,9f07b69b-4b15-4852-9c60-5d293c6cadc5,Sprint,Sprint Berlin Seegefelder Str.,Berlin,52.536163,13.191189,1.6,2.319,2.259,2.299,True
2026-09-02T15:48:11+00:00,005056ba-7cb6-1ed2-bceb-641db1c24d1d,STAR,star Tankstelle,Berlin,52.534388,13.184014,1.7,2.319,2.259,2.299,True
2026-09-02T15:48:11+00:00,51d4b471-a095-1aa0-e100-80009459e03a,JET,JET BERLIN BRUNSBUETTELER DAMM 87-89,BERLIN,52.53379,13.18503,1.7,2.319,2.259,2.299,True
2026-09-02T15:48:11+00:00,d590310c-e209-46b2-bfe7-dacc6148e1f1,TotalEnergies,TotalEnergies Berlin,Berlin,52.55424,13.207408,2,2.339,2.279,2.309,True
2026-09-02T15:48:11+00:00,5d8c8a4c-bce7-4d28-ae12-0d61a971c5cc,Shell,Shell Berlin Streitstr. 19,Berlin,52.558899,13.208409,2.3,2.339,2.279,2.309,True
2026-09-02T15:48:11+00:00,057827cd-6583-4a3a-a461-f8546073fd02,SUN,Sun Klosterstr.,Berlin,52.52943,13.19517,2.4,2.319,2.259,2.299,True
2026-09-02T15:48:11+00:00,905d4775-754e-4b38-baca-89c98fad1d1a,Sprint,Sprint Berlin Ruhlebener Str.,Berlin,52.529285,13.20718,2.9,2.319,2.259,2.299,True
2026-09-02T15:49:42+00:00,cebbe420-bcf3-4db8-9099-c52b783e2158,ESSO,Esso Tankstelle,BERLIN,52.549044,13.17897,0,2.329,2.269,2.309,True
2026-09-02T15:49:42+00:00,7347dd32-bfa1-470a-a6ee-2a2c95ad9af5,ARAL,Aral Tankstelle,Berlin,52.542747,13.199304,1.5,2.349,2.289,2.319,True
2026-09-02T15:49:42+00:00,9f07b69b-4b15-4852-9c60-5d293c6cadc5,Sprint,Sprint Berlin Seegefelder Str.,Berlin,52.536163,13.191189,1.6,2.319,2.259,2.299,True
2026-09-02T15:49:42+00:00,005056ba-7cb6-1ed2-bceb-641db1c24d1d,STAR,star Tankstelle,Berlin,52.534388,13.184014,1.7,2.319,2.259,2.299,True
2026-09-02T15:49:42+00:00,51d4b471-a095-1aa0-e100-80009459e03a,JET,JET BERLIN BRUNSBUETTELER DAMM 87-89,BERLIN,52.53379,13.18503,1.7,2.319,2.259,2.299,True
2026-09-02T15:49:42+00:00,d590310c-e209-46b2-bfe7-dacc6148e1f1,TotalEnergies,TotalEnergies Berlin,Berlin,52.55424,13.207408,2,2.339,2.279,2.309,True
2026-09-02T15:49:42+00:00,5d8c8a4c-bce7-4d28-ae12-0d61a971c5cc,Shell,Shell Berlin Streitstr. 19,Berlin,52.558899,13.208409,2.3,2.339,2.279,2.309,True
2026-09-02T15:49:42+00:00,057827cd-6583-4a3a-a461-f8546073fd02,SUN,Sun Klosterstr.,Berlin,52.52943,13.19517,2.4,2.319,2.259,2.299,True
2026-09-02T15:49:42+00:00,905d4775-754e-4b38-baca-89c98fad1d1a,Sprint,Sprint Berlin Ruhlebener Str.,Berlin,52.529285,13.20718,2.9,2.319,2.259,2.299,True
2026-09-02T15:51:13+00:00,cebbe420-bcf3-4db8-9099-c52b783e2158,ESSO,Esso Tankstelle,BERLIN,52.549044,13.17897,0,2.329,2.269,2.309,True
2026-09-02T15:51:13+00:00,7347dd32-bfa1-470a-a6ee-2a2c95ad9af5,ARAL,Aral Tankstelle,Berlin,52.542747,13.199304,1.5,2.349,2.289,2.319,True
2026-09-02T15:51:13+00:00,9f07b69b-4b15-4852-9c60-5d293c6cadc5,Sprint,Sprint Berlin Seegefelder Str.,Berlin,52.536163,13.191189,1.6,2.319,2.259,2.299,True
2026-09-02T15:51:13+00:00,005056ba-7cb6-1ed2-bceb-641db1c24d1d,STAR,star Tankstelle,Berlin,52.534388,13.184014,1.7,2.319,2.259,2.299,True
2026-09-02T15:51:13+00:00,51d4b471-a095-1aa0-e100-80009459e03a,JET,JET BERLIN BRUNSBUETTELER DAMM 87-89,BERLIN,52.53379,13.18503,1.7,2.319,2.259,2.299,True
2026-09-02T15:51:13+00:00,d590310c-e209-46b2-bfe7-dacc6148e1f1,TotalEnergies,TotalEnergies Berlin,Berlin,52.55424,13.207408,2,2.339,2.279,2.309,True
2026-09-02T15:51:13+00:00,5d8c8a4c-bce7-4d28-ae12-0d61a971c5cc,Shell,Shell Berlin Streitstr. 19,Berlin,52.558899,13.208409,2.3,2.339,2.279,2.309,True
2026-09-02T15:51:13+00:00,057827cd-6583-4a3a-a461-f8546073fd02,SUN,Sun Klosterstr.,Berlin,52.52943,13.19517,2.4,2.319,2.259,2.299,True
2026-09-02T15:51:13+00:00,905d4775-754e-4b38-baca-89c98fad1d1a,Sprint,Sprint Berlin Ruhlebener Str.,Berlin,52.529285,13.20718,2.9,2.319,2.259,2.299,True
2026-09-02T15:52:44+00:00,cebbe420-bcf3-4db8-9099-c52b783e2158,ESSO,Esso Tankstelle,BERLIN,52.549044,13.17897,0,2.329,2.269,2.309,True
2026-09-02T15:52:44+00:00,7347dd32-bfa1-470a-a6ee-2a2c95ad9af5,ARAL,Aral Tankstelle,Berlin,52.542747,13.199304,1.5,2.349,2.289,2.319,True
2026-09-02T15:52:44+00:00,9f07b69b-4b15-4852-9c60-5d293c6cadc5,Sprint,Sprint Berlin Seegefelder Str.,Berlin,52.536163,13.191189,1.6,2.319,2.259,2.299,True
2026-09-02T15:52:44+00:00,005056ba-7cb6-1ed2-bceb-641db1c24d1d,STAR,star Tankstelle,Berlin,52.534388,13.184014,1.7,2.319,2.259,2.299,True
2026-09-02T15:52:44+00:00,51d4b471-a095-1aa0-e100-80009459e03a,JET,JET BERLIN BRUNSBUETTELER DAMM 87-89,BERLIN,52.53379,13.18503,1.7,2.319,2.259,2.299,True
2026-09-02T15:52:44+00:00,d590310c-e209-46b2-bfe7-dacc6148e1f1,TotalEnergies,TotalEnergies Berlin,Berlin,52.55424,13.207408,2,2.339,2.279,2.309,True
2026-09-02T15:52:44+00:00,5d8c8a4c-bce7-4d28-ae12-0d61a971c5cc,Shell,Shell Berlin Streitstr. 19,Berlin,52.558899,13.208409,2.3,2.339,2.279,2.309,True
2026-09-02T15:52:44+00:00,057827cd-6583-4a3a-a461-f8546073fd02,SUN,Sun Klosterstr.,Berlin,52.52943,13.19517,2.4,2.319,2.259,2.299,True
2026-09-02T15:52:44+00:00,905d4775-754e-4b38-baca-89c98fad1d1a,Sprint,Sprint Berlin Ruhlebener Str.,Berlin,52.529285,13.20718,2.9,2.319,2.259,2.299,True
2026-09-02T15:54:14+00:00,cebbe420-bcf3-4db8-9099-c52b783e2158,ESSO,Esso Tankstelle,BERLIN,52.549044,13.17897,0,2.329,2.269,2.309,True
2026-09-02T15:54:14+00:00,7347dd32-bfa1-470a-a6ee-2a2c95ad9af5,ARAL,Aral Tankstelle,Berlin,52.542747,13.199304,1.5,2.349,2.289,2.319,True
2026-09-02T15:54:14+00:00,9f07b69b-4b15-4852-9c60-5d293c6cadc5,Sprint,Sprint Berlin Seegefelder Str.,Berlin,52.536163,13.191189,1.6,2.319,2.259,2.299,True
2026-09-02T15:54:14+00:00,005056ba-7cb6-1ed2-bceb-641db1c24d1d,STAR,star Tankstelle,Berlin,52.534388,13.184014,1.7,2.319,2.259,2.299,True
2026-09-02T15:54:14+00:00,51d4b471-a095-1aa0-e100-80009459e03a,JET,JET BERLIN BRUNSBUETTELER DAMM 87-89,BERLIN,52.53379,13.18503,1.7,2.319,2.259,2.299,True
2026-09-02T15:54:14+00:00,d590310c-e209-46b2-bfe7-dacc6148e1f1,TotalEnergies,TotalEnergies Berlin,Berlin,52.55424,13.207408,2,2.339,2.279,2.309,True
2026-09-02T15:54:14+00:00,5d8c8a4c-bce7-4d28-ae12-0d61a971c5cc,Shell,Shell Berlin Streitstr. 19,Berlin,52.558899,13.208409,2.3,2.339,2.279,2.309,True
2026-09-02T15:54:14+00:00,057827cd-6583-4a3a-a461-f8546073fd02,SUN,Sun Klosterstr.,Berlin,52.52943,13.19517,2.4,2.319,2.259,2.299,True
2026-09-02T15:54:14+00:00,905d4775-754e-4b38-baca-89c98fad1d1a,Sprint,Sprint Berlin Ruhlebener Str.,Berlin,52.529285,13.20718,2.9,2.319,2.259,2.299,True
2026-09-02T15:55:45+00:00,cebbe420-bcf3-4db8-9099-c52b783e2158,ESSO,Esso Tankstelle,BERLIN,52.549044,13.17897,0,2.329,2.269,2.309,True
2026-09-02T15:55:45+00:00,7347dd32-bfa1-470a-a6ee-2a2c95ad9af5,ARAL,Aral Tankstelle,Berlin,52.542747,13.199304,1.5,2.349,2.289,2.319,True
2026-09-02T15:55:45+00:00,9f07b69b-4b15-4852-9c60-5d293c6cadc5,Sprint,Sprint Berlin Seegefelder Str.,Berlin,52.536163,13.191189,1.6,2.319,2.259,2.299,True
2026-09-02T15:55:45+00:00,005056ba-7cb6-1ed2-bceb-641db1c24d1d,STAR,star Tankstelle,Berlin,52.534388,13.184014,1.7,2.319,2.259,2.299,True
2026-09-02T15:55:45+00:00,51d4b471-a095-1aa0-e100-80009459e03a,JET,JET BERLIN BRUNSBUETTELER DAMM 87-89,BERLIN,52.53379,13.18503,1.7,2.309,2.249,2.299,True
2026-09-02T15:55:45+00:00,d590310c-e209-46b2-bfe7-dacc6148e1f1,TotalEnergies,TotalEnergies Berlin,Berlin,52.55424,13.207408,2,2.339,2.279,2.309,True
2026-09-02T15:55:45+00:00,5d8c8a4c-bce7-4d28-ae12-0d61a971c5cc,Shell,Shell Berlin Streitstr. 19,Berlin,52.558899,13.208409,2.3,2.339,2.279,2.309,True
2026-09-02T15:55:45+00:00,057827cd-6583-4a3a-a461-f8546073fd02,SUN,Sun Klosterstr.,Berlin,52.52943,13.19517,2.4,2.319,2.259,2.299,True
2026-09-02T15:55:45+00:00,905d4775-754e-4b38-baca-89c98fad1d1a,Sprint,Sprint Berlin Ruhlebener Str.,Berlin,52.529285,13.20718,2.9,2.319,2.259,2.299,True
2026-09-02T15:57:16+00:00,cebbe420-bcf3-4db8-9099-c52b783e2158,ESSO,Esso Tankstelle,BERLIN,52.549044,13.17897,0,2.329,2.269,2.309,True
2026-09-02T15:57:16+00:00,7347dd32-bfa1-470a-a6ee-2a2c95ad9af5,ARAL,Aral Tankstelle,Berlin,52.542747,13.199304,1.5,2.349,2.289,2.319,True
2026-09-02T15:57:16+00:00,9f07b69b-4b15-4852-9c60-5d293c6cadc5,Sprint,Sprint Berlin Seegefelder Str.,Berlin,52.536163,13.191189,1.6,2.319,2.259,2.299,True
2026-09-02T15:57:16+00:00,005056ba-7cb6-1ed2-bceb-641db1c24d1d,STAR,star Tankstelle,Berlin,52.534388,13.184014,1.7,2.319,2.259,2.299,True
2026-09-02T15:57:16+00:00,51d4b471-a095-1aa0-e100-80009459e03a,JET,JET BERLIN BRUNSBUETTELER DAMM 87-89,BERLIN,52.53379,13.18503,1.7,2.309,2.249,2.299,True
2026-09-02T15:57:16+00:00,d590310c-e209-46b2-bfe7-dacc6148e1f1,TotalEnergies,TotalEnergies Berlin,Berlin,52.55424,13.207408,2,2.339,2.279,2.309,True
2026-09-02T15:57:16+00:00,5d8c8a4c-bce7-4d28-ae12-0d61a971c5cc,Shell,Shell Berlin Streitstr. 19,Berlin,52.558899,13.208409,2.3,2.339,2.279,2.309,True
2026-09-02T15:57:16+00:00,057827cd-6583-4a3a-a461-f8546073fd02,SUN,Sun Klosterstr.,Berlin,52.52943,13.19517,2.4,2.319,2.259,2.299,True
2026-09-02T15:57:16+00:00,905d4775-754e-4b38-baca-89c98fad1d1a,Sprint,Sprint Berlin Ruhlebener Str.,Berlin,52.529285,13.20718,2.9,2.319,2.259,2.299,True
2026-09-02T15:58:48+00:00,cebbe420-bcf3-4db8-9099-c52b783e2158,ESSO,Esso Tankstelle,BERLIN,52.549044,13.17897,0,2.329,2.269,2.309,True
2026-09-02T15:58:48+00:00,7347dd32-bfa1-470a-a6ee-2a2c95ad9af5,ARAL,Aral Tankstelle,Berlin,52.542747,13.199304,1.5,2.349,2.289,2.319,True
2026-09-02T15:58:48+00:00,9f07b69b-4b15-4852-9c60-5d293c6cadc5,Sprint,Sprint Berlin Seegefelder Str.,Berlin,52.536163,13.191189,1.6,2.309,2.249,2.299,True
2026-09-02T15:58:48+00:00,005056ba-7cb6-1ed2-bceb-641db1c24d1d,STAR,star Tankstelle,Berlin,52.534388,13.184014,1.7,2.319,2.259,2.299,True
2026-09-02T15:58:48+00:00,51d4b471-a095-1aa0-e100-80009459e03a,JET,JET BERLIN BRUNSBUETTELER DAMM 87-89,BERLIN,52.53379,13.18503,1.7,2.309,2.249,2.299,True
2026-09-02T15:58:48+00:00,d590310c-e209-46b2-bfe7-dacc6148e1f1,TotalEnergies,TotalEnergies Berlin,Berlin,52.55424,13.207408,2,2.339,2.279,2.309,True
2026-09-02T15:58:48+00:00,5d8c8a4c-bce7-4d28-ae12-0d61a971c5cc,Shell,Shell Berlin Streitstr. 19,Berlin,52.558899,13.208409,2.3,2.339,2.279,2.309,True
2026-09-02T15:58:48+00:00,057827cd-6583-4a3a-a461-f8546073fd02,SUN,Sun Klosterstr.,Berlin,52.52943,13.19517,2.4,2.319,2.259,2.299,True
2026-09-02T15:58:48+00:00,905d4775-754e-4b38-baca-89c98fad1d1a,Sprint,Sprint Berlin Ruhlebener Str.,Berlin,52.529285,13.20718,2.9,2.309,2.249,2.299,True
2026-09-02T16:00:19+00:00,cebbe420-bcf3-4db8-9099-c52b783e2158,ESSO,Esso Tankstelle,BERLIN,52.549044,13.17897,0,2.329,2.269,2.309,True
2026-09-02T16:00:19+00:00,7347dd32-bfa1-470a-a6ee-2a2c95ad9af5,ARAL,Aral Tankstelle,Berlin,52.542747,13.199304,1.5,2.349,2.289,2.319,True
2026-09-02T16:00:19+00:00,9f07b69b-4b15-4852-9c60-5d293c6cadc5,Sprint,Sprint Berlin Seegefelder Str.,Berlin,52.536163,13.191189,1.6,2.309,2.249,2.299,True
2026-09-02T16:00:19+00:00,005056ba-7cb6-1ed2-bceb-641db1c24d1d,STAR,star Tankstelle,Berlin,52.534388,13.184014,1.7,2.319,2.259,2.299,True
2026-09-02T16:00:19+00:00,51d4b471-a095-1aa0-e100-80009459e03a,JET,JET BERLIN BRUNSBUETTELER DAMM 87-89,BERLIN,52.53379,13.18503,1.7,2.309,2.249,2.299,True
2026-09-02T16:00:19+00:00,d590310c-e209-46b2-bfe7-dacc6148e1f1,TotalEnergies,TotalEnergies Berlin,Berlin,52.55424,13.207408,2,2.339,2.279,2.309,True
2026-09-02T16:00:19+00:00,5d8c8a4c-bce7-4d28-ae12-0d61a971c5cc,Shell,Shell Berlin Streitstr. 19,Berlin,52.558899,13.208409,2.3,2.339,2.279,2.309,True
2026-09-02T16:00:19+00:00,057827cd-6583-4a3a-a461-f8546073fd02,SUN,Sun Klosterstr.,Berlin,52.52943,13.19517,2.4,2.319,2.259,2.299,True
2026-09-02T16:00:19+00:00,905d4775-754e-4b38-baca-89c98fad1d1a,Sprint,Sprint Berlin Ruhlebener Str.,Berlin,52.529285,13.20718,2.9,2.309,2.249,2.289,True
2026-09-02T16:01:58+00:00,cebbe420-bcf3-4db8-9099-c52b783e2158,ESSO,Esso Tankstelle,BERLIN,52.549044,13.17897,0,2.329,2.269,2.309,True
2026-09-02T16:01:58+00:00,7347dd32-bfa1-470a-a6ee-2a2c95ad9af5,ARAL,Aral Tankstelle,Berlin,52.542747,13.199304,1.5,2.349,2.289,2.319,True
2026-09-02T16:01:58+00:00,9f07b69b-4b15-4852-9c60-5d293c6cadc5,Sprint,Sprint Berlin Seegefelder Str.,Berlin,52.536163,13.191189,1.6,2.309,2.249,2.299,True
2026-09-02T16:01:58+00:00,005056ba-7cb6-1ed2-bceb-641db1c24d1d,STAR,star Tankstelle,Berlin,52.534388,13.184014,1.7,2.319,2.259,2.299,True
2026-09-02T16:01:58+00:00,51d4b471-a095-1aa0-e100-80009459e03a,JET,JET BERLIN BRUNSBUETTELER DAMM 87-89,BERLIN,52.53379,13.18503,1.7,2.309,2.249,2.299,True
2026-09-02T16:01:58+00:00,d590310c-e209-46b2-bfe7-dacc6148e1f1,TotalEnergies,TotalEnergies Berlin,Berlin,52.55424,13.207408,2,2.339,2.279,2.309,True
2026-09-02T16:01:58+00:00,5d8c8a4c-bce7-4d28-ae12-0d61a971c5cc,Shell,Shell Berlin Streitstr. 19,Berlin,52.558899,13.208409,2.3,2.339,2.279,2.309,True
2026-09-02T16:01:58+00:00,057827cd-6583-4a3a-a461-f8546073fd02,SUN,Sun Klosterstr.,Berlin,52.52943,13.19517,2.4,2.319,2.259,2.299,True
2026-09-02T16:01:58+00:00,905d4775-754e-4b38-baca-89c98fad1d1a,Sprint,Sprint Berlin Ruhlebener Str.,Berlin,52.529285,13.20718,2.9,2.309,2.249,2.289,True
2026-09-02T16:03:29+00:00,cebbe420-bcf3-4db8-9099-c52b783e2158,ESSO,Esso Tankstelle,BERLIN,52.549044,13.17897,0,2.329,2.269,2.309,True
2026-09-02T16:03:29+00:00,7347dd32-bfa1-470a-a6ee-2a2c95ad9af5,ARAL,Aral Tankstelle,Berlin,52.542747,13.199304,1.5,2.349,2.289,2.319,True
2026-09-02T16:03:29+00:00,9f07b69b-4b15-4852-9c60-5d293c6cadc5,Sprint,Sprint Berlin Seegefelder Str.,Berlin,52.536163,13.191189,1.6,2.309,2.249,2.299,True
2026-09-02T16:03:29+00:00,005056ba-7cb6-1ed2-bceb-641db1c24d1d,STAR,star Tankstelle,Berlin,52.534388,13.184014,1.7,2.319,2.259,2.299,True
2026-09-02T16:03:29+00:00,51d4b471-a095-1aa0-e100-80009459e03a,JET,JET BERLIN BRUNSBUETTELER DAMM 87-89,BERLIN,52.53379,13.18503,1.7,2.309,2.249,2.299,True
2026-09-02T16:03:29+00:00,d590310c-e209-46b2-bfe7-dacc6148e1f1,TotalEnergies,TotalEnergies Berlin,Berlin,52.55424,13.207408,2,2.339,2.279,2.309,True
2026-09-02T16:03:29+00:00,5d8c8a4c-bce7-4d28-ae12-0d61a971c5cc,Shell,Shell Berlin Streitstr. 19,Berlin,52.558899,13.208409,2.3,2.339,2.279,2.309,True
2026-09-02T16:03:29+00:00,057827cd-6583-4a3a-a461-f8546073fd02,SUN,Sun Klosterstr.,Berlin,52.52943,13.19517,2.4,2.319,2.259,2.299,True
2026-09-02T16:03:29+00:00,905d4775-754e-4b38-baca-89c98fad1d1a,Sprint,Sprint Berlin Ruhlebener Str.,Berlin,52.529285,13.20718,2.9,2.309,2.249,2.289,True
2026-09-02T16:05:00+00:00,cebbe420-bcf3-4db8-9099-c52b783e2158,ESSO,Esso Tankstelle,BERLIN,52.549044,13.17897,0,2.329,2.269,2.309,True
2026-09-02T16:05:00+00:00,7347dd32-bfa1-470a-a6ee-2a2c95ad9af5,ARAL,Aral Tankstelle,Berlin,52.542747,13.199304,1.5,2.349,2.289,2.319,True
2026-09-02T16:05:00+00:00,9f07b69b-4b15-4852-9c60-5d293c6cadc5,Sprint,Sprint Berlin Seegefelder Str.,Berlin,52.536163,13.191189,1.6,2.309,2.249,2.299,True
2026-09-02T16:05:00+00:00,005056ba-7cb6-1ed2-bceb-641db1c24d1d,STAR,star Tankstelle,Berlin,52.534388,13.184014,1.7,2.319,2.259,2.299,True
2026-09-02T16:05:00+00:00,51d4b471-a095-1aa0-e100-80009459e03a,JET,JET BERLIN BRUNSBUETTELER DAMM 87-89,BERLIN,52.53379,13.18503,1.7,2.309,2.249,2.299,True
2026-09-02T16:05:00+00:00,d590310c-e209-46b2-bfe7-dacc6148e1f1,TotalEnergies,TotalEnergies Berlin,Berlin,52.55424,13.207408,2,2.339,2.279,2.309,True
2026-09-02T16:05:00+00:00,5d8c8a4c-bce7-4d28-ae12-0d61a971c5cc,Shell,Shell Berlin Streitstr. 19,Berlin,52.558899,13.208409,2.3,2.339,2.279,2.309,True
2026-09-02T16:05:00+00:00,057827cd-6583-4a3a-a461-f8546073fd02,SUN,Sun Klosterstr.,Berlin,52.52943,13.19517,2.4,2.319,2.259,2.299,True
2026-09-02T16:05:00+00:00,905d4775-754e-4b38-baca-89c98fad1d1a,Sprint,Sprint Berlin Ruhlebener Str.,Berlin,52.529285,13.20718,2.9,2.309,2.249,2.289,True
2026-09-02T16:06:33+00:00,cebbe420-bcf3-4db8-9099-c52b783e2158,ESSO,Esso Tankstelle,BERLIN,52.549044,13.17897,0,2.319,2.259,2.309,True
2026-09-02T16:06:33+00:00,7347dd32-bfa1-470a-a6ee-2a2c95ad9af5,ARAL,Aral Tankstelle,Berlin,52.542747,13.199304,1.5,2.349,2.289,2.319,True
2026-09-02T16:06:33+00:00,9f07b69b-4b15-4852-9c60-5d293c6cadc5,Sprint,Sprint Berlin Seegefelder Str.,Berlin,52.536163,13.191189,1.6,2.309,2.249,2.299,True
2026-09-02T16:06:33+00:00,005056ba-7cb6-1ed2-bceb-641db1c24d1d,STAR,star Tankstelle,Berlin,52.534388,13.184014,1.7,2.319,2.259,2.299,True
2026-09-02T16:06:33+00:00,51d4b471-a095-1aa0-e100-80009459e03a,JET,JET BERLIN BRUNSBUETTELER DAMM 87-89,BERLIN,52.53379,13.18503,1.7,2.309,2.249,2.289,True
2026-09-02T16:06:33+00:00,d590310c-e209-46b2-bfe7-dacc6148e1f1,TotalEnergies,TotalEnergies Berlin,Berlin,52.55424,13.207408,2,2.339,2.279,2.309,True
2026-09-02T16:06:33+00:00,5d8c8a4c-bce7-4d28-ae12-0d61a971c5cc,Shell,Shell Berlin Streitstr. 19,Berlin,52.558899,13.208409,2.3,2.339,2.279,2.309,True
2026-09-02T16:06:33+00:00,057827cd-6583-4a3a-a461-f8546073fd02,SUN,Sun Klosterstr.,Berlin,52.52943,13.19517,2.4,2.319,2.259,2.299,True
2026-09-02T16:06:33+00:00,905d4775-754e-4b38-baca-89c98fad1d1a,Sprint,Sprint Berlin Ruhlebener Str.,Berlin,52.529285,13.20718,2.9,2.309,2.249,2.289,True
2026-09-02T16:08:04+00:00,cebbe420-bcf3-4db8-9099-c52b783e2158,ESSO,Esso Tankstelle,BERLIN,52.549044,13.17897,0,2.319,2.259,2.309,True
2026-09-02T16:08:04+00:00,7347dd32-bfa1-470a-a6ee-2a2c95ad9af5,ARAL,Aral Tankstelle,Berlin,52.542747,13.199304,1.5,2.329,2.269,2.299,True
2026-09-02T16:08:04+00:00,9f07b69b-4b15-4852-9c60-5d293c6cadc5,Sprint,Sprint Berlin Seegefelder Str.,Berlin,52.536163,13.191189,1.6,2.309,2.249,2.289,True
2026-09-02T16:08:04+00:00,005056ba-7cb6-1ed2-bceb-641db1c24d1d,STAR,star Tankstelle,Berlin,52.534388,13.184014,1.7,2.319,2.259,2.299,True
2026-09-02T16:08:04+00:00,51d4b471-a095-1aa0-e100-80009459e03a,JET,JET BERLIN BRUNSBUETTELER DAMM 87-89,BERLIN,52.53379,13.18503,1.7,2.309,2.249,2.289,True
2026-09-02T16:08:04+00:00,d590310c-e209-46b2-bfe7-dacc6148e1f1,TotalEnergies,TotalEnergies Berlin,Berlin,52.55424,13.207408,2,2.339,2.279,2.309,True
2026-09-02T16:08:04+00:00,5d8c8a4c-bce7-4d28-ae12-0d61a971c5cc,Shell,Shell Berlin Streitstr. 19,Berlin,52.558899,13.208409,2.3,2.339,2.279,2.309,True
2026-09-02T16:08:04+00:00,057827cd-6583-4a3a-a461-f8546073fd02,SUN,Sun Klosterstr.,Berlin,52.52943,13.19517,2.4,2.319,2.259,2.299,True
2026-09-02T16:08:04+00:00,905d4775-754e-4b38-baca-89c98fad1d1a,Sprint,Sprint Berlin Ruhlebener Str.,Berlin,52.529285,13.20718,2.9,2.309,2.249,2.289,True
2026-09-02T16:09:35+00:00,cebbe420-bcf3-4db8-9099-c52b783e2158,ESSO,Esso Tankstelle,BERLIN,52.549044,13.17897,0,2.319,2.259,2.309,True
2026-09-02T16:09:35+00:00,7347dd32-bfa1-470a-a6ee-2a2c95ad9af5,ARAL,Aral Tankstelle,Berlin,52.542747,13.199304,1.5,2.329,2.269,2.299,True
2026-09-02T16:09:35+00:00,9f07b69b-4b15-4852-9c60-5d293c6cadc5,Sprint,Sprint Berlin Seegefelder Str.,Berlin,52.536163,13.191189,1.6,2.309,2.249,2.289,True
2026-09-02T16:09:35+00:00,005056ba-7cb6-1ed2-bceb-641db1c24d1d,STAR,star Tankstelle,Berlin,52.534388,13.184014,1.7,2.319,2.259,2.299,True
2026-09-02T16:09:35+00:00,51d4b471-a095-1aa0-e100-80009459e03a,JET,JET BERLIN BRUNSBUETTELER DAMM 87-89,BERLIN,52.53379,13.18503,1.7,2.309,2.249,2.289,True
2026-09-02T16:09:35+00:00,d590310c-e209-46b2-bfe7-dacc6148e1f1,TotalEnergies,TotalEnergies Berlin,Berlin,52.55424,13.207408,2,2.329,2.269,2.299,True
2026-09-02T16:09:35+00:00,5d8c8a4c-bce7-4d28-ae12-0d61a971c5cc,Shell,Shell Berlin Streitstr. 19,Berlin,52.558899,13.208409,2.3,2.339,2.279,2.309,True
2026-09-02T16:09:35+00:00,057827cd-6583-4a3a-a461-f8546073fd02,SUN,Sun Klosterstr.,Berlin,52.52943,13.19517,2.4,2.319,2.259,2.299,True
2026-09-02T16:09:35+00:00,905d4775-754e-4b38-baca-89c98fad1d1a,Sprint,Sprint Berlin Ruhlebener Str.,Berlin,52.529285,13.20718,2.9,2.309,2.249,2.289,True
2026-09-02T16:11:05+00:00,cebbe420-bcf3-4db8-9099-c52b783e2158,ESSO,Esso Tankstelle,BERLIN,52.549044,13.17897,0,2.319,2.259,2.309,True
2026-09-02T16:11:05+00:00,7347dd32-bfa1-470a-a6ee-2a2c95ad9af5,ARAL,Aral Tankstelle,Berlin,52.542747,13.199304,1.5,2.329,2.269,2.299,True
2026-09-02T16:11:05+00:00,9f07b69b-4b15-4852-9c60-5d293c6cadc5,Sprint,Sprint Berlin Seegefelder Str.,Berlin,52.536163,13.191189,1.6,2.309,2.249,2.289,True
2026-09-02T16:11:05+00:00,005056ba-7cb6-1ed2-bceb-641db1c24d1d,STAR,star Tankstelle,Berlin,52.534388,13.184014,1.7,2.309,2.249,2.299,True
2026-09-02T16:11:05+00:00,51d4b471-a095-1aa0-e100-80009459e03a,JET,JET BERLIN BRUNSBUETTELER DAMM 87-89,BERLIN,52.53379,13.18503,1.7,2.309,2.249,2.289,True
2026-09-02T16:11:05+00:00,d590310c-e209-46b2-bfe7-dacc6148e1f1,TotalEnergies,TotalEnergies Berlin,Berlin,52.55424,13.207408,2,2.329,2.269,2.299,True
2026-09-02T16:11:05+00:00,5d8c8a4c-bce7-4d28-ae12-0d61a971c5cc,Shell,Shell Berlin Streitstr. 19,Berlin,52.558899,13.208409,2.3,2.339,2.279,2.309,True
2026-09-02T16:11:05+00:00,057827cd-6583-4a3a-a461-f8546073fd02,SUN,Sun Klosterstr.,Berlin,52.52943,13.19517,2.4,2.309,2.249,2.289,True
2026-09-02T16:11:05+00:00,905d4775-754e-4b38-baca-89c98fad1d1a,Sprint,Sprint Berlin Ruhlebener Str.,Berlin,52.529285,13.20718,2.9,2.309,2.249,2.289,True
2026-09-02T16:12:36+00:00,cebbe420-bcf3-4db8-9099-c52b783e2158,ESSO,Esso Tankstelle,BERLIN,52.549044,13.17897,0,2.319,2.259,2.309,True
2026-09-02T16:12:36+00:00,7347dd32-bfa1-470a-a6ee-2a2c95ad9af5,ARAL,Aral Tankstelle,Berlin,52.542747,13.199304,1.5,2.329,2.269,2.299,True
2026-09-02T16:12:36+00:00,9f07b69b-4b15-4852-9c60-5d293c6cadc5,Sprint,Sprint Berlin Seegefelder Str.,Berlin,52.536163,13.191189,1.6,2.309,2.249,2.289,True
2026-09-02T16:12:36+00:00,005056ba-7cb6-1ed2-bceb-641db1c24d1d,STAR,star Tankstelle,Berlin,52.534388,13.184014,1.7,2.309,2.249,2.299,True
2026-09-02T16:12:36+00:00,51d4b471-a095-1aa0-e100-80009459e03a,JET,JET BERLIN BRUNSBUETTELER DAMM 87-89,BERLIN,52.53379,13.18503,1.7,2.309,2.249,2.289,True
2026-09-02T16:12:36+00:00,d590310c-e209-46b2-bfe7-dacc6148e1f1,TotalEnergies,TotalEnergies Berlin,Berlin,52.55424,13.207408,2,2.329,2.269,2.299,True
2026-09-02T16:12:36+00:00,5d8c8a4c-bce7-4d28-ae12-0d61a971c5cc,Shell,Shell Berlin Streitstr. 19,Berlin,52.558899,13.208409,2.3,2.339,2.279,2.309,True
2026-09-02T16:12:36+00:00,057827cd-6583-4a3a-a461-f8546073fd02,SUN,Sun Klosterstr.,Berlin,52.52943,13.19517,2.4,2.309,2.249,2.289,True
2026-09-02T16:12:36+00:00,905d4775-754e-4b38-baca-89c98fad1d1a,Sprint,Sprint Berlin Ruhlebener Str.,Berlin,52.529285,13.20718,2.9,2.309,2.249,2.289,True
2026-09-02T16:14:07+00:00,cebbe420-bcf3-4db8-9099-c52b783e2158,ESSO,Esso Tankstelle,BERLIN,52.549044,13.17897,0,2.319,2.259,2.309,True
2026-09-02T16:14:07+00:00,7347dd32-bfa1-470a-a6ee-2a2c95ad9af5,ARAL,Aral Tankstelle,Berlin,52.542747,13.199304,1.5,2.329,2.269,2.299,True
2026-09-02T16:14:07+00:00,9f07b69b-4b15-4852-9c60-5d293c6cadc5,Sprint,Sprint Berlin Seegefelder Str.,Berlin,52.536163,13.191189,1.6,2.309,2.249,2.289,True
2026-09-02T16:14:07+00:00,005056ba-7cb6-1ed2-bceb-641db1c24d1d,STAR,star Tankstelle,Berlin,52.534388,13.184014,1.7,2.309,2.249,2.289,True
2026-09-02T16:14:07+00:00,51d4b471-a095-1aa0-e100-80009459e03a,JET,JET BERLIN BRUNSBUETTELER DAMM 87-89,BERLIN,52.53379,13.18503,1.7,2.309,2.249,2.289,True
2026-09-02T16:14:07+00:00,d590310c-e209-46b2-bfe7-dacc6148e1f1,TotalEnergies,TotalEnergies Berlin,Berlin,52.55424,13.207408,2,2.329,2.269,2.299,True
2026-09-02T16:14:07+00:00,5d8c8a4c-bce7-4d28-ae12-0d61a971c5cc,Shell,Shell Berlin Streitstr. 19,Berlin,52.558899,13.208409,2.3,2.339,2.279,2.309,True
2026-09-02T16:14:07+00:00,057827cd-6583-4a3a-a461-f8546073fd02,SUN,Sun Klosterstr.,Berlin,52.52943,13.19517,2.4,2.309,2.249,2.289,True
2026-09-02T16:14:07+00:00,905d4775-754e-4b38-baca-89c98fad1d1a,Sprint,Sprint Berlin Ruhlebener Str.,Berlin,52.529285,13.20718,2.9,2.309,2.249,2.289,True
2026-09-02T16:15:38+00:00,cebbe420-bcf3-4db8-9099-c52b783e2158,ESSO,Esso Tankstelle,BERLIN,52.549044,13.17897,0,2.319,2.259,2.309,True
2026-09-02T16:15:38+00:00,7347dd32-bfa1-470a-a6ee-2a2c95ad9af5,ARAL,Aral Tankstelle,Berlin,52.542747,13.199304,1.5,2.329,2.269,2.299,True
2026-09-02T16:15:38+00:00,9f07b69b-4b15-4852-9c60-5d293c6cadc5,Sprint,Sprint Berlin Seegefelder Str.,Berlin,52.536163,13.191189,1.6,2.309,2.249,2.289,True
2026-09-02T16:15:38+00:00,005056ba-7cb6-1ed2-bceb-641db1c24d1d,STAR,star Tankstelle,Berlin,52.534388,13.184014,1.7,2.309,2.249,2.289,True
2026-09-02T16:15:38+00:00,51d4b471-a095-1aa0-e100-80009459e03a,JET,JET BERLIN BRUNSBUETTELER DAMM 87-89,BERLIN,52.53379,13.18503,1.7,2.309,2.249,2.289,True
2026-09-02T16:15:38+00:00,d590310c-e209-46b2-bfe7-dacc6148e1f1,TotalEnergies,TotalEnergies Berlin,Berlin,52.55424,13.207408,2,2.329,2.269,2.299,True
2026-09-02T16:15:38+00:00,5d8c8a4c-bce7-4d28-ae12-0d61a971c5cc,Shell,Shell Berlin Streitstr. 19,Berlin,52.558899,13.208409,2.3,2.339,2.279,2.309,True
2026-09-02T16:15:38+00:00,057827cd-6583-4a3a-a461-f8546073fd02,SUN,Sun Klosterstr.,Berlin,52.52943,13.19517,2.4,2.309,2.249,2.289,True
2026-09-02T16:15:38+00:00,905d4775-754e-4b38-baca-89c98fad1d1a,Sprint,Sprint Berlin Ruhlebener Str.,Berlin,52.529285,13.20718,2.9,2.309,2.249,2.289,True
2026-09-02T16:17:09+00:00,cebbe420-bcf3-4db8-9099-c52b783e2158,ESSO,Esso Tankstelle,BERLIN,52.549044,13.17897,0,2.319,2.259,2.309,True
2026-09-02T16:17:09+00:00,7347dd32-bfa1-470a-a6ee-2a2c95ad9af5,ARAL,Aral Tankstelle,Berlin,52.542747,13.199304,1.5,2.329,2.269,2.299,True
2026-09-02T16:17:09+00:00,9f07b69b-4b15-4852-9c60-5d293c6cadc5,Sprint,Sprint Berlin Seegefelder Str.,Berlin,52.536163,13.191189,1.6,2.309,2.249,2.289,True
2026-09-02T16:17:09+00:00,005056ba-7cb6-1ed2-bceb-641db1c24d1d,STAR,star Tankstelle,Berlin,52.534388,13.184014,1.7,2.309,2.249,2.289,True
2026-09-02T16:17:09+00:00,51d4b471-a095-1aa0-e100-80009459e03a,JET,JET BERLIN BRUNSBUETTELER DAMM 87-89,BERLIN,52.53379,13.18503,1.7,2.309,2.249,2.289,True
2026-09-02T16:17:09+00:00,d590310c-e209-46b2-bfe7-dacc6148e1f1,TotalEnergies,TotalEnergies Berlin,Berlin,52.55424,13.207408,2,2.329,2.269,2.299,True
2026-09-02T16:17:09+00:00,5d8c8a4c-bce7-4d28-ae12-0d61a971c5cc,Shell,Shell Berlin Streitstr. 19,Berlin,52.558899,13.208409,2.3,2.339,2.279,2.309,True
2026-09-02T16:17:09+00:00,057827cd-6583-4a3a-a461-f8546073fd02,SUN,Sun Klosterstr.,Berlin,52.52943,13.19517,2.4,2.309,2.249,2.289,True
2026-09-02T16:17:09+00:00,905d4775-754e-4b38-baca-89c98fad1d1a,Sprint,Sprint Berlin Ruhlebener Str.,Berlin,52.529285,13.20718,2.9,2.309,2.249,2.289,True
2026-09-02T16:18:40+00:00,cebbe420-bcf3-4db8-9099-c52b783e2158,ESSO,Esso Tankstelle,BERLIN,52.549044,13.17897,0,2.319,2.259,2.299,True
2026-09-02T16:18:40+00:00,7347dd32-bfa1-470a-a6ee-2a2c95ad9af5,ARAL,Aral Tankstelle,Berlin,52.542747,13.199304,1.5,2.329,2.269,2.299,True
2026-09-02T16:18:40+00:00,9f07b69b-4b15-4852-9c60-5d293c6cadc5,Sprint,Sprint Berlin Seegefelder Str.,Berlin,52.536163,13.191189,1.6,2.309,2.249,2.289,True
2026-09-02T16:18:40+00:00,005056ba-7cb6-1ed2-bceb-641db1c24d1d,STAR,star Tankstelle,Berlin,52.534388,13.184014,1.7,2.309,2.249,2.289,True
2026-09-02T16:18:40+00:00,51d4b471-a095-1aa0-e100-80009459e03a,JET,JET BERLIN BRUNSBUETTELER DAMM 87-89,BERLIN,52.53379,13.18503,1.7,2.309,2.249,2.289,True
2026-09-02T16:18:40+00:00,d590310c-e209-46b2-bfe7-dacc6148e1f1,TotalEnergies,TotalEnergies Berlin,Berlin,52.55424,13.207408,2,2.329,2.269,2.299,True
2026-09-02T16:18:40+00:00,5d8c8a4c-bce7-4d28-ae12-0d61a971c5cc,Shell,Shell Berlin Streitstr. 19,Berlin,52.558899,13.208409,2.3,2.339,2.279,2.309,True
2026-09-02T16:18:40+00:00,057827cd-6583-4a3a-a461-f8546073fd02,SUN,Sun Klosterstr.,Berlin,52.52943,13.19517,2.4,2.309,2.249,2.289,True
2026-09-02T16:18:40+00:00,905d4775-754e-4b38-baca-89c98fad1d1a,Sprint,Sprint Berlin Ruhlebener Str.,Berlin,52.529285,13.20718,2.9,2.309,2.249,2.289,True
2026-09-02T16:20:11+00:00,cebbe420-bcf3-4db8-9099-c52b783e2158,ESSO,Esso Tankstelle,BERLIN,52.549044,13.17897,0,2.319,2.259,2.299,True
2026-09-02T16:20:11+00:00,7347dd32-bfa1-470a-a6ee-2a2c95ad9af5,ARAL,Aral Tankstelle,Berlin,52.542747,13.199304,1.5,2.329,2.269,2.299,True
2026-09-02T16:20:11+00:00,9f07b69b-4b15-4852-9c60-5d293c6cadc5,Sprint,Sprint Berlin Seegefelder Str.,Berlin,52.536163,13.191189,1.6,2.309,2.249,2.289,True
2026-09-02T16:20:11+00:00,005056ba-7cb6-1ed2-bceb-641db1c24d1d,STAR,star Tankstelle,Berlin,52.534388,13.184014,1.7,2.309,2.249,2.289,True
2026-09-02T16:20:11+00:00,51d4b471-a095-1aa0-e100-80009459e03a,JET,JET BERLIN BRUNSBUETTELER DAMM 87-89,BERLIN,52.53379,13.18503,1.7,2.309,2.249,2.289,True
2026-09-02T16:20:11+00:00,d590310c-e209-46b2-bfe7-dacc6148e1f1,TotalEnergies,TotalEnergies Berlin,Berlin,52.55424,13.207408,2,2.329,2.269,2.299,True
2026-09-02T16:20:11+00:00,5d8c8a4c-bce7-4d28-ae12-0d61a971c5cc,Shell,Shell Berlin Streitstr. 19,Berlin,52.558899,13.208409,2.3,2.339,2.279,2.309,True
2026-09-02T16:20:11+00:00,057827cd-6583-4a3a-a461-f8546073fd02,SUN,Sun Klosterstr.,Berlin,52.52943,13.19517,2.4,2.309,2.249,2.289,True
2026-09-02T16:20:11+00:00,905d4775-754e-4b38-baca-89c98fad1d1a,Sprint,Sprint Berlin Ruhlebener Str.,Berlin,52.529285,13.20718,2.9,2.299,2.239,2.289,True
2026-09-02T16:21:42+00:00,cebbe420-bcf3-4db8-9099-c52b783e2158,ESSO,Esso Tankstelle,BERLIN,52.549044,13.17897,0,2.319,2.259,2.299,True
2026-09-02T16:21:42+00:00,7347dd32-bfa1-470a-a6ee-2a2c95ad9af5,ARAL,Aral Tankstelle,Berlin,52.542747,13.199304,1.5,2.329,2.269,2.299,True
2026-09-02T16:21:42+00:00,9f07b69b-4b15-4852-9c60-5d293c6cadc5,Sprint,Sprint Berlin Seegefelder Str.,Berlin,52.536163,13.191189,1.6,2.309,2.249,2.289,True
2026-09-02T16:21:42+00:00,005056ba-7cb6-1ed2-bceb-641db1c24d1d,STAR,star Tankstelle,Berlin,52.534388,13.184014,1.7,2.309,2.249,2.289,True
2026-09-02T16:21:42+00:00,51d4b471-a095-1aa0-e100-80009459e03a,JET,JET BERLIN BRUNSBUETTELER DAMM 87-89,BERLIN,52.53379,13.18503,1.7,2.309,2.249,2.289,True
2026-09-02T16:21:42+00:00,d590310c-e209-46b2-bfe7-dacc6148e1f1,TotalEnergies,TotalEnergies Berlin,Berlin,52.55424,13.207408,2,2.329,2.269,2.299,True
2026-09-02T16:21:42+00:00,5d8c8a4c-bce7-4d28-ae12-0d61a971c5cc,Shell,Shell Berlin Streitstr. 19,Berlin,52.558899,13.208409,2.3,2.339,2.279,2.309,True
2026-09-02T16:21:42+00:00,057827cd-6583-4a3a-a461-f8546073fd02,SUN,Sun Klosterstr.,Berlin,52.52943,13.19517,2.4,2.309,2.249,2.289,True
2026-09-02T16:21:42+00:00,905d4775-754e-4b38-baca-89c98fad1d1a,Sprint,Sprint Berlin Ruhlebener Str.,Berlin,52.529285,13.20718,2.9,2.299,2.239,2.289,True
2026-09-02T16:23:13+00:00,cebbe420-bcf3-4db8-9099-c52b783e2158,ESSO,Esso Tankstelle,BERLIN,52.549044,13.17897,0,2.319,2.259,2.299,True
2026-09-02T16:23:13+00:00,7347dd32-bfa1-470a-a6ee-2a2c95ad9af5,ARAL,Aral Tankstelle,Berlin,52.542747,13.199304,1.5,2.329,2.269,2.299,True
2026-09-02T16:23:13+00:00,9f07b69b-4b15-4852-9c60-5d293c6cadc5,Sprint,Sprint Berlin Seegefelder Str.,Berlin,52.536163,13.191189,1.6,2.309,2.249,2.289,True
2026-09-02T16:23:13+00:00,005056ba-7cb6-1ed2-bceb-641db1c24d1d,STAR,star Tankstelle,Berlin,52.534388,13.184014,1.7,2.309,2.249,2.289,True
2026-09-02T16:23:13+00:00,51d4b471-a095-1aa0-e100-80009459e03a,JET,JET BERLIN BRUNSBUETTELER DAMM 87-89,BERLIN,52.53379,13.18503,1.7,2.309,2.249,2.289,True
2026-09-02T16:23:13+00:00,d590310c-e209-46b2-bfe7-dacc6148e1f1,TotalEnergies,TotalEnergies Berlin,Berlin,52.55424,13.207408,2,2.329,2.269,2.299,True
2026-09-02T16:23:13+00:00,5d8c8a4c-bce7-4d28-ae12-0d61a971c5cc,Shell,Shell Berlin Streitstr. 19,Berlin,52.558899,13.208409,2.3,2.339,2.279,2.309,True
2026-09-02T16:23:13+00:00,057827cd-6583-4a3a-a461-f8546073fd02,SUN,Sun Klosterstr.,Berlin,52.52943,13.19517,2.4,2.309,2.249,2.289,True
2026-09-02T16:23:13+00:00,905d4775-754e-4b38-baca-89c98fad1d1a,Sprint,Sprint Berlin Ruhlebener Str.,Berlin,52.529285,13.20718,2.9,2.299,2.239,2.289,True
2026-09-02T16:24:44+00:00,cebbe420-bcf3-4db8-9099-c52b783e2158,ESSO,Esso Tankstelle,BERLIN,52.549044,13.17897,0,2.319,2.259,2.299,True
2026-09-02T16:24:44+00:00,7347dd32-bfa1-470a-a6ee-2a2c95ad9af5,ARAL,Aral Tankstelle,Berlin,52.542747,13.199304,1.5,2.329,2.269,2.299,True
2026-09-02T16:24:44+00:00,9f07b69b-4b15-4852-9c60-5d293c6cadc5,Sprint,Sprint Berlin Seegefelder Str.,Berlin,52.536163,13.191189,1.6,2.309,2.249,2.289,True
2026-09-02T16:24:44+00:00,005056ba-7cb6-1ed2-bceb-641db1c24d1d,STAR,star Tankstelle,Berlin,52.534388,13.184014,1.7,2.309,2.249,2.289,True
2026-09-02T16:24:44+00:00,51d4b471-a095-1aa0-e100-80009459e03a,JET,JET BERLIN BRUNSBUETTELER DAMM 87-89,BERLIN,52.53379,13.18503,1.7,2.309,2.249,2.289,True
2026-09-02T16:24:44+00:00,d590310c-e209-46b2-bfe7-dacc6148e1f1,TotalEnergies,TotalEnergies Berlin,Berlin,52.55424,13.207408,2,2.329,2.269,2.299,True
2026-09-02T16:24:44+00:00,5d8c8a4c-bce7-4d28-ae12-0d61a971c5cc,Shell,Shell Berlin Streitstr. 19,Berlin,52.558899,13.208409,2.3,2.339,2.279,2.309,True
2026-09-02T16:24:44+00:00,057827cd-6583-4a3a-a461-f8546073fd02,SUN,Sun Klosterstr.,Berlin,52.52943,13.19517,2.4,2.309,2.249,2.289,True
2026-09-02T16:24:44+00:00,905d4775-754e-4b38-baca-89c98fad1d1a,Sprint,Sprint Berlin Ruhlebener Str.,Berlin,52.529285,13.20718,2.9,2.299,2.239,2.289,True
2026-09-02T16:26:14+00:00,cebbe420-bcf3-4db8-9099-c52b783e2158,ESSO,Esso Tankstelle,BERLIN,52.549044,13.17897,0,2.319,2.259,2.299,True
2026-09-02T16:26:14+00:00,7347dd32-bfa1-470a-a6ee-2a2c95ad9af5,ARAL,Aral Tankstelle,Berlin,52.542747,13.199304,1.5,2.329,2.269,2.299,True
2026-09-02T16:26:14+00:00,9f07b69b-4b15-4852-9c60-5d293c6cadc5,Sprint,Sprint Berlin Seegefelder Str.,Berlin,52.536163,13.191189,1.6,2.309,2.249,2.289,True
2026-09-02T16:26:14+00:00,005056ba-7cb6-1ed2-bceb-641db1c24d1d,STAR,star Tankstelle,Berlin,52.534388,13.184014,1.7,2.309,2.249,2.289,True
2026-09-02T16:26:14+00:00,51d4b471-a095-1aa0-e100-80009459e03a,JET,JET BERLIN BRUNSBUETTELER DAMM 87-89,BERLIN,52.53379,13.18503,1.7,2.299,2.239,2.289,True
2026-09-02T16:26:14+00:00,d590310c-e209-46b2-bfe7-dacc6148e1f1,TotalEnergies,TotalEnergies Berlin,Berlin,52.55424,13.207408,2,2.329,2.269,2.299,True
2026-09-02T16:26:14+00:00,5d8c8a4c-bce7-4d28-ae12-0d61a971c5cc,Shell,Shell Berlin Streitstr. 19,Berlin,52.558899,13.208409,2.3,2.339,2.279,2.309,True
2026-09-02T16:26:14+00:00,057827cd-6583-4a3a-a461-f8546073fd02,SUN,Sun Klosterstr.,Berlin,52.52943,13.19517,2.4,2.309,2.249,2.289,True
2026-09-02T16:26:14+00:00,905d4775-754e-4b38-baca-89c98fad1d1a,Sprint,Sprint Berlin Ruhlebener Str.,Berlin,52.529285,13.20718,2.9,2.299,2.239,2.289,True
2026-09-02T16:27:45+00:00,cebbe420-bcf3-4db8-9099-c52b783e2158,ESSO,Esso Tankstelle,BERLIN,52.549044,13.17897,0,2.319,2.259,2.299,True
2026-09-02T16:27:45+00:00,7347dd32-bfa1-470a-a6ee-2a2c95ad9af5,ARAL,Aral Tankstelle,Berlin,52.542747,13.199304,1.5,2.329,2.269,2.299,True
2026-09-02T16:27:45+00:00,9f07b69b-4b15-4852-9c60-5d293c6cadc5,Sprint,Sprint Berlin Seegefelder Str.,Berlin,52.536163,13.191189,1.6,2.299,2.239,2.289,True
2026-09-02T16:27:45+00:00,005056ba-7cb6-1ed2-bceb-641db1c24d1d,STAR,star Tankstelle,Berlin,52.534388,13.184014,1.7,2.309,2.249,2.289,True
2026-09-02T16:27:45+00:00,51d4b471-a095-1aa0-e100-80009459e03a,JET,JET BERLIN BRUNSBUETTELER DAMM 87-89,BERLIN,52.53379,13.18503,1.7,2.299,2.239,2.289,True
2026-09-02T16:27:45+00:00,d590310c-e209-46b2-bfe7-dacc6148e1f1,TotalEnergies,TotalEnergies Berlin,Berlin,52.55424,13.207408,2,2.329,2.269,2.299,True
2026-09-02T16:27:45+00:00,5d8c8a4c-bce7-4d28-ae12-0d61a971c5cc,Shell,Shell Berlin Streitstr. 19,Berlin,52.558899,13.208409,2.3,2.329,2.269,2.299,True
2026-09-02T16:27:45+00:00,057827cd-6583-4a3a-a461-f8546073fd02,SUN,Sun Klosterstr.,Berlin,52.52943,13.19517,2.4,2.309,2.249,2.289,True
2026-09-02T16:27:45+00:00,905d4775-754e-4b38-baca-89c98fad1d1a,Sprint,Sprint Berlin Ruhlebener Str.,Berlin,52.529285,13.20718,2.9,2.299,2.239,2.289,True
2026-09-02T16:29:16+00:00,cebbe420-bcf3-4db8-9099-c52b783e2158,ESSO,Esso Tankstelle,BERLIN,52.549044,13.17897,0,2.319,2.259,2.299,True
2026-09-02T16:29:16+00:00,7347dd32-bfa1-470a-a6ee-2a2c95ad9af5,ARAL,Aral Tankstelle,Berlin,52.542747,13.199304,1.5,2.329,2.269,2.299,True
2026-09-02T16:29:16+00:00,9f07b69b-4b15-4852-9c60-5d293c6cadc5,Sprint,Sprint Berlin Seegefelder Str.,Berlin,52.536163,13.191189,1.6,2.299,2.239,2.289,True
2026-09-02T16:29:16+00:00,005056ba-7cb6-1ed2-bceb-641db1c24d1d,STAR,star Tankstelle,Berlin,52.534388,13.184014,1.7,2.309,2.249,2.289,True
2026-09-02T16:29:16+00:00,51d4b471-a095-1aa0-e100-80009459e03a,JET,JET BERLIN BRUNSBUETTELER DAMM 87-89,BERLIN,52.53379,13.18503,1.7,2.299,2.239,2.289,True
2026-09-02T16:29:16+00:00,d590310c-e209-46b2-bfe7-dacc6148e1f1,TotalEnergies,TotalEnergies Berlin,Berlin,52.55424,13.207408,2,2.319,2.259,2.299,True
2026-09-02T16:29:16+00:00,5d8c8a4c-bce7-4d28-ae12-0d61a971c5cc,Shell,Shell Berlin Streitstr. 19,Berlin,52.558899,13.208409,2.3,2.329,2.269,2.299,True
2026-09-02T16:29:16+00:00,057827cd-6583-4a3a-a461-f8546073fd02,SUN,Sun Klosterstr.,Berlin,52.52943,13.19517,2.4,2.309,2.249,2.289,True
2026-09-02T16:29:16+00:00,905d4775-754e-4b38-baca-89c98fad1d1a,Sprint,Sprint Berlin Ruhlebener Str.,Berlin,52.529285,13.20718,2.9,2.299,2.239,2.289,True
2026-09-02T16:30:47+00:00,cebbe420-bcf3-4db8-9099-c52b783e2158,ESSO,Esso Tankstelle,BERLIN,52.549044,13.17897,0,2.319,2.259,2.299,True
2026-09-02T16:30:47+00:00,7347dd32-bfa1-470a-a6ee-2a2c95ad9af5,ARAL,Aral Tankstelle,Berlin,52.542747,13.199304,1.5,2.329,2.269,2.299,True
2026-09-02T16:30:47+00:00,9f07b69b-4b15-4852-9c60-5d293c6cadc5,Sprint,Sprint Berlin Seegefelder Str.,Berlin,52.536163,13.191189,1.6,2.299,2.239,2.289,True
2026-09-02T16:30:47+00:00,005056ba-7cb6-1ed2-bceb-641db1c24d1d,STAR,star Tankstelle,Berlin,52.534388,13.184014,1.7,2.309,2.249,2.289,True
2026-09-02T16:30:47+00:00,51d4b471-a095-1aa0-e100-80009459e03a,JET,JET BERLIN BRUNSBUETTELER DAMM 87-89,BERLIN,52.53379,13.18503,1.7,2.299,2.239,2.289,True
2026-09-02T16:30:47+00:00,d590310c-e209-46b2-bfe7-dacc6148e1f1,TotalEnergies,TotalEnergies Berlin,Berlin,52.55424,13.207408,2,2.319,2.259,2.299,True
2026-09-02T16:30:47+00:00,5d8c8a4c-bce7-4d28-ae12-0d61a971c5cc,Shell,Shell Berlin Streitstr. 19,Berlin,52.558899,13.208409,2.3,2.329,2.269,2.299,True
2026-09-02T16:30:47+00:00,057827cd-6583-4a3a-a461-f8546073fd02,SUN,Sun Klosterstr.,Berlin,52.52943,13.19517,2.4,2.309,2.249,2.289,True
2026-09-02T16:30:47+00:00,905d4775-754e-4b38-baca-89c98fad1d1a,Sprint,Sprint Berlin Ruhlebener Str.,Berlin,52.529285,13.20718,2.9,2.299,2.239,2.289,True
2026-09-02T16:32:18+00:00,cebbe420-bcf3-4db8-9099-c52b783e2158,ESSO,Esso Tankstelle,BERLIN,52.549044,13.17897,0,2.319,2.259,2.299,True
2026-09-02T16:32:18+00:00,7347dd32-bfa1-470a-a6ee-2a2c95ad9af5,ARAL,Aral Tankstelle,Berlin,52.542747,13.199304,1.5,2.329,2.269,2.299,True
2026-09-02T16:32:18+00:00,9f07b69b-4b15-4852-9c60-5d293c6cadc5,Sprint,Sprint Berlin Seegefelder Str.,Berlin,52.536163,13.191189,1.6,2.299,2.239,2.289,True
2026-09-02T16:32:18+00:00,005056ba-7cb6-1ed2-bceb-641db1c24d1d,STAR,star Tankstelle,Berlin,52.534388,13.184014,1.7,2.309,2.249,2.289,True
2026-09-02T16:32:18+00:00,51d4b471-a095-1aa0-e100-80009459e03a,JET,JET BERLIN BRUNSBUETTELER DAMM 87-89,BERLIN,52.53379,13.18503,1.7,2.299,2.239,2.289,True
2026-09-02T16:32:18+00:00,d590310c-e209-46b2-bfe7-dacc6148e1f1,TotalEnergies,TotalEnergies Berlin,Berlin,52.55424,13.207408,2,2.319,2.259,2.299,True
2026-09-02T16:32:18+00:00,5d8c8a4c-bce7-4d28-ae12-0d61a971c5cc,Shell,Shell Berlin Streitstr. 19,Berlin,52.558899,13.208409,2.3,2.329,2.269,2.299,True
2026-09-02T16:32:18+00:00,057827cd-6583-4a3a-a461-f8546073fd02,SUN,Sun Klosterstr.,Berlin,52.52943,13.19517,2.4,2.309,2.249,2.289,True
2026-09-02T16:32:18+00:00,905d4775-754e-4b38-baca-89c98fad1d1a,Sprint,Sprint Berlin Ruhlebener Str.,Berlin,52.529285,13.20718,2.9,2.299,2.239,2.289,True
2026-09-02T16:33:48+00:00,cebbe420-bcf3-4db8-9099-c52b783e2158,ESSO,Esso Tankstelle,BERLIN,52.549044,13.17897,0,2.319,2.259,2.299,True
2026-09-02T16:33:48+00:00,7347dd32-bfa1-470a-a6ee-2a2c95ad9af5,ARAL,Aral Tankstelle,Berlin,52.542747,13.199304,1.5,2.329,2.269,2.299,True
2026-09-02T16:33:48+00:00,9f07b69b-4b15-4852-9c60-5d293c6cadc5,Sprint,Sprint Berlin Seegefelder Str.,Berlin,52.536163,13.191189,1.6,2.299,2.239,2.289,True
2026-09-02T16:33:48+00:00,005056ba-7cb6-1ed2-bceb-641db1c24d1d,STAR,star Tankstelle,Berlin,52.534388,13.184014,1.7,2.299,2.239,2.289,True
2026-09-02T16:33:48+00:00,51d4b471-a095-1aa0-e100-80009459e03a,JET,JET BERLIN BRUNSBUETTELER DAMM 87-89,BERLIN,52.53379,13.18503,1.7,2.299,2.239,2.289,True
2026-09-02T16:33:48+00:00,d590310c-e209-46b2-bfe7-dacc6148e1f1,TotalEnergies,TotalEnergies Berlin,Berlin,52.55424,13.207408,2,2.319,2.259,2.299,True
2026-09-02T16:33:48+00:00,5d8c8a4c-bce7-4d28-ae12-0d61a971c5cc,Shell,Shell Berlin Streitstr. 19,Berlin,52.558899,13.208409,2.3,2.329,2.269,2.299,True
2026-09-02T16:33:48+00:00,057827cd-6583-4a3a-a461-f8546073fd02,SUN,Sun Klosterstr.,Berlin,52.52943,13.19517,2.4,2.309,2.249,2.289,True
2026-09-02T16:33:48+00:00,905d4775-754e-4b38-baca-89c98fad1d1a,Sprint,Sprint Berlin Ruhlebener Str.,Berlin,52.529285,13.20718,2.9,2.299,2.239,2.289,True
2026-09-02T16:35:19+00:00,cebbe420-bcf3-4db8-9099-c52b783e2158,ESSO,Esso Tankstelle,BERLIN,52.549044,13.17897,0,2.319,2.259,2.299,True
2026-09-02T16:35:19+00:00,7347dd32-bfa1-470a-a6ee-2a2c95ad9af5,ARAL,Aral Tankstelle,Berlin,52.542747,13.199304,1.5,2.329,2.269,2.299,True
2026-09-02T16:35:19+00:00,9f07b69b-4b15-4852-9c60-5d293c6cadc5,Sprint,Sprint Berlin Seegefelder Str.,Berlin,52.536163,13.191189,1.6,2.299,2.239,2.289,True
2026-09-02T16:35:19+00:00,005056ba-7cb6-1ed2-bceb-641db1c24d1d,STAR,star Tankstelle,Berlin,52.534388,13.184014,1.7,2.299,2.239,2.289,True
2026-09-02T16:35:19+00:00,51d4b471-a095-1aa0-e100-80009459e03a,JET,JET BERLIN BRUNSBUETTELER DAMM 87-89,BERLIN,52.53379,13.18503,1.7,2.299,2.239,2.289,True
2026-09-02T16:35:19+00:00,d590310c-e209-46b2-bfe7-dacc6148e1f1,TotalEnergies,TotalEnergies Berlin,Berlin,52.55424,13.207408,2,2.319,2.259,2.299,True
2026-09-02T16:35:19+00:00,5d8c8a4c-bce7-4d28-ae12-0d61a971c5cc,Shell,Shell Berlin Streitstr. 19,Berlin,52.558899,13.208409,2.3,2.329,2.269,2.299,True
2026-09-02T16:35:19+00:00,057827cd-6583-4a3a-a461-f8546073fd02,SUN,Sun Klosterstr.,Berlin,52.52943,13.19517,2.4,2.299,2.239,2.289,True
2026-09-02T16:35:19+00:00,905d4775-754e-4b38-baca-89c98fad1d1a,Sprint,Sprint Berlin Ruhlebener Str.,Berlin,52.529285,13.20718,2.9,2.299,2.239,2.289,True
2026-09-02T16:36:50+00:00,cebbe420-bcf3-4db8-9099-c52b783e2158,ESSO,Esso Tankstelle,BERLIN,52.549044,13.17897,0,2.319,2.259,2.299,True
2026-09-02T16:36:50+00:00,7347dd32-bfa1-470a-a6ee-2a2c95ad9af5,ARAL,Aral Tankstelle,Berlin,52.542747,13.199304,1.5,2.329,2.269,2.299,True
2026-09-02T16:36:50+00:00,9f07b69b-4b15-4852-9c60-5d293c6cadc5,Sprint,Sprint Berlin Seegefelder Str.,Berlin,52.536163,13.191189,1.6,2.299,2.239,2.289,True
2026-09-02T16:36:50+00:00,005056ba-7cb6-1ed2-bceb-641db1c24d1d,STAR,star Tankstelle,Berlin,52.534388,13.184014,1.7,2.299,2.239,2.289,True
2026-09-02T16:36:50+00:00,51d4b471-a095-1aa0-e100-80009459e03a,JET,JET BERLIN BRUNSBUETTELER DAMM 87-89,BERLIN,52.53379,13.18503,1.7,2.299,2.239,2.289,True
2026-09-02T16:36:50+00:00,d590310c-e209-46b2-bfe7-dacc6148e1f1,TotalEnergies,TotalEnergies Berlin,Berlin,52.55424,13.207408,2,2.319,2.259,2.299,True
2026-09-02T16:36:50+00:00,5d8c8a4c-bce7-4d28-ae12-0d61a971c5cc,Shell,Shell Berlin Streitstr. 19,Berlin,52.558899,13.208409,2.3,2.329,2.269,2.299,True
2026-09-02T16:36:50+00:00,057827cd-6583-4a3a-a461-f8546073fd02,SUN,Sun Klosterstr.,Berlin,52.52943,13.19517,2.4,2.299,2.239,2.289,True
2026-09-02T16:36:50+00:00,905d4775-754e-4b38-baca-89c98fad1d1a,Sprint,Sprint Berlin Ruhlebener Str.,Berlin,52.529285,13.20718,2.9,2.299,2.239,2.289,True
2026-09-02T16:38:21+00:00,cebbe420-bcf3-4db8-9099-c52b783e2158,ESSO,Esso Tankstelle,BERLIN,52.549044,13.17897,0,2.319,2.259,2.299,True
2026-09-02T16:38:21+00:00,7347dd32-bfa1-470a-a6ee-2a2c95ad9af5,ARAL,Aral Tankstelle,Berlin,52.542747,13.199304,1.5,2.329,2.269,2.299,True
2026-09-02T16:38:21+00:00,9f07b69b-4b15-4852-9c60-5d293c6cadc5,Sprint,Sprint Berlin Seegefelder Str.,Berlin,52.536163,13.191189,1.6,2.299,2.239,2.289,True
2026-09-02T16:38:21+00:00,005056ba-7cb6-1ed2-bceb-641db1c24d1d,STAR,star Tankstelle,Berlin,52.534388,13.184014,1.7,2.299,2.239,2.289,True
2026-09-02T16:38:21+00:00,51d4b471-a095-1aa0-e100-80009459e03a,JET,JET BERLIN BRUNSBUETTELER DAMM 87-89,BERLIN,52.53379,13.18503,1.7,2.299,2.239,2.289,True
2026-09-02T16:38:21+00:00,d590310c-e209-46b2-bfe7-dacc6148e1f1,TotalEnergies,TotalEnergies Berlin,Berlin,52.55424,13.207408,2,2.319,2.259,2.299,True
2026-09-02T16:38:21+00:00,5d8c8a4c-bce7-4d28-ae12-0d61a971c5cc,Shell,Shell Berlin Streitstr. 19,Berlin,52.558899,13.208409,2.3,2.329,2.269,2.299,True
2026-09-02T16:38:21+00:00,057827cd-6583-4a3a-a461-f8546073fd02,SUN,Sun Klosterstr.,Berlin,52.52943,13.19517,2.4,2.299,2.239,2.289,True
2026-09-02T16:38:21+00:00,905d4775-754e-4b38-baca-89c98fad1d1a,Sprint,Sprint Berlin Ruhlebener Str.,Berlin,52.529285,13.20718,2.9,2.299,2.239,2.289,True
