ts,id,brand,name,place,lat,lng,dist,e5,e10,diesel,isOpen
2026-10-02T23:23:24+00:00,cebbe420-bcf3-4db8-9099-c52b783e2158,ESSO,Esso Tankstelle,BERLIN,52.549044,13.17897,0,2.159,2.099,2.209,True
2026-10-02T23:23:24+00:00,7347dd32-bfa1-470a-a6ee-2a2c95ad9af5,ARAL,Aral Tankstelle,Berlin,52.542747,13.199304,1.5,2.159,2.099,2.239,True
2026-10-02T23:23:24+00:00,9f07b69b-4b15-4852-9c60-5d293c6cadc5,Sprint,Sprint Berlin Seegefelder Str.,Berlin,52.536163,13.191189,1.6,2.129,2.069,2.179,False
2026-10-02T23:23:24+00:00,005056ba-7cb6-1ed2-bceb-641db1c24d1d,STAR,star Tankstelle,Berlin,52.534388,13.184014,1.7,2.129,2.069,2.179,True
2026-10-02T23:23:24+00:00,51d4b471-a095-1aa0-e100-80009459e03a,JET,JET BERLIN BRUNSBUETTELER DAMM 87-89,BERLIN,52.53379,13.18503,1.7,2.129,2.069,2.179,False
2026-10-02T23:23:24+00:00,d590310c-e209-46b2-bfe7-dacc6148e1f1,TotalEnergies,TotalEnergies Berlin,Berlin,52.55424,13.207408,2,2.139,2.079,2.189,False
2026-10-02T23:23:24+00:00,5d8c8a4c-bce7-4d28-ae12-0d61a971c5cc,Shell,Shell Berlin Streitstr. 19,Berlin,52.558899,13.208409,2.3,2.139,2.079,2.189,True
2026-10-02T23:23:24+00:00,057827cd-6583-4a3a-a461-f8546073fd02,SUN,Sun Klosterstr.,Berlin,52.52943,13.19517,2.4,2.129,2.069,2.179,True
2026-10-02T23:23:24+00:00,905d4775-754e-4b38-baca-89c98fad1d1a,Sprint,Sprint Berlin Ruhlebener Str.,Berlin,52.529285,13.20718,2.9,2.129,2.069,2.179,False
2026-10-02T23:24:54+00:00,cebbe420-bcf3-4db8-9099-c52b783e2158,ESSO,Esso Tankstelle,BERLIN,52.549044,13.17897,0,2.159,2.099,2.209,True
2026-10-02T23:24:54+00:00,7347dd32-bfa1-470a-a6ee-2a2c95ad9af5,ARAL,Aral Tankstelle,Berlin,52.542747,13.199304,1.5,2.159,2.099,2.239,True
2026-10-02T23:24:54+00:00,9f07b69b-4b15-4852-9c60-5d293c6cadc5,Sprint,Sprint Berlin Seegefelder Str.,Berlin,52.536163,13.191189,1.6,2.129,2.069,2.179,False
2026-10-02T23:24:54+00:00,005056ba-7cb6-1ed2-bceb-641db1c24d1d,STAR,star Tankstelle,Berlin,52.534388,13.184014,1.7,2.129,2.069,2.179,True
2026-10-02T23:24:54+00:00,51d4b471-a095-1aa0-e100-80009459e03a,JET,JET BERLIN BRUNSBUETTELER DAMM 87-89,BERLIN,52.53379,13.18503,1.7,2.129,2.069,2.179,False
2026-10-02T23:24:54+00:00,d590310c-e209-46b2-bfe7-dacc6148e1f1,TotalEnergies,TotalEnergies Berlin,Berlin,52.55424,13.207408,2,2.139,2.079,2.189,False
2026-10-02T23:24:54+00:00,5d8c8a4c-bce7-4d28-ae12-0d61a971c5cc,Shell,Shell Berlin Streitstr. 19,Berlin,52.558899,13.208409,2.3,2.139,2.079,2.189,True
2026-10-02T23:24:54+00:00,057827cd-6583-4a3a-a461-f8546073fd02,SUN,Sun Klosterstr.,Berlin,52.52943,13.19517,2.4,2.129,2.069,2.179,True
2026-10-02T23:24:54+00:00,905d4775-754e-4b38-baca-89c98fad1d1a,Sprint,Sprint Berlin Ruhlebener Str.,Berlin,52.529285,13.20718,2.9,2.129,2.069,2.179,False
2026-10-02T23:26:25+00:00,cebbe420-bcf3-4db8-9099-c52b783e2158,ESSO,Esso Tankstelle,BERLIN,52.549044,13.17897,0,2.159,2.099,2.209,True
2026-10-02T23:26:25+00:00,7347dd32-bfa1-470a-a6ee-2a2c95ad9af5,ARAL,Aral Tankstelle,Berlin,52.542747,13.199304,1.5,2.159,2.099,2.239,True
2026-10-02T23:26:25+00:00,9f07b69b-4b15-4852-9c60-5d293c6cadc5,Sprint,Sprint Berlin Seegefelder Str.,Berlin,52.536163,13.191189,1.6,2.129,2.069,2.179,False
2026-10-02T23:26:25+00:00,005056ba-7cb6-1ed2-bceb-641db1c24d1d,STAR,star Tankstelle,Berlin,52.534388,13.184014,1.7,2.129,2.069,2.179,True
2026-10-02T23:26:25+00:00,51d4b471-a095-1aa0-e100-80009459e03a,JET,JET BERLIN BRUNSBUETTELER DAMM 87-89,BERLIN,52.53379,13.18503,1.7,2.129,2.069,2.179,False
2026-10-02T23:26:25+00:00,d590310c-e209-46b2-bfe7-dacc6148e1f1,TotalEnergies,TotalEnergies Berlin,Berlin,52.55424,13.207408,2,2.139,2.079,2.189,False
2026-10-02T23:26:25+00:00,5d8c8a4c-bce7-4d28-ae12-0d61a971c5cc,Shell,Shell Berlin Streitstr. 19,Berlin,52.558899,13.208409,2.3,2.139,2.079,2.189,True
2026-10-02T23:26:25+00:00,057827cd-6583-4a3a-a461-f8546073fd02,SUN,Sun Klosterstr.,Berlin,52.52943,13.19517,2.4,2.129,2.069,2.179,True
2026-10-02T23:26:25+00:00,905d4775-754e-4b38-baca-89c98fad1d1a,Sprint,Sprint Berlin Ruhlebener Str.,Berlin,52.529285,13.20718,2.9,2.129,2.069,2.179,False
2026-10-02T23:27:56+00:00,cebbe420-bcf3-4db8-9099-c52b783e2158,ESSO,Esso Tankstelle,BERLIN,52.549044,13.17897,0,2.159,2.099,2.209,True
2026-10-02T23:27:56+00:00,7347dd32-bfa1-470a-a6ee-2a2c95ad9af5,ARAL,Aral Tankstelle,Berlin,52.542747,13.199304,1.5,2.159,2.099,2.239,True
2026-10-02T23:27:56+00:00,9f07b69b-4b15-4852-9c60-5d293c6cadc5,Sprint,Sprint Berlin Seegefelder Str.,Berlin,52.536163,13.191189,1.6,2.129,2.069,2.179,False
2026-10-02T23:27:56+00:00,005056ba-7cb6-1ed2-bceb-641db1c24d1d,STAR,star Tankstelle,Berlin,52.534388,13.184014,1.7,2.129,2.069,2.179,True
2026-10-02T23:27:56+00:00,51d4b471-a095-1aa0-e100-80009459e03a,JET,JET BERLIN BRUNSBUETTELER DAMM 87-89,BERLIN,52.53379,13.18503,1.7,2.129,2.069,2.179,False
2026-10-02T23:27:56+00:00,d590310c-e209-46b2-bfe7-dacc6148e1f1,TotalEnergies,TotalEnergies Berlin,Berlin,52.55424,13.207408,2,2.139,2.079,2.189,False
2026-10-02T23:27:56+00:00,5d8c8a4c-bce7-4d28-ae12-0d61a971c5cc,Shell,Shell Berlin Streitstr. 19,Berlin,52.558899,13.208409,2.3,2.139,2.079,2.189,True
2026-10-02T23:27:56+00:00,057827cd-6583-4a3a-a461-f8546073fd02,SUN,Sun Klosterstr.,Berlin,52.52943,13.19517,2.4,2.129,2.069,2.179,True
2026-10-02T23:27:56+00:00,905d4775-754e-4b38-baca-89c98fad1d1a,Sprint,Sprint Berlin Ruhlebener Str.,Berlin,52.529285,13.20718,2.9,2.129,2.069,2.179,False
2026-10-02T23:29:27+00:00,cebbe420-bcf3-4db8-9099-c52b783e2158,ESSO,Esso Tankstelle,BERLIN,52.549044,13.17897,0,2.159,2.099,2.209,True
2026-10-02T23:29:27+00:00,7347dd32-bfa1-470a-a6ee-2a2c95ad9af5,ARAL,Aral Tankstelle,Berlin,52.542747,13.199304,1.5,2.159,2.099,2.239,True
2026-10-02T23:29:27+00:00,9f07b69b-4b15-4852-9c60-5d293c6cadc5,Sprint,Sprint Berlin Seegefelder Str.,Berlin,52.536163,13.191189,1.6,2.129,2.069,2.179,False
2026-10-02T23:29:27+00:00,005056ba-7cb6-1ed2-bceb-641db1c24d1d,STAR,star Tankstelle,Berlin,52.534388,13.184014,1.7,2.129,2.069,2.179,True
2026-10-02T23:29:27+00:00,51d4b471-a095-1aa0-e100-80009459e03a,JET,JET BERLIN BRUNSBUETTELER DAMM 87-89,BERLIN,52.53379,13.18503,1.7,2.129,2.069,2.179,False
2026-10-02T23:29:27+00:00,d590310c-e209-46b2-bfe7-dacc6148e1f1,TotalEnergies,TotalEnergies Berlin,Berlin,52.55424,13.207408,2,2.139,2.079,2.189,False
2026-10-02T23:29:27+00:00,5d8c8a4c-bce7-4d28-ae12-0d61a971c5cc,Shell,Shell Berlin Streitstr. 19,Berlin,52.558899,13.208409,2.3,2.139,2.079,2.189,True
2026-10-02T23:29:27+00:00,057827cd-6583-4a3a-a461-f8546073fd02,SUN,Sun Klosterstr.,Berlin,52.52943,13.19517,2.4,2.129,2.069,2.179,True
2026-10-02T23:29:27+00:00,905d4775-754e-4b38-baca-89c98fad1d1a,Sprint,Sprint Berlin Ruhlebener Str.,Berlin,52.529285,13.20718,2.9,2.129,2.069,2.179,False
2026-10-02T23:30:57+00:00,cebbe420-bcf3-4db8-9099-c52b783e2158,ESSO,Esso Tankstelle,BERLIN,52.549044,13.17897,0,2.159,2.099,2.209,True
2026-10-02T23:30:57+00:00,7347dd32-bfa1-470a-a6ee-2a2c95ad9af5,ARAL,Aral Tankstelle,Berlin,52.542747,13.199304,1.5,2.159,2.099,2.239,True
2026-10-02T23:30:57+00:00,9f07b69b-4b15-4852-9c60-5d293c6cadc5,Sprint,Sprint Berlin Seegefelder Str.,Berlin,52.536163,13.191189,1.6,2.129,2.069,2.179,False
2026-10-02T23:30:57+00:00,005056ba-7cb6-1ed2-bceb-641db1c24d1d,STAR,star Tankstelle,Berlin,52.534388,13.184014,1.7,2.129,2.069,2.179,True
2026-10-02T23:30:57+00:00,51d4b471-a095-1aa0-e100-80009459e03a,JET,JET BERLIN BRUNSBUETTELER DAMM 87-89,BERLIN,52.53379,13.18503,1.7,2.129,2.069,2.179,False
2026-10-02T23:30:57+00:00,d590310c-e209-46b2-bfe7-dacc6148e1f1,TotalEnergies,TotalEnergies Berlin,Berlin,52.55424,13.207408,2,2.139,2.079,2.189,False
2026-10-02T23:30:57+00:00,5d8c8a4c-bce7-4d28-ae12-0d61a971c5cc,Shell,Shell Berlin Streitstr. 19,Berlin,52.558899,13.208409,2.3,2.139,2.079,2.189,True
2026-10-02T23:30:57+00:00,057827cd-6583-4a3a-a461-f8546073fd02,SUN,Sun Klosterstr.,Berlin,52.52943,13.19517,2.4,2.129,2.069,2.179,True
2026-10-02T23:30:57+00:00,905d4775-754e-4b38-baca-89c98fad1d1a,Sprint,Sprint Berlin Ruhlebener Str.,Berlin,52.529285,13.20718,2.9,2.129,2.069,2.179,False
2026-10-02T23:32:28+00:00,cebbe420-bcf3-4db8-9099-c52b783e2158,ESSO,Esso Tankstelle,BERLIN,52.549044,13.17897,0,2.159,2.099,2.209,True
2026-10-02T23:32:28+00:00,7347dd32-bfa1-470a-a6ee-2a2c95ad9af5,ARAL,Aral Tankstelle,Berlin,52.542747,13.199304,1.5,2.159,2.099,2.239,True
2026-10-02T23:32:28+00:00,9f07b69b-4b15-4852-9c60-5d293c6cadc5,Sprint,Sprint Berlin Seegefelder Str.,Berlin,52.536163,13.191189,1.6,2.129,2.069,2.179,False
2026-10-02T23:32:28+00:00,005056ba-7cb6-1ed2-bceb-641db1c24d1d,STAR,star Tankstelle,Berlin,52.534388,13.184014,1.7,2.129,2.069,2.179,True
2026-10-02T23:32:28+00:00,51d4b471-a095-1aa0-e100-80009459e03a,JET,JET BERLIN BRUNSBUETTELER DAMM 87-89,BERLIN,52.53379,13.18503,1.7,2.129,2.069,2.179,False
2026-10-02T23:32:28+00:00,d590310c-e209-46b2-bfe7-dacc6148e1f1,TotalEnergies,TotalEnergies Berlin,Berlin,52.55424,13.207408,2,2.139,2.079,2.189,False
2026-10-02T23:32:28+00:00,5d8c8a4c-bce7-4d28-ae12-0d61a971c5cc,Shell,Shell Berlin Streitstr. 19,Berlin,52.558899,13.208409,2.3,2.139,2.079,2.189,True
2026-10-02T23:32:28+00:00,057827cd-6583-4a3a-a461-f8546073fd02,SUN,Sun Klosterstr.,Berlin,52.52943,13.19517,2.4,2.129,2.069,2.179,True
2026-10-02T23:32:28+00:00,905d4775-754e-4b38-baca-89c98fad1d1a,Sprint,Sprint Berlin Ruhlebener Str.,Berlin,52.529285,13.20718,2.9,2.129,2.069,2.179,False
2026-10-02T23:34:01+00:00,cebbe420-bcf3-4db8-9099-c52b783e2158,ESSO,Esso Tankstelle,BERLIN,52.549044,13.17897,0,2.159,2.099,2.209,True
2026-10-02T23:34:01+00:00,7347dd32-bfa1-470a-a6ee-2a2c95ad9af5,ARAL,Aral Tankstelle,Berlin,52.542747,13.199304,1.5,2.159,2.099,2.239,True
2026-10-02T23:34:01+00:00,9f07b69b-4b15-4852-9c60-5d293c6cadc5,Sprint,Sprint Berlin Seegefelder Str.,Berlin,52.536163,13.191189,1.6,2.129,2.069,2.179,False
2026-10-02T23:34:01+00:00,005056ba-7cb6-1ed2-bceb-641db1c24d1d,STAR,star Tankstelle,Berlin,52.534388,13.184014,1.7,2.129,2.069,2.179,True
2026-10-02T23:34:01+00:00,51d4b471-a095-1aa0-e100-80009459e03a,JET,JET BERLIN BRUNSBUETTELER DAMM 87-89,BERLIN,52.53379,13.18503,1.7,2.129,2.069,2.179,False
2026-10-02T23:34:01+00:00,d590310c-e209-46b2-bfe7-dacc6148e1f1,TotalEnergies,TotalEnergies Berlin,Berlin,52.55424,13.207408,2,2.139,2.079,2.189,False
2026-10-02T23:34:01+00:00,5d8c8a4c-bce7-4d28-ae12-0d61a971c5cc,Shell,Shell Berlin Streitstr. 19,Berlin,52.558899,13.208409,2.3,2.139,2.079,2.189,True
2026-10-02T23:34:01+00:00,057827cd-6583-4a3a-a461-f8546073fd02,SUN,Sun Klosterstr.,Berlin,52.52943,13.19517,2.4,2.129,2.069,2.179,True
2026-10-02T23:34:01+00:00,905d4775-754e-4b38-baca-89c98fad1d1a,Sprint,Sprint Berlin Ruhlebener Str.,Berlin,52.529285,13.20718,2.9,2.129,2.069,2.179,False
2026-10-02T23:35:32+00:00,cebbe420-bcf3-4db8-9099-c52b783e2158,ESSO,Esso Tankstelle,BERLIN,52.549044,13.17897,0,2.159,2.099,2.209,True
2026-10-02T23:35:32+00:00,7347dd32-bfa1-470a-a6ee-2a2c95ad9af5,ARAL,Aral Tankstelle,Berlin,52.542747,13.199304,1.5,2.159,2.099,2.239,True
2026-10-02T23:35:32+00:00,9f07b69b-4b15-4852-9c60-5d293c6cadc5,Sprint,Sprint Berlin Seegefelder Str.,Berlin,52.536163,13.191189,1.6,2.129,2.069,2.179,False
2026-10-02T23:35:32+00:00,005056ba-7cb6-1ed2-bceb-641db1c24d1d,STAR,star Tankstelle,Berlin,52.534388,13.184014,1.7,2.129,2.069,2.179,True
2026-10-02T23:35:32+00:00,51d4b471-a095-1aa0-e100-80009459e03a,JET,JET BERLIN BRUNSBUETTELER DAMM 87-89,BERLIN,52.53379,13.18503,1.7,2.129,2.069,2.179,False
2026-10-02T23:35:32+00:00,d590310c-e209-46b2-bfe7-dacc6148e1f1,TotalEnergies,TotalEnergies Berlin,Berlin,52.55424,13.207408,2,2.139,2.079,2.189,False
2026-10-02T23:35:32+00:00,5d8c8a4c-bce7-4d28-ae12-0d61a971c5cc,Shell,Shell Berlin Streitstr. 19,Berlin,52.558899,13.208409,2.3,2.139,2.079,2.189,True
2026-10-02T23:35:32+00:00,057827cd-6583-4a3a-a461-f8546073fd02,SUN,Sun Klosterstr.,Berlin,52.52943,13.19517,2.4,2.129,2.069,2.179,True
2026-10-02T23:35:32+00:00,905d4775-754e-4b38-baca-89c98fad1d1a,Sprint,Sprint Berlin Ruhlebener Str.,Berlin,52.529285,13.20718,2.9,2.129,2.069,2.179,False
2026-10-02T23:37:02+00:00,cebbe420-bcf3-4db8-9099-c52b783e2158,ESSO,Esso Tankstelle,BERLIN,52.549044,13.17897,0,2.159,2.099,2.209,True
2026-10-02T23:37:02+00:00,7347dd32-bfa1-470a-a6ee-2a2c95ad9af5,ARAL,Aral Tankstelle,Berlin,52.542747,13.199304,1.5,2.159,2.099,2.239,True
2026-10-02T23:37:02+00:00,9f07b69b-4b15-4852-9c60-5d293c6cadc5,Sprint,Sprint Berlin Seegefelder Str.,Berlin,52.536163,13.191189,1.6,2.129,2.069,2.179,False
2026-10-02T23:37:02+00:00,005056ba-7cb6-1ed2-bceb-641db1c24d1d,STAR,star Tankstelle,Berlin,52.534388,13.184014,1.7,2.129,2.069,2.179,True
2026-10-02T23:37:02+00:00,51d4b471-a095-1aa0-e100-80009459e03a,JET,JET BERLIN BRUNSBUETTELER DAMM 87-89,BERLIN,52.53379,13.18503,1.7,2.129,2.069,2.179,False
2026-10-02T23:37:02+00:00,d590310c-e209-46b2-bfe7-dacc6148e1f1,TotalEnergies,TotalEnergies Berlin,Berlin,52.55424,13.207408,2,2.139,2.079,2.189,False
2026-10-02T23:37:02+00:00,5d8c8a4c-bce7-4d28-ae12-0d61a971c5cc,Shell,Shell Berlin Streitstr. 19,Berlin,52.558899,13.208409,2.3,2.139,2.079,2.189,True
2026-10-02T23:37:02+00:00,057827cd-6583-4a3a-a461-f8546073fd02,SUN,Sun Klosterstr.,Berlin,52.52943,13.19517,2.4,2.129,2.069,2.179,True
2026-10-02T23:37:02+00:00,905d4775-754e-4b38-baca-89c98fad1d1a,Sprint,Sprint Berlin Ruhlebener Str.,Berlin,52.529285,13.20718,2.9,2.129,2.069,2.179,False
2026-10-02T23:38:33+00:00,cebbe420-bcf3-4db8-9099-c52b783e2158,ESSO,Esso Tankstelle,BERLIN,52.549044,13.17897,0,2.159,2.099,2.209,True
2026-10-02T23:38:33+00:00,7347dd32-bfa1-470a-a6ee-2a2c95ad9af5,ARAL,Aral Tankstelle,Berlin,52.542747,13.199304,1.5,2.159,2.099,2.239,True
2026-10-02T23:38:33+00:00,9f07b69b-4b15-4852-9c60-5d293c6cadc5,Sprint,Sprint Berlin Seegefelder Str.,Berlin,52.536163,13.191189,1.6,2.129,2.069,2.179,False
2026-10-02T23:38:33+00:00,005056ba-7cb6-1ed2-bceb-641db1c24d1d,STAR,star Tankstelle,Berlin,52.534388,13.184014,1.7,2.129,2.069,2.179,True
2026-10-02T23:38:33+00:00,51d4b471-a095-1aa0-e100-80009459e03a,JET,JET BERLIN BRUNSBUETTELER DAMM 87-89,BERLIN,52.53379,13.18503,1.7,2.129,2.069,2.179,False
2026-10-02T23:38:33+00:00,d590310c-e209-46b2-bfe7-dacc6148e1f1,TotalEnergies,TotalEnergies Berlin,Berlin,52.55424,13.207408,2,2.139,2.079,2.189,False
2026-10-02T23:38:33+00:00,5d8c8a4c-bce7-4d28-ae12-0d61a971c5cc,Shell,Shell Berlin Streitstr. 19,Berlin,52.558899,13.208409,2.3,2.139,2.079,2.189,True
2026-10-02T23:38:33+00:00,057827cd-6583-4a3a-a461-f8546073fd02,SUN,Sun Klosterstr.,Berlin,52.52943,13.19517,2.4,2.129,2.069,2.179,True
2026-10-02T23:38:33+00:00,905d4775-754e-4b38-baca-89c98fad1d1a,Sprint,Sprint Berlin Ruhlebener Str.,Berlin,52.529285,13.20718,2.9,2.129,2.069,2.179,False
2026-10-02T23:40:04+00:00,cebbe420-bcf3-4db8-9099-c52b783e2158,ESSO,Esso Tankstelle,BERLIN,52.549044,13.17897,0,2.159,2.099,2.209,True
2026-10-02T23:40:04+00:00,7347dd32-bfa1-470a-a6ee-2a2c95ad9af5,ARAL,Aral Tankstelle,Berlin,52.542747,13.199304,1.5,2.159,2.099,2.239,True
2026-10-02T23:40:04+00:00,9f07b69b-4b15-4852-9c60-5d293c6cadc5,Sprint,Sprint Berlin Seegefelder Str.,Berlin,52.536163,13.191189,1.6,2.129,2.069,2.179,False
2026-10-02T23:40:04+00:00,005056ba-7cb6-1ed2-bceb-641db1c24d1d,STAR,star Tankstelle,Berlin,52.534388,13.184014,1.7,2.129,2.069,2.179,True
2026-10-02T23:40:04+00:00,51d4b471-a095-1aa0-e100-80009459e03a,JET,JET BERLIN BRUNSBUETTELER DAMM 87-89,BERLIN,52.53379,13.18503,1.7,2.129,2.069,2.179,False
2026-10-02T23:40:04+00:00,d590310c-e209-46b2-bfe7-dacc6148e1f1,TotalEnergies,TotalEnergies Berlin,Berlin,52.55424,13.207408,2,2.139,2.079,2.189,False
2026-10-02T23:40:04+00:00,5d8c8a4c-bce7-4d28-ae12-0d61a971c5cc,Shell,Shell Berlin Streitstr. 19,Berlin,52.558899,13.208409,2.3,2.139,2.079,2.189,True
2026-10-02T23:40:04+00:00,057827cd-6583-4a3a-a461-f8546073fd02,SUN,Sun Klosterstr.,Berlin,52.52943,13.19517,2.4,2.129,2.069,2.179,True
2026-10-02T23:40:04+00:00,905d4775-754e-4b38-baca-89c98fad1d1a,Sprint,Sprint Berlin Ruhlebener Str.,Berlin,52.529285,13.20718,2.9,2.129,2.069,2.179,False
2026-10-02T23:41:39+00:00,cebbe420-bcf3-4db8-9099-c52b783e2158,ESSO,Esso Tankstelle,BERLIN,52.549044,13.17897,0,2.159,2.099,2.209,True
2026-10-02T23:41:39+00:00,7347dd32-bfa1-470a-a6ee-2a2c95ad9af5,ARAL,Aral Tankstelle,Berlin,52.542747,13.199304,1.5,2.159,2.099,2.239,True
2026-10-02T23:41:39+00:00,9f07b69b-4b15-4852-9c60-5d293c6cadc5,Sprint,Sprint Berlin Seegefelder Str.,Berlin,52.536163,13.191189,1.6,2.129,2.069,2.179,False
2026-10-02T23:41:39+00:00,005056ba-7cb6-1ed2-bceb-641db1c24d1d,STAR,star Tankstelle,Berlin,52.534388,13.184014,1.7,2.129,2.069,2.179,True
2026-10-02T23:41:39+00:00,51d4b471-a095-1aa0-e100-80009459e03a,JET,JET BERLIN BRUNSBUETTELER DAMM 87-89,BERLIN,52.53379,13.18503,1.7,2.129,2.069,2.179,False
2026-10-02T23:41:39+00:00,d590310c-e209-46b2-bfe7-dacc6148e1f1,TotalEnergies,TotalEnergies Berlin,Berlin,52.55424,13.207408,2,2.139,2.079,2.189,False
2026-10-02T23:41:39+00:00,5d8c8a4c-bce7-4d28-ae12-0d61a971c5cc,Shell,Shell Berlin Streitstr. 19,Berlin,52.558899,13.208409,2.3,2.139,2.079,2.189,True
2026-10-02T23:41:39+00:00,057827cd-6583-4a3a-a461-f8546073fd02,SUN,Sun Klosterstr.,Berlin,52.52943,13.19517,2.4,2.129,2.069,2.179,True
2026-10-02T23:41:39+00:00,905d4775-754e-4b38-baca-89c98fad1d1a,Sprint,Sprint Berlin Ruhlebener Str.,Berlin,52.529285,13.20718,2.9,2.129,2.069,2.179,False
2026-10-02T23:43:09+00:00,cebbe420-bcf3-4db8-9099-c52b783e2158,ESSO,Esso Tankstelle,BERLIN,52.549044,13.17897,0,2.159,2.099,2.209,True
2026-10-02T23:43:09+00:00,7347dd32-bfa1-470a-a6ee-2a2c95ad9af5,ARAL,Aral Tankstelle,Berlin,52.542747,13.199304,1.5,2.159,2.099,2.239,True
2026-10-02T23:43:09+00:00,9f07b69b-4b15-4852-9c60-5d293c6cadc5,Sprint,Sprint Berlin Seegefelder Str.,Berlin,52.536163,13.191189,1.6,2.129,2.069,2.179,False
2026-10-02T23:43:09+00:00,005056ba-7cb6-1ed2-bceb-641db1c24d1d,STAR,star Tankstelle,Berlin,52.534388,13.184014,1.7,2.129,2.069,2.179,True
2026-10-02T23:43:09+00:00,51d4b471-a095-1aa0-e100-80009459e03a,JET,JET BERLIN BRUNSBUETTELER DAMM 87-89,BERLIN,52.53379,13.18503,1.7,2.129,2.069,2.179,False
2026-10-02T23:43:09+00:00,d590310c-e209-46b2-bfe7-dacc6148e1f1,TotalEnergies,TotalEnergies Berlin,Berlin,52.55424,13.207408,2,2.139,2.079,2.189,False
2026-10-02T23:43:09+00:00,5d8c8a4c-bce7-4d28-ae12-0d61a971c5cc,Shell,Shell Berlin Streitstr. 19,Berlin,52.558899,13.208409,2.3,2.139,2.079,2.189,True
2026-10-02T23:43:09+00:00,057827cd-6583-4a3a-a461-f8546073fd02,SUN,Sun Klosterstr.,Berlin,52.52943,13.19517,2.4,2.129,2.069,2.179,True
2026-10-02T23:43:09+00:00,905d4775-754e-4b38-baca-89c98fad1d1a,Sprint,Sprint Berlin Ruhlebener Str.,Berlin,52.529285,13.20718,2.9,2.129,2.069,2.179,False
2026-10-02T23:44:40+00:00,cebbe420-bcf3-4db8-9099-c52b783e2158,ESSO,Esso Tankstelle,BERLIN,52.549044,13.17897,0,2.159,2.099,2.209,True
2026-10-02T23:44:40+00:00,7347dd32-bfa1-470a-a6ee-2a2c95ad9af5,ARAL,Aral Tankstelle,Berlin,52.542747,13.199304,1.5,2.159,2.099,2.239,True
2026-10-02T23:44:40+00:00,9f07b69b-4b15-4852-9c60-5d293c6cadc5,Sprint,Sprint Berlin Seegefelder Str.,Berlin,52.536163,13.191189,1.6,2.129,2.069,2.179,False
2026-10-02T23:44:40+00:00,005056ba-7cb6-1ed2-bceb-641db1c24d1d,STAR,star Tankstelle,Berlin,52.534388,13.184014,1.7,2.129,2.069,2.179,True
2026-10-02T23:44:40+00:00,51d4b471-a095-1aa0-e100-80009459e03a,JET,JET BERLIN BRUNSBUETTELER DAMM 87-89,BERLIN,52.53379,13.18503,1.7,2.129,2.069,2.179,False
2026-10-02T23:44:40+00:00,d590310c-e209-46b2-bfe7-dacc6148e1f1,TotalEnergies,TotalEnergies Berlin,Berlin,52.55424,13.207408,2,2.139,2.079,2.189,False
2026-10-02T23:44:40+00:00,5d8c8a4c-bce7-4d28-ae12-0d61a971c5cc,Shell,Shell Berlin Streitstr. 19,Berlin,52.558899,13.208409,2.3,2.139,2.079,2.189,True
2026-10-02T23:44:40+00:00,057827cd-6583-4a3a-a461-f8546073fd02,SUN,Sun Klosterstr.,Berlin,52.52943,13.19517,2.4,2.129,2.069,2.179,True
2026-10-02T23:44:40+00:00,905d4775-754e-4b38-baca-89c98fad1d1a,Sprint,Sprint Berlin Ruhlebener Str.,Berlin,52.529285,13.20718,2.9,2.129,2.069,2.179,False
2026-10-02T23:46:11+00:00,cebbe420-bcf3-4db8-9099-c52b783e2158,ESSO,Esso Tankstelle,BERLIN,52.549044,13.17897,0,2.159,2.099,2.209,True
2026-10-02T23:46:11+00:00,7347dd32-bfa1-470a-a6ee-2a2c95ad9af5,ARAL,Aral Tankstelle,Berlin,52.542747,13.199304,1.5,2.159,2.099,2.239,True
2026-10-02T23:46:11+00:00,9f07b69b-4b15-4852-9c60-5d293c6cadc5,Sprint,Sprint Berlin Seegefelder Str.,Berlin,52.536163,13.191189,1.6,2.129,2.069,2.179,False
2026-10-02T23:46:11+00:00,005056ba-7cb6-1ed2-bceb-641db1c24d1d,STAR,star Tankstelle,Berlin,52.534388,13.184014,1.7,2.129,2.069,2.179,True
2026-10-02T23:46:11+00:00,51d4b471-a095-1aa0-e100-80009459e03a,JET,JET BERLIN BRUNSBUETTELER DAMM 87-89,BERLIN,52.53379,13.18503,1.7,2.129,2.069,2.179,False
2026-10-02T23:46:11+00:00,d590310c-e209-46b2-bfe7-dacc6148e1f1,TotalEnergies,TotalEnergies Berlin,Berlin,52.55424,13.207408,2,2.139,2.079,2.189,False
2026-10-02T23:46:11+00:00,5d8c8a4c-bce7-4d28-ae12-0d61a971c5cc,Shell,Shell Berlin Streitstr. 19,Berlin,52.558899,13.208409,2.3,2.139,2.079,2.189,True
2026-10-02T23:46:11+00:00,057827cd-6583-4a3a-a461-f8546073fd02,SUN,Sun Klosterstr.,Berlin,52.52943,13.19517,2.4,2.129,2.069,2.179,True
2026-10-02T23:46:11+00:00,905d4775-754e-4b38-baca-89c98fad1d1a,Sprint,Sprint Berlin Ruhlebener Str.,Berlin,52.529285,13.20718,2.9,2.129,2.069,2.179,False
2026-10-02T23:47:42+00:00,cebbe420-bcf3-4db8-9099-c52b783e2158,ESSO,Esso Tankstelle,BERLIN,52.549044,13.17897,0,2.159,2.099,2.209,True
2026-10-02T23:47:42+00:00,7347dd32-bfa1-470a-a6ee-2a2c95ad9af5,ARAL,Aral Tankstelle,Berlin,52.542747,13.199304,1.5,2.159,2.099,2.239,True
2026-10-02T23:47:42+00:00,9f07b69b-4b15-4852-9c60-5d293c6cadc5,Sprint,Sprint Berlin Seegefelder Str.,Berlin,52.536163,13.191189,1.6,2.129,2.069,2.179,False
2026-10-02T23:47:42+00:00,005056ba-7cb6-1ed2-bceb-641db1c24d1d,STAR,star Tankstelle,Berlin,52.534388,13.184014,1.7,2.129,2.069,2.179,True
2026-10-02T23:47:42+00:00,51d4b471-a095-1aa0-e100-80009459e03a,JET,JET BERLIN BRUNSBUETTELER DAMM 87-89,BERLIN,52.53379,13.18503,1.7,2.129,2.069,2.179,False
2026-10-02T23:47:42+00:00,d590310c-e209-46b2-bfe7-dacc6148e1f1,TotalEnergies,TotalEnergies Berlin,Berlin,52.55424,13.207408,2,2.139,2.079,2.189,False
2026-10-02T23:47:42+00:00,5d8c8a4c-bce7-4d28-ae12-0d61a971c5cc,Shell,Shell Berlin Streitstr. 19,Berlin,52.558899,13.208409,2.3,2.139,2.079,2.189,True
2026-10-02T23:47:42+00:00,057827cd-6583-4a3a-a461-f8546073fd02,SUN,Sun Klosterstr.,Berlin,52.52943,13.19517,2.4,2.129,2.069,2.179,True
2026-10-02T23:47:42+00:00,905d4775-754e-4b38-baca-89c98fad1d1a,Sprint,Sprint Berlin Ruhlebener Str.,Berlin,52.529285,13.20718,2.9,2.129,2.069,2.179,False
2026-10-02T23:49:12+00:00,cebbe420-bcf3-4db8-9099-c52b783e2158,ESSO,Esso Tankstelle,BERLIN,52.549044,13.17897,0,2.159,2.099,2.209,True
2026-10-02T23:49:12+00:00,7347dd32-bfa1-470a-a6ee-2a2c95ad9af5,ARAL,Aral Tankstelle,Berlin,52.542747,13.199304,1.5,2.159,2.099,2.239,True
2026-10-02T23:49:12+00:00,9f07b69b-4b15-4852-9c60-5d293c6cadc5,Sprint,Sprint Berlin Seegefelder Str.,Berlin,52.536163,13.191189,1.6,2.129,2.069,2.179,False
2026-10-02T23:49:12+00:00,005056ba-7cb6-1ed2-bceb-641db1c24d1d,STAR,star Tankstelle,Berlin,52.534388,13.184014,1.7,2.129,2.069,2.179,True
2026-10-02T23:49:12+00:00,51d4b471-a095-1aa0-e100-80009459e03a,JET,JET BERLIN BRUNSBUETTELER DAMM 87-89,BERLIN,52.53379,13.18503,1.7,2.129,2.069,2.179,False
2026-10-02T23:49:12+00:00,d590310c-e209-46b2-bfe7-dacc6148e1f1,TotalEnergies,TotalEnergies Berlin,Berlin,52.55424,13.207408,2,2.139,2.079,2.189,False
2026-10-02T23:49:12+00:00,5d8c8a4c-bce7-4d28-ae12-0d61a971c5cc,Shell,Shell Berlin Streitstr. 19,Berlin,52.558899,13.208409,2.3,2.139,2.079,2.189,True
2026-10-02T23:49:12+00:00,057827cd-6583-4a3a-a461-f8546073fd02,SUN,Sun Klosterstr.,Berlin,52.52943,13.19517,2.4,2.129,2.069,2.179,True
2026-10-02T23:49:12+00:00,905d4775-754e-4b38-baca-89c98fad1d1a,Sprint,Sprint Berlin Ruhlebener Str.,Berlin,52.529285,13.20718,2.9,2.129,2.069,2.179,False
2026-10-02T23:50:43+00:00,cebbe420-bcf3-4db8-9099-c52b783e2158,ESSO,Esso Tankstelle,BERLIN,52.549044,13.17897,0,2.159,2.099,2.209,True
2026-10-02T23:50:43+00:00,7347dd32-bfa1-470a-a6ee-2a2c95ad9af5,ARAL,Aral Tankstelle,Berlin,52.542747,13.199304,1.5,2.159,2.099,2.239,True
2026-10-02T23:50:43+00:00,9f07b69b-4b15-4852-9c60-5d293c6cadc5,Sprint,Sprint Berlin Seegefelder Str.,Berlin,52.536163,13.191189,1.6,2.129,2.069,2.179,False
2026-10-02T23:50:43+00:00,005056ba-7cb6-1ed2-bceb-641db1c24d1d,STAR,star Tankstelle,Berlin,52.534388,13.184014,1.7,2.129,2.069,2.179,True
2026-10-02T23:50:43+00:00,51d4b471-a095-1aa0-e100-80009459e03a,JET,JET BERLIN BRUNSBUETTELER DAMM 87-89,BERLIN,52.53379,13.18503,1.7,2.129,2.069,2.179,False
2026-10-02T23:50:43+00:00,d590310c-e209-46b2-bfe7-dacc6148e1f1,TotalEnergies,TotalEnergies Berlin,Berlin,52.55424,13.207408,2,2.139,2.079,2.189,False
2026-10-02T23:50:43+00:00,5d8c8a4c-bce7-4d28-ae12-0d61a971c5cc,Shell,Shell Berlin Streitstr. 19,Berlin,52.558899,13.208409,2.3,2.139,2.079,2.189,True
2026-10-02T23:50:43+00:00,057827cd-6583-4a3a-a461-f8546073fd02,SUN,Sun Klosterstr.,Berlin,52.52943,13.19517,2.4,2.129,2.069,2.179,True
2026-10-02T23:50:43+00:00,905d4775-754e-4b38-baca-89c98fad1d1a,Sprint,Sprint Berlin Ruhlebener Str.,Berlin,52.529285,13.20718,2.9,2.129,2.069,2.179,False
2026-10-02T23:52:13+00:00,cebbe420-bcf3-4db8-9099-c52b783e2158,ESSO,Esso Tankstelle,BERLIN,52.549044,13.17897,0,2.159,2.099,2.209,True
2026-10-02T23:52:13+00:00,7347dd32-bfa1-470a-a6ee-2a2c95ad9af5,ARAL,Aral Tankstelle,Berlin,52.542747,13.199304,1.5,2.159,2.099,2.239,True
2026-10-02T23:52:13+00:00,9f07b69b-4b15-4852-9c60-5d293c6cadc5,Sprint,Sprint Berlin Seegefelder Str.,Berlin,52.536163,13.191189,1.6,2.129,2.069,2.179,False
2026-10-02T23:52:13+00:00,005056ba-7cb6-1ed2-bceb-641db1c24d1d,STAR,star Tankstelle,Berlin,52.534388,13.184014,1.7,2.129,2.069,2.179,True
2026-10-02T23:52:13+00:00,51d4b471-a095-1aa0-e100-80009459e03a,JET,JET BERLIN BRUNSBUETTELER DAMM 87-89,BERLIN,52.53379,13.18503,1.7,2.129,2.069,2.179,False
2026-10-02T23:52:13+00:00,d590310c-e209-46b2-bfe7-dacc6148e1f1,TotalEnergies,TotalEnergies Berlin,Berlin,52.55424,13.207408,2,2.139,2.079,2.189,False
2026-10-02T23:52:13+00:00,5d8c8a4c-bce7-4d28-ae12-0d61a971c5cc,Shell,Shell Berlin Streitstr. 19,Berlin,52.558899,13.208409,2.3,2.139,2.079,2.189,True
2026-10-02T23:52:13+00:00,057827cd-6583-4a3a-a461-f8546073fd02,SUN,Sun Klosterstr.,Berlin,52.52943,13.19517,2.4,2.129,2.069,2.179,True
2026-10-02T23:52:13+00:00,905d4775-754e-4b38-baca-89c98fad1d1a,Sprint,Sprint Berlin Ruhlebener Str.,Berlin,52.529285,13.20718,2.9,2.129,2.069,2.179,False
2026-10-02T23:53:44+00:00,cebbe420-bcf3-4db8-9099-c52b783e2158,ESSO,Esso Tankstelle,BERLIN,52.549044,13.17897,0,2.159,2.099,2.209,True
2026-10-02T23:53:44+00:00,7347dd32-bfa1-470a-a6ee-2a2c95ad9af5,ARAL,Aral Tankstelle,Berlin,52.542747,13.199304,1.5,2.159,2.099,2.239,True
2026-10-02T23:53:44+00:00,9f07b69b-4b15-4852-9c60-5d293c6cadc5,Sprint,Sprint Berlin Seegefelder Str.,Berlin,52.536163,13.191189,1.6,2.129,2.069,2.179,False
2026-10-02T23:53:44+00:00,005056ba-7cb6-1ed2-bceb-641db1c24d1d,STAR,star Tankstelle,Berlin,52.534388,13.184014,1.7,2.129,2.069,2.179,True
2026-10-02T23:53:44+00:00,51d4b471-a095-1aa0-e100-80009459e03a,JET,JET BERLIN BRUNSBUETTELER DAMM 87-89,BERLIN,52.53379,13.18503,1.7,2.129,2.069,2.179,False
2026-10-02T23:53:44+00:00,d590310c-e209-46b2-bfe7-dacc6148e1f1,TotalEnergies,TotalEnergies Berlin,Berlin,52.55424,13.207408,2,2.139,2.079,2.189,False
2026-10-02T23:53:44+00:00,5d8c8a4c-bce7-4d28-ae12-0d61a971c5cc,Shell,Shell Berlin Streitstr. 19,Berlin,52.558899,13.208409,2.3,2.139,2.079,2.189,True
2026-10-02T23:53:44+00:00,057827cd-6583-4a3a-a461-f8546073fd02,SUN,Sun Klosterstr.,Berlin,52.52943,13.19517,2.4,2.129,2.069,2.179,True
2026-10-02T23:53:44+00:00,905d4775-754e-4b38-baca-89c98fad1d1a,Sprint,Sprint Berlin Ruhlebener Str.,Berlin,52.529285,13.20718,2.9,2.129,2.069,2.179,False
2026-10-02T23:55:15+00:00,cebbe420-bcf3-4db8-9099-c52b783e2158,ESSO,Esso Tankstelle,BERLIN,52.549044,13.17897,0,2.159,2.099,2.209,True
2026-10-02T23:55:15+00:00,7347dd32-bfa1-470a-a6ee-2a2c95ad9af5,ARAL,Aral Tankstelle,Berlin,52.542747,13.199304,1.5,2.159,2.099,2.239,True
2026-10-02T23:55:15+00:00,9f07b69b-4b15-4852-9c60-5d293c6cadc5,Sprint,Sprint Berlin Seegefelder Str.,Berlin,52.536163,13.191189,1.6,2.129,2.069,2.179,False
2026-10-02T23:55:15+00:00,005056ba-7cb6-1ed2-bceb-641db1c24d1d,STAR,star Tankstelle,Berlin,52.534388,13.184014,1.7,2.129,2.069,2.179,True
2026-10-02T23:55:15+00:00,51d4b471-a095-1aa0-e100-80009459e03a,JET,JET BERLIN BRUNSBUETTELER DAMM 87-89,BERLIN,52.53379,13.18503,1.7,2.129,2.069,2.179,False
2026-10-02T23:55:15+00:00,d590310c-e209-46b2-bfe7-dacc6148e1f1,TotalEnergies,TotalEnergies Berlin,Berlin,52.55424,13.207408,2,2.139,2.079,2.189,False
2026-10-02T23:55:15+00:00,5d8c8a4c-bce7-4d28-ae12-0d61a971c5cc,Shell,Shell Berlin Streitstr. 19,Berlin,52.558899,13.208409,2.3,2.139,2.079,2.189,True
2026-10-02T23:55:15+00:00,057827cd-6583-4a3a-a461-f8546073fd02,SUN,Sun Klosterstr.,Berlin,52.52943,13.19517,2.4,2.129,2.069,2.179,True
2026-10-02T23:55:15+00:00,905d4775-754e-4b38-baca-89c98fad1d1a,Sprint,Sprint Berlin Ruhlebener Str.,Berlin,52.529285,13.20718,2.9,2.129,2.069,2.179,False
2026-10-02T23:56:46+00:00,cebbe420-bcf3-4db8-9099-c52b783e2158,ESSO,Esso Tankstelle,BERLIN,52.549044,13.17897,0,2.159,2.099,2.209,True
2026-10-02T23:56:46+00:00,7347dd32-bfa1-470a-a6ee-2a2c95ad9af5,ARAL,Aral Tankstelle,Berlin,52.542747,13.199304,1.5,2.159,2.099,2.239,True
2026-10-02T23:56:46+00:00,9f07b69b-4b15-4852-9c60-5d293c6cadc5,Sprint,Sprint Berlin Seegefelder Str.,Berlin,52.536163,13.191189,1.6,2.129,2.069,2.179,False
2026-10-02T23:56:46+00:00,005056ba-7cb6-1ed2-bceb-641db1c24d1d,STAR,star Tankstelle,Berlin,52.534388,13.184014,1.7,2.129,2.069,2.179,True
2026-10-02T23:56:46+00:00,51d4b471-a095-1aa0-e100-80009459e03a,JET,JET BERLIN BRUNSBUETTELER DAMM 87-89,BERLIN,52.53379,13.18503,1.7,2.129,2.069,2.179,False
2026-10-02T23:56:46+00:00,d590310c-e209-46b2-bfe7-dacc6148e1f1,TotalEnergies,TotalEnergies Berlin,Berlin,52.55424,13.207408,2,2.139,2.079,2.189,False
2026-10-02T23:56:46+00:00,5d8c8a4c-bce7-4d28-ae12-0d61a971c5cc,Shell,Shell Berlin Streitstr. 19,Berlin,52.558899,13.208409,2.3,2.139,2.079,2.189,True
2026-10-02T23:56:46+00:00,057827cd-6583-4a3a-a461-f8546073fd02,SUN,Sun Klosterstr.,Berlin,52.52943,13.19517,2.4,2.129,2.069,2.179,True
2026-10-02T23:56:46+00:00,905d4775-754e-4b38-baca-89c98fad1d1a,Sprint,Sprint Berlin Ruhlebener Str.,Berlin,52.529285,13.20718,2.9,2.129,2.069,2.179,False
2026-10-02T23:58:16+00:00,cebbe420-bcf3-4db8-9099-c52b783e2158,ESSO,Esso Tankstelle,BERLIN,52.549044,13.17897,0,2.159,2.099,2.209,True
2026-10-02T23:58:16+00:00,7347dd32-bfa1-470a-a6ee-2a2c95ad9af5,ARAL,Aral Tankstelle,Berlin,52.542747,13.199304,1.5,2.159,2.099,2.239,True
2026-10-02T23:58:16+00:00,9f07b69b-4b15-4852-9c60-5d293c6cadc5,Sprint,Sprint Berlin Seegefelder Str.,Berlin,52.536163,13.191189,1.6,2.129,2.069,2.179,False
2026-10-02T23:58:16+00:00,005056ba-7cb6-1ed2-bceb-641db1c24d1d,STAR,star Tankstelle,Berlin,52.534388,13.184014,1.7,2.129,2.069,2.179,True
2026-10-02T23:58:16+00:00,51d4b471-a095-1aa0-e100-80009459e03a,JET,JET BERLIN BRUNSBUETTELER DAMM 87-89,BERLIN,52.53379,13.18503,1.7,2.129,2.069,2.179,False
2026-10-02T23:58:16+00:00,d590310c-e209-46b2-bfe7-dacc6148e1f1,TotalEnergies,TotalEnergies Berlin,Berlin,52.55424,13.207408,2,2.139,2.079,2.189,False
2026-10-02T23:58:16+00:00,5d8c8a4c-bce7-4d28-ae12-0d61a971c5cc,Shell,Shell Berlin Streitstr. 19,Berlin,52.558899,13.208409,2.3,2.139,2.079,2.189,True
2026-10-02T23:58:16+00:00,057827cd-6583-4a3a-a461-f8546073fd02,SUN,Sun Klosterstr.,Berlin,52.52943,13.19517,2.4,2.129,2.069,2.179,True
2026-10-02T23:58:16+00:00,905d4775-754e-4b38-baca-89c98fad1d1a,Sprint,Sprint Berlin Ruhlebener Str.,Berlin,52.529285,13.20718,2.9,2.129,2.069,2.179,False
2026-10-02T23:59:47+00:00,cebbe420-bcf3-4db8-9099-c52b783e2158,ESSO,Esso Tankstelle,BERLIN,52.549044,13.17897,0,2.159,2.099,2.209,True
2026-10-02T23:59:47+00:00,7347dd32-bfa1-470a-a6ee-2a2c95ad9af5,ARAL,Aral Tankstelle,Berlin,52.542747,13.199304,1.5,2.159,2.099,2.239,True
2026-10-02T23:59:47+00:00,9f07b69b-4b15-4852-9c60-5d293c6cadc5,Sprint,Sprint Berlin Seegefelder Str.,Berlin,52.536163,13.191189,1.6,2.129,2.069,2.179,False
2026-10-02T23:59:47+00:00,005056ba-7cb6-1ed2-bceb-641db1c24d1d,STAR,star Tankstelle,Berlin,52.534388,13.184014,1.7,2.129,2.069,2.179,True
2026-10-02T23:59:47+00:00,51d4b471-a095-1aa0-e100-80009459e03a,JET,JET BERLIN BRUNSBUETTELER DAMM 87-89,BERLIN,52.53379,13.18503,1.7,2.129,2.069,2.179,False
2026-10-02T23:59:47+00:00,d590310c-e209-46b2-bfe7-dacc6148e1f1,TotalEnergies,TotalEnergies Berlin,Berlin,52.55424,13.207408,2,2.139,2.079,2.189,False
2026-10-02T23:59:47+00:00,5d8c8a4c-bce7-4d28-ae12-0d61a971c5cc,Shell,Shell Berlin Streitstr. 19,Berlin,52.558899,13.208409,2.3,2.139,2.079,2.189,True
2026-10-02T23:59:47+00:00,057827cd-6583-4a3a-a461-f8546073fd02,SUN,Sun Klosterstr.,Berlin,52.52943,13.19517,2.4,2.129,2.069,2.179,True
2026-10-02T23:59:47+00:00,905d4775-754e-4b38-baca-89c98fad1d1a,Sprint,Sprint Berlin Ruhlebener Str.,Berlin,52.529285,13.20718,2.9,2.129,2.069,2.179,False
2026-10-03T00:01:18+00:00,cebbe420-bcf3-4db8-9099-c52b783e2158,ESSO,Esso Tankstelle,BERLIN,52.549044,13.17897,0,2.159,2.099,2.209,True
2026-10-03T00:01:18+00:00,7347dd32-bfa1-470a-a6ee-2a2c95ad9af5,ARAL,Aral Tankstelle,Berlin,52.542747,13.199304,1.5,2.159,2.099,2.239,True
2026-10-03T00:01:18+00:00,9f07b69b-4b15-4852-9c60-5d293c6cadc5,Sprint,Sprint Berlin Seegefelder Str.,Berlin,52.536163,13.191189,1.6,2.129,2.069,2.179,False
2026-10-03T00:01:18+00:00,005056ba-7cb6-1ed2-bceb-641db1c24d1d,STAR,star Tankstelle,Berlin,52.534388,13.184014,1.7,2.129,2.069,2.179,True
2026-10-03T00:01:18+00:00,51d4b471-a095-1aa0-e100-80009459e03a,JET,JET BERLIN BRUNSBUETTELER DAMM 87-89,BERLIN,52.53379,13.18503,1.7,2.129,2.069,2.179,False
2026-10-03T00:01:18+00:00,d590310c-e209-46b2-bfe7-dacc6148e1f1,TotalEnergies,TotalEnergies Berlin,Berlin,52.55424,13.207408,2,2.139,2.079,2.189,False
2026-10-03T00:01:18+00:00,5d8c8a4c-bce7-4d28-ae12-0d61a971c5cc,Shell,Shell Berlin Streitstr. 19,Berlin,52.558899,13.208409,2.3,2.139,2.079,2.189,True
2026-10-03T00:01:18+00:00,057827cd-6583-4a3a-a461-f8546073fd02,SUN,Sun Klosterstr.,Berlin,52.52943,13.19517,2.4,2.129,2.069,2.179,True
2026-10-03T00:01:18+00:00,905d4775-754e-4b38-baca-89c98fad1d1a,Sprint,Sprint Berlin Ruhlebener Str.,Berlin,52.529285,13.20718,2.9,2.129,2.069,2.179,False
2026-10-03T00:02:49+00:00,cebbe420-bcf3-4db8-9099-c52b783e2158,ESSO,Esso Tankstelle,BERLIN,52.549044,13.17897,0,2.159,2.099,2.209,True
2026-10-03T00:02:49+00:00,7347dd32-bfa1-470a-a6ee-2a2c95ad9af5,ARAL,Aral Tankstelle,Berlin,52.542747,13.199304,1.5,2.159,2.099,2.239,True
2026-10-03T00:02:49+00:00,9f07b69b-4b15-4852-9c60-5d293c6cadc5,Sprint,Sprint Berlin Seegefelder Str.,Berlin,52.536163,13.191189,1.6,2.129,2.069,2.179,False
2026-10-03T00:02:49+00:00,005056ba-7cb6-1ed2-bceb-641db1c24d1d,STAR,star Tankstelle,Berlin,52.534388,13.184014,1.7,2.129,2.069,2.179,True
2026-10-03T00:02:49+00:00,51d4b471-a095-1aa0-e100-80009459e03a,JET,JET BERLIN BRUNSBUETTELER DAMM 87-89,BERLIN,52.53379,13.18503,1.7,2.129,2.069,2.179,False
2026-10-03T00:02:49+00:00,d590310c-e209-46b2-bfe7-dacc6148e1f1,TotalEnergies,TotalEnergies Berlin,Berlin,52.55424,13.207408,2,2.139,2.079,2.189,False
2026-10-03T00:02:49+00:00,5d8c8a4c-bce7-4d28-ae12-0d61a971c5cc,Shell,Shell Berlin Streitstr. 19,Berlin,52.558899,13.208409,2.3,2.139,2.079,2.189,True
2026-10-03T00:02:49+00:00,057827cd-6583-4a3a-a461-f8546073fd02,SUN,Sun Klosterstr.,Berlin,52.52943,13.19517,2.4,2.129,2.069,2.179,True
2026-10-03T00:02:49+00:00,905d4775-754e-4b38-baca-89c98fad1d1a,Sprint,Sprint Berlin Ruhlebener Str.,Berlin,52.529285,13.20718,2.9,2.129,2.069,2.179,False
2026-10-03T00:04:19+00:00,cebbe420-bcf3-4db8-9099-c52b783e2158,ESSO,Esso Tankstelle,BERLIN,52.549044,13.17897,0,2.159,2.099,2.209,True
2026-10-03T00:04:19+00:00,7347dd32-bfa1-470a-a6ee-2a2c95ad9af5,ARAL,Aral Tankstelle,Berlin,52.542747,13.199304,1.5,2.159,2.099,2.239,True
2026-10-03T00:04:19+00:00,9f07b69b-4b15-4852-9c60-5d293c6cadc5,Sprint,Sprint Berlin Seegefelder Str.,Berlin,52.536163,13.191189,1.6,2.129,2.069,2.179,False
2026-10-03T00:04:19+00:00,005056ba-7cb6-1ed2-bceb-641db1c24d1d,STAR,star Tankstelle,Berlin,52.534388,13.184014,1.7,2.129,2.069,2.179,True
2026-10-03T00:04:19+00:00,51d4b471-a095-1aa0-e100-80009459e03a,JET,JET BERLIN BRUNSBUETTELER DAMM 87-89,BERLIN,52.53379,13.18503,1.7,2.129,2.069,2.179,False
2026-10-03T00:04:19+00:00,d590310c-e209-46b2-bfe7-dacc6148e1f1,TotalEnergies,TotalEnergies Berlin,Berlin,52.55424,13.207408,2,2.139,2.079,2.189,False
2026-10-03T00:04:19+00:00,5d8c8a4c-bce7-4d28-ae12-0d61a971c5cc,Shell,Shell Berlin Streitstr. 19,Berlin,52.558899,13.208409,2.3,2.139,2.079,2.189,True
2026-10-03T00:04:19+00:00,057827cd-6583-4a3a-a461-f8546073fd02,SUN,Sun Klosterstr.,Berlin,52.52943,13.19517,2.4,2.129,2.069,2.179,True
2026-10-03T00:04:19+00:00,905d4775-754e-4b38-baca-89c98fad1d1a,Sprint,Sprint Berlin Ruhlebener Str.,Berlin,52.529285,13.20718,2.9,2.129,2.069,2.179,False
2026-10-03T00:05:50+00:00,cebbe420-bcf3-4db8-9099-c52b783e2158,ESSO,Esso Tankstelle,BERLIN,52.549044,13.17897,0,2.159,2.099,2.209,True
2026-10-03T00:05:50+00:00,7347dd32-bfa1-470a-a6ee-2a2c95ad9af5,ARAL,Aral Tankstelle,Berlin,52.542747,13.199304,1.5,2.159,2.099,2.239,True
2026-10-03T00:05:50+00:00,9f07b69b-4b15-4852-9c60-5d293c6cadc5,Sprint,Sprint Berlin Seegefelder Str.,Berlin,52.536163,13.191189,1.6,2.129,2.069,2.179,False
2026-10-03T00:05:50+00:00,005056ba-7cb6-1ed2-bceb-641db1c24d1d,STAR,star Tankstelle,Berlin,52.534388,13.184014,1.7,2.129,2.069,2.179,True
2026-10-03T00:05:50+00:00,51d4b471-a095-1aa0-e100-80009459e03a,JET,JET BERLIN BRUNSBUETTELER DAMM 87-89,BERLIN,52.53379,13.18503,1.7,2.129,2.069,2.179,False
2026-10-03T00:05:50+00:00,d590310c-e209-46b2-bfe7-dacc6148e1f1,TotalEnergies,TotalEnergies Berlin,Berlin,52.55424,13.207408,2,2.139,2.079,2.189,False
2026-10-03T00:05:50+00:00,5d8c8a4c-bce7-4d28-ae12-0d61a971c5cc,Shell,Shell Berlin Streitstr. 19,Berlin,52.558899,13.208409,2.3,2.139,2.079,2.189,True
2026-10-03T00:05:50+00:00,057827cd-6583-4a3a-a461-f8546073fd02,SUN,Sun Klosterstr.,Berlin,52.52943,13.19517,2.4,2.129,2.069,2.179,True
2026-10-03T00:05:50+00:00,905d4775-754e-4b38-baca-89c98fad1d1a,Sprint,Sprint Berlin Ruhlebener Str.,Berlin,52.529285,13.20718,2.9,2.129,2.069,2.179,False
2026-10-03T00:07:21+00:00,cebbe420-bcf3-4db8-9099-c52b783e2158,ESSO,Esso Tankstelle,BERLIN,52.549044,13.17897,0,2.159,2.099,2.209,True
2026-10-03T00:07:21+00:00,7347dd32-bfa1-470a-a6ee-2a2c95ad9af5,ARAL,Aral Tankstelle,Berlin,52.542747,13.199304,1.5,2.159,2.099,2.239,True
2026-10-03T00:07:21+00:00,9f07b69b-4b15-4852-9c60-5d293c6cadc5,Sprint,Sprint Berlin Seegefelder Str.,Berlin,52.536163,13.191189,1.6,2.129,2.069,2.179,False
2026-10-03T00:07:21+00:00,005056ba-7cb6-1ed2-bceb-641db1c24d1d,STAR,star Tankstelle,Berlin,52.534388,13.184014,1.7,2.129,2.069,2.179,True
2026-10-03T00:07:21+00:00,51d4b471-a095-1aa0-e100-80009459e03a,JET,JET BERLIN BRUNSBUETTELER DAMM 87-89,BERLIN,52.53379,13.18503,1.7,2.129,2.069,2.179,False
2026-10-03T00:07:21+00:00,d590310c-e209-46b2-bfe7-dacc6148e1f1,TotalEnergies,TotalEnergies Berlin,Berlin,52.55424,13.207408,2,2.139,2.079,2.189,False
2026-10-03T00:07:21+00:00,5d8c8a4c-bce7-4d28-ae12-0d61a971c5cc,Shell,Shell Berlin Streitstr. 19,Berlin,52.558899,13.208409,2.3,2.139,2.079,2.189,True
2026-10-03T00:07:21+00:00,057827cd-6583-4a3a-a461-f8546073fd02,SUN,Sun Klosterstr.,Berlin,52.52943,13.19517,2.4,2.129,2.069,2.179,True
2026-10-03T00:07:21+00:00,905d4775-754e-4b38-baca-89c98fad1d1a,Sprint,Sprint Berlin Ruhlebener Str.,Berlin,52.529285,13.20718,2.9,2.129,2.069,2.179,False
2026-10-03T00:08:52+00:00,cebbe420-bcf3-4db8-9099-c52b783e2158,ESSO,Esso Tankstelle,BERLIN,52.549044,13.17897,0,2.159,2.099,2.209,True
2026-10-03T00:08:52+00:00,7347dd32-bfa1-470a-a6ee-2a2c95ad9af5,ARAL,Aral Tankstelle,Berlin,52.542747,13.199304,1.5,2.159,2.099,2.239,True
2026-10-03T00:08:52+00:00,9f07b69b-4b15-4852-9c60-5d293c6cadc5,Sprint,Sprint Berlin Seegefelder Str.,Berlin,52.536163,13.191189,1.6,2.129,2.069,2.179,False
2026-10-03T00:08:52+00:00,005056ba-7cb6-1ed2-bceb-641db1c24d1d,STAR,star Tankstelle,Berlin,52.534388,13.184014,1.7,2.129,2.069,2.179,True
2026-10-03T00:08:52+00:00,51d4b471-a095-1aa0-e100-80009459e03a,JET,JET BERLIN BRUNSBUETTELER DAMM 87-89,BERLIN,52.53379,13.18503,1.7,2.129,2.069,2.179,False
2026-10-03T00:08:52+00:00,d590310c-e209-46b2-bfe7-dacc6148e1f1,TotalEnergies,TotalEnergies Berlin,Berlin,52.55424,13.207408,2,2.139,2.079,2.189,False
2026-10-03T00:08:52+00:00,5d8c8a4c-bce7-4d28-ae12-0d61a971c5cc,Shell,Shell Berlin Streitstr. 19,Berlin,52.558899,13.208409,2.3,2.139,2.079,2.189,True
2026-10-03T00:08:52+00:00,057827cd-6583-4a3a-a461-f8546073fd02,SUN,Sun Klosterstr.,Berlin,52.52943,13.19517,2.4,2.129,2.069,2.179,True
2026-10-03T00:08:52+00:00,905d4775-754e-4b38-baca-89c98fad1d1a,Sprint,Sprint Berlin Ruhlebener Str.,Berlin,52.529285,13.20718,2.9,2.129,2.069,2.179,False
2026-10-03T00:10:22+00:00,cebbe420-bcf3-4db8-9099-c52b783e2158,ESSO,Esso Tankstelle,BERLIN,52.549044,13.17897,0,2.159,2.099,2.209,True
2026-10-03T00:10:22+00:00,7347dd32-bfa1-470a-a6ee-2a2c95ad9af5,ARAL,Aral Tankstelle,Berlin,52.542747,13.199304,1.5,2.159,2.099,2.239,True
2026-10-03T00:10:22+00:00,9f07b69b-4b15-4852-9c60-5d293c6cadc5,Sprint,Sprint Berlin Seegefelder Str.,Berlin,52.536163,13.191189,1.6,2.129,2.069,2.179,False
2026-10-03T00:10:22+00:00,005056ba-7cb6-1ed2-bceb-641db1c24d1d,STAR,star Tankstelle,Berlin,52.534388,13.184014,1.7,2.129,2.069,2.179,True
2026-10-03T00:10:22+00:00,51d4b471-a095-1aa0-e100-80009459e03a,JET,JET BERLIN BRUNSBUETTELER DAMM 87-89,BERLIN,52.53379,13.18503,1.7,2.129,2.069,2.179,False
2026-10-03T00:10:22+00:00,d590310c-e209-46b2-bfe7-dacc6148e1f1,TotalEnergies,TotalEnergies Berlin,Berlin,52.55424,13.207408,2,2.139,2.079,2.189,False
2026-10-03T00:10:22+00:00,5d8c8a4c-bce7-4d28-ae12-0d61a971c5cc,Shell,Shell Berlin Streitstr. 19,Berlin,52.558899,13.208409,2.3,2.139,2.079,2.189,True
2026-10-03T00:10:22+00:00,057827cd-6583-4a3a-a461-f8546073fd02,SUN,Sun Klosterstr.,Berlin,52.52943,13.19517,2.4,2.129,2.069,2.179,True
2026-10-03T00:10:22+00:00,905d4775-754e-4b38-baca-89c98fad1d1a,Sprint,Sprint Berlin Ruhlebener Str.,Berlin,52.529285,13.20718,2.9,2.129,2.069,2.179,False
2026-10-03T00:11:53+00:00,cebbe420-bcf3-4db8-9099-c52b783e2158,ESSO,Esso Tankstelle,BERLIN,52.549044,13.17897,0,2.159,2.099,2.209,True
2026-10-03T00:11:53+00:00,7347dd32-bfa1-470a-a6ee-2a2c95ad9af5,ARAL,Aral Tankstelle,Berlin,52.542747,13.199304,1.5,2.159,2.099,2.239,True
2026-10-03T00:11:53+00:00,9f07b69b-4b15-4852-9c60-5d293c6cadc5,Sprint,Sprint Berlin Seegefelder Str.,Berlin,52.536163,13.191189,1.6,2.129,2.069,2.179,False
2026-10-03T00:11:53+00:00,005056ba-7cb6-1ed2-bceb-641db1c24d1d,STAR,star Tankstelle,Berlin,52.534388,13.184014,1.7,2.129,2.069,2.179,True
2026-10-03T00:11:53+00:00,51d4b471-a095-1aa0-e100-80009459e03a,JET,JET BERLIN BRUNSBUETTELER DAMM 87-89,BERLIN,52.53379,13.18503,1.7,2.129,2.069,2.179,False
2026-10-03T00:11:53+00:00,d590310c-e209-46b2-bfe7-dacc6148e1f1,TotalEnergies,TotalEnergies Berlin,Berlin,52.55424,13.207408,2,2.139,2.079,2.189,False
2026-10-03T00:11:53+00:00,5d8c8a4c-bce7-4d28-ae12-0d61a971c5cc,Shell,Shell Berlin Streitstr. 19,Berlin,52.558899,13.208409,2.3,2.139,2.079,2.189,True
2026-10-03T00:11:53+00:00,057827cd-6583-4a3a-a461-f8546073fd02,SUN,Sun Klosterstr.,Berlin,52.52943,13.19517,2.4,2.129,2.069,2.179,True
2026-10-03T00:11:53+00:00,905d4775-754e-4b38-baca-89c98fad1d1a,Sprint,Sprint Berlin Ruhlebener Str.,Berlin,52.529285,13.20718,2.9,2.129,2.069,2.179,False
2026-10-03T00:13:23+00:00,cebbe420-bcf3-4db8-9099-c52b783e2158,ESSO,Esso Tankstelle,BERLIN,52.549044,13.17897,0,2.159,2.099,2.209,True
2026-10-03T00:13:23+00:00,7347dd32-bfa1-470a-a6ee-2a2c95ad9af5,ARAL,Aral Tankstelle,Berlin,52.542747,13.199304,1.5,2.159,2.099,2.239,True
2026-10-03T00:13:23+00:00,9f07b69b-4b15-4852-9c60-5d293c6cadc5,Sprint,Sprint Berlin Seegefelder Str.,Berlin,52.536163,13.191189,1.6,2.129,2.069,2.179,False
2026-10-03T00:13:23+00:00,005056ba-7cb6-1ed2-bceb-641db1c24d1d,STAR,star Tankstelle,Berlin,52.534388,13.184014,1.7,2.129,2.069,2.179,True
2026-10-03T00:13:23+00:00,51d4b471-a095-1aa0-e100-80009459e03a,JET,JET BERLIN BRUNSBUETTELER DAMM 87-89,BERLIN,52.53379,13.18503,1.7,2.129,2.069,2.179,False
2026-10-03T00:13:23+00:00,d590310c-e209-46b2-bfe7-dacc6148e1f1,TotalEnergies,TotalEnergies Berlin,Berlin,52.55424,13.207408,2,2.139,2.079,2.189,False
2026-10-03T00:13:23+00:00,5d8c8a4c-bce7-4d28-ae12-0d61a971c5cc,Shell,Shell Berlin Streitstr. 19,Berlin,52.558899,13.208409,2.3,2.139,2.079,2.189,True
2026-10-03T00:13:23+00:00,057827cd-6583-4a3a-a461-f8546073fd02,SUN,Sun Klosterstr.,Berlin,52.52943,13.19517,2.4,2.129,2.069,2.179,True
2026-10-03T00:13:23+00:00,905d4775-754e-4b38-baca-89c98fad1d1a,Sprint,Sprint Berlin Ruhlebener Str.,Berlin,52.529285,13.20718,2.9,2.129,2.069,2.179,False
2026-10-03T00:14:54+00:00,cebbe420-bcf3-4db8-9099-c52b783e2158,ESSO,Esso Tankstelle,BERLIN,52.549044,13.17897,0,2.159,2.099,2.209,True
2026-10-03T00:14:54+00:00,7347dd32-bfa1-470a-a6ee-2a2c95ad9af5,ARAL,Aral Tankstelle,Berlin,52.542747,13.199304,1.5,2.159,2.099,2.239,True
2026-10-03T00:14:54+00:00,9f07b69b-4b15-4852-9c60-5d293c6cadc5,Sprint,Sprint Berlin Seegefelder Str.,Berlin,52.536163,13.191189,1.6,2.129,2.069,2.179,False
2026-10-03T00:14:54+00:00,005056ba-7cb6-1ed2-bceb-641db1c24d1d,STAR,star Tankstelle,Berlin,52.534388,13.184014,1.7,2.129,2.069,2.179,True
2026-10-03T00:14:54+00:00,51d4b471-a095-1aa0-e100-80009459e03a,JET,JET BERLIN BRUNSBUETTELER DAMM 87-89,BERLIN,52.53379,13.18503,1.7,2.129,2.069,2.179,False
2026-10-03T00:14:54+00:00,d590310c-e209-46b2-bfe7-dacc6148e1f1,TotalEnergies,TotalEnergies Berlin,Berlin,52.55424,13.207408,2,2.139,2.079,2.189,False
2026-10-03T00:14:54+00:00,5d8c8a4c-bce7-4d28-ae12-0d61a971c5cc,Shell,Shell Berlin Streitstr. 19,Berlin,52.558899,13.208409,2.3,2.139,2.079,2.189,True
2026-10-03T00:14:54+00:00,057827cd-6583-4a3a-a461-f8546073fd02,SUN,Sun Klosterstr.,Berlin,52.52943,13.19517,2.4,2.129,2.069,2.179,True
2026-10-03T00:14:54+00:00,905d4775-754e-4b38-baca-89c98fad1d1a,Sprint,Sprint Berlin Ruhlebener Str.,Berlin,52.529285,13.20718,2.9,2.129,2.069,2.179,False
2026-10-03T00:16:25+00:00,cebbe420-bcf3-4db8-9099-c52b783e2158,ESSO,Esso Tankstelle,BERLIN,52.549044,13.17897,0,2.159,2.099,2.209,True
2026-10-03T00:16:25+00:00,7347dd32-bfa1-470a-a6ee-2a2c95ad9af5,ARAL,Aral Tankstelle,Berlin,52.542747,13.199304,1.5,2.159,2.099,2.239,True
2026-10-03T00:16:25+00:00,9f07b69b-4b15-4852-9c60-5d293c6cadc5,Sprint,Sprint Berlin Seegefelder Str.,Berlin,52.536163,13.191189,1.6,2.129,2.069,2.179,False
2026-10-03T00:16:25+00:00,005056ba-7cb6-1ed2-bceb-641db1c24d1d,STAR,star Tankstelle,Berlin,52.534388,13.184014,1.7,2.129,2.069,2.179,True
2026-10-03T00:16:25+00:00,51d4b471-a095-1aa0-e100-80009459e03a,JET,JET BERLIN BRUNSBUETTELER DAMM 87-89,BERLIN,52.53379,13.18503,1.7,2.129,2.069,2.179,False
2026-10-03T00:16:25+00:00,d590310c-e209-46b2-bfe7-dacc6148e1f1,TotalEnergies,TotalEnergies Berlin,Berlin,52.55424,13.207408,2,2.139,2.079,2.189,False
2026-10-03T00:16:25+00:00,5d8c8a4c-bce7-4d28-ae12-0d61a971c5cc,Shell,Shell Berlin Streitstr. 19,Berlin,52.558899,13.208409,2.3,2.139,2.079,2.189,True
2026-10-03T00:16:25+00:00,057827cd-6583-4a3a-a461-f8546073fd02,SUN,Sun Klosterstr.,Berlin,52.52943,13.19517,2.4,2.129,2.069,2.179,True
2026-10-03T00:16:25+00:00,905d4775-754e-4b38-baca-89c98fad1d1a,Sprint,Sprint Berlin Ruhlebener Str.,Berlin,52.529285,13.20718,2.9,2.129,2.069,2.179,False
2026-10-03T00:17:55+00:00,cebbe420-bcf3-4db8-9099-c52b783e2158,ESSO,Esso Tankstelle,BERLIN,52.549044,13.17897,0,2.159,2.099,2.209,True
2026-10-03T00:17:55+00:00,7347dd32-bfa1-470a-a6ee-2a2c95ad9af5,ARAL,Aral Tankstelle,Berlin,52.542747,13.199304,1.5,2.159,2.099,2.239,True
2026-10-03T00:17:55+00:00,9f07b69b-4b15-4852-9c60-5d293c6cadc5,Sprint,Sprint Berlin Seegefelder Str.,Berlin,52.536163,13.191189,1.6,2.129,2.069,2.179,False
2026-10-03T00:17:55+00:00,005056ba-7cb6-1ed2-bceb-641db1c24d1d,STAR,star Tankstelle,Berlin,52.534388,13.184014,1.7,2.129,2.069,2.179,True
2026-10-03T00:17:55+00:00,51d4b471-a095-1aa0-e100-80009459e03a,JET,JET BERLIN BRUNSBUETTELER DAMM 87-89,BERLIN,52.53379,13.18503,1.7,2.129,2.069,2.179,False
2026-10-03T00:17:55+00:00,d590310c-e209-46b2-bfe7-dacc6148e1f1,TotalEnergies,TotalEnergies Berlin,Berlin,52.55424,13.207408,2,2.139,2.079,2.189,False
2026-10-03T00:17:55+00:00,5d8c8a4c-bce7-4d28-ae12-0d61a971c5cc,Shell,Shell Berlin Streitstr. 19,Berlin,52.558899,13.208409,2.3,2.139,2.079,2.189,True
2026-10-03T00:17:55+00:00,057827cd-6583-4a3a-a461-f8546073fd02,SUN,Sun Klosterstr.,Berlin,52.52943,13.19517,2.4,2.129,2.069,2.179,True
2026-10-03T00:17:55+00:00,905d4775-754e-4b38-baca-89c98fad1d1a,Sprint,Sprint Berlin Ruhlebener Str.,Berlin,52.529285,13.20718,2.9,2.129,2.069,2.179,False
2026-10-03T00:19:26+00:00,cebbe420-bcf3-4db8-9099-c52b783e2158,ESSO,Esso Tankstelle,BERLIN,52.549044,13.17897,0,2.159,2.099,2.209,True
2026-10-03T00:19:26+00:00,7347dd32-bfa1-470a-a6ee-2a2c95ad9af5,ARAL,Aral Tankstelle,Berlin,52.542747,13.199304,1.5,2.159,2.099,2.239,True
2026-10-03T00:19:26+00:00,9f07b69b-4b15-4852-9c60-5d293c6cadc5,Sprint,Sprint Berlin Seegefelder Str.,Berlin,52.536163,13.191189,1.6,2.129,2.069,2.179,False
2026-10-03T00:19:26+00:00,005056ba-7cb6-1ed2-bceb-641db1c24d1d,STAR,star Tankstelle,Berlin,52.534388,13.184014,1.7,2.129,2.069,2.179,True
2026-10-03T00:19:26+00:00,51d4b471-a095-1aa0-e100-80009459e03a,JET,JET BERLIN BRUNSBUETTELER DAMM 87-89,BERLIN,52.53379,13.18503,1.7,2.129,2.069,2.179,False
2026-10-03T00:19:26+00:00,d590310c-e209-46b2-bfe7-dacc6148e1f1,TotalEnergies,TotalEnergies Berlin,Berlin,52.55424,13.207408,2,2.139,2.079,2.189,False
2026-10-03T00:19:26+00:00,5d8c8a4c-bce7-4d28-ae12-0d61a971c5cc,Shell,Shell Berlin Streitstr. 19,Berlin,52.558899,13.208409,2.3,2.139,2.079,2.189,True
2026-10-03T00:19:26+00:00,057827cd-6583-4a3a-a461-f8546073fd02,SUN,Sun Klosterstr.,Berlin,52.52943,13.19517,2.4,2.129,2.069,2.179,True
2026-10-03T00:19:26+00:00,905d4775-754e-4b38-baca-89c98fad1d1a,Sprint,Sprint Berlin Ruhlebener Str.,Berlin,52.529285,13.20718,2.9,2.129,2.069,2.179,False
2026-10-03T00:20:57+00:00,cebbe420-bcf3-4db8-9099-c52b783e2158,ESSO,Esso Tankstelle,BERLIN,52.549044,13.17897,0,2.159,2.099,2.209,True
2026-10-03T00:20:57+00:00,7347dd32-bfa1-470a-a6ee-2a2c95ad9af5,ARAL,Aral Tankstelle,Berlin,52.542747,13.199304,1.5,2.159,2.099,2.239,True
2026-10-03T00:20:57+00:00,9f07b69b-4b15-4852-9c60-5d293c6cadc5,Sprint,Sprint Berlin Seegefelder Str.,Berlin,52.536163,13.191189,1.6,2.129,2.069,2.179,False
2026-10-03T00:20:57+00:00,005056ba-7cb6-1ed2-bceb-641db1c24d1d,STAR,star Tankstelle,Berlin,52.534388,13.184014,1.7,2.129,2.069,2.179,True
2026-10-03T00:20:57+00:00,51d4b471-a095-1aa0-e100-80009459e03a,JET,JET BERLIN BRUNSBUETTELER DAMM 87-89,BERLIN,52.53379,13.18503,1.7,2.129,2.069,2.179,False
2026-10-03T00:20:57+00:00,d590310c-e209-46b2-bfe7-dacc6148e1f1,TotalEnergies,TotalEnergies Berlin,Berlin,52.55424,13.207408,2,2.139,2.079,2.189,False
2026-10-03T00:20:57+00:00,5d8c8a4c-bce7-4d28-ae12-0d61a971c5cc,Shell,Shell Berlin Streitstr. 19,Berlin,52.558899,13.208409,2.3,2.139,2.079,2.189,True
2026-10-03T00:20:57+00:00,057827cd-6583-4a3a-a461-f8546073fd02,SUN,Sun Klosterstr.,Berlin,52.52943,13.19517,2.4,2.129,2.069,2.179,True
2026-10-03T00:20:57+00:00,905d4775-754e-4b38-baca-89c98fad1d1a,Sprint,Sprint Berlin Ruhlebener Str.,Berlin,52.529285,13.20718,2.9,2.129,2.069,2.179,False
2026-10-03T00:22:27+00:00,cebbe420-bcf3-4db8-9099-c52b783e2158,ESSO,Esso Tankstelle,BERLIN,52.549044,13.17897,0,2.159,2.099,2.209,True
2026-10-03T00:22:27+00:00,7347dd32-bfa1-470a-a6ee-2a2c95ad9af5,ARAL,Aral Tankstelle,Berlin,52.542747,13.199304,1.5,2.159,2.099,2.239,True
2026-10-03T00:22:27+00:00,9f07b69b-4b15-4852-9c60-5d293c6cadc5,Sprint,Sprint Berlin Seegefelder Str.,Berlin,52.536163,13.191189,1.6,2.129,2.069,2.179,False
2026-10-03T00:22:27+00:00,005056ba-7cb6-1ed2-bceb-641db1c24d1d,STAR,star Tankstelle,Berlin,52.534388,13.184014,1.7,2.129,2.069,2.179,True
2026-10-03T00:22:27+00:00,51d4b471-a095-1aa0-e100-80009459e03a,JET,JET BERLIN BRUNSBUETTELER DAMM 87-89,BERLIN,52.53379,13.18503,1.7,2.129,2.069,2.179,False
2026-10-03T00:22:27+00:00,d590310c-e209-46b2-bfe7-dacc6148e1f1,TotalEnergies,TotalEnergies Berlin,Berlin,52.55424,13.207408,2,2.139,2.079,2.189,False
2026-10-03T00:22:27+00:00,5d8c8a4c-bce7-4d28-ae12-0d61a971c5cc,Shell,Shell Berlin Streitstr. 19,Berlin,52.558899,13.208409,2.3,2.139,2.079,2.189,True
2026-10-03T00:22:27+00:00,057827cd-6583-4a3a-a461-f8546073fd02,SUN,Sun Klosterstr.,Berlin,52.52943,13.19517,2.4,2.129,2.069,2.179,True
2026-10-03T00:22:27+00:00,905d4775-754e-4b38-baca-89c98fad1d1a,Sprint,Sprint Berlin Ruhlebener Str.,Berlin,52.529285,13.20718,2.9,2.129,2.069,2.179,False
2026-10-03T00:23:58+00:00,cebbe420-bcf3-4db8-9099-c52b783e2158,ESSO,Esso Tankstelle,BERLIN,52.549044,13.17897,0,2.159,2.099,2.209,True
2026-10-03T00:23:58+00:00,7347dd32-bfa1-470a-a6ee-2a2c95ad9af5,ARAL,Aral Tankstelle,Berlin,52.542747,13.199304,1.5,2.159,2.099,2.239,True
2026-10-03T00:23:58+00:00,9f07b69b-4b15-4852-9c60-5d293c6cadc5,Sprint,Sprint Berlin Seegefelder Str.,Berlin,52.536163,13.191189,1.6,2.129,2.069,2.179,False
2026-10-03T00:23:58+00:00,005056ba-7cb6-1ed2-bceb-641db1c24d1d,STAR,star Tankstelle,Berlin,52.534388,13.184014,1.7,2.129,2.069,2.179,True
2026-10-03T00:23:58+00:00,51d4b471-a095-1aa0-e100-80009459e03a,JET,JET BERLIN BRUNSBUETTELER DAMM 87-89,BERLIN,52.53379,13.18503,1.7,2.129,2.069,2.179,False
2026-10-03T00:23:58+00:00,d590310c-e209-46b2-bfe7-dacc6148e1f1,TotalEnergies,TotalEnergies Berlin,Berlin,52.55424,13.207408,2,2.139,2.079,2.189,False
2026-10-03T00:23:58+00:00,5d8c8a4c-bce7-4d28-ae12-0d61a971c5cc,Shell,Shell Berlin Streitstr. 19,Berlin,52.558899,13.208409,2.3,2.139,2.079,2.189,True
2026-10-03T00:23:58+00:00,057827cd-6583-4a3a-a461-f8546073fd02,SUN,Sun Klosterstr.,Berlin,52.52943,13.19517,2.4,2.129,2.069,2.179,True
2026-10-03T00:23:58+00:00,905d4775-754e-4b38-baca-89c98fad1d1a,Sprint,Sprint Berlin Ruhlebener Str.,Berlin,52.529285,13.20718,2.9,2.129,2.069,2.179,False
2026-10-03T00:25:29+00:00,cebbe420-bcf3-4db8-9099-c52b783e2158,ESSO,Esso Tankstelle,BERLIN,52.549044,13.17897,0,2.159,2.099,2.209,True
2026-10-03T00:25:29+00:00,7347dd32-bfa1-470a-a6ee-2a2c95ad9af5,ARAL,Aral Tankstelle,Berlin,52.542747,13.199304,1.5,2.159,2.099,2.239,True
2026-10-03T00:25:29+00:00,9f07b69b-4b15-4852-9c60-5d293c6cadc5,Sprint,Sprint Berlin Seegefelder Str.,Berlin,52.536163,13.191189,1.6,2.129,2.069,2.179,False
2026-10-03T00:25:29+00:00,005056ba-7cb6-1ed2-bceb-641db1c24d1d,STAR,star Tankstelle,Berlin,52.534388,13.184014,1.7,2.129,2.069,2.179,True
2026-10-03T00:25:29+00:00,51d4b471-a095-1aa0-e100-80009459e03a,JET,JET BERLIN BRUNSBUETTELER DAMM 87-89,BERLIN,52.53379,13.18503,1.7,2.129,2.069,2.179,False
2026-10-03T00:25:29+00:00,d590310c-e209-46b2-bfe7-dacc6148e1f1,TotalEnergies,TotalEnergies Berlin,Berlin,52.55424,13.207408,2,2.139,2.079,2.189,False
2026-10-03T00:25:29+00:00,5d8c8a4c-bce7-4d28-ae12-0d61a971c5cc,Shell,Shell Berlin Streitstr. 19,Berlin,52.558899,13.208409,2.3,2.139,2.079,2.189,True
2026-10-03T00:25:29+00:00,057827cd-6583-4a3a-a461-f8546073fd02,SUN,Sun Klosterstr.,Berlin,52.52943,13.19517,2.4,2.129,2.069,2.179,True
2026-10-03T00:25:29+00:00,905d4775-754e-4b38-baca-89c98fad1d1a,Sprint,Sprint Berlin Ruhlebener Str.,Berlin,52.529285,13.20718,2.9,2.129,2.069,2.179,False
2026-10-03T00:27:01+00:00,cebbe420-bcf3-4db8-9099-c52b783e2158,ESSO,Esso Tankstelle,BERLIN,52.549044,13.17897,0,2.159,2.099,2.209,True
2026-10-03T00:27:01+00:00,7347dd32-bfa1-470a-a6ee-2a2c95ad9af5,ARAL,Aral Tankstelle,Berlin,52.542747,13.199304,1.5,2.159,2.099,2.239,True
2026-10-03T00:27:01+00:00,9f07b69b-4b15-4852-9c60-5d293c6cadc5,Sprint,Sprint Berlin Seegefelder Str.,Berlin,52.536163,13.191189,1.6,2.129,2.069,2.179,False
2026-10-03T00:27:01+00:00,005056ba-7cb6-1ed2-bceb-641db1c24d1d,STAR,star Tankstelle,Berlin,52.534388,13.184014,1.7,2.129,2.069,2.179,True
2026-10-03T00:27:01+00:00,51d4b471-a095-1aa0-e100-80009459e03a,JET,JET BERLIN BRUNSBUETTELER DAMM 87-89,BERLIN,52.53379,13.18503,1.7,2.129,2.069,2.179,False
2026-10-03T00:27:01+00:00,d590310c-e209-46b2-bfe7-dacc6148e1f1,TotalEnergies,TotalEnergies Berlin,Berlin,52.55424,13.207408,2,2.139,2.079,2.189,False
2026-10-03T00:27:01+00:00,5d8c8a4c-bce7-4d28-ae12-0d61a971c5cc,Shell,Shell Berlin Streitstr. 19,Berlin,52.558899,13.208409,2.3,2.139,2.079,2.189,True
2026-10-03T00:27:01+00:00,057827cd-6583-4a3a-a461-f8546073fd02,SUN,Sun Klosterstr.,Berlin,52.52943,13.19517,2.4,2.129,2.069,2.179,True
2026-10-03T00:27:01+00:00,905d4775-754e-4b38-baca-89c98fad1d1a,Sprint,Sprint Berlin Ruhlebener Str.,Berlin,52.529285,13.20718,2.9,2.129,2.069,2.179,False
2026-10-03T00:28:32+00:00,cebbe420-bcf3-4db8-9099-c52b783e2158,ESSO,Esso Tankstelle,BERLIN,52.549044,13.17897,0,2.159,2.099,2.209,True
2026-10-03T00:28:32+00:00,7347dd32-bfa1-470a-a6ee-2a2c95ad9af5,ARAL,Aral Tankstelle,Berlin,52.542747,13.199304,1.5,2.159,2.099,2.239,True
2026-10-03T00:28:32+00:00,9f07b69b-4b15-4852-9c60-5d293c6cadc5,Sprint,Sprint Berlin Seegefelder Str.,Berlin,52.536163,13.191189,1.6,2.129,2.069,2.179,False
2026-10-03T00:28:32+00:00,005056ba-7cb6-1ed2-bceb-641db1c24d1d,STAR,star Tankstelle,Berlin,52.534388,13.184014,1.7,2.129,2.069,2.179,True
2026-10-03T00:28:32+00:00,51d4b471-a095-1aa0-e100-80009459e03a,JET,JET BERLIN BRUNSBUETTELER DAMM 87-89,BERLIN,52.53379,13.18503,1.7,2.129,2.069,2.179,False
2026-10-03T00:28:32+00:00,d590310c-e209-46b2-bfe7-dacc6148e1f1,TotalEnergies,TotalEnergies Berlin,Berlin,52.55424,13.207408,2,2.139,2.079,2.189,False
2026-10-03T00:28:32+00:00,5d8c8a4c-bce7-4d28-ae12-0d61a971c5cc,Shell,Shell Berlin Streitstr. 19,Berlin,52.558899,13.208409,2.3,2.139,2.079,2.189,True
2026-10-03T00:28:32+00:00,057827cd-6583-4a3a-a461-f8546073fd02,SUN,Sun Klosterstr.,Berlin,52.52943,13.19517,2.4,2.129,2.069,2.179,True
2026-10-03T00:28:32+00:00,905d4775-754e-4b38-baca-89c98fad1d1a,Sprint,Sprint Berlin Ruhlebener Str.,Berlin,52.529285,13.20718,2.9,2.129,2.069,2.179,False
2026-10-03T00:30:02+00:00,cebbe420-bcf3-4db8-9099-c52b783e2158,ESSO,Esso Tankstelle,BERLIN,52.549044,13.17897,0,2.159,2.099,2.209,True
2026-10-03T00:30:02+00:00,7347dd32-bfa1-470a-a6ee-2a2c95ad9af5,ARAL,Aral Tankstelle,Berlin,52.542747,13.199304,1.5,2.159,2.099,2.239,True
2026-10-03T00:30:02+00:00,9f07b69b-4b15-4852-9c60-5d293c6cadc5,Sprint,Sprint Berlin Seegefelder Str.,Berlin,52.536163,13.191189,1.6,2.129,2.069,2.179,False
2026-10-03T00:30:02+00:00,005056ba-7cb6-1ed2-bceb-641db1c24d1d,STAR,star Tankstelle,Berlin,52.534388,13.184014,1.7,2.129,2.069,2.179,True
2026-10-03T00:30:02+00:00,51d4b471-a095-1aa0-e100-80009459e03a,JET,JET BERLIN BRUNSBUETTELER DAMM 87-89,BERLIN,52.53379,13.18503,1.7,2.129,2.069,2.179,False
2026-10-03T00:30:02+00:00,d590310c-e209-46b2-bfe7-dacc6148e1f1,TotalEnergies,TotalEnergies Berlin,Berlin,52.55424,13.207408,2,2.139,2.079,2.189,False
2026-10-03T00:30:02+00:00,5d8c8a4c-bce7-4d28-ae12-0d61a971c5cc,Shell,Shell Berlin Streitstr. 19,Berlin,52.558899,13.208409,2.3,2.139,2.079,2.189,True
2026-10-03T00:30:02+00:00,057827cd-6583-4a3a-a461-f8546073fd02,SUN,Sun Klosterstr.,Berlin,52.52943,13.19517,2.4,2.129,2.069,2.179,True
2026-10-03T00:30:02+00:00,905d4775-754e-4b38-baca-89c98fad1d1a,Sprint,Sprint Berlin Ruhlebener Str.,Berlin,52.529285,13.20718,2.9,2.129,2.069,2.179,False
2026-10-03T00:31:43+00:00,cebbe420-bcf3-4db8-9099-c52b783e2158,ESSO,Esso Tankstelle,BERLIN,52.549044,13.17897,0,2.159,2.099,2.209,True
2026-10-03T00:31:43+00:00,7347dd32-bfa1-470a-a6ee-2a2c95ad9af5,ARAL,Aral Tankstelle,Berlin,52.542747,13.199304,1.5,2.159,2.099,2.239,True
2026-10-03T00:31:43+00:00,9f07b69b-4b15-4852-9c60-5d293c6cadc5,Sprint,Sprint Berlin Seegefelder Str.,Berlin,52.536163,13.191189,1.6,2.129,2.069,2.179,False
2026-10-03T00:31:43+00:00,005056ba-7cb6-1ed2-bceb-641db1c24d1d,STAR,star Tankstelle,Berlin,52.534388,13.184014,1.7,2.129,2.069,2.179,True
2026-10-03T00:31:43+00:00,51d4b471-a095-1aa0-e100-80009459e03a,JET,JET BERLIN BRUNSBUETTELER DAMM 87-89,BERLIN,52.53379,13.18503,1.7,2.129,2.069,2.179,False
2026-10-03T00:31:43+00:00,d590310c-e209-46b2-bfe7-dacc6148e1f1,TotalEnergies,TotalEnergies Berlin,Berlin,52.55424,13.207408,2,2.139,2.079,2.189,False
2026-10-03T00:31:43+00:00,5d8c8a4c-bce7-4d28-ae12-0d61a971c5cc,Shell,Shell Berlin Streitstr. 19,Berlin,52.558899,13.208409,2.3,2.139,2.079,2.189,True
2026-10-03T00:31:43+00:00,057827cd-6583-4a3a-a461-f8546073fd02,SUN,Sun Klosterstr.,Berlin,52.52943,13.19517,2.4,2.129,2.069,2.179,True
2026-10-03T00:31:43+00:00,905d4775-754e-4b38-baca-89c98fad1d1a,Sprint,Sprint Berlin Ruhlebener Str.,Berlin,52.529285,13.20718,2.9,2.129,2.069,2.179,False
2026-10-03T00:33:14+00:00,cebbe420-bcf3-4db8-9099-c52b783e2158,ESSO,Esso Tankstelle,BERLIN,52.549044,13.17897,0,2.159,2.099,2.209,True
2026-10-03T00:33:14+00:00,7347dd32-bfa1-470a-a6ee-2a2c95ad9af5,ARAL,Aral Tankstelle,Berlin,52.542747,13.199304,1.5,2.159,2.099,2.239,True
2026-10-03T00:33:14+00:00,9f07b69b-4b15-4852-9c60-5d293c6cadc5,Sprint,Sprint Berlin Seegefelder Str.,Berlin,52.536163,13.191189,1.6,2.129,2.069,2.179,False
2026-10-03T00:33:14+00:00,005056ba-7cb6-1ed2-bceb-641db1c24d1d,STAR,star Tankstelle,Berlin,52.534388,13.184014,1.7,2.129,2.069,2.179,True
2026-10-03T00:33:14+00:00,51d4b471-a095-1aa0-e100-80009459e03a,JET,JET BERLIN BRUNSBUETTELER DAMM 87-89,BERLIN,52.53379,13.18503,1.7,2.129,2.069,2.179,False
2026-10-03T00:33:14+00:00,d590310c-e209-46b2-bfe7-dacc6148e1f1,TotalEnergies,TotalEnergies Berlin,Berlin,52.55424,13.207408,2,2.139,2.079,2.189,False
2026-10-03T00:33:14+00:00,5d8c8a4c-bce7-4d28-ae12-0d61a971c5cc,Shell,Shell Berlin Streitstr. 19,Berlin,52.558899,13.208409,2.3,2.139,2.079,2.189,True
2026-10-03T00:33:14+00:00,057827cd-6583-4a3a-a461-f8546073fd02,SUN,Sun Klosterstr.,Berlin,52.52943,13.19517,2.4,2.129,2.069,2.179,True
2026-10-03T00:33:14+00:00,905d4775-754e-4b38-baca-89c98fad1d1a,Sprint,Sprint Berlin Ruhlebener Str.,Berlin,52.529285,13.20718,2.9,2.129,2.069,2.179,False
2026-10-03T00:34:45+00:00,cebbe420-bcf3-4db8-9099-c52b783e2158,ESSO,Esso Tankstelle,BERLIN,52.549044,13.17897,0,2.159,2.099,2.209,True
2026-10-03T00:34:45+00:00,7347dd32-bfa1-470a-a6ee-2a2c95ad9af5,ARAL,Aral Tankstelle,Berlin,52.542747,13.199304,1.5,2.159,2.099,2.239,True
2026-10-03T00:34:45+00:00,9f07b69b-4b15-4852-9c60-5d293c6cadc5,Sprint,Sprint Berlin Seegefelder Str.,Berlin,52.536163,13.191189,1.6,2.129,2.069,2.179,False
2026-10-03T00:34:45+00:00,005056ba-7cb6-1ed2-bceb-641db1c24d1d,STAR,star Tankstelle,Berlin,52.534388,13.184014,1.7,2.129,2.069,2.179,True
2026-10-03T00:34:45+00:00,51d4b471-a095-1aa0-e100-80009459e03a,JET,JET BERLIN BRUNSBUETTELER DAMM 87-89,BERLIN,52.53379,13.18503,1.7,2.129,2.069,2.179,False
2026-10-03T00:34:45+00:00,d590310c-e209-46b2-bfe7-dacc6148e1f1,TotalEnergies,TotalEnergies Berlin,Berlin,52.55424,13.207408,2,2.139,2.079,2.189,False
2026-10-03T00:34:45+00:00,5d8c8a4c-bce7-4d28-ae12-0d61a971c5cc,Shell,Shell Berlin Streitstr. 19,Berlin,52.558899,13.208409,2.3,2.139,2.079,2.189,True
2026-10-03T00:34:45+00:00,057827cd-6583-4a3a-a461-f8546073fd02,SUN,Sun Klosterstr.,Berlin,52.52943,13.19517,2.4,2.129,2.069,2.179,True
2026-10-03T00:34:45+00:00,905d4775-754e-4b38-baca-89c98fad1d1a,Sprint,Sprint Berlin Ruhlebener Str.,Berlin,52.529285,13.20718,2.9,2.129,2.069,2.179,False
2026-10-03T00:36:16+00:00,cebbe420-bcf3-4db8-9099-c52b783e2158,ESSO,Esso Tankstelle,BERLIN,52.549044,13.17897,0,2.159,2.099,2.209,True
2026-10-03T00:36:16+00:00,7347dd32-bfa1-470a-a6ee-2a2c95ad9af5,ARAL,Aral Tankstelle,Berlin,52.542747,13.199304,1.5,2.159,2.099,2.239,True
2026-10-03T00:36:16+00:00,9f07b69b-4b15-4852-9c60-5d293c6cadc5,Sprint,Sprint Berlin Seegefelder Str.,Berlin,52.536163,13.191189,1.6,2.129,2.069,2.179,False
2026-10-03T00:36:16+00:00,005056ba-7cb6-1ed2-bceb-641db1c24d1d,STAR,star Tankstelle,Berlin,52.534388,13.184014,1.7,2.129,2.069,2.179,True
2026-10-03T00:36:16+00:00,51d4b471-a095-1aa0-e100-80009459e03a,JET,JET BERLIN BRUNSBUETTELER DAMM 87-89,BERLIN,52.53379,13.18503,1.7,2.129,2.069,2.179,False
2026-10-03T00:36:16+00:00,d590310c-e209-46b2-bfe7-dacc6148e1f1,TotalEnergies,TotalEnergies Berlin,Berlin,52.55424,13.207408,2,2.139,2.079,2.189,False
2026-10-03T00:36:16+00:00,5d8c8a4c-bce7-4d28-ae12-0d61a971c5cc,Shell,Shell Berlin Streitstr. 19,Berlin,52.558899,13.208409,2.3,2.139,2.079,2.189,True
2026-10-03T00:36:16+00:00,057827cd-6583-4a3a-a461-f8546073fd02,SUN,Sun Klosterstr.,Berlin,52.52943,13.19517,2.4,2.129,2.069,2.179,True
2026-10-03T00:36:16+00:00,905d4775-754e-4b38-baca-89c98fad1d1a,Sprint,Sprint Berlin Ruhlebener Str.,Berlin,52.529285,13.20718,2.9,2.129,2.069,2.179,False
2026-10-03T00:37:46+00:00,cebbe420-bcf3-4db8-9099-c52b783e2158,ESSO,Esso Tankstelle,BERLIN,52.549044,13.17897,0,2.159,2.099,2.209,True
2026-10-03T00:37:46+00:00,7347dd32-bfa1-470a-a6ee-2a2c95ad9af5,ARAL,Aral Tankstelle,Berlin,52.542747,13.199304,1.5,2.159,2.099,2.239,True
2026-10-03T00:37:46+00:00,9f07b69b-4b15-4852-9c60-5d293c6cadc5,Sprint,Sprint Berlin Seegefelder Str.,Berlin,52.536163,13.191189,1.6,2.129,2.069,2.179,False
2026-10-03T00:37:46+00:00,005056ba-7cb6-1ed2-bceb-641db1c24d1d,STAR,star Tankstelle,Berlin,52.534388,13.184014,1.7,2.129,2.069,2.179,True
2026-10-03T00:37:46+00:00,51d4b471-a095-1aa0-e100-80009459e03a,JET,JET BERLIN BRUNSBUETTELER DAMM 87-89,BERLIN,52.53379,13.18503,1.7,2.129,2.069,2.179,False
2026-10-03T00:37:46+00:00,d590310c-e209-46b2-bfe7-dacc6148e1f1,TotalEnergies,TotalEnergies Berlin,Berlin,52.55424,13.207408,2,2.139,2.079,2.189,False
2026-10-03T00:37:46+00:00,5d8c8a4c-bce7-4d28-ae12-0d61a971c5cc,Shell,Shell Berlin Streitstr. 19,Berlin,52.558899,13.208409,2.3,2.139,2.079,2.189,True
2026-10-03T00:37:46+00:00,057827cd-6583-4a3a-a461-f8546073fd02,SUN,Sun Klosterstr.,Berlin,52.52943,13.19517,2.4,2.129,2.069,2.179,True
2026-10-03T00:37:46+00:00,905d4775-754e-4b38-baca-89c98fad1d1a,Sprint,Sprint Berlin Ruhlebener Str.,Berlin,52.529285,13.20718,2.9,2.129,2.069,2.179,False
2026-10-03T00:39:17+00:00,cebbe420-bcf3-4db8-9099-c52b783e2158,ESSO,Esso Tankstelle,BERLIN,52.549044,13.17897,0,2.159,2.099,2.209,True
2026-10-03T00:39:17+00:00,7347dd32-bfa1-470a-a6ee-2a2c95ad9af5,ARAL,Aral Tankstelle,Berlin,52.542747,13.199304,1.5,2.159,2.099,2.239,True
2026-10-03T00:39:17+00:00,9f07b69b-4b15-4852-9c60-5d293c6cadc5,Sprint,Sprint Berlin Seegefelder Str.,Berlin,52.536163,13.191189,1.6,2.129,2.069,2.179,False
2026-10-03T00:39:17+00:00,005056ba-7cb6-1ed2-bceb-641db1c24d1d,STAR,star Tankstelle,Berlin,52.534388,13.184014,1.7,2.129,2.069,2.179,True
2026-10-03T00:39:17+00:00,51d4b471-a095-1aa0-e100-80009459e03a,JET,JET BERLIN BRUNSBUETTELER DAMM 87-89,BERLIN,52.53379,13.18503,1.7,2.129,2.069,2.179,False
2026-10-03T00:39:17+00:00,d590310c-e209-46b2-bfe7-dacc6148e1f1,TotalEnergies,TotalEnergies Berlin,Berlin,52.55424,13.207408,2,2.139,2.079,2.189,False
2026-10-03T00:39:17+00:00,5d8c8a4c-bce7-4d28-ae12-0d61a971c5cc,Shell,Shell Berlin Streitstr. 19,Berlin,52.558899,13.208409,2.3,2.139,2.079,2.189,True
2026-10-03T00:39:17+00:00,057827cd-6583-4a3a-a461-f8546073fd02,SUN,Sun Klosterstr.,Berlin,52.52943,13.19517,2.4,2.129,2.069,2.179,True
2026-10-03T00:39:17+00:00,905d4775-754e-4b38-baca-89c98fad1d1a,Sprint,Sprint Berlin Ruhlebener Str.,Berlin,52.529285,13.20718,2.9,2.129,2.069,2.179,False
2026-10-03T00:40:48+00:00,cebbe420-bcf3-4db8-9099-c52b783e2158,ESSO,Esso Tankstelle,BERLIN,52.549044,13.17897,0,2.159,2.099,2.209,True
2026-10-03T00:40:48+00:00,7347dd32-bfa1-470a-a6ee-2a2c95ad9af5,ARAL,Aral Tankstelle,Berlin,52.542747,13.199304,1.5,2.159,2.099,2.239,True
2026-10-03T00:40:48+00:00,9f07b69b-4b15-4852-9c60-5d293c6cadc5,Sprint,Sprint Berlin Seegefelder Str.,Berlin,52.536163,13.191189,1.6,2.129,2.069,2.179,False
2026-10-03T00:40:48+00:00,005056ba-7cb6-1ed2-bceb-641db1c24d1d,STAR,star Tankstelle,Berlin,52.534388,13.184014,1.7,2.129,2.069,2.179,True
2026-10-03T00:40:48+00:00,51d4b471-a095-1aa0-e100-80009459e03a,JET,JET BERLIN BRUNSBUETTELER DAMM 87-89,BERLIN,52.53379,13.18503,1.7,2.129,2.069,2.179,False
2026-10-03T00:40:48+00:00,d590310c-e209-46b2-bfe7-dacc6148e1f1,TotalEnergies,TotalEnergies Berlin,Berlin,52.55424,13.207408,2,2.139,2.079,2.189,False
2026-10-03T00:40:48+00:00,5d8c8a4c-bce7-4d28-ae12-0d61a971c5cc,Shell,Shell Berlin Streitstr. 19,Berlin,52.558899,13.208409,2.3,2.139,2.079,2.189,True
2026-10-03T00:40:48+00:00,057827cd-6583-4a3a-a461-f8546073fd02,SUN,Sun Klosterstr.,Berlin,52.52943,13.19517,2.4,2.129,2.069,2.179,True
2026-10-03T00:40:48+00:00,905d4775-754e-4b38-baca-89c98fad1d1a,Sprint,Sprint Berlin Ruhlebener Str.,Berlin,52.529285,13.20718,2.9,2.129,2.069,2.179,False
2026-10-03T00:42:18+00:00,cebbe420-bcf3-4db8-9099-c52b783e2158,ESSO,Esso Tankstelle,BERLIN,52.549044,13.17897,0,2.159,2.099,2.209,True
2026-10-03T00:42:18+00:00,7347dd32-bfa1-470a-a6ee-2a2c95ad9af5,ARAL,Aral Tankstelle,Berlin,52.542747,13.199304,1.5,2.159,2.099,2.239,True
2026-10-03T00:42:18+00:00,9f07b69b-4b15-4852-9c60-5d293c6cadc5,Sprint,Sprint Berlin Seegefelder Str.,Berlin,52.536163,13.191189,1.6,2.129,2.069,2.179,False
2026-10-03T00:42:18+00:00,005056ba-7cb6-1ed2-bceb-641db1c24d1d,STAR,star Tankstelle,Berlin,52.534388,13.184014,1.7,2.129,2.069,2.179,True
2026-10-03T00:42:18+00:00,51d4b471-a095-1aa0-e100-80009459e03a,JET,JET BERLIN BRUNSBUETTELER DAMM 87-89,BERLIN,52.53379,13.18503,1.7,2.129,2.069,2.179,False
2026-10-03T00:42:18+00:00,d590310c-e209-46b2-bfe7-dacc6148e1f1,TotalEnergies,TotalEnergies Berlin,Berlin,52.55424,13.207408,2,2.139,2.079,2.189,False
2026-10-03T00:42:18+00:00,5d8c8a4c-bce7-4d28-ae12-0d61a971c5cc,Shell,Shell Berlin Streitstr. 19,Berlin,52.558899,13.208409,2.3,2.139,2.079,2.189,True
2026-10-03T00:42:18+00:00,057827cd-6583-4a3a-a461-f8546073fd02,SUN,Sun Klosterstr.,Berlin,52.52943,13.19517,2.4,2.129,2.069,2.179,True
2026-10-03T00:42:18+00:00,905d4775-754e-4b38-baca-89c98fad1d1a,Sprint,Sprint Berlin Ruhlebener Str.,Berlin,52.529285,13.20718,2.9,2.129,2.069,2.179,False
2026-10-03T00:43:49+00:00,cebbe420-bcf3-4db8-9099-c52b783e2158,ESSO,Esso Tankstelle,BERLIN,52.549044,13.17897,0,2.159,2.099,2.209,True
2026-10-03T00:43:49+00:00,7347dd32-bfa1-470a-a6ee-2a2c95ad9af5,ARAL,Aral Tankstelle,Berlin,52.542747,13.199304,1.5,2.159,2.099,2.239,True
2026-10-03T00:43:49+00:00,9f07b69b-4b15-4852-9c60-5d293c6cadc5,Sprint,Sprint Berlin Seegefelder Str.,Berlin,52.536163,13.191189,1.6,2.129,2.069,2.179,False
2026-10-03T00:43:49+00:00,005056ba-7cb6-1ed2-bceb-641db1c24d1d,STAR,star Tankstelle,Berlin,52.534388,13.184014,1.7,2.129,2.069,2.179,True
2026-10-03T00:43:49+00:00,51d4b471-a095-1aa0-e100-80009459e03a,JET,JET BERLIN BRUNSBUETTELER DAMM 87-89,BERLIN,52.53379,13.18503,1.7,2.129,2.069,2.179,False
2026-10-03T00:43:49+00:00,d590310c-e209-46b2-bfe7-dacc6148e1f1,TotalEnergies,TotalEnergies Berlin,Berlin,52.55424,13.207408,2,2.139,2.079,2.189,False
2026-10-03T00:43:49+00:00,5d8c8a4c-bce7-4d28-ae12-0d61a971c5cc,Shell,Shell Berlin Streitstr. 19,Berlin,52.558899,13.208409,2.3,2.139,2.079,2.189,True
2026-10-03T00:43:49+00:00,057827cd-6583-4a3a-a461-f8546073fd02,SUN,Sun Klosterstr.,Berlin,52.52943,13.19517,2.4,2.129,2.069,2.179,True
2026-10-03T00:43:49+00:00,905d4775-754e-4b38-baca-89c98fad1d1a,Sprint,Sprint Berlin Ruhlebener Str.,Berlin,52.529285,13.20718,2.9,2.129,2.069,2.179,False
2026-10-03T00:45:20+00:00,cebbe420-bcf3-4db8-9099-c52b783e2158,ESSO,Esso Tankstelle,BERLIN,52.549044,13.17897,0,2.159,2.099,2.209,True
2026-10-03T00:45:20+00:00,7347dd32-bfa1-470a-a6ee-2a2c95ad9af5,ARAL,Aral Tankstelle,Berlin,52.542747,13.199304,1.5,2.159,2.099,2.239,True
2026-10-03T00:45:20+00:00,9f07b69b-4b15-4852-9c60-5d293c6cadc5,Sprint,Sprint Berlin Seegefelder Str.,Berlin,52.536163,13.191189,1.6,2.129,2.069,2.179,False
2026-10-03T00:45:20+00:00,005056ba-7cb6-1ed2-bceb-641db1c24d1d,STAR,star Tankstelle,Berlin,52.534388,13.184014,1.7,2.129,2.069,2.179,True
2026-10-03T00:45:20+00:00,51d4b471-a095-1aa0-e100-80009459e03a,JET,JET BERLIN BRUNSBUETTELER DAMM 87-89,BERLIN,52.53379,13.18503,1.7,2.129,2.069,2.179,False
2026-10-03T00:45:20+00:00,d590310c-e209-46b2-bfe7-dacc6148e1f1,TotalEnergies,TotalEnergies Berlin,Berlin,52.55424,13.207408,2,2.139,2.079,2.189,False
2026-10-03T00:45:20+00:00,5d8c8a4c-bce7-4d28-ae12-0d61a971c5cc,Shell,Shell Berlin Streitstr. 19,Berlin,52.558899,13.208409,2.3,2.139,2.079,2.189,True
2026-10-03T00:45:20+00:00,057827cd-6583-4a3a-a461-f8546073fd02,SUN,Sun Klosterstr.,Berlin,52.52943,13.19517,2.4,2.129,2.069,2.179,True
2026-10-03T00:45:20+00:00,905d4775-754e-4b38-baca-89c98fad1d1a,Sprint,Sprint Berlin Ruhlebener Str.,Berlin,52.529285,13.20718,2.9,2.129,2.069,2.179,False
2026-10-03T00:46:50+00:00,cebbe420-bcf3-4db8-9099-c52b783e2158,ESSO,Esso Tankstelle,BERLIN,52.549044,13.17897,0,2.159,2.099,2.209,True
2026-10-03T00:46:50+00:00,7347dd32-bfa1-470a-a6ee-2a2c95ad9af5,ARAL,Aral Tankstelle,Berlin,52.542747,13.199304,1.5,2.159,2.099,2.239,True
2026-10-03T00:46:50+00:00,9f07b69b-4b15-4852-9c60-5d293c6cadc5,Sprint,Sprint Berlin Seegefelder Str.,Berlin,52.536163,13.191189,1.6,2.129,2.069,2.179,False
2026-10-03T00:46:50+00:00,005056ba-7cb6-1ed2-bceb-641db1c24d1d,STAR,star Tankstelle,Berlin,52.534388,13.184014,1.7,2.129,2.069,2.179,True
2026-10-03T00:46:50+00:00,51d4b471-a095-1aa0-e100-80009459e03a,JET,JET BERLIN BRUNSBUETTELER DAMM 87-89,BERLIN,52.53379,13.18503,1.7,2.129,2.069,2.179,False
2026-10-03T00:46:50+00:00,d590310c-e209-46b2-bfe7-dacc6148e1f1,TotalEnergies,TotalEnergies Berlin,Berlin,52.55424,13.207408,2,2.139,2.079,2.189,False
2026-10-03T00:46:50+00:00,5d8c8a4c-bce7-4d28-ae12-0d61a971c5cc,Shell,Shell Berlin Streitstr. 19,Berlin,52.558899,13.208409,2.3,2.139,2.079,2.189,True
2026-10-03T00:46:50+00:00,057827cd-6583-4a3a-a461-f8546073fd02,SUN,Sun Klosterstr.,Berlin,52.52943,13.19517,2.4,2.129,2.069,2.179,True
2026-10-03T00:46:50+00:00,905d4775-754e-4b38-baca-89c98fad1d1a,Sprint,Sprint Berlin Ruhlebener Str.,Berlin,52.529285,13.20718,2.9,2.129,2.069,2.179,False
2026-10-03T00:48:21+00:00,cebbe420-bcf3-4db8-9099-c52b783e2158,ESSO,Esso Tankstelle,BERLIN,52.549044,13.17897,0,2.159,2.099,2.209,True
2026-10-03T00:48:21+00:00,7347dd32-bfa1-470a-a6ee-2a2c95ad9af5,ARAL,Aral Tankstelle,Berlin,52.542747,13.199304,1.5,2.159,2.099,2.239,True
2026-10-03T00:48:21+00:00,9f07b69b-4b15-4852-9c60-5d293c6cadc5,Sprint,Sprint Berlin Seegefelder Str.,Berlin,52.536163,13.191189,1.6,2.129,2.069,2.179,False
2026-10-03T00:48:21+00:00,005056ba-7cb6-1ed2-bceb-641db1c24d1d,STAR,star Tankstelle,Berlin,52.534388,13.184014,1.7,2.129,2.069,2.179,True
2026-10-03T00:48:21+00:00,51d4b471-a095-1aa0-e100-80009459e03a,JET,JET BERLIN BRUNSBUETTELER DAMM 87-89,BERLIN,52.53379,13.18503,1.7,2.129,2.069,2.179,False
2026-10-03T00:48:21+00:00,d590310c-e209-46b2-bfe7-dacc6148e1f1,TotalEnergies,TotalEnergies Berlin,Berlin,52.55424,13.207408,2,2.139,2.079,2.189,False
2026-10-03T00:48:21+00:00,5d8c8a4c-bce7-4d28-ae12-0d61a971c5cc,Shell,Shell Berlin Streitstr. 19,Berlin,52.558899,13.208409,2.3,2.139,2.079,2.189,True
2026-10-03T00:48:21+00:00,057827cd-6583-4a3a-a461-f8546073fd02,SUN,Sun Klosterstr.,Berlin,52.52943,13.19517,2.4,2.129,2.069,2.179,True
2026-10-03T00:48:21+00:00,905d4775-754e-4b38-baca-89c98fad1d1a,Sprint,Sprint Berlin Ruhlebener Str.,Berlin,52.529285,13.20718,2.9,2.129,2.069,2.179,False
2026-10-03T00:49:52+00:00,cebbe420-bcf3-4db8-9099-c52b783e2158,ESSO,Esso Tankstelle,BERLIN,52.549044,13.17897,0,2.159,2.099,2.209,True
2026-10-03T00:49:52+00:00,7347dd32-bfa1-470a-a6ee-2a2c95ad9af5,ARAL,Aral Tankstelle,Berlin,52.542747,13.199304,1.5,2.159,2.099,2.239,True
2026-10-03T00:49:52+00:00,9f07b69b-4b15-4852-9c60-5d293c6cadc5,Sprint,Sprint Berlin Seegefelder Str.,Berlin,52.536163,13.191189,1.6,2.129,2.069,2.179,False
2026-10-03T00:49:52+00:00,005056ba-7cb6-1ed2-bceb-641db1c24d1d,STAR,star Tankstelle,Berlin,52.534388,13.184014,1.7,2.129,2.069,2.179,True
2026-10-03T00:49:52+00:00,51d4b471-a095-1aa0-e100-80009459e03a,JET,JET BERLIN BRUNSBUETTELER DAMM 87-89,BERLIN,52.53379,13.18503,1.7,2.129,2.069,2.179,False
2026-10-03T00:49:52+00:00,d590310c-e209-46b2-bfe7-dacc6148e1f1,TotalEnergies,TotalEnergies Berlin,Berlin,52.55424,13.207408,2,2.139,2.079,2.189,False
2026-10-03T00:49:52+00:00,5d8c8a4c-bce7-4d28-ae12-0d61a971c5cc,Shell,Shell Berlin Streitstr. 19,Berlin,52.558899,13.208409,2.3,2.139,2.079,2.189,True
2026-10-03T00:49:52+00:00,057827cd-6583-4a3a-a461-f8546073fd02,SUN,Sun Klosterstr.,Berlin,52.52943,13.19517,2.4,2.129,2.069,2.179,True
2026-10-03T00:49:52+00:00,905d4775-754e-4b38-baca-89c98fad1d1a,Sprint,Sprint Berlin Ruhlebener Str.,Berlin,52.529285,13.20718,2.9,2.129,2.069,2.179,False
2026-10-03T00:51:22+00:00,cebbe420-bcf3-4db8-9099-c52b783e2158,ESSO,Esso Tankstelle,BERLIN,52.549044,13.17897,0,2.159,2.099,2.209,True
2026-10-03T00:51:22+00:00,7347dd32-bfa1-470a-a6ee-2a2c95ad9af5,ARAL,Aral Tankstelle,Berlin,52.542747,13.199304,1.5,2.159,2.099,2.239,True
2026-10-03T00:51:22+00:00,9f07b69b-4b15-4852-9c60-5d293c6cadc5,Sprint,Sprint Berlin Seegefelder Str.,Berlin,52.536163,13.191189,1.6,2.129,2.069,2.179,False
2026-10-03T00:51:22+00:00,005056ba-7cb6-1ed2-bceb-641db1c24d1d,STAR,star Tankstelle,Berlin,52.534388,13.184014,1.7,2.129,2.069,2.179,True
2026-10-03T00:51:22+00:00,51d4b471-a095-1aa0-e100-80009459e03a,JET,JET BERLIN BRUNSBUETTELER DAMM 87-89,BERLIN,52.53379,13.18503,1.7,2.129,2.069,2.179,False
2026-10-03T00:51:22+00:00,d590310c-e209-46b2-bfe7-dacc6148e1f1,TotalEnergies,TotalEnergies Berlin,Berlin,52.55424,13.207408,2,2.139,2.079,2.189,False
2026-10-03T00:51:22+00:00,5d8c8a4c-bce7-4d28-ae12-0d61a971c5cc,Shell,Shell Berlin Streitstr. 19,Berlin,52.558899,13.208409,2.3,2.139,2.079,2.189,True
2026-10-03T00:51:22+00:00,057827cd-6583-4a3a-a461-f8546073fd02,SUN,Sun Klosterstr.,Berlin,52.52943,13.19517,2.4,2.129,2.069,2.179,True
2026-10-03T00:51:22+00:00,905d4775-754e-4b38-baca-89c98fad1d1a,Sprint,Sprint Berlin Ruhlebener Str.,Berlin,52.529285,13.20718,2.9,2.129,2.069,2.179,False
2026-10-03T00:52:53+00:00,cebbe420-bcf3-4db8-9099-c52b783e2158,ESSO,Esso Tankstelle,BERLIN,52.549044,13.17897,0,2.159,2.099,2.209,True
2026-10-03T00:52:53+00:00,7347dd32-bfa1-470a-a6ee-2a2c95ad9af5,ARAL,Aral Tankstelle,Berlin,52.542747,13.199304,1.5,2.159,2.099,2.239,True
2026-10-03T00:52:53+00:00,9f07b69b-4b15-4852-9c60-5d293c6cadc5,Sprint,Sprint Berlin Seegefelder Str.,Berlin,52.536163,13.191189,1.6,2.129,2.069,2.179,False
2026-10-03T00:52:53+00:00,005056ba-7cb6-1ed2-bceb-641db1c24d1d,STAR,star Tankstelle,Berlin,52.534388,13.184014,1.7,2.129,2.069,2.179,True
2026-10-03T00:52:53+00:00,51d4b471-a095-1aa0-e100-80009459e03a,JET,JET BERLIN BRUNSBUETTELER DAMM 87-89,BERLIN,52.53379,13.18503,1.7,2.129,2.069,2.179,False
2026-10-03T00:52:53+00:00,d590310c-e209-46b2-bfe7-dacc6148e1f1,TotalEnergies,TotalEnergies Berlin,Berlin,52.55424,13.207408,2,2.139,2.079,2.189,False
2026-10-03T00:52:53+00:00,5d8c8a4c-bce7-4d28-ae12-0d61a971c5cc,Shell,Shell Berlin Streitstr. 19,Berlin,52.558899,13.208409,2.3,2.139,2.079,2.189,True
2026-10-03T00:52:53+00:00,057827cd-6583-4a3a-a461-f8546073fd02,SUN,Sun Klosterstr.,Berlin,52.52943,13.19517,2.4,2.129,2.069,2.179,True
2026-10-03T00:52:53+00:00,905d4775-754e-4b38-baca-89c98fad1d1a,Sprint,Sprint Berlin Ruhlebener Str.,Berlin,52.529285,13.20718,2.9,2.129,2.069,2.179,False
2026-10-03T00:54:24+00:00,cebbe420-bcf3-4db8-9099-c52b783e2158,ESSO,Esso Tankstelle,BERLIN,52.549044,13.17897,0,2.159,2.099,2.209,True
2026-10-03T00:54:24+00:00,7347dd32-bfa1-470a-a6ee-2a2c95ad9af5,ARAL,Aral Tankstelle,Berlin,52.542747,13.199304,1.5,2.159,2.099,2.239,True
2026-10-03T00:54:24+00:00,9f07b69b-4b15-4852-9c60-5d293c6cadc5,Sprint,Sprint Berlin Seegefelder Str.,Berlin,52.536163,13.191189,1.6,2.129,2.069,2.179,False
2026-10-03T00:54:24+00:00,005056ba-7cb6-1ed2-bceb-641db1c24d1d,STAR,star Tankstelle,Berlin,52.534388,13.184014,1.7,2.129,2.069,2.179,True
2026-10-03T00:54:24+00:00,51d4b471-a095-1aa0-e100-80009459e03a,JET,JET BERLIN BRUNSBUETTELER DAMM 87-89,BERLIN,52.53379,13.18503,1.7,2.129,2.069,2.179,False
2026-10-03T00:54:24+00:00,d590310c-e209-46b2-bfe7-dacc6148e1f1,TotalEnergies,TotalEnergies Berlin,Berlin,52.55424,13.207408,2,2.139,2.079,2.189,False
2026-10-03T00:54:24+00:00,5d8c8a4c-bce7-4d28-ae12-0d61a971c5cc,Shell,Shell Berlin Streitstr. 19,Berlin,52.558899,13.208409,2.3,2.139,2.079,2.189,True
2026-10-03T00:54:24+00:00,057827cd-6583-4a3a-a461-f8546073fd02,SUN,Sun Klosterstr.,Berlin,52.52943,13.19517,2.4,2.129,2.069,2.179,True
2026-10-03T00:54:24+00:00,905d4775-754e-4b38-baca-89c98fad1d1a,Sprint,Sprint Berlin Ruhlebener Str.,Berlin,52.529285,13.20718,2.9,2.129,2.069,2.179,False
2026-10-03T00:55:55+00:00,cebbe420-bcf3-4db8-9099-c52b783e2158,ESSO,Esso Tankstelle,BERLIN,52.549044,13.17897,0,2.159,2.099,2.209,True
2026-10-03T00:55:55+00:00,7347dd32-bfa1-470a-a6ee-2a2c95ad9af5,ARAL,Aral Tankstelle,Berlin,52.542747,13.199304,1.5,2.159,2.099,2.239,True
2026-10-03T00:55:55+00:00,9f07b69b-4b15-4852-9c60-5d293c6cadc5,Sprint,Sprint Berlin Seegefelder Str.,Berlin,52.536163,13.191189,1.6,2.129,2.069,2.179,False
2026-10-03T00:55:55+00:00,005056ba-7cb6-1ed2-bceb-641db1c24d1d,STAR,star Tankstelle,Berlin,52.534388,13.184014,1.7,2.129,2.069,2.179,True
2026-10-03T00:55:55+00:00,51d4b471-a095-1aa0-e100-80009459e03a,JET,JET BERLIN BRUNSBUETTELER DAMM 87-89,BERLIN,52.53379,13.18503,1.7,2.129,2.069,2.179,False
2026-10-03T00:55:55+00:00,d590310c-e209-46b2-bfe7-dacc6148e1f1,TotalEnergies,TotalEnergies Berlin,Berlin,52.55424,13.207408,2,2.139,2.079,2.189,False
2026-10-03T00:55:55+00:00,5d8c8a4c-bce7-4d28-ae12-0d61a971c5cc,Shell,Shell Berlin Streitstr. 19,Berlin,52.558899,13.208409,2.3,2.139,2.079,2.189,True
2026-10-03T00:55:55+00:00,057827cd-6583-4a3a-a461-f8546073fd02,SUN,Sun Klosterstr.,Berlin,52.52943,13.19517,2.4,2.129,2.069,2.179,True
2026-10-03T00:55:55+00:00,905d4775-754e-4b38-baca-89c98fad1d1a,Sprint,Sprint Berlin Ruhlebener Str.,Berlin,52.529285,13.20718,2.9,2.129,2.069,2.179,False
2026-10-03T00:57:25+00:00,cebbe420-bcf3-4db8-9099-c52b783e2158,ESSO,Esso Tankstelle,BERLIN,52.549044,13.17897,0,2.159,2.099,2.209,True
2026-10-03T00:57:25+00:00,7347dd32-bfa1-470a-a6ee-2a2c95ad9af5,ARAL,Aral Tankstelle,Berlin,52.542747,13.199304,1.5,2.159,2.099,2.239,True
2026-10-03T00:57:25+00:00,9f07b69b-4b15-4852-9c60-5d293c6cadc5,Sprint,Sprint Berlin Seegefelder Str.,Berlin,52.536163,13.191189,1.6,2.129,2.069,2.179,False
2026-10-03T00:57:25+00:00,005056ba-7cb6-1ed2-bceb-641db1c24d1d,STAR,star Tankstelle,Berlin,52.534388,13.184014,1.7,2.129,2.069,2.179,True
2026-10-03T00:57:25+00:00,51d4b471-a095-1aa0-e100-80009459e03a,JET,JET BERLIN BRUNSBUETTELER DAMM 87-89,BERLIN,52.53379,13.18503,1.7,2.129,2.069,2.179,False
2026-10-03T00:57:25+00:00,d590310c-e209-46b2-bfe7-dacc6148e1f1,TotalEnergies,TotalEnergies Berlin,Berlin,52.55424,13.207408,2,2.139,2.079,2.189,False
2026-10-03T00:57:25+00:00,5d8c8a4c-bce7-4d28-ae12-0d61a971c5cc,Shell,Shell Berlin Streitstr. 19,Berlin,52.558899,13.208409,2.3,2.139,2.079,2.189,True
2026-10-03T00:57:25+00:00,057827cd-6583-4a3a-a461-f8546073fd02,SUN,Sun Klosterstr.,Berlin,52.52943,13.19517,2.4,2.129,2.069,2.179,True
2026-10-03T00:57:25+00:00,905d4775-754e-4b38-baca-89c98fad1d1a,Sprint,Sprint Berlin Ruhlebener Str.,Berlin,52.529285,13.20718,2.9,2.129,2.069,2.179,False
2026-10-03T00:58:56+00:00,cebbe420-bcf3-4db8-9099-c52b783e2158,ESSO,Esso Tankstelle,BERLIN,52.549044,13.17897,0,2.159,2.099,2.209,True
2026-10-03T00:58:56+00:00,7347dd32-bfa1-470a-a6ee-2a2c95ad9af5,ARAL,Aral Tankstelle,Berlin,52.542747,13.199304,1.5,2.159,2.099,2.239,True
2026-10-03T00:58:56+00:00,9f07b69b-4b15-4852-9c60-5d293c6cadc5,Sprint,Sprint Berlin Seegefelder Str.,Berlin,52.536163,13.191189,1.6,2.129,2.069,2.179,False
2026-10-03T00:58:56+00:00,005056ba-7cb6-1ed2-bceb-641db1c24d1d,STAR,star Tankstelle,Berlin,52.534388,13.184014,1.7,2.129,2.069,2.179,True
2026-10-03T00:58:56+00:00,51d4b471-a095-1aa0-e100-80009459e03a,JET,JET BERLIN BRUNSBUETTELER DAMM 87-89,BERLIN,52.53379,13.18503,1.7,2.129,2.069,2.179,False
2026-10-03T00:58:56+00:00,d590310c-e209-46b2-bfe7-dacc6148e1f1,TotalEnergies,TotalEnergies Berlin,Berlin,52.55424,13.207408,2,2.139,2.079,2.189,False
2026-10-03T00:58:56+00:00,5d8c8a4c-bce7-4d28-ae12-0d61a971c5cc,Shell,Shell Berlin Streitstr. 19,Berlin,52.558899,13.208409,2.3,2.139,2.079,2.189,True
2026-10-03T00:58:56+00:00,057827cd-6583-4a3a-a461-f8546073fd02,SUN,Sun Klosterstr.,Berlin,52.52943,13.19517,2.4,2.129,2.069,2.179,True
2026-10-03T00:58:56+00:00,905d4775-754e-4b38-baca-89c98fad1d1a,Sprint,Sprint Berlin Ruhlebener Str.,Berlin,52.529285,13.20718,2.9,2.129,2.069,2.179,False
2026-10-03T01:00:27+00:00,cebbe420-bcf3-4db8-9099-c52b783e2158,ESSO,Esso Tankstelle,BERLIN,52.549044,13.17897,0,2.159,2.099,2.209,True
2026-10-03T01:00:27+00:00,7347dd32-bfa1-470a-a6ee-2a2c95ad9af5,ARAL,Aral Tankstelle,Berlin,52.542747,13.199304,1.5,2.159,2.099,2.239,True
2026-10-03T01:00:27+00:00,9f07b69b-4b15-4852-9c60-5d293c6cadc5,Sprint,Sprint Berlin Seegefelder Str.,Berlin,52.536163,13.191189,1.6,2.129,2.069,2.179,False
2026-10-03T01:00:27+00:00,005056ba-7cb6-1ed2-bceb-641db1c24d1d,STAR,star Tankstelle,Berlin,52.534388,13.184014,1.7,2.129,2.069,2.179,True
2026-10-03T01:00:27+00:00,51d4b471-a095-1aa0-e100-80009459e03a,JET,JET BERLIN BRUNSBUETTELER DAMM 87-89,BERLIN,52.53379,13.18503,1.7,2.129,2.069,2.179,False
2026-10-03T01:00:27+00:00,d590310c-e209-46b2-bfe7-dacc6148e1f1,TotalEnergies,TotalEnergies Berlin,Berlin,52.55424,13.207408,2,2.139,2.079,2.189,False
2026-10-03T01:00:27+00:00,5d8c8a4c-bce7-4d28-ae12-0d61a971c5cc,Shell,Shell Berlin Streitstr. 19,Berlin,52.558899,13.208409,2.3,2.139,2.079,2.189,True
2026-10-03T01:00:27+00:00,057827cd-6583-4a3a-a461-f8546073fd02,SUN,Sun Klosterstr.,Berlin,52.52943,13.19517,2.4,2.129,2.069,2.179,True
2026-10-03T01:00:27+00:00,905d4775-754e-4b38-baca-89c98fad1d1a,Sprint,Sprint Berlin Ruhlebener Str.,Berlin,52.529285,13.20718,2.9,2.129,2.069,2.179,False
2026-10-03T01:02:00+00:00,cebbe420-bcf3-4db8-9099-c52b783e2158,ESSO,Esso Tankstelle,BERLIN,52.549044,13.17897,0,2.159,2.099,2.209,True
2026-10-03T01:02:00+00:00,7347dd32-bfa1-470a-a6ee-2a2c95ad9af5,ARAL,Aral Tankstelle,Berlin,52.542747,13.199304,1.5,2.159,2.099,2.239,True
2026-10-03T01:02:00+00:00,9f07b69b-4b15-4852-9c60-5d293c6cadc5,Sprint,Sprint Berlin Seegefelder Str.,Berlin,52.536163,13.191189,1.6,2.129,2.069,2.179,False
2026-10-03T01:02:00+00:00,005056ba-7cb6-1ed2-bceb-641db1c24d1d,STAR,star Tankstelle,Berlin,52.534388,13.184014,1.7,2.129,2.069,2.179,True
2026-10-03T01:02:00+00:00,51d4b471-a095-1aa0-e100-80009459e03a,JET,JET BERLIN BRUNSBUETTELER DAMM 87-89,BERLIN,52.53379,13.18503,1.7,2.129,2.069,2.179,False
2026-10-03T01:02:00+00:00,d590310c-e209-46b2-bfe7-dacc6148e1f1,TotalEnergies,TotalEnergies Berlin,Berlin,52.55424,13.207408,2,2.139,2.079,2.189,False
2026-10-03T01:02:00+00:00,5d8c8a4c-bce7-4d28-ae12-0d61a971c5cc,Shell,Shell Berlin Streitstr. 19,Berlin,52.558899,13.208409,2.3,2.139,2.079,2.189,True
2026-10-03T01:02:00+00:00,057827cd-6583-4a3a-a461-f8546073fd02,SUN,Sun Klosterstr.,Berlin,52.52943,13.19517,2.4,2.129,2.069,2.179,True
2026-10-03T01:02:00+00:00,905d4775-754e-4b38-baca-89c98fad1d1a,Sprint,Sprint Berlin Ruhlebener Str.,Berlin,52.529285,13.20718,2.9,2.129,2.069,2.179,False
2026-10-03T01:03:30+00:00,cebbe420-bcf3-4db8-9099-c52b783e2158,ESSO,Esso Tankstelle,BERLIN,52.549044,13.17897,0,2.159,2.099,2.209,True
2026-10-03T01:03:30+00:00,7347dd32-bfa1-470a-a6ee-2a2c95ad9af5,ARAL,Aral Tankstelle,Berlin,52.542747,13.199304,1.5,2.159,2.099,2.239,True
2026-10-03T01:03:30+00:00,9f07b69b-4b15-4852-9c60-5d293c6cadc5,Sprint,Sprint Berlin Seegefelder Str.,Berlin,52.536163,13.191189,1.6,2.129,2.069,2.179,False
2026-10-03T01:03:30+00:00,005056ba-7cb6-1ed2-bceb-641db1c24d1d,STAR,star Tankstelle,Berlin,52.534388,13.184014,1.7,2.129,2.069,2.179,True
2026-10-03T01:03:30+00:00,51d4b471-a095-1aa0-e100-80009459e03a,JET,JET BERLIN BRUNSBUETTELER DAMM 87-89,BERLIN,52.53379,13.18503,1.7,2.129,2.069,2.179,False
2026-10-03T01:03:30+00:00,d590310c-e209-46b2-bfe7-dacc6148e1f1,TotalEnergies,TotalEnergies Berlin,Berlin,52.55424,13.207408,2,2.139,2.079,2.189,False
2026-10-03T01:03:30+00:00,5d8c8a4c-bce7-4d28-ae12-0d61a971c5cc,Shell,Shell Berlin Streitstr. 19,Berlin,52.558899,13.208409,2.3,2.139,2.079,2.189,True
2026-10-03T01:03:30+00:00,057827cd-6583-4a3a-a461-f8546073fd02,SUN,Sun Klosterstr.,Berlin,52.52943,13.19517,2.4,2.129,2.069,2.179,True
2026-10-03T01:03:30+00:00,905d4775-754e-4b38-baca-89c98fad1d1a,Sprint,Sprint Berlin Ruhlebener Str.,Berlin,52.529285,13.20718,2.9,2.129,2.069,2.179,False
2026-10-03T01:05:01+00:00,cebbe420-bcf3-4db8-9099-c52b783e2158,ESSO,Esso Tankstelle,BERLIN,52.549044,13.17897,0,2.159,2.099,2.209,True
2026-10-03T01:05:01+00:00,7347dd32-bfa1-470a-a6ee-2a2c95ad9af5,ARAL,Aral Tankstelle,Berlin,52.542747,13.199304,1.5,2.159,2.099,2.239,True
2026-10-03T01:05:01+00:00,9f07b69b-4b15-4852-9c60-5d293c6cadc5,Sprint,Sprint Berlin Seegefelder Str.,Berlin,52.536163,13.191189,1.6,2.129,2.069,2.179,False
2026-10-03T01:05:01+00:00,005056ba-7cb6-1ed2-bceb-641db1c24d1d,STAR,star Tankstelle,Berlin,52.534388,13.184014,1.7,2.129,2.069,2.179,True
2026-10-03T01:05:01+00:00,51d4b471-a095-1aa0-e100-80009459e03a,JET,JET BERLIN BRUNSBUETTELER DAMM 87-89,BERLIN,52.53379,13.18503,1.7,2.129,2.069,2.179,False
2026-10-03T01:05:01+00:00,d590310c-e209-46b2-bfe7-dacc6148e1f1,TotalEnergies,TotalEnergies Berlin,Berlin,52.55424,13.207408,2,2.139,2.079,2.189,False
2026-10-03T01:05:01+00:00,5d8c8a4c-bce7-4d28-ae12-0d61a971c5cc,Shell,Shell Berlin Streitstr. 19,Berlin,52.558899,13.208409,2.3,2.139,2.079,2.189,True
2026-10-03T01:05:01+00:00,057827cd-6583-4a3a-a461-f8546073fd02,SUN,Sun Klosterstr.,Berlin,52.52943,13.19517,2.4,2.129,2.069,2.179,True
2026-10-03T01:05:01+00:00,905d4775-754e-4b38-baca-89c98fad1d1a,Sprint,Sprint Berlin Ruhlebener Str.,Berlin,52.529285,13.20718,2.9,2.129,2.069,2.179,False
2026-10-03T01:06:34+00:00,cebbe420-bcf3-4db8-9099-c52b783e2158,ESSO,Esso Tankstelle,BERLIN,52.549044,13.17897,0,2.159,2.099,2.209,True
2026-10-03T01:06:34+00:00,7347dd32-bfa1-470a-a6ee-2a2c95ad9af5,ARAL,Aral Tankstelle,Berlin,52.542747,13.199304,1.5,2.159,2.099,2.239,True
2026-10-03T01:06:34+00:00,9f07b69b-4b15-4852-9c60-5d293c6cadc5,Sprint,Sprint Berlin Seegefelder Str.,Berlin,52.536163,13.191189,1.6,2.129,2.069,2.179,False
2026-10-03T01:06:34+00:00,005056ba-7cb6-1ed2-bceb-641db1c24d1d,STAR,star Tankstelle,Berlin,52.534388,13.184014,1.7,2.129,2.069,2.179,True
2026-10-03T01:06:34+00:00,51d4b471-a095-1aa0-e100-80009459e03a,JET,JET BERLIN BRUNSBUETTELER DAMM 87-89,BERLIN,52.53379,13.18503,1.7,2.129,2.069,2.179,False
2026-10-03T01:06:34+00:00,d590310c-e209-46b2-bfe7-dacc6148e1f1,TotalEnergies,TotalEnergies Berlin,Berlin,52.55424,13.207408,2,2.139,2.079,2.189,False
2026-10-03T01:06:34+00:00,5d8c8a4c-bce7-4d28-ae12-0d61a971c5cc,Shell,Shell Berlin Streitstr. 19,Berlin,52.558899,13.208409,2.3,2.139,2.079,2.189,True
2026-10-03T01:06:34+00:00,057827cd-6583-4a3a-a461-f8546073fd02,SUN,Sun Klosterstr.,Berlin,52.52943,13.19517,2.4,2.129,2.069,2.179,True
2026-10-03T01:06:34+00:00,905d4775-754e-4b38-baca-89c98fad1d1a,Sprint,Sprint Berlin Ruhlebener Str.,Berlin,52.529285,13.20718,2.9,2.129,2.069,2.179,False
2026-10-03T01:08:06+00:00,cebbe420-bcf3-4db8-9099-c52b783e2158,ESSO,Esso Tankstelle,BERLIN,52.549044,13.17897,0,2.159,2.099,2.209,True
2026-10-03T01:08:06+00:00,7347dd32-bfa1-470a-a6ee-2a2c95ad9af5,ARAL,Aral Tankstelle,Berlin,52.542747,13.199304,1.5,2.159,2.099,2.239,True
2026-10-03T01:08:06+00:00,9f07b69b-4b15-4852-9c60-5d293c6cadc5,Sprint,Sprint Berlin Seegefelder Str.,Berlin,52.536163,13.191189,1.6,2.129,2.069,2.179,False
2026-10-03T01:08:06+00:00,005056ba-7cb6-1ed2-bceb-641db1c24d1d,STAR,star Tankstelle,Berlin,52.534388,13.184014,1.7,2.129,2.069,2.179,True
2026-10-03T01:08:06+00:00,51d4b471-a095-1aa0-e100-80009459e03a,JET,JET BERLIN BRUNSBUETTELER DAMM 87-89,BERLIN,52.53379,13.18503,1.7,2.129,2.069,2.179,False
2026-10-03T01:08:06+00:00,d590310c-e209-46b2-bfe7-dacc6148e1f1,TotalEnergies,TotalEnergies Berlin,Berlin,52.55424,13.207408,2,2.139,2.079,2.189,False
2026-10-03T01:08:06+00:00,5d8c8a4c-bce7-4d28-ae12-0d61a971c5cc,Shell,Shell Berlin Streitstr. 19,Berlin,52.558899,13.208409,2.3,2.139,2.079,2.189,True
2026-10-03T01:08:06+00:00,057827cd-6583-4a3a-a461-f8546073fd02,SUN,Sun Klosterstr.,Berlin,52.52943,13.19517,2.4,2.129,2.069,2.179,True
2026-10-03T01:08:06+00:00,905d4775-754e-4b38-baca-89c98fad1d1a,Sprint,Sprint Berlin Ruhlebener Str.,Berlin,52.529285,13.20718,2.9,2.129,2.069,2.179,False
2026-10-03T01:09:37+00:00,cebbe420-bcf3-4db8-9099-c52b783e2158,ESSO,Esso Tankstelle,BERLIN,52.549044,13.17897,0,2.159,2.099,2.209,True
2026-10-03T01:09:37+00:00,7347dd32-bfa1-470a-a6ee-2a2c95ad9af5,ARAL,Aral Tankstelle,Berlin,52.542747,13.199304,1.5,2.159,2.099,2.239,True
2026-10-03T01:09:37+00:00,9f07b69b-4b15-4852-9c60-5d293c6cadc5,Sprint,Sprint Berlin Seegefelder Str.,Berlin,52.536163,13.191189,1.6,2.129,2.069,2.179,False
2026-10-03T01:09:37+00:00,005056ba-7cb6-1ed2-bceb-641db1c24d1d,STAR,star Tankstelle,Berlin,52.534388,13.184014,1.7,2.129,2.069,2.179,True
2026-10-03T01:09:37+00:00,51d4b471-a095-1aa0-e100-80009459e03a,JET,JET BERLIN BRUNSBUETTELER DAMM 87-89,BERLIN,52.53379,13.18503,1.7,2.129,2.069,2.179,False
2026-10-03T01:09:37+00:00,d590310c-e209-46b2-bfe7-dacc6148e1f1,TotalEnergies,TotalEnergies Berlin,Berlin,52.55424,13.207408,2,2.139,2.079,2.189,False
2026-10-03T01:09:37+00:00,5d8c8a4c-bce7-4d28-ae12-0d61a971c5cc,Shell,Shell Berlin Streitstr. 19,Berlin,52.558899,13.208409,2.3,2.139,2.079,2.189,True
2026-10-03T01:09:37+00:00,057827cd-6583-4a3a-a461-f8546073fd02,SUN,Sun Klosterstr.,Berlin,52.52943,13.19517,2.4,2.129,2.069,2.179,True
2026-10-03T01:09:37+00:00,905d4775-754e-4b38-baca-89c98fad1d1a,Sprint,Sprint Berlin Ruhlebener Str.,Berlin,52.529285,13.20718,2.9,2.129,2.069,2.179,False
2026-10-03T01:11:08+00:00,cebbe420-bcf3-4db8-9099-c52b783e2158,ESSO,Esso Tankstelle,BERLIN,52.549044,13.17897,0,2.159,2.099,2.209,True
2026-10-03T01:11:08+00:00,7347dd32-bfa1-470a-a6ee-2a2c95ad9af5,ARAL,Aral Tankstelle,Berlin,52.542747,13.199304,1.5,2.159,2.099,2.239,True
2026-10-03T01:11:08+00:00,9f07b69b-4b15-4852-9c60-5d293c6cadc5,Sprint,Sprint Berlin Seegefelder Str.,Berlin,52.536163,13.191189,1.6,2.129,2.069,2.179,False
2026-10-03T01:11:08+00:00,005056ba-7cb6-1ed2-bceb-641db1c24d1d,STAR,star Tankstelle,Berlin,52.534388,13.184014,1.7,2.129,2.069,2.179,True
2026-10-03T01:11:08+00:00,51d4b471-a095-1aa0-e100-80009459e03a,JET,JET BERLIN BRUNSBUETTELER DAMM 87-89,BERLIN,52.53379,13.18503,1.7,2.129,2.069,2.179,False
2026-10-03T01:11:08+00:00,d590310c-e209-46b2-bfe7-dacc6148e1f1,TotalEnergies,TotalEnergies Berlin,Berlin,52.55424,13.207408,2,2.139,2.079,2.189,False
2026-10-03T01:11:08+00:00,5d8c8a4c-bce7-4d28-ae12-0d61a971c5cc,Shell,Shell Berlin Streitstr. 19,Berlin,52.558899,13.208409,2.3,2.139,2.079,2.189,True
2026-10-03T01:11:08+00:00,057827cd-6583-4a3a-a461-f8546073fd02,SUN,Sun Klosterstr.,Berlin,52.52943,13.19517,2.4,2.129,2.069,2.179,True
2026-10-03T01:11:08+00:00,905d4775-754e-4b38-baca-89c98fad1d1a,Sprint,Sprint Berlin Ruhlebener Str.,Berlin,52.529285,13.20718,2.9,2.129,2.069,2.179,False
2026-10-03T01:12:38+00:00,cebbe420-bcf3-4db8-9099-c52b783e2158,ESSO,Esso Tankstelle,BERLIN,52.549044,13.17897,0,2.159,2.099,2.209,True
2026-10-03T01:12:38+00:00,7347dd32-bfa1-470a-a6ee-2a2c95ad9af5,ARAL,Aral Tankstelle,Berlin,52.542747,13.199304,1.5,2.159,2.099,2.239,True
2026-10-03T01:12:38+00:00,9f07b69b-4b15-4852-9c60-5d293c6cadc5,Sprint,Sprint Berlin Seegefelder Str.,Berlin,52.536163,13.191189,1.6,2.129,2.069,2.179,False
2026-10-03T01:12:38+00:00,005056ba-7cb6-1ed2-bceb-641db1c24d1d,STAR,star Tankstelle,Berlin,52.534388,13.184014,1.7,2.129,2.069,2.179,True
2026-10-03T01:12:38+00:00,51d4b471-a095-1aa0-e100-80009459e03a,JET,JET BERLIN BRUNSBUETTELER DAMM 87-89,BERLIN,52.53379,13.18503,1.7,2.129,2.069,2.179,False
2026-10-03T01:12:38+00:00,d590310c-e209-46b2-bfe7-dacc6148e1f1,TotalEnergies,TotalEnergies Berlin,Berlin,52.55424,13.207408,2,2.139,2.079,2.189,False
2026-10-03T01:12:38+00:00,5d8c8a4c-bce7-4d28-ae12-0d61a971c5cc,Shell,Shell Berlin Streitstr. 19,Berlin,52.558899,13.208409,2.3,2.139,2.079,2.189,True
2026-10-03T01:12:38+00:00,057827cd-6583-4a3a-a461-f8546073fd02,SUN,Sun Klosterstr.,Berlin,52.52943,13.19517,2.4,2.129,2.069,2.179,True
2026-10-03T01:12:38+00:00,905d4775-754e-4b38-baca-89c98fad1d1a,Sprint,Sprint Berlin Ruhlebener Str.,Berlin,52.529285,13.20718,2.9,2.129,2.069,2.179,False
2026-10-03T01:14:09+00:00,cebbe420-bcf3-4db8-9099-c52b783e2158,ESSO,Esso Tankstelle,BERLIN,52.549044,13.17897,0,2.159,2.099,2.209,True
2026-10-03T01:14:09+00:00,7347dd32-bfa1-470a-a6ee-2a2c95ad9af5,ARAL,Aral Tankstelle,Berlin,52.542747,13.199304,1.5,2.159,2.099,2.239,True
2026-10-03T01:14:09+00:00,9f07b69b-4b15-4852-9c60-5d293c6cadc5,Sprint,Sprint Berlin Seegefelder Str.,Berlin,52.536163,13.191189,1.6,2.129,2.069,2.179,False
2026-10-03T01:14:09+00:00,005056ba-7cb6-1ed2-bceb-641db1c24d1d,STAR,star Tankstelle,Berlin,52.534388,13.184014,1.7,2.129,2.069,2.179,True
2026-10-03T01:14:09+00:00,51d4b471-a095-1aa0-e100-80009459e03a,JET,JET BERLIN BRUNSBUETTELER DAMM 87-89,BERLIN,52.53379,13.18503,1.7,2.129,2.069,2.179,False
2026-10-03T01:14:09+00:00,d590310c-e209-46b2-bfe7-dacc6148e1f1,TotalEnergies,TotalEnergies Berlin,Berlin,52.55424,13.207408,2,2.139,2.079,2.189,False
2026-10-03T01:14:09+00:00,5d8c8a4c-bce7-4d28-ae12-0d61a971c5cc,Shell,Shell Berlin Streitstr. 19,Berlin,52.558899,13.208409,2.3,2.139,2.079,2.189,True
2026-10-03T01:14:09+00:00,057827cd-6583-4a3a-a461-f8546073fd02,SUN,Sun Klosterstr.,Berlin,52.52943,13.19517,2.4,2.129,2.069,2.179,True
2026-10-03T01:14:09+00:00,905d4775-754e-4b38-baca-89c98fad1d1a,Sprint,Sprint Berlin Ruhlebener Str.,Berlin,52.529285,13.20718,2.9,2.129,2.069,2.179,False
2026-10-03T01:15:40+00:00,cebbe420-bcf3-4db8-9099-c52b783e2158,ESSO,Esso Tankstelle,BERLIN,52.549044,13.17897,0,2.159,2.099,2.209,True
2026-10-03T01:15:40+00:00,7347dd32-bfa1-470a-a6ee-2a2c95ad9af5,ARAL,Aral Tankstelle,Berlin,52.542747,13.199304,1.5,2.159,2.099,2.239,True
2026-10-03T01:15:40+00:00,9f07b69b-4b15-4852-9c60-5d293c6cadc5,Sprint,Sprint Berlin Seegefelder Str.,Berlin,52.536163,13.191189,1.6,2.129,2.069,2.179,False
2026-10-03T01:15:40+00:00,005056ba-7cb6-1ed2-bceb-641db1c24d1d,STAR,star Tankstelle,Berlin,52.534388,13.184014,1.7,2.129,2.069,2.179,True
2026-10-03T01:15:40+00:00,51d4b471-a095-1aa0-e100-80009459e03a,JET,JET BERLIN BRUNSBUETTELER DAMM 87-89,BERLIN,52.53379,13.18503,1.7,2.129,2.069,2.179,False
2026-10-03T01:15:40+00:00,d590310c-e209-46b2-bfe7-dacc6148e1f1,TotalEnergies,TotalEnergies Berlin,Berlin,52.55424,13.207408,2,2.139,2.079,2.189,False
2026-10-03T01:15:40+00:00,5d8c8a4c-bce7-4d28-ae12-0d61a971c5cc,Shell,Shell Berlin Streitstr. 19,Berlin,52.558899,13.208409,2.3,2.139,2.079,2.189,True
2026-10-03T01:15:40+00:00,057827cd-6583-4a3a-a461-f8546073fd02,SUN,Sun Klosterstr.,Berlin,52.52943,13.19517,2.4,2.129,2.069,2.179,True
2026-10-03T01:15:40+00:00,905d4775-754e-4b38-baca-89c98fad1d1a,Sprint,Sprint Berlin Ruhlebener Str.,Berlin,52.529285,13.20718,2.9,2.129,2.069,2.179,False
2026-10-03T01:17:11+00:00,cebbe420-bcf3-4db8-9099-c52b783e2158,ESSO,Esso Tankstelle,BERLIN,52.549044,13.17897,0,2.159,2.099,2.209,True
2026-10-03T01:17:11+00:00,7347dd32-bfa1-470a-a6ee-2a2c95ad9af5,ARAL,Aral Tankstelle,Berlin,52.542747,13.199304,1.5,2.159,2.099,2.239,True
2026-10-03T01:17:11+00:00,9f07b69b-4b15-4852-9c60-5d293c6cadc5,Sprint,Sprint Berlin Seegefelder Str.,Berlin,52.536163,13.191189,1.6,2.129,2.069,2.179,False
2026-10-03T01:17:11+00:00,005056ba-7cb6-1ed2-bceb-641db1c24d1d,STAR,star Tankstelle,Berlin,52.534388,13.184014,1.7,2.129,2.069,2.179,True
2026-10-03T01:17:11+00:00,51d4b471-a095-1aa0-e100-80009459e03a,JET,JET BERLIN BRUNSBUETTELER DAMM 87-89,BERLIN,52.53379,13.18503,1.7,2.129,2.069,2.179,False
2026-10-03T01:17:11+00:00,d590310c-e209-46b2-bfe7-dacc6148e1f1,TotalEnergies,TotalEnergies Berlin,Berlin,52.55424,13.207408,2,2.139,2.079,2.189,False
2026-10-03T01:17:11+00:00,5d8c8a4c-bce7-4d28-ae12-0d61a971c5cc,Shell,Shell Berlin Streitstr. 19,Berlin,52.558899,13.208409,2.3,2.139,2.079,2.189,True
2026-10-03T01:17:11+00:00,057827cd-6583-4a3a-a461-f8546073fd02,SUN,Sun Klosterstr.,Berlin,52.52943,13.19517,2.4,2.129,2.069,2.179,True
2026-10-03T01:17:11+00:00,905d4775-754e-4b38-baca-89c98fad1d1a,Sprint,Sprint Berlin Ruhlebener Str.,Berlin,52.529285,13.20718,2.9,2.129,2.069,2.179,False
2026-10-03T01:18:45+00:00,cebbe420-bcf3-4db8-9099-c52b783e2158,ESSO,Esso Tankstelle,BERLIN,52.549044,13.17897,0,2.159,2.099,2.209,True
2026-10-03T01:18:45+00:00,7347dd32-bfa1-470a-a6ee-2a2c95ad9af5,ARAL,Aral Tankstelle,Berlin,52.542747,13.199304,1.5,2.159,2.099,2.239,True
2026-10-03T01:18:45+00:00,9f07b69b-4b15-4852-9c60-5d293c6cadc5,Sprint,Sprint Berlin Seegefelder Str.,Berlin,52.536163,13.191189,1.6,2.129,2.069,2.179,False
2026-10-03T01:18:45+00:00,005056ba-7cb6-1ed2-bceb-641db1c24d1d,STAR,star Tankstelle,Berlin,52.534388,13.184014,1.7,2.129,2.069,2.179,True
2026-10-03T01:18:45+00:00,51d4b471-a095-1aa0-e100-80009459e03a,JET,JET BERLIN BRUNSBUETTELER DAMM 87-89,BERLIN,52.53379,13.18503,1.7,2.129,2.069,2.179,False
2026-10-03T01:18:45+00:00,d590310c-e209-46b2-bfe7-dacc6148e1f1,TotalEnergies,TotalEnergies Berlin,Berlin,52.55424,13.207408,2,2.139,2.079,2.189,False
2026-10-03T01:18:45+00:00,5d8c8a4c-bce7-4d28-ae12-0d61a971c5cc,Shell,Shell Berlin Streitstr. 19,Berlin,52.558899,13.208409,2.3,2.139,2.079,2.189,True
2026-10-03T01:18:45+00:00,057827cd-6583-4a3a-a461-f8546073fd02,SUN,Sun Klosterstr.,Berlin,52.52943,13.19517,2.4,2.129,2.069,2.179,True
2026-10-03T01:18:45+00:00,905d4775-754e-4b38-baca-89c98fad1d1a,Sprint,Sprint Berlin Ruhlebener Str.,Berlin,52.529285,13.20718,2.9,2.129,2.069,2.179,False
2026-10-03T01:20:16+00:00,cebbe420-bcf3-4db8-9099-c52b783e2158,ESSO,Esso Tankstelle,BERLIN,52.549044,13.17897,0,2.159,2.099,2.209,True
2026-10-03T01:20:16+00:00,7347dd32-bfa1-470a-a6ee-2a2c95ad9af5,ARAL,Aral Tankstelle,Berlin,52.542747,13.199304,1.5,2.159,2.099,2.239,True
2026-10-03T01:20:16+00:00,9f07b69b-4b15-4852-9c60-5d293c6cadc5,Sprint,Sprint Berlin Seegefelder Str.,Berlin,52.536163,13.191189,1.6,2.129,2.069,2.179,False
2026-10-03T01:20:16+00:00,005056ba-7cb6-1ed2-bceb-641db1c24d1d,STAR,star Tankstelle,Berlin,52.534388,13.184014,1.7,2.129,2.069,2.179,True
2026-10-03T01:20:16+00:00,51d4b471-a095-1aa0-e100-80009459e03a,JET,JET BERLIN BRUNSBUETTELER DAMM 87-89,BERLIN,52.53379,13.18503,1.7,2.129,2.069,2.179,False
2026-10-03T01:20:16+00:00,d590310c-e209-46b2-bfe7-dacc6148e1f1,TotalEnergies,TotalEnergies Berlin,Berlin,52.55424,13.207408,2,2.139,2.079,2.189,False
2026-10-03T01:20:16+00:00,5d8c8a4c-bce7-4d28-ae12-0d61a971c5cc,Shell,Shell Berlin Streitstr. 19,Berlin,52.558899,13.208409,2.3,2.139,2.079,2.189,True
2026-10-03T01:20:16+00:00,057827cd-6583-4a3a-a461-f8546073fd02,SUN,Sun Klosterstr.,Berlin,52.52943,13.19517,2.4,2.129,2.069,2.179,True
2026-10-03T01:20:16+00:00,905d4775-754e-4b38-baca-89c98fad1d1a,Sprint,Sprint Berlin Ruhlebener Str.,Berlin,52.529285,13.20718,2.9,2.129,2.069,2.179,False
2026-10-03T01:21:56+00:00,cebbe420-bcf3-4db8-9099-c52b783e2158,ESSO,Esso Tankstelle,BERLIN,52.549044,13.17897,0,2.159,2.099,2.209,True
2026-10-03T01:21:56+00:00,7347dd32-bfa1-470a-a6ee-2a2c95ad9af5,ARAL,Aral Tankstelle,Berlin,52.542747,13.199304,1.5,2.159,2.099,2.239,True
2026-10-03T01:21:56+00:00,9f07b69b-4b15-4852-9c60-5d293c6cadc5,Sprint,Sprint Berlin Seegefelder Str.,Berlin,52.536163,13.191189,1.6,2.129,2.069,2.179,False
2026-10-03T01:21:56+00:00,005056ba-7cb6-1ed2-bceb-641db1c24d1d,STAR,star Tankstelle,Berlin,52.534388,13.184014,1.7,2.129,2.069,2.179,True
2026-10-03T01:21:56+00:00,51d4b471-a095-1aa0-e100-80009459e03a,JET,JET BERLIN BRUNSBUETTELER DAMM 87-89,BERLIN,52.53379,13.18503,1.7,2.129,2.069,2.179,False
2026-10-03T01:21:56+00:00,d590310c-e209-46b2-bfe7-dacc6148e1f1,TotalEnergies,TotalEnergies Berlin,Berlin,52.55424,13.207408,2,2.139,2.079,2.189,False
2026-10-03T01:21:56+00:00,5d8c8a4c-bce7-4d28-ae12-0d61a971c5cc,Shell,Shell Berlin Streitstr. 19,Berlin,52.558899,13.208409,2.3,2.139,2.079,2.189,True
2026-10-03T01:21:56+00:00,057827cd-6583-4a3a-a461-f8546073fd02,SUN,Sun Klosterstr.,Berlin,52.52943,13.19517,2.4,2.129,2.069,2.179,True
2026-10-03T01:21:56+00:00,905d4775-754e-4b38-baca-89c98fad1d1a,Sprint,Sprint Berlin Ruhlebener Str.,Berlin,52.529285,13.20718,2.9,2.129,2.069,2.179,False
2026-10-03T01:23:26+00:00,cebbe420-bcf3-4db8-9099-c52b783e2158,ESSO,Esso Tankstelle,BERLIN,52.549044,13.17897,0,2.159,2.099,2.209,True
2026-10-03T01:23:26+00:00,7347dd32-bfa1-470a-a6ee-2a2c95ad9af5,ARAL,Aral Tankstelle,Berlin,52.542747,13.199304,1.5,2.159,2.099,2.239,True
2026-10-03T01:23:26+00:00,9f07b69b-4b15-4852-9c60-5d293c6cadc5,Sprint,Sprint Berlin Seegefelder Str.,Berlin,52.536163,13.191189,1.6,2.129,2.069,2.179,False
2026-10-03T01:23:26+00:00,005056ba-7cb6-1ed2-bceb-641db1c24d1d,STAR,star Tankstelle,Berlin,52.534388,13.184014,1.7,2.129,2.069,2.179,True
2026-10-03T01:23:26+00:00,51d4b471-a095-1aa0-e100-80009459e03a,JET,JET BERLIN BRUNSBUETTELER DAMM 87-89,BERLIN,52.53379,13.18503,1.7,2.129,2.069,2.179,False
2026-10-03T01:23:26+00:00,d590310c-e209-46b2-bfe7-dacc6148e1f1,TotalEnergies,TotalEnergies Berlin,Berlin,52.55424,13.207408,2,2.139,2.079,2.189,False
2026-10-03T01:23:26+00:00,5d8c8a4c-bce7-4d28-ae12-0d61a971c5cc,Shell,Shell Berlin Streitstr. 19,Berlin,52.558899,13.208409,2.3,2.139,2.079,2.189,True
2026-10-03T01:23:26+00:00,057827cd-6583-4a3a-a461-f8546073fd02,SUN,Sun Klosterstr.,Berlin,52.52943,13.19517,2.4,2.129,2.069,2.179,True
2026-10-03T01:23:26+00:00,905d4775-754e-4b38-baca-89c98fad1d1a,Sprint,Sprint Berlin Ruhlebener Str.,Berlin,52.529285,13.20718,2.9,2.129,2.069,2.179,False
2026-10-03T01:24:57+00:00,cebbe420-bcf3-4db8-9099-c52b783e2158,ESSO,Esso Tankstelle,BERLIN,52.549044,13.17897,0,2.159,2.099,2.209,True
2026-10-03T01:24:57+00:00,7347dd32-bfa1-470a-a6ee-2a2c95ad9af5,ARAL,Aral Tankstelle,Berlin,52.542747,13.199304,1.5,2.159,2.099,2.239,True
2026-10-03T01:24:57+00:00,9f07b69b-4b15-4852-9c60-5d293c6cadc5,Sprint,Sprint Berlin Seegefelder Str.,Berlin,52.536163,13.191189,1.6,2.129,2.069,2.179,False
2026-10-03T01:24:57+00:00,005056ba-7cb6-1ed2-bceb-641db1c24d1d,STAR,star Tankstelle,Berlin,52.534388,13.184014,1.7,2.129,2.069,2.179,True
2026-10-03T01:24:57+00:00,51d4b471-a095-1aa0-e100-80009459e03a,JET,JET BERLIN BRUNSBUETTELER DAMM 87-89,BERLIN,52.53379,13.18503,1.7,2.129,2.069,2.179,False
2026-10-03T01:24:57+00:00,d590310c-e209-46b2-bfe7-dacc6148e1f1,TotalEnergies,TotalEnergies Berlin,Berlin,52.55424,13.207408,2,2.139,2.079,2.189,False
2026-10-03T01:24:57+00:00,5d8c8a4c-bce7-4d28-ae12-0d61a971c5cc,Shell,Shell Berlin Streitstr. 19,Berlin,52.558899,13.208409,2.3,2.139,2.079,2.189,True
2026-10-03T01:24:57+00:00,057827cd-6583-4a3a-a461-f8546073fd02,SUN,Sun Klosterstr.,Berlin,52.52943,13.19517,2.4,2.129,2.069,2.179,True
2026-10-03T01:24:57+00:00,905d4775-754e-4b38-baca-89c98fad1d1a,Sprint,Sprint Berlin Ruhlebener Str.,Berlin,52.529285,13.20718,2.9,2.129,2.069,2.179,False
2026-10-03T01:26:27+00:00,cebbe420-bcf3-4db8-9099-c52b783e2158,ESSO,Esso Tankstelle,BERLIN,52.549044,13.17897,0,2.159,2.099,2.209,True
2026-10-03T01:26:27+00:00,7347dd32-bfa1-470a-a6ee-2a2c95ad9af5,ARAL,Aral Tankstelle,Berlin,52.542747,13.199304,1.5,2.159,2.099,2.239,True
2026-10-03T01:26:27+00:00,9f07b69b-4b15-4852-9c60-5d293c6cadc5,Sprint,Sprint Berlin Seegefelder Str.,Berlin,52.536163,13.191189,1.6,2.129,2.069,2.179,False
2026-10-03T01:26:27+00:00,005056ba-7cb6-1ed2-bceb-641db1c24d1d,STAR,star Tankstelle,Berlin,52.534388,13.184014,1.7,2.129,2.069,2.179,True
2026-10-03T01:26:27+00:00,51d4b471-a095-1aa0-e100-80009459e03a,JET,JET BERLIN BRUNSBUETTELER DAMM 87-89,BERLIN,52.53379,13.18503,1.7,2.129,2.069,2.179,False
2026-10-03T01:26:27+00:00,d590310c-e209-46b2-bfe7-dacc6148e1f1,TotalEnergies,TotalEnergies Berlin,Berlin,52.55424,13.207408,2,2.139,2.079,2.189,False
2026-10-03T01:26:27+00:00,5d8c8a4c-bce7-4d28-ae12-0d61a971c5cc,Shell,Shell Berlin Streitstr. 19,Berlin,52.558899,13.208409,2.3,2.139,2.079,2.189,True
2026-10-03T01:26:27+00:00,057827cd-6583-4a3a-a461-f8546073fd02,SUN,Sun Klosterstr.,Berlin,52.52943,13.19517,2.4,2.129,2.069,2.179,True
2026-10-03T01:26:27+00:00,905d4775-754e-4b38-baca-89c98fad1d1a,Sprint,Sprint Berlin Ruhlebener Str.,Berlin,52.529285,13.20718,2.9,2.129,2.069,2.179,False
2026-10-03T01:27:58+00:00,cebbe420-bcf3-4db8-9099-c52b783e2158,ESSO,Esso Tankstelle,BERLIN,52.549044,13.17897,0,2.159,2.099,2.209,True
2026-10-03T01:27:58+00:00,7347dd32-bfa1-470a-a6ee-2a2c95ad9af5,ARAL,Aral Tankstelle,Berlin,52.542747,13.199304,1.5,2.159,2.099,2.239,True
2026-10-03T01:27:58+00:00,9f07b69b-4b15-4852-9c60-5d293c6cadc5,Sprint,Sprint Berlin Seegefelder Str.,Berlin,52.536163,13.191189,1.6,2.129,2.069,2.179,False
2026-10-03T01:27:58+00:00,005056ba-7cb6-1ed2-bceb-641db1c24d1d,STAR,star Tankstelle,Berlin,52.534388,13.184014,1.7,2.129,2.069,2.179,True
2026-10-03T01:27:58+00:00,51d4b471-a095-1aa0-e100-80009459e03a,JET,JET BERLIN BRUNSBUETTELER DAMM 87-89,BERLIN,52.53379,13.18503,1.7,2.129,2.069,2.179,False
2026-10-03T01:27:58+00:00,d590310c-e209-46b2-bfe7-dacc6148e1f1,TotalEnergies,TotalEnergies Berlin,Berlin,52.55424,13.207408,2,2.139,2.079,2.189,False
2026-10-03T01:27:58+00:00,5d8c8a4c-bce7-4d28-ae12-0d61a971c5cc,Shell,Shell Berlin Streitstr. 19,Berlin,52.558899,13.208409,2.3,2.139,2.079,2.189,True
2026-10-03T01:27:58+00:00,057827cd-6583-4a3a-a461-f8546073fd02,SUN,Sun Klosterstr.,Berlin,52.52943,13.19517,2.4,2.129,2.069,2.179,True
2026-10-03T01:27:58+00:00,905d4775-754e-4b38-baca-89c98fad1d1a,Sprint,Sprint Berlin Ruhlebener Str.,Berlin,52.529285,13.20718,2.9,2.129,2.069,2.179,False
2026-10-03T01:29:29+00:00,cebbe420-bcf3-4db8-9099-c52b783e2158,ESSO,Esso Tankstelle,BERLIN,52.549044,13.17897,0,2.159,2.099,2.209,True
2026-10-03T01:29:29+00:00,7347dd32-bfa1-470a-a6ee-2a2c95ad9af5,ARAL,Aral Tankstelle,Berlin,52.542747,13.199304,1.5,2.159,2.099,2.239,True
2026-10-03T01:29:29+00:00,9f07b69b-4b15-4852-9c60-5d293c6cadc5,Sprint,Sprint Berlin Seegefelder Str.,Berlin,52.536163,13.191189,1.6,2.129,2.069,2.179,False
2026-10-03T01:29:29+00:00,005056ba-7cb6-1ed2-bceb-641db1c24d1d,STAR,star Tankstelle,Berlin,52.534388,13.184014,1.7,2.129,2.069,2.179,True
2026-10-03T01:29:29+00:00,51d4b471-a095-1aa0-e100-80009459e03a,JET,JET BERLIN BRUNSBUETTELER DAMM 87-89,BERLIN,52.53379,13.18503,1.7,2.129,2.069,2.179,False
2026-10-03T01:29:29+00:00,d590310c-e209-46b2-bfe7-dacc6148e1f1,TotalEnergies,TotalEnergies Berlin,Berlin,52.55424,13.207408,2,2.139,2.079,2.189,False
2026-10-03T01:29:29+00:00,5d8c8a4c-bce7-4d28-ae12-0d61a971c5cc,Shell,Shell Berlin Streitstr. 19,Berlin,52.558899,13.208409,2.3,2.139,2.079,2.189,True
2026-10-03T01:29:29+00:00,057827cd-6583-4a3a-a461-f8546073fd02,SUN,Sun Klosterstr.,Berlin,52.52943,13.19517,2.4,2.129,2.069,2.179,True
2026-10-03T01:29:29+00:00,905d4775-754e-4b38-baca-89c98fad1d1a,Sprint,Sprint Berlin Ruhlebener Str.,Berlin,52.529285,13.20718,2.9,2.129,2.069,2.179,False
2026-10-03T01:30:59+00:00,cebbe420-bcf3-4db8-9099-c52b783e2158,ESSO,Esso Tankstelle,BERLIN,52.549044,13.17897,0,2.159,2.099,2.209,True
2026-10-03T01:30:59+00:00,7347dd32-bfa1-470a-a6ee-2a2c95ad9af5,ARAL,Aral Tankstelle,Berlin,52.542747,13.199304,1.5,2.159,2.099,2.239,True
2026-10-03T01:30:59+00:00,9f07b69b-4b15-4852-9c60-5d293c6cadc5,Sprint,Sprint Berlin Seegefelder Str.,Berlin,52.536163,13.191189,1.6,2.129,2.069,2.179,False
2026-10-03T01:30:59+00:00,005056ba-7cb6-1ed2-bceb-641db1c24d1d,STAR,star Tankstelle,Berlin,52.534388,13.184014,1.7,2.129,2.069,2.179,True
2026-10-03T01:30:59+00:00,51d4b471-a095-1aa0-e100-80009459e03a,JET,JET BERLIN BRUNSBUETTELER DAMM 87-89,BERLIN,52.53379,13.18503,1.7,2.129,2.069,2.179,False
2026-10-03T01:30:59+00:00,d590310c-e209-46b2-bfe7-dacc6148e1f1,TotalEnergies,TotalEnergies Berlin,Berlin,52.55424,13.207408,2,2.139,2.079,2.189,False
2026-10-03T01:30:59+00:00,5d8c8a4c-bce7-4d28-ae12-0d61a971c5cc,Shell,Shell Berlin Streitstr. 19,Berlin,52.558899,13.208409,2.3,2.139,2.079,2.189,True
2026-10-03T01:30:59+00:00,057827cd-6583-4a3a-a461-f8546073fd02,SUN,Sun Klosterstr.,Berlin,52.52943,13.19517,2.4,2.129,2.069,2.179,True
2026-10-03T01:30:59+00:00,905d4775-754e-4b38-baca-89c98fad1d1a,Sprint,Sprint Berlin Ruhlebener Str.,Berlin,52.529285,13.20718,2.9,2.129,2.069,2.179,False
2026-10-03T01:32:30+00:00,cebbe420-bcf3-4db8-9099-c52b783e2158,ESSO,Esso Tankstelle,BERLIN,52.549044,13.17897,0,2.159,2.099,2.209,True
2026-10-03T01:32:30+00:00,7347dd32-bfa1-470a-a6ee-2a2c95ad9af5,ARAL,Aral Tankstelle,Berlin,52.542747,13.199304,1.5,2.159,2.099,2.239,True
2026-10-03T01:32:30+00:00,9f07b69b-4b15-4852-9c60-5d293c6cadc5,Sprint,Sprint Berlin Seegefelder Str.,Berlin,52.536163,13.191189,1.6,2.129,2.069,2.179,False
2026-10-03T01:32:30+00:00,005056ba-7cb6-1ed2-bceb-641db1c24d1d,STAR,star Tankstelle,Berlin,52.534388,13.184014,1.7,2.129,2.069,2.179,True
2026-10-03T01:32:30+00:00,51d4b471-a095-1aa0-e100-80009459e03a,JET,JET BERLIN BRUNSBUETTELER DAMM 87-89,BERLIN,52.53379,13.18503,1.7,2.129,2.069,2.179,False
2026-10-03T01:32:30+00:00,d590310c-e209-46b2-bfe7-dacc6148e1f1,TotalEnergies,TotalEnergies Berlin,Berlin,52.55424,13.207408,2,2.139,2.079,2.189,False
2026-10-03T01:32:30+00:00,5d8c8a4c-bce7-4d28-ae12-0d61a971c5cc,Shell,Shell Berlin Streitstr. 19,Berlin,52.558899,13.208409,2.3,2.139,2.079,2.189,True
2026-10-03T01:32:30+00:00,057827cd-6583-4a3a-a461-f8546073fd02,SUN,Sun Klosterstr.,Berlin,52.52943,13.19517,2.4,2.129,2.069,2.179,True
2026-10-03T01:32:30+00:00,905d4775-754e-4b38-baca-89c98fad1d1a,Sprint,Sprint Berlin Ruhlebener Str.,Berlin,52.529285,13.20718,2.9,2.129,2.069,2.179,False
2026-10-03T01:34:01+00:00,cebbe420-bcf3-4db8-9099-c52b783e2158,ESSO,Esso Tankstelle,BERLIN,52.549044,13.17897,0,2.159,2.099,2.209,True
2026-10-03T01:34:01+00:00,7347dd32-bfa1-470a-a6ee-2a2c95ad9af5,ARAL,Aral Tankstelle,Berlin,52.542747,13.199304,1.5,2.159,2.099,2.239,True
2026-10-03T01:34:01+00:00,9f07b69b-4b15-4852-9c60-5d293c6cadc5,Sprint,Sprint Berlin Seegefelder Str.,Berlin,52.536163,13.191189,1.6,2.129,2.069,2.179,False
2026-10-03T01:34:01+00:00,005056ba-7cb6-1ed2-bceb-641db1c24d1d,STAR,star Tankstelle,Berlin,52.534388,13.184014,1.7,2.129,2.069,2.179,True
2026-10-03T01:34:01+00:00,51d4b471-a095-1aa0-e100-80009459e03a,JET,JET BERLIN BRUNSBUETTELER DAMM 87-89,BERLIN,52.53379,13.18503,1.7,2.129,2.069,2.179,False
2026-10-03T01:34:01+00:00,d590310c-e209-46b2-bfe7-dacc6148e1f1,TotalEnergies,TotalEnergies Berlin,Berlin,52.55424,13.207408,2,2.139,2.079,2.189,False
2026-10-03T01:34:01+00:00,5d8c8a4c-bce7-4d28-ae12-0d61a971c5cc,Shell,Shell Berlin Streitstr. 19,Berlin,52.558899,13.208409,2.3,2.139,2.079,2.189,True
2026-10-03T01:34:01+00:00,057827cd-6583-4a3a-a461-f8546073fd02,SUN,Sun Klosterstr.,Berlin,52.52943,13.19517,2.4,2.129,2.069,2.179,True
2026-10-03T01:34:01+00:00,905d4775-754e-4b38-baca-89c98fad1d1a,Sprint,Sprint Berlin Ruhlebener Str.,Berlin,52.529285,13.20718,2.9,2.129,2.069,2.179,False
2026-10-03T01:35:32+00:00,cebbe420-bcf3-4db8-9099-c52b783e2158,ESSO,Esso Tankstelle,BERLIN,52.549044,13.17897,0,2.159,2.099,2.209,True
2026-10-03T01:35:32+00:00,7347dd32-bfa1-470a-a6ee-2a2c95ad9af5,ARAL,Aral Tankstelle,Berlin,52.542747,13.199304,1.5,2.159,2.099,2.239,True
2026-10-03T01:35:32+00:00,9f07b69b-4b15-4852-9c60-5d293c6cadc5,Sprint,Sprint Berlin Seegefelder Str.,Berlin,52.536163,13.191189,1.6,2.129,2.069,2.179,False
2026-10-03T01:35:32+00:00,005056ba-7cb6-1ed2-bceb-641db1c24d1d,STAR,star Tankstelle,Berlin,52.534388,13.184014,1.7,2.129,2.069,2.179,True
2026-10-03T01:35:32+00:00,51d4b471-a095-1aa0-e100-80009459e03a,JET,JET BERLIN BRUNSBUETTELER DAMM 87-89,BERLIN,52.53379,13.18503,1.7,2.129,2.069,2.179,False
2026-10-03T01:35:32+00:00,d590310c-e209-46b2-bfe7-dacc6148e1f1,TotalEnergies,TotalEnergies Berlin,Berlin,52.55424,13.207408,2,2.139,2.079,2.189,False
2026-10-03T01:35:32+00:00,5d8c8a4c-bce7-4d28-ae12-0d61a971c5cc,Shell,Shell Berlin Streitstr. 19,Berlin,52.558899,13.208409,2.3,2.139,2.079,2.189,True
2026-10-03T01:35:32+00:00,057827cd-6583-4a3a-a461-f8546073fd02,SUN,Sun Klosterstr.,Berlin,52.52943,13.19517,2.4,2.129,2.069,2.179,True
2026-10-03T01:35:32+00:00,905d4775-754e-4b38-baca-89c98fad1d1a,Sprint,Sprint Berlin Ruhlebener Str.,Berlin,52.529285,13.20718,2.9,2.129,2.069,2.179,False
2026-10-03T01:37:02+00:00,cebbe420-bcf3-4db8-9099-c52b783e2158,ESSO,Esso Tankstelle,BERLIN,52.549044,13.17897,0,2.159,2.099,2.209,True
2026-10-03T01:37:02+00:00,7347dd32-bfa1-470a-a6ee-2a2c95ad9af5,ARAL,Aral Tankstelle,Berlin,52.542747,13.199304,1.5,2.159,2.099,2.239,True
2026-10-03T01:37:02+00:00,9f07b69b-4b15-4852-9c60-5d293c6cadc5,Sprint,Sprint Berlin Seegefelder Str.,Berlin,52.536163,13.191189,1.6,2.129,2.069,2.179,False
2026-10-03T01:37:02+00:00,005056ba-7cb6-1ed2-bceb-641db1c24d1d,STAR,star Tankstelle,Berlin,52.534388,13.184014,1.7,2.129,2.069,2.179,True
2026-10-03T01:37:02+00:00,51d4b471-a095-1aa0-e100-80009459e03a,JET,JET BERLIN BRUNSBUETTELER DAMM 87-89,BERLIN,52.53379,13.18503,1.7,2.129,2.069,2.179,False
2026-10-03T01:37:02+00:00,d590310c-e209-46b2-bfe7-dacc6148e1f1,TotalEnergies,TotalEnergies Berlin,Berlin,52.55424,13.207408,2,2.139,2.079,2.189,False
2026-10-03T01:37:02+00:00,5d8c8a4c-bce7-4d28-ae12-0d61a971c5cc,Shell,Shell Berlin Streitstr. 19,Berlin,52.558899,13.208409,2.3,2.139,2.079,2.189,True
2026-10-03T01:37:02+00:00,057827cd-6583-4a3a-a461-f8546073fd02,SUN,Sun Klosterstr.,Berlin,52.52943,13.19517,2.4,2.129,2.069,2.179,True
2026-10-03T01:37:02+00:00,905d4775-754e-4b38-baca-89c98fad1d1a,Sprint,Sprint Berlin Ruhlebener Str.,Berlin,52.529285,13.20718,2.9,2.129,2.069,2.179,False
2026-10-03T01:38:33+00:00,cebbe420-bcf3-4db8-9099-c52b783e2158,ESSO,Esso Tankstelle,BERLIN,52.549044,13.17897,0,2.159,2.099,2.209,True
2026-10-03T01:38:33+00:00,7347dd32-bfa1-470a-a6ee-2a2c95ad9af5,ARAL,Aral Tankstelle,Berlin,52.542747,13.199304,1.5,2.159,2.099,2.239,True
2026-10-03T01:38:33+00:00,9f07b69b-4b15-4852-9c60-5d293c6cadc5,Sprint,Sprint Berlin Seegefelder Str.,Berlin,52.536163,13.191189,1.6,2.129,2.069,2.179,False
2026-10-03T01:38:33+00:00,005056ba-7cb6-1ed2-bceb-641db1c24d1d,STAR,star Tankstelle,Berlin,52.534388,13.184014,1.7,2.129,2.069,2.179,True
2026-10-03T01:38:33+00:00,51d4b471-a095-1aa0-e100-80009459e03a,JET,JET BERLIN BRUNSBUETTELER DAMM 87-89,BERLIN,52.53379,13.18503,1.7,2.129,2.069,2.179,False
2026-10-03T01:38:33+00:00,d590310c-e209-46b2-bfe7-dacc6148e1f1,TotalEnergies,TotalEnergies Berlin,Berlin,52.55424,13.207408,2,2.139,2.079,2.189,False
2026-10-03T01:38:33+00:00,5d8c8a4c-bce7-4d28-ae12-0d61a971c5cc,Shell,Shell Berlin Streitstr. 19,Berlin,52.558899,13.208409,2.3,2.139,2.079,2.189,True
2026-10-03T01:38:33+00:00,057827cd-6583-4a3a-a461-f8546073fd02,SUN,Sun Klosterstr.,Berlin,52.52943,13.19517,2.4,2.129,2.069,2.179,True
2026-10-03T01:38:33+00:00,905d4775-754e-4b38-baca-89c98fad1d1a,Sprint,Sprint Berlin Ruhlebener Str.,Berlin,52.529285,13.20718,2.9,2.129,2.069,2.179,False
2026-10-03T01:40:04+00:00,cebbe420-bcf3-4db8-9099-c52b783e2158,ESSO,Esso Tankstelle,BERLIN,52.549044,13.17897,0,2.159,2.099,2.209,True
2026-10-03T01:40:04+00:00,7347dd32-bfa1-470a-a6ee-2a2c95ad9af5,ARAL,Aral Tankstelle,Berlin,52.542747,13.199304,1.5,2.159,2.099,2.239,True
2026-10-03T01:40:04+00:00,9f07b69b-4b15-4852-9c60-5d293c6cadc5,Sprint,Sprint Berlin Seegefelder Str.,Berlin,52.536163,13.191189,1.6,2.129,2.069,2.179,False
2026-10-03T01:40:04+00:00,005056ba-7cb6-1ed2-bceb-641db1c24d1d,STAR,star Tankstelle,Berlin,52.534388,13.184014,1.7,2.129,2.069,2.179,True
2026-10-03T01:40:04+00:00,51d4b471-a095-1aa0-e100-80009459e03a,JET,JET BERLIN BRUNSBUETTELER DAMM 87-89,BERLIN,52.53379,13.18503,1.7,2.129,2.069,2.179,False
2026-10-03T01:40:04+00:00,d590310c-e209-46b2-bfe7-dacc6148e1f1,TotalEnergies,TotalEnergies Berlin,Berlin,52.55424,13.207408,2,2.139,2.079,2.189,False
2026-10-03T01:40:04+00:00,5d8c8a4c-bce7-4d28-ae12-0d61a971c5cc,Shell,Shell Berlin Streitstr. 19,Berlin,52.558899,13.208409,2.3,2.139,2.079,2.189,True
2026-10-03T01:40:04+00:00,057827cd-6583-4a3a-a461-f8546073fd02,SUN,Sun Klosterstr.,Berlin,52.52943,13.19517,2.4,2.129,2.069,2.179,True
2026-10-03T01:40:04+00:00,905d4775-754e-4b38-baca-89c98fad1d1a,Sprint,Sprint Berlin Ruhlebener Str.,Berlin,52.529285,13.20718,2.9,2.129,2.069,2.179,False
2026-10-03T01:41:38+00:00,cebbe420-bcf3-4db8-9099-c52b783e2158,ESSO,Esso Tankstelle,BERLIN,52.549044,13.17897,0,2.159,2.099,2.209,True
2026-10-03T01:41:38+00:00,7347dd32-bfa1-470a-a6ee-2a2c95ad9af5,ARAL,Aral Tankstelle,Berlin,52.542747,13.199304,1.5,2.159,2.099,2.239,True
2026-10-03T01:41:38+00:00,9f07b69b-4b15-4852-9c60-5d293c6cadc5,Sprint,Sprint Berlin Seegefelder Str.,Berlin,52.536163,13.191189,1.6,2.129,2.069,2.179,False
2026-10-03T01:41:38+00:00,005056ba-7cb6-1ed2-bceb-641db1c24d1d,STAR,star Tankstelle,Berlin,52.534388,13.184014,1.7,2.129,2.069,2.179,True
2026-10-03T01:41:38+00:00,51d4b471-a095-1aa0-e100-80009459e03a,JET,JET BERLIN BRUNSBUETTELER DAMM 87-89,BERLIN,52.53379,13.18503,1.7,2.129,2.069,2.179,False
2026-10-03T01:41:38+00:00,d590310c-e209-46b2-bfe7-dacc6148e1f1,TotalEnergies,TotalEnergies Berlin,Berlin,52.55424,13.207408,2,2.139,2.079,2.189,False
2026-10-03T01:41:38+00:00,5d8c8a4c-bce7-4d28-ae12-0d61a971c5cc,Shell,Shell Berlin Streitstr. 19,Berlin,52.558899,13.208409,2.3,2.139,2.079,2.189,True
2026-10-03T01:41:38+00:00,057827cd-6583-4a3a-a461-f8546073fd02,SUN,Sun Klosterstr.,Berlin,52.52943,13.19517,2.4,2.129,2.069,2.179,True
2026-10-03T01:41:38+00:00,905d4775-754e-4b38-baca-89c98fad1d1a,Sprint,Sprint Berlin Ruhlebener Str.,Berlin,52.529285,13.20718,2.9,2.129,2.069,2.179,False
2026-10-03T01:43:09+00:00,cebbe420-bcf3-4db8-9099-c52b783e2158,ESSO,Esso Tankstelle,BERLIN,52.549044,13.17897,0,2.159,2.099,2.209,True
2026-10-03T01:43:09+00:00,7347dd32-bfa1-470a-a6ee-2a2c95ad9af5,ARAL,Aral Tankstelle,Berlin,52.542747,13.199304,1.5,2.159,2.099,2.239,True
2026-10-03T01:43:09+00:00,9f07b69b-4b15-4852-9c60-5d293c6cadc5,Sprint,Sprint Berlin Seegefelder Str.,Berlin,52.536163,13.191189,1.6,2.129,2.069,2.179,False
2026-10-03T01:43:09+00:00,005056ba-7cb6-1ed2-bceb-641db1c24d1d,STAR,star Tankstelle,Berlin,52.534388,13.184014,1.7,2.129,2.069,2.179,True
2026-10-03T01:43:09+00:00,51d4b471-a095-1aa0-e100-80009459e03a,JET,JET BERLIN BRUNSBUETTELER DAMM 87-89,BERLIN,52.53379,13.18503,1.7,2.129,2.069,2.179,False
2026-10-03T01:43:09+00:00,d590310c-e209-46b2-bfe7-dacc6148e1f1,TotalEnergies,TotalEnergies Berlin,Berlin,52.55424,13.207408,2,2.139,2.079,2.189,False
2026-10-03T01:43:09+00:00,5d8c8a4c-bce7-4d28-ae12-0d61a971c5cc,Shell,Shell Berlin Streitstr. 19,Berlin,52.558899,13.208409,2.3,2.139,2.079,2.189,True
2026-10-03T01:43:09+00:00,057827cd-6583-4a3a-a461-f8546073fd02,SUN,Sun Klosterstr.,Berlin,52.52943,13.19517,2.4,2.129,2.069,2.179,True
2026-10-03T01:43:09+00:00,905d4775-754e-4b38-baca-89c98fad1d1a,Sprint,Sprint Berlin Ruhlebener Str.,Berlin,52.529285,13.20718,2.9,2.129,2.069,2.179,False
2026-10-03T01:44:39+00:00,cebbe420-bcf3-4db8-9099-c52b783e2158,ESSO,Esso Tankstelle,BERLIN,52.549044,13.17897,0,2.159,2.099,2.209,True
2026-10-03T01:44:39+00:00,7347dd32-bfa1-470a-a6ee-2a2c95ad9af5,ARAL,Aral Tankstelle,Berlin,52.542747,13.199304,1.5,2.159,2.099,2.239,True
2026-10-03T01:44:39+00:00,9f07b69b-4b15-4852-9c60-5d293c6cadc5,Sprint,Sprint Berlin Seegefelder Str.,Berlin,52.536163,13.191189,1.6,2.129,2.069,2.179,False
2026-10-03T01:44:39+00:00,005056ba-7cb6-1ed2-bceb-641db1c24d1d,STAR,star Tankstelle,Berlin,52.534388,13.184014,1.7,2.129,2.069,2.179,True
2026-10-03T01:44:39+00:00,51d4b471-a095-1aa0-e100-80009459e03a,JET,JET BERLIN BRUNSBUETTELER DAMM 87-89,BERLIN,52.53379,13.18503,1.7,2.129,2.069,2.179,False
2026-10-03T01:44:39+00:00,d590310c-e209-46b2-bfe7-dacc6148e1f1,TotalEnergies,TotalEnergies Berlin,Berlin,52.55424,13.207408,2,2.139,2.079,2.189,False
2026-10-03T01:44:39+00:00,5d8c8a4c-bce7-4d28-ae12-0d61a971c5cc,Shell,Shell Berlin Streitstr. 19,Berlin,52.558899,13.208409,2.3,2.139,2.079,2.189,True
2026-10-03T01:44:39+00:00,057827cd-6583-4a3a-a461-f8546073fd02,SUN,Sun Klosterstr.,Berlin,52.52943,13.19517,2.4,2.129,2.069,2.179,True
2026-10-03T01:44:39+00:00,905d4775-754e-4b38-baca-89c98fad1d1a,Sprint,Sprint Berlin Ruhlebener Str.,Berlin,52.529285,13.20718,2.9,2.129,2.069,2.179,False
2026-10-03T01:46:10+00:00,cebbe420-bcf3-4db8-9099-c52b783e2158,ESSO,Esso Tankstelle,BERLIN,52.549044,13.17897,0,2.159,2.099,2.209,True
2026-10-03T01:46:10+00:00,7347dd32-bfa1-470a-a6ee-2a2c95ad9af5,ARAL,Aral Tankstelle,Berlin,52.542747,13.199304,1.5,2.159,2.099,2.239,True
2026-10-03T01:46:10+00:00,9f07b69b-4b15-4852-9c60-5d293c6cadc5,Sprint,Sprint Berlin Seegefelder Str.,Berlin,52.536163,13.191189,1.6,2.129,2.069,2.179,False
2026-10-03T01:46:10+00:00,005056ba-7cb6-1ed2-bceb-641db1c24d1d,STAR,star Tankstelle,Berlin,52.534388,13.184014,1.7,2.129,2.069,2.179,True
2026-10-03T01:46:10+00:00,51d4b471-a095-1aa0-e100-80009459e03a,JET,JET BERLIN BRUNSBUETTELER DAMM 87-89,BERLIN,52.53379,13.18503,1.7,2.129,2.069,2.179,False
2026-10-03T01:46:10+00:00,d590310c-e209-46b2-bfe7-dacc6148e1f1,TotalEnergies,TotalEnergies Berlin,Berlin,52.55424,13.207408,2,2.139,2.079,2.189,False
2026-10-03T01:46:10+00:00,5d8c8a4c-bce7-4d28-ae12-0d61a971c5cc,Shell,Shell Berlin Streitstr. 19,Berlin,52.558899,13.208409,2.3,2.139,2.079,2.189,True
2026-10-03T01:46:10+00:00,057827cd-6583-4a3a-a461-f8546073fd02,SUN,Sun Klosterstr.,Berlin,52.52943,13.19517,2.4,2.129,2.069,2.179,True
2026-10-03T01:46:10+00:00,905d4775-754e-4b38-baca-89c98fad1d1a,Sprint,Sprint Berlin Ruhlebener Str.,Berlin,52.529285,13.20718,2.9,2.129,2.069,2.179,False
2026-10-03T01:47:40+00:00,cebbe420-bcf3-4db8-9099-c52b783e2158,ESSO,Esso Tankstelle,BERLIN,52.549044,13.17897,0,2.159,2.099,2.209,True
2026-10-03T01:47:40+00:00,7347dd32-bfa1-470a-a6ee-2a2c95ad9af5,ARAL,Aral Tankstelle,Berlin,52.542747,13.199304,1.5,2.159,2.099,2.239,True
2026-10-03T01:47:40+00:00,9f07b69b-4b15-4852-9c60-5d293c6cadc5,Sprint,Sprint Berlin Seegefelder Str.,Berlin,52.536163,13.191189,1.6,2.129,2.069,2.179,False
2026-10-03T01:47:40+00:00,005056ba-7cb6-1ed2-bceb-641db1c24d1d,STAR,star Tankstelle,Berlin,52.534388,13.184014,1.7,2.129,2.069,2.179,True
2026-10-03T01:47:40+00:00,51d4b471-a095-1aa0-e100-80009459e03a,JET,JET BERLIN BRUNSBUETTELER DAMM 87-89,BERLIN,52.53379,13.18503,1.7,2.129,2.069,2.179,False
2026-10-03T01:47:40+00:00,d590310c-e209-46b2-bfe7-dacc6148e1f1,TotalEnergies,TotalEnergies Berlin,Berlin,52.55424,13.207408,2,2.139,2.079,2.189,False
2026-10-03T01:47:40+00:00,5d8c8a4c-bce7-4d28-ae12-0d61a971c5cc,Shell,Shell Berlin Streitstr. 19,Berlin,52.558899,13.208409,2.3,2.139,2.079,2.189,True
2026-10-03T01:47:40+00:00,057827cd-6583-4a3a-a461-f8546073fd02,SUN,Sun Klosterstr.,Berlin,52.52943,13.19517,2.4,2.129,2.069,2.179,True
2026-10-03T01:47:40+00:00,905d4775-754e-4b38-baca-89c98fad1d1a,Sprint,Sprint Berlin Ruhlebener Str.,Berlin,52.529285,13.20718,2.9,2.129,2.069,2.179,False
2026-10-03T01:49:13+00:00,cebbe420-bcf3-4db8-9099-c52b783e2158,ESSO,Esso Tankstelle,BERLIN,52.549044,13.17897,0,2.159,2.099,2.209,True
2026-10-03T01:49:13+00:00,7347dd32-bfa1-470a-a6ee-2a2c95ad9af5,ARAL,Aral Tankstelle,Berlin,52.542747,13.199304,1.5,2.159,2.099,2.239,True
2026-10-03T01:49:13+00:00,9f07b69b-4b15-4852-9c60-5d293c6cadc5,Sprint,Sprint Berlin Seegefelder Str.,Berlin,52.536163,13.191189,1.6,2.129,2.069,2.179,False
2026-10-03T01:49:13+00:00,005056ba-7cb6-1ed2-bceb-641db1c24d1d,STAR,star Tankstelle,Berlin,52.534388,13.184014,1.7,2.129,2.069,2.179,True
2026-10-03T01:49:13+00:00,51d4b471-a095-1aa0-e100-80009459e03a,JET,JET BERLIN BRUNSBUETTELER DAMM 87-89,BERLIN,52.53379,13.18503,1.7,2.129,2.069,2.179,False
2026-10-03T01:49:13+00:00,d590310c-e209-46b2-bfe7-dacc6148e1f1,TotalEnergies,TotalEnergies Berlin,Berlin,52.55424,13.207408,2,2.139,2.079,2.189,False
2026-10-03T01:49:13+00:00,5d8c8a4c-bce7-4d28-ae12-0d61a971c5cc,Shell,Shell Berlin Streitstr. 19,Berlin,52.558899,13.208409,2.3,2.139,2.079,2.189,True
2026-10-03T01:49:13+00:00,057827cd-6583-4a3a-a461-f8546073fd02,SUN,Sun Klosterstr.,Berlin,52.52943,13.19517,2.4,2.129,2.069,2.179,True
2026-10-03T01:49:13+00:00,905d4775-754e-4b38-baca-89c98fad1d1a,Sprint,Sprint Berlin Ruhlebener Str.,Berlin,52.529285,13.20718,2.9,2.129,2.069,2.179,False
2026-10-03T01:50:44+00:00,cebbe420-bcf3-4db8-9099-c52b783e2158,ESSO,Esso Tankstelle,BERLIN,52.549044,13.17897,0,2.159,2.099,2.209,True
2026-10-03T01:50:44+00:00,7347dd32-bfa1-470a-a6ee-2a2c95ad9af5,ARAL,Aral Tankstelle,Berlin,52.542747,13.199304,1.5,2.159,2.099,2.239,True
2026-10-03T01:50:44+00:00,9f07b69b-4b15-4852-9c60-5d293c6cadc5,Sprint,Sprint Berlin Seegefelder Str.,Berlin,52.536163,13.191189,1.6,2.129,2.069,2.179,False
2026-10-03T01:50:44+00:00,005056ba-7cb6-1ed2-bceb-641db1c24d1d,STAR,star Tankstelle,Berlin,52.534388,13.184014,1.7,2.129,2.069,2.179,True
2026-10-03T01:50:44+00:00,51d4b471-a095-1aa0-e100-80009459e03a,JET,JET BERLIN BRUNSBUETTELER DAMM 87-89,BERLIN,52.53379,13.18503,1.7,2.129,2.069,2.179,False
2026-10-03T01:50:44+00:00,d590310c-e209-46b2-bfe7-dacc6148e1f1,TotalEnergies,TotalEnergies Berlin,Berlin,52.55424,13.207408,2,2.139,2.079,2.189,False
2026-10-03T01:50:44+00:00,5d8c8a4c-bce7-4d28-ae12-0d61a971c5cc,Shell,Shell Berlin Streitstr. 19,Berlin,52.558899,13.208409,2.3,2.139,2.079,2.189,True
2026-10-03T01:50:44+00:00,057827cd-6583-4a3a-a461-f8546073fd02,SUN,Sun Klosterstr.,Berlin,52.52943,13.19517,2.4,2.129,2.069,2.179,True
2026-10-03T01:50:44+00:00,905d4775-754e-4b38-baca-89c98fad1d1a,Sprint,Sprint Berlin Ruhlebener Str.,Berlin,52.529285,13.20718,2.9,2.129,2.069,2.179,False
2026-10-03T01:52:15+00:00,cebbe420-bcf3-4db8-9099-c52b783e2158,ESSO,Esso Tankstelle,BERLIN,52.549044,13.17897,0,2.159,2.099,2.209,True
2026-10-03T01:52:15+00:00,7347dd32-bfa1-470a-a6ee-2a2c95ad9af5,ARAL,Aral Tankstelle,Berlin,52.542747,13.199304,1.5,2.159,2.099,2.239,True
2026-10-03T01:52:15+00:00,9f07b69b-4b15-4852-9c60-5d293c6cadc5,Sprint,Sprint Berlin Seegefelder Str.,Berlin,52.536163,13.191189,1.6,2.129,2.069,2.179,False
2026-10-03T01:52:15+00:00,005056ba-7cb6-1ed2-bceb-641db1c24d1d,STAR,star Tankstelle,Berlin,52.534388,13.184014,1.7,2.129,2.069,2.179,True
2026-10-03T01:52:15+00:00,51d4b471-a095-1aa0-e100-80009459e03a,JET,JET BERLIN BRUNSBUETTELER DAMM 87-89,BERLIN,52.53379,13.18503,1.7,2.129,2.069,2.179,False
2026-10-03T01:52:15+00:00,d590310c-e209-46b2-bfe7-dacc6148e1f1,TotalEnergies,TotalEnergies Berlin,Berlin,52.55424,13.207408,2,2.139,2.079,2.189,False
2026-10-03T01:52:15+00:00,5d8c8a4c-bce7-4d28-ae12-0d61a971c5cc,Shell,Shell Berlin Streitstr. 19,Berlin,52.558899,13.208409,2.3,2.139,2.079,2.189,True
2026-10-03T01:52:15+00:00,057827cd-6583-4a3a-a461-f8546073fd02,SUN,Sun Klosterstr.,Berlin,52.52943,13.19517,2.4,2.129,2.069,2.179,True
2026-10-03T01:52:15+00:00,905d4775-754e-4b38-baca-89c98fad1d1a,Sprint,Sprint Berlin Ruhlebener Str.,Berlin,52.529285,13.20718,2.9,2.129,2.069,2.179,False
2026-10-03T01:53:46+00:00,cebbe420-bcf3-4db8-9099-c52b783e2158,ESSO,Esso Tankstelle,BERLIN,52.549044,13.17897,0,2.159,2.099,2.209,True
2026-10-03T01:53:46+00:00,7347dd32-bfa1-470a-a6ee-2a2c95ad9af5,ARAL,Aral Tankstelle,Berlin,52.542747,13.199304,1.5,2.159,2.099,2.239,True
2026-10-03T01:53:46+00:00,9f07b69b-4b15-4852-9c60-5d293c6cadc5,Sprint,Sprint Berlin Seegefelder Str.,Berlin,52.536163,13.191189,1.6,2.129,2.069,2.179,False
2026-10-03T01:53:46+00:00,005056ba-7cb6-1ed2-bceb-641db1c24d1d,STAR,star Tankstelle,Berlin,52.534388,13.184014,1.7,2.129,2.069,2.179,True
2026-10-03T01:53:46+00:00,51d4b471-a095-1aa0-e100-80009459e03a,JET,JET BERLIN BRUNSBUETTELER DAMM 87-89,BERLIN,52.53379,13.18503,1.7,2.129,2.069,2.179,False
2026-10-03T01:53:46+00:00,d590310c-e209-46b2-bfe7-dacc6148e1f1,TotalEnergies,TotalEnergies Berlin,Berlin,52.55424,13.207408,2,2.139,2.079,2.189,False
2026-10-03T01:53:46+00:00,5d8c8a4c-bce7-4d28-ae12-0d61a971c5cc,Shell,Shell Berlin Streitstr. 19,Berlin,52.558899,13.208409,2.3,2.139,2.079,2.189,True
2026-10-03T01:53:46+00:00,057827cd-6583-4a3a-a461-f8546073fd02,SUN,Sun Klosterstr.,Berlin,52.52943,13.19517,2.4,2.129,2.069,2.179,True
2026-10-03T01:53:46+00:00,905d4775-754e-4b38-baca-89c98fad1d1a,Sprint,Sprint Berlin Ruhlebener Str.,Berlin,52.529285,13.20718,2.9,2.129,2.069,2.179,False
2026-10-03T01:55:16+00:00,cebbe420-bcf3-4db8-9099-c52b783e2158,ESSO,Esso Tankstelle,BERLIN,52.549044,13.17897,0,2.159,2.099,2.209,True
2026-10-03T01:55:16+00:00,7347dd32-bfa1-470a-a6ee-2a2c95ad9af5,ARAL,Aral Tankstelle,Berlin,52.542747,13.199304,1.5,2.159,2.099,2.239,True
2026-10-03T01:55:16+00:00,9f07b69b-4b15-4852-9c60-5d293c6cadc5,Sprint,Sprint Berlin Seegefelder Str.,Berlin,52.536163,13.191189,1.6,2.129,2.069,2.179,False
2026-10-03T01:55:16+00:00,005056ba-7cb6-1ed2-bceb-641db1c24d1d,STAR,star Tankstelle,Berlin,52.534388,13.184014,1.7,2.129,2.069,2.179,True
2026-10-03T01:55:16+00:00,51d4b471-a095-1aa0-e100-80009459e03a,JET,JET BERLIN BRUNSBUETTELER DAMM 87-89,BERLIN,52.53379,13.18503,1.7,2.129,2.069,2.179,False
2026-10-03T01:55:16+00:00,d590310c-e209-46b2-bfe7-dacc6148e1f1,TotalEnergies,TotalEnergies Berlin,Berlin,52.55424,13.207408,2,2.139,2.079,2.189,False
2026-10-03T01:55:16+00:00,5d8c8a4c-bce7-4d28-ae12-0d61a971c5cc,Shell,Shell Berlin Streitstr. 19,Berlin,52.558899,13.208409,2.3,2.139,2.079,2.189,True
2026-10-03T01:55:16+00:00,057827cd-6583-4a3a-a461-f8546073fd02,SUN,Sun Klosterstr.,Berlin,52.52943,13.19517,2.4,2.129,2.069,2.179,True
2026-10-03T01:55:16+00:00,905d4775-754e-4b38-baca-89c98fad1d1a,Sprint,Sprint Berlin Ruhlebener Str.,Berlin,52.529285,13.20718,2.9,2.129,2.069,2.179,False
2026-10-03T01:56:47+00:00,cebbe420-bcf3-4db8-9099-c52b783e2158,ESSO,Esso Tankstelle,BERLIN,52.549044,13.17897,0,2.159,2.099,2.209,True
2026-10-03T01:56:47+00:00,7347dd32-bfa1-470a-a6ee-2a2c95ad9af5,ARAL,Aral Tankstelle,Berlin,52.542747,13.199304,1.5,2.159,2.099,2.239,True
2026-10-03T01:56:47+00:00,9f07b69b-4b15-4852-9c60-5d293c6cadc5,Sprint,Sprint Berlin Seegefelder Str.,Berlin,52.536163,13.191189,1.6,2.129,2.069,2.179,False
2026-10-03T01:56:47+00:00,005056ba-7cb6-1ed2-bceb-641db1c24d1d,STAR,star Tankstelle,Berlin,52.534388,13.184014,1.7,2.129,2.069,2.179,True
2026-10-03T01:56:47+00:00,51d4b471-a095-1aa0-e100-80009459e03a,JET,JET BERLIN BRUNSBUETTELER DAMM 87-89,BERLIN,52.53379,13.18503,1.7,2.129,2.069,2.179,False
2026-10-03T01:56:47+00:00,d590310c-e209-46b2-bfe7-dacc6148e1f1,TotalEnergies,TotalEnergies Berlin,Berlin,52.55424,13.207408,2,2.139,2.079,2.189,False
2026-10-03T01:56:47+00:00,5d8c8a4c-bce7-4d28-ae12-0d61a971c5cc,Shell,Shell Berlin Streitstr. 19,Berlin,52.558899,13.208409,2.3,2.139,2.079,2.189,True
2026-10-03T01:56:47+00:00,057827cd-6583-4a3a-a461-f8546073fd02,SUN,Sun Klosterstr.,Berlin,52.52943,13.19517,2.4,2.129,2.069,2.179,True
2026-10-03T01:56:47+00:00,905d4775-754e-4b38-baca-89c98fad1d1a,Sprint,Sprint Berlin Ruhlebener Str.,Berlin,52.529285,13.20718,2.9,2.129,2.069,2.179,False
2026-10-03T01:58:18+00:00,cebbe420-bcf3-4db8-9099-c52b783e2158,ESSO,Esso Tankstelle,BERLIN,52.549044,13.17897,0,2.159,2.099,2.209,True
2026-10-03T01:58:18+00:00,7347dd32-bfa1-470a-a6ee-2a2c95ad9af5,ARAL,Aral Tankstelle,Berlin,52.542747,13.199304,1.5,2.159,2.099,2.239,True
2026-10-03T01:58:18+00:00,9f07b69b-4b15-4852-9c60-5d293c6cadc5,Sprint,Sprint Berlin Seegefelder Str.,Berlin,52.536163,13.191189,1.6,2.129,2.069,2.179,False
2026-10-03T01:58:18+00:00,005056ba-7cb6-1ed2-bceb-641db1c24d1d,STAR,star Tankstelle,Berlin,52.534388,13.184014,1.7,2.129,2.069,2.179,True
2026-10-03T01:58:18+00:00,51d4b471-a095-1aa0-e100-80009459e03a,JET,JET BERLIN BRUNSBUETTELER DAMM 87-89,BERLIN,52.53379,13.18503,1.7,2.129,2.069,2.179,False
2026-10-03T01:58:18+00:00,d590310c-e209-46b2-bfe7-dacc6148e1f1,TotalEnergies,TotalEnergies Berlin,Berlin,52.55424,13.207408,2,2.139,2.079,2.189,False
2026-10-03T01:58:18+00:00,5d8c8a4c-bce7-4d28-ae12-0d61a971c5cc,Shell,Shell Berlin Streitstr. 19,Berlin,52.558899,13.208409,2.3,2.139,2.079,2.189,True
2026-10-03T01:58:18+00:00,057827cd-6583-4a3a-a461-f8546073fd02,SUN,Sun Klosterstr.,Berlin,52.52943,13.19517,2.4,2.129,2.069,2.179,True
2026-10-03T01:58:18+00:00,905d4775-754e-4b38-baca-89c98fad1d1a,Sprint,Sprint Berlin Ruhlebener Str.,Berlin,52.529285,13.20718,2.9,2.129,2.069,2.179,False
2026-10-03T01:59:49+00:00,cebbe420-bcf3-4db8-9099-c52b783e2158,ESSO,Esso Tankstelle,BERLIN,52.549044,13.17897,0,2.159,2.099,2.209,True
2026-10-03T01:59:49+00:00,7347dd32-bfa1-470a-a6ee-2a2c95ad9af5,ARAL,Aral Tankstelle,Berlin,52.542747,13.199304,1.5,2.159,2.099,2.239,True
2026-10-03T01:59:49+00:00,9f07b69b-4b15-4852-9c60-5d293c6cadc5,Sprint,Sprint Berlin Seegefelder Str.,Berlin,52.536163,13.191189,1.6,2.129,2.069,2.179,False
2026-10-03T01:59:49+00:00,005056ba-7cb6-1ed2-bceb-641db1c24d1d,STAR,star Tankstelle,Berlin,52.534388,13.184014,1.7,2.129,2.069,2.179,True
2026-10-03T01:59:49+00:00,51d4b471-a095-1aa0-e100-80009459e03a,JET,JET BERLIN BRUNSBUETTELER DAMM 87-89,BERLIN,52.53379,13.18503,1.7,2.129,2.069,2.179,False
2026-10-03T01:59:49+00:00,d590310c-e209-46b2-bfe7-dacc6148e1f1,TotalEnergies,TotalEnergies Berlin,Berlin,52.55424,13.207408,2,2.139,2.079,2.189,False
2026-10-03T01:59:49+00:00,5d8c8a4c-bce7-4d28-ae12-0d61a971c5cc,Shell,Shell Berlin Streitstr. 19,Berlin,52.558899,13.208409,2.3,2.139,2.079,2.189,True
2026-10-03T01:59:49+00:00,057827cd-6583-4a3a-a461-f8546073fd02,SUN,Sun Klosterstr.,Berlin,52.52943,13.19517,2.4,2.129,2.069,2.179,True
2026-10-03T01:59:49+00:00,905d4775-754e-4b38-baca-89c98fad1d1a,Sprint,Sprint Berlin Ruhlebener Str.,Berlin,52.529285,13.20718,2.9,2.129,2.069,2.179,False
2026-10-03T02:01:19+00:00,cebbe420-bcf3-4db8-9099-c52b783e2158,ESSO,Esso Tankstelle,BERLIN,52.549044,13.17897,0,2.159,2.099,2.209,True
2026-10-03T02:01:19+00:00,7347dd32-bfa1-470a-a6ee-2a2c95ad9af5,ARAL,Aral Tankstelle,Berlin,52.542747,13.199304,1.5,2.159,2.099,2.239,True
2026-10-03T02:01:19+00:00,9f07b69b-4b15-4852-9c60-5d293c6cadc5,Sprint,Sprint Berlin Seegefelder Str.,Berlin,52.536163,13.191189,1.6,2.129,2.069,2.179,False
2026-10-03T02:01:19+00:00,005056ba-7cb6-1ed2-bceb-641db1c24d1d,STAR,star Tankstelle,Berlin,52.534388,13.184014,1.7,2.129,2.069,2.179,True
2026-10-03T02:01:19+00:00,51d4b471-a095-1aa0-e100-80009459e03a,JET,JET BERLIN BRUNSBUETTELER DAMM 87-89,BERLIN,52.53379,13.18503,1.7,2.129,2.069,2.179,False
2026-10-03T02:01:19+00:00,d590310c-e209-46b2-bfe7-dacc6148e1f1,TotalEnergies,TotalEnergies Berlin,Berlin,52.55424,13.207408,2,2.139,2.079,2.189,False
2026-10-03T02:01:19+00:00,5d8c8a4c-bce7-4d28-ae12-0d61a971c5cc,Shell,Shell Berlin Streitstr. 19,Berlin,52.558899,13.208409,2.3,2.139,2.079,2.189,True
2026-10-03T02:01:19+00:00,057827cd-6583-4a3a-a461-f8546073fd02,SUN,Sun Klosterstr.,Berlin,52.52943,13.19517,2.4,2.129,2.069,2.179,True
2026-10-03T02:01:19+00:00,905d4775-754e-4b38-baca-89c98fad1d1a,Sprint,Sprint Berlin Ruhlebener Str.,Berlin,52.529285,13.20718,2.9,2.129,2.069,2.179,False
2026-10-03T02:02:50+00:00,cebbe420-bcf3-4db8-9099-c52b783e2158,ESSO,Esso Tankstelle,BERLIN,52.549044,13.17897,0,2.159,2.099,2.209,True
2026-10-03T02:02:50+00:00,7347dd32-bfa1-470a-a6ee-2a2c95ad9af5,ARAL,Aral Tankstelle,Berlin,52.542747,13.199304,1.5,2.159,2.099,2.239,True
2026-10-03T02:02:50+00:00,9f07b69b-4b15-4852-9c60-5d293c6cadc5,Sprint,Sprint Berlin Seegefelder Str.,Berlin,52.536163,13.191189,1.6,2.129,2.069,2.179,False
2026-10-03T02:02:50+00:00,005056ba-7cb6-1ed2-bceb-641db1c24d1d,STAR,star Tankstelle,Berlin,52.534388,13.184014,1.7,2.129,2.069,2.179,True
2026-10-03T02:02:50+00:00,51d4b471-a095-1aa0-e100-80009459e03a,JET,JET BERLIN BRUNSBUETTELER DAMM 87-89,BERLIN,52.53379,13.18503,1.7,2.129,2.069,2.179,False
2026-10-03T02:02:50+00:00,d590310c-e209-46b2-bfe7-dacc6148e1f1,TotalEnergies,TotalEnergies Berlin,Berlin,52.55424,13.207408,2,2.139,2.079,2.189,False
2026-10-03T02:02:50+00:00,5d8c8a4c-bce7-4d28-ae12-0d61a971c5cc,Shell,Shell Berlin Streitstr. 19,Berlin,52.558899,13.208409,2.3,2.139,2.079,2.189,True
2026-10-03T02:02:50+00:00,057827cd-6583-4a3a-a461-f8546073fd02,SUN,Sun Klosterstr.,Berlin,52.52943,13.19517,2.4,2.129,2.069,2.179,True
2026-10-03T02:02:50+00:00,905d4775-754e-4b38-baca-89c98fad1d1a,Sprint,Sprint Berlin Ruhlebener Str.,Berlin,52.529285,13.20718,2.9,2.129,2.069,2.179,False
2026-10-03T02:04:21+00:00,cebbe420-bcf3-4db8-9099-c52b783e2158,ESSO,Esso Tankstelle,BERLIN,52.549044,13.17897,0,2.159,2.099,2.209,True
2026-10-03T02:04:21+00:00,7347dd32-bfa1-470a-a6ee-2a2c95ad9af5,ARAL,Aral Tankstelle,Berlin,52.542747,13.199304,1.5,2.159,2.099,2.239,True
2026-10-03T02:04:21+00:00,9f07b69b-4b15-4852-9c60-5d293c6cadc5,Sprint,Sprint Berlin Seegefelder Str.,Berlin,52.536163,13.191189,1.6,2.129,2.069,2.179,False
2026-10-03T02:04:21+00:00,005056ba-7cb6-1ed2-bceb-641db1c24d1d,STAR,star Tankstelle,Berlin,52.534388,13.184014,1.7,2.129,2.069,2.179,True
2026-10-03T02:04:21+00:00,51d4b471-a095-1aa0-e100-80009459e03a,JET,JET BERLIN BRUNSBUETTELER DAMM 87-89,BERLIN,52.53379,13.18503,1.7,2.129,2.069,2.179,False
2026-10-03T02:04:21+00:00,d590310c-e209-46b2-bfe7-dacc6148e1f1,TotalEnergies,TotalEnergies Berlin,Berlin,52.55424,13.207408,2,2.139,2.079,2.189,False
2026-10-03T02:04:21+00:00,5d8c8a4c-bce7-4d28-ae12-0d61a971c5cc,Shell,Shell Berlin Streitstr. 19,Berlin,52.558899,13.208409,2.3,2.139,2.079,2.189,True
2026-10-03T02:04:21+00:00,057827cd-6583-4a3a-a461-f8546073fd02,SUN,Sun Klosterstr.,Berlin,52.52943,13.19517,2.4,2.129,2.069,2.179,True
2026-10-03T02:04:21+00:00,905d4775-754e-4b38-baca-89c98fad1d1a,Sprint,Sprint Berlin Ruhlebener Str.,Berlin,52.529285,13.20718,2.9,2.129,2.069,2.179,False
2026-10-03T02:05:51+00:00,cebbe420-bcf3-4db8-9099-c52b783e2158,ESSO,Esso Tankstelle,BERLIN,52.549044,13.17897,0,2.159,2.099,2.209,True
2026-10-03T02:05:51+00:00,7347dd32-bfa1-470a-a6ee-2a2c95ad9af5,ARAL,Aral Tankstelle,Berlin,52.542747,13.199304,1.5,2.159,2.099,2.239,True
2026-10-03T02:05:51+00:00,9f07b69b-4b15-4852-9c60-5d293c6cadc5,Sprint,Sprint Berlin Seegefelder Str.,Berlin,52.536163,13.191189,1.6,2.129,2.069,2.179,False
2026-10-03T02:05:51+00:00,005056ba-7cb6-1ed2-bceb-641db1c24d1d,STAR,star Tankstelle,Berlin,52.534388,13.184014,1.7,2.129,2.069,2.179,True
2026-10-03T02:05:51+00:00,51d4b471-a095-1aa0-e100-80009459e03a,JET,JET BERLIN BRUNSBUETTELER DAMM 87-89,BERLIN,52.53379,13.18503,1.7,2.129,2.069,2.179,False
2026-10-03T02:05:51+00:00,d590310c-e209-46b2-bfe7-dacc6148e1f1,TotalEnergies,TotalEnergies Berlin,Berlin,52.55424,13.207408,2,2.139,2.079,2.189,False
2026-10-03T02:05:51+00:00,5d8c8a4c-bce7-4d28-ae12-0d61a971c5cc,Shell,Shell Berlin Streitstr. 19,Berlin,52.558899,13.208409,2.3,2.139,2.079,2.189,True
2026-10-03T02:05:51+00:00,057827cd-6583-4a3a-a461-f8546073fd02,SUN,Sun Klosterstr.,Berlin,52.52943,13.19517,2.4,2.129,2.069,2.179,True
2026-10-03T02:05:51+00:00,905d4775-754e-4b38-baca-89c98fad1d1a,Sprint,Sprint Berlin Ruhlebener Str.,Berlin,52.529285,13.20718,2.9,2.129,2.069,2.179,False
2026-10-03T02:07:22+00:00,cebbe420-bcf3-4db8-9099-c52b783e2158,ESSO,Esso Tankstelle,BERLIN,52.549044,13.17897,0,2.159,2.099,2.209,True
2026-10-03T02:07:22+00:00,7347dd32-bfa1-470a-a6ee-2a2c95ad9af5,ARAL,Aral Tankstelle,Berlin,52.542747,13.199304,1.5,2.159,2.099,2.239,True
2026-10-03T02:07:22+00:00,9f07b69b-4b15-4852-9c60-5d293c6cadc5,Sprint,Sprint Berlin Seegefelder Str.,Berlin,52.536163,13.191189,1.6,2.129,2.069,2.179,False
2026-10-03T02:07:22+00:00,005056ba-7cb6-1ed2-bceb-641db1c24d1d,STAR,star Tankstelle,Berlin,52.534388,13.184014,1.7,2.129,2.069,2.179,True
2026-10-03T02:07:22+00:00,51d4b471-a095-1aa0-e100-80009459e03a,JET,JET BERLIN BRUNSBUETTELER DAMM 87-89,BERLIN,52.53379,13.18503,1.7,2.129,2.069,2.179,False
2026-10-03T02:07:22+00:00,d590310c-e209-46b2-bfe7-dacc6148e1f1,TotalEnergies,TotalEnergies Berlin,Berlin,52.55424,13.207408,2,2.139,2.079,2.189,False
2026-10-03T02:07:22+00:00,5d8c8a4c-bce7-4d28-ae12-0d61a971c5cc,Shell,Shell Berlin Streitstr. 19,Berlin,52.558899,13.208409,2.3,2.139,2.079,2.189,True
2026-10-03T02:07:22+00:00,057827cd-6583-4a3a-a461-f8546073fd02,SUN,Sun Klosterstr.,Berlin,52.52943,13.19517,2.4,2.129,2.069,2.179,True
2026-10-03T02:07:22+00:00,905d4775-754e-4b38-baca-89c98fad1d1a,Sprint,Sprint Berlin Ruhlebener Str.,Berlin,52.529285,13.20718,2.9,2.129,2.069,2.179,False
2026-10-03T02:08:52+00:00,cebbe420-bcf3-4db8-9099-c52b783e2158,ESSO,Esso Tankstelle,BERLIN,52.549044,13.17897,0,2.159,2.099,2.209,True
2026-10-03T02:08:52+00:00,7347dd32-bfa1-470a-a6ee-2a2c95ad9af5,ARAL,Aral Tankstelle,Berlin,52.542747,13.199304,1.5,2.159,2.099,2.239,True
2026-10-03T02:08:52+00:00,9f07b69b-4b15-4852-9c60-5d293c6cadc5,Sprint,Sprint Berlin Seegefelder Str.,Berlin,52.536163,13.191189,1.6,2.129,2.069,2.179,False
2026-10-03T02:08:52+00:00,005056ba-7cb6-1ed2-bceb-641db1c24d1d,STAR,star Tankstelle,Berlin,52.534388,13.184014,1.7,2.129,2.069,2.179,True
2026-10-03T02:08:52+00:00,51d4b471-a095-1aa0-e100-80009459e03a,JET,JET BERLIN BRUNSBUETTELER DAMM 87-89,BERLIN,52.53379,13.18503,1.7,2.129,2.069,2.179,False
2026-10-03T02:08:52+00:00,d590310c-e209-46b2-bfe7-dacc6148e1f1,TotalEnergies,TotalEnergies Berlin,Berlin,52.55424,13.207408,2,2.139,2.079,2.189,False
2026-10-03T02:08:52+00:00,5d8c8a4c-bce7-4d28-ae12-0d61a971c5cc,Shell,Shell Berlin Streitstr. 19,Berlin,52.558899,13.208409,2.3,2.139,2.079,2.189,True
2026-10-03T02:08:52+00:00,057827cd-6583-4a3a-a461-f8546073fd02,SUN,Sun Klosterstr.,Berlin,52.52943,13.19517,2.4,2.129,2.069,2.179,True
2026-10-03T02:08:52+00:00,905d4775-754e-4b38-baca-89c98fad1d1a,Sprint,Sprint Berlin Ruhlebener Str.,Berlin,52.529285,13.20718,2.9,2.129,2.069,2.179,False
2026-10-03T02:10:23+00:00,cebbe420-bcf3-4db8-9099-c52b783e2158,ESSO,Esso Tankstelle,BERLIN,52.549044,13.17897,0,2.159,2.099,2.209,True
2026-10-03T02:10:23+00:00,7347dd32-bfa1-470a-a6ee-2a2c95ad9af5,ARAL,Aral Tankstelle,Berlin,52.542747,13.199304,1.5,2.159,2.099,2.239,True
2026-10-03T02:10:23+00:00,9f07b69b-4b15-4852-9c60-5d293c6cadc5,Sprint,Sprint Berlin Seegefelder Str.,Berlin,52.536163,13.191189,1.6,2.129,2.069,2.179,False
2026-10-03T02:10:23+00:00,005056ba-7cb6-1ed2-bceb-641db1c24d1d,STAR,star Tankstelle,Berlin,52.534388,13.184014,1.7,2.129,2.069,2.179,True
2026-10-03T02:10:23+00:00,51d4b471-a095-1aa0-e100-80009459e03a,JET,JET BERLIN BRUNSBUETTELER DAMM 87-89,BERLIN,52.53379,13.18503,1.7,2.129,2.069,2.179,False
2026-10-03T02:10:23+00:00,d590310c-e209-46b2-bfe7-dacc6148e1f1,TotalEnergies,TotalEnergies Berlin,Berlin,52.55424,13.207408,2,2.139,2.079,2.189,False
2026-10-03T02:10:23+00:00,5d8c8a4c-bce7-4d28-ae12-0d61a971c5cc,Shell,Shell Berlin Streitstr. 19,Berlin,52.558899,13.208409,2.3,2.139,2.079,2.189,True
2026-10-03T02:10:23+00:00,057827cd-6583-4a3a-a461-f8546073fd02,SUN,Sun Klosterstr.,Berlin,52.52943,13.19517,2.4,2.129,2.069,2.179,True
2026-10-03T02:10:23+00:00,905d4775-754e-4b38-baca-89c98fad1d1a,Sprint,Sprint Berlin Ruhlebener Str.,Berlin,52.529285,13.20718,2.9,2.129,2.069,2.179,False
2026-10-03T02:11:54+00:00,cebbe420-bcf3-4db8-9099-c52b783e2158,ESSO,Esso Tankstelle,BERLIN,52.549044,13.17897,0,2.159,2.099,2.209,True
2026-10-03T02:11:54+00:00,7347dd32-bfa1-470a-a6ee-2a2c95ad9af5,ARAL,Aral Tankstelle,Berlin,52.542747,13.199304,1.5,2.159,2.099,2.239,True
2026-10-03T02:11:54+00:00,9f07b69b-4b15-4852-9c60-5d293c6cadc5,Sprint,Sprint Berlin Seegefelder Str.,Berlin,52.536163,13.191189,1.6,2.129,2.069,2.179,False
2026-10-03T02:11:54+00:00,005056ba-7cb6-1ed2-bceb-641db1c24d1d,STAR,star Tankstelle,Berlin,52.534388,13.184014,1.7,2.129,2.069,2.179,True
2026-10-03T02:11:54+00:00,51d4b471-a095-1aa0-e100-80009459e03a,JET,JET BERLIN BRUNSBUETTELER DAMM 87-89,BERLIN,52.53379,13.18503,1.7,2.129,2.069,2.179,False
2026-10-03T02:11:54+00:00,d590310c-e209-46b2-bfe7-dacc6148e1f1,TotalEnergies,TotalEnergies Berlin,Berlin,52.55424,13.207408,2,2.139,2.079,2.189,False
2026-10-03T02:11:54+00:00,5d8c8a4c-bce7-4d28-ae12-0d61a971c5cc,Shell,Shell Berlin Streitstr. 19,Berlin,52.558899,13.208409,2.3,2.139,2.079,2.189,True
2026-10-03T02:11:54+00:00,057827cd-6583-4a3a-a461-f8546073fd02,SUN,Sun Klosterstr.,Berlin,52.52943,13.19517,2.4,2.129,2.069,2.179,True
2026-10-03T02:11:54+00:00,905d4775-754e-4b38-baca-89c98fad1d1a,Sprint,Sprint Berlin Ruhlebener Str.,Berlin,52.529285,13.20718,2.9,2.129,2.069,2.179,False
2026-10-03T02:13:25+00:00,cebbe420-bcf3-4db8-9099-c52b783e2158,ESSO,Esso Tankstelle,BERLIN,52.549044,13.17897,0,2.159,2.099,2.209,True
2026-10-03T02:13:25+00:00,7347dd32-bfa1-470a-a6ee-2a2c95ad9af5,ARAL,Aral Tankstelle,Berlin,52.542747,13.199304,1.5,2.159,2.099,2.239,True
2026-10-03T02:13:25+00:00,9f07b69b-4b15-4852-9c60-5d293c6cadc5,Sprint,Sprint Berlin Seegefelder Str.,Berlin,52.536163,13.191189,1.6,2.129,2.069,2.179,False
2026-10-03T02:13:25+00:00,005056ba-7cb6-1ed2-bceb-641db1c24d1d,STAR,star Tankstelle,Berlin,52.534388,13.184014,1.7,2.129,2.069,2.179,True
2026-10-03T02:13:25+00:00,51d4b471-a095-1aa0-e100-80009459e03a,JET,JET BERLIN BRUNSBUETTELER DAMM 87-89,BERLIN,52.53379,13.18503,1.7,2.129,2.069,2.179,False
2026-10-03T02:13:25+00:00,d590310c-e209-46b2-bfe7-dacc6148e1f1,TotalEnergies,TotalEnergies Berlin,Berlin,52.55424,13.207408,2,2.139,2.079,2.189,False
2026-10-03T02:13:25+00:00,5d8c8a4c-bce7-4d28-ae12-0d61a971c5cc,Shell,Shell Berlin Streitstr. 19,Berlin,52.558899,13.208409,2.3,2.139,2.079,2.189,True
2026-10-03T02:13:25+00:00,057827cd-6583-4a3a-a461-f8546073fd02,SUN,Sun Klosterstr.,Berlin,52.52943,13.19517,2.4,2.129,2.069,2.179,True
2026-10-03T02:13:25+00:00,905d4775-754e-4b38-baca-89c98fad1d1a,Sprint,Sprint Berlin Ruhlebener Str.,Berlin,52.529285,13.20718,2.9,2.129,2.069,2.179,False
2026-10-03T02:14:55+00:00,cebbe420-bcf3-4db8-9099-c52b783e2158,ESSO,Esso Tankstelle,BERLIN,52.549044,13.17897,0,2.159,2.099,2.209,True
2026-10-03T02:14:55+00:00,7347dd32-bfa1-470a-a6ee-2a2c95ad9af5,ARAL,Aral Tankstelle,Berlin,52.542747,13.199304,1.5,2.159,2.099,2.239,True
2026-10-03T02:14:55+00:00,9f07b69b-4b15-4852-9c60-5d293c6cadc5,Sprint,Sprint Berlin Seegefelder Str.,Berlin,52.536163,13.191189,1.6,2.129,2.069,2.179,False
2026-10-03T02:14:55+00:00,005056ba-7cb6-1ed2-bceb-641db1c24d1d,STAR,star Tankstelle,Berlin,52.534388,13.184014,1.7,2.129,2.069,2.179,True
2026-10-03T02:14:55+00:00,51d4b471-a095-1aa0-e100-80009459e03a,JET,JET BERLIN BRUNSBUETTELER DAMM 87-89,BERLIN,52.53379,13.18503,1.7,2.129,2.069,2.179,False
2026-10-03T02:14:55+00:00,d590310c-e209-46b2-bfe7-dacc6148e1f1,TotalEnergies,TotalEnergies Berlin,Berlin,52.55424,13.207408,2,2.139,2.079,2.189,False
2026-10-03T02:14:55+00:00,5d8c8a4c-bce7-4d28-ae12-0d61a971c5cc,Shell,Shell Berlin Streitstr. 19,Berlin,52.558899,13.208409,2.3,2.139,2.079,2.189,True
2026-10-03T02:14:55+00:00,057827cd-6583-4a3a-a461-f8546073fd02,SUN,Sun Klosterstr.,Berlin,52.52943,13.19517,2.4,2.129,2.069,2.179,True
2026-10-03T02:14:55+00:00,905d4775-754e-4b38-baca-89c98fad1d1a,Sprint,Sprint Berlin Ruhlebener Str.,Berlin,52.529285,13.20718,2.9,2.129,2.069,2.179,False
2026-10-03T02:16:26+00:00,cebbe420-bcf3-4db8-9099-c52b783e2158,ESSO,Esso Tankstelle,BERLIN,52.549044,13.17897,0,2.159,2.099,2.209,True
2026-10-03T02:16:26+00:00,7347dd32-bfa1-470a-a6ee-2a2c95ad9af5,ARAL,Aral Tankstelle,Berlin,52.542747,13.199304,1.5,2.159,2.099,2.239,True
2026-10-03T02:16:26+00:00,9f07b69b-4b15-4852-9c60-5d293c6cadc5,Sprint,Sprint Berlin Seegefelder Str.,Berlin,52.536163,13.191189,1.6,2.129,2.069,2.179,False
2026-10-03T02:16:26+00:00,005056ba-7cb6-1ed2-bceb-641db1c24d1d,STAR,star Tankstelle,Berlin,52.534388,13.184014,1.7,2.129,2.069,2.179,True
2026-10-03T02:16:26+00:00,51d4b471-a095-1aa0-e100-80009459e03a,JET,JET BERLIN BRUNSBUETTELER DAMM 87-89,BERLIN,52.53379,13.18503,1.7,2.129,2.069,2.179,False
2026-10-03T02:16:26+00:00,d590310c-e209-46b2-bfe7-dacc6148e1f1,TotalEnergies,TotalEnergies Berlin,Berlin,52.55424,13.207408,2,2.139,2.079,2.189,False
2026-10-03T02:16:26+00:00,5d8c8a4c-bce7-4d28-ae12-0d61a971c5cc,Shell,Shell Berlin Streitstr. 19,Berlin,52.558899,13.208409,2.3,2.139,2.079,2.189,True
2026-10-03T02:16:26+00:00,057827cd-6583-4a3a-a461-f8546073fd02,SUN,Sun Klosterstr.,Berlin,52.52943,13.19517,2.4,2.129,2.069,2.179,True
2026-10-03T02:16:26+00:00,905d4775-754e-4b38-baca-89c98fad1d1a,Sprint,Sprint Berlin Ruhlebener Str.,Berlin,52.529285,13.20718,2.9,2.129,2.069,2.179,False
2026-10-03T02:17:57+00:00,cebbe420-bcf3-4db8-9099-c52b783e2158,ESSO,Esso Tankstelle,BERLIN,52.549044,13.17897,0,2.159,2.099,2.209,True
2026-10-03T02:17:57+00:00,7347dd32-bfa1-470a-a6ee-2a2c95ad9af5,ARAL,Aral Tankstelle,Berlin,52.542747,13.199304,1.5,2.159,2.099,2.239,True
2026-10-03T02:17:57+00:00,9f07b69b-4b15-4852-9c60-5d293c6cadc5,Sprint,Sprint Berlin Seegefelder Str.,Berlin,52.536163,13.191189,1.6,2.129,2.069,2.179,False
2026-10-03T02:17:57+00:00,005056ba-7cb6-1ed2-bceb-641db1c24d1d,STAR,star Tankstelle,Berlin,52.534388,13.184014,1.7,2.129,2.069,2.179,True
2026-10-03T02:17:57+00:00,51d4b471-a095-1aa0-e100-80009459e03a,JET,JET BERLIN BRUNSBUETTELER DAMM 87-89,BERLIN,52.53379,13.18503,1.7,2.129,2.069,2.179,False
2026-10-03T02:17:57+00:00,d590310c-e209-46b2-bfe7-dacc6148e1f1,TotalEnergies,TotalEnergies Berlin,Berlin,52.55424,13.207408,2,2.139,2.079,2.189,False
2026-10-03T02:17:57+00:00,5d8c8a4c-bce7-4d28-ae12-0d61a971c5cc,Shell,Shell Berlin Streitstr. 19,Berlin,52.558899,13.208409,2.3,2.139,2.079,2.189,True
2026-10-03T02:17:57+00:00,057827cd-6583-4a3a-a461-f8546073fd02,SUN,Sun Klosterstr.,Berlin,52.52943,13.19517,2.4,2.129,2.069,2.179,True
2026-10-03T02:17:57+00:00,905d4775-754e-4b38-baca-89c98fad1d1a,Sprint,Sprint Berlin Ruhlebener Str.,Berlin,52.529285,13.20718,2.9,2.129,2.069,2.179,False
2026-10-03T02:19:27+00:00,cebbe420-bcf3-4db8-9099-c52b783e2158,ESSO,Esso Tankstelle,BERLIN,52.549044,13.17897,0,2.159,2.099,2.209,True
2026-10-03T02:19:27+00:00,7347dd32-bfa1-470a-a6ee-2a2c95ad9af5,ARAL,Aral Tankstelle,Berlin,52.542747,13.199304,1.5,2.159,2.099,2.239,True
2026-10-03T02:19:27+00:00,9f07b69b-4b15-4852-9c60-5d293c6cadc5,Sprint,Sprint Berlin Seegefelder Str.,Berlin,52.536163,13.191189,1.6,2.129,2.069,2.179,False
2026-10-03T02:19:27+00:00,005056ba-7cb6-1ed2-bceb-641db1c24d1d,STAR,star Tankstelle,Berlin,52.534388,13.184014,1.7,2.129,2.069,2.179,True
2026-10-03T02:19:27+00:00,51d4b471-a095-1aa0-e100-80009459e03a,JET,JET BERLIN BRUNSBUETTELER DAMM 87-89,BERLIN,52.53379,13.18503,1.7,2.129,2.069,2.179,False
2026-10-03T02:19:27+00:00,d590310c-e209-46b2-bfe7-dacc6148e1f1,TotalEnergies,TotalEnergies Berlin,Berlin,52.55424,13.207408,2,2.139,2.079,2.189,False
2026-10-03T02:19:27+00:00,5d8c8a4c-bce7-4d28-ae12-0d61a971c5cc,Shell,Shell Berlin Streitstr. 19,Berlin,52.558899,13.208409,2.3,2.139,2.079,2.189,True
2026-10-03T02:19:27+00:00,057827cd-6583-4a3a-a461-f8546073fd02,SUN,Sun Klosterstr.,Berlin,52.52943,13.19517,2.4,2.129,2.069,2.179,True
2026-10-03T02:19:27+00:00,905d4775-754e-4b38-baca-89c98fad1d1a,Sprint,Sprint Berlin Ruhlebener Str.,Berlin,52.529285,13.20718,2.9,2.129,2.069,2.179,False
2026-10-03T02:20:58+00:00,cebbe420-bcf3-4db8-9099-c52b783e2158,ESSO,Esso Tankstelle,BERLIN,52.549044,13.17897,0,2.159,2.099,2.209,True
2026-10-03T02:20:58+00:00,7347dd32-bfa1-470a-a6ee-2a2c95ad9af5,ARAL,Aral Tankstelle,Berlin,52.542747,13.199304,1.5,2.159,2.099,2.239,True
2026-10-03T02:20:58+00:00,9f07b69b-4b15-4852-9c60-5d293c6cadc5,Sprint,Sprint Berlin Seegefelder Str.,Berlin,52.536163,13.191189,1.6,2.129,2.069,2.179,False
2026-10-03T02:20:58+00:00,005056ba-7cb6-1ed2-bceb-641db1c24d1d,STAR,star Tankstelle,Berlin,52.534388,13.184014,1.7,2.129,2.069,2.179,True
2026-10-03T02:20:58+00:00,51d4b471-a095-1aa0-e100-80009459e03a,JET,JET BERLIN BRUNSBUETTELER DAMM 87-89,BERLIN,52.53379,13.18503,1.7,2.129,2.069,2.179,False
2026-10-03T02:20:58+00:00,d590310c-e209-46b2-bfe7-dacc6148e1f1,TotalEnergies,TotalEnergies Berlin,Berlin,52.55424,13.207408,2,2.139,2.079,2.189,False
2026-10-03T02:20:58+00:00,5d8c8a4c-bce7-4d28-ae12-0d61a971c5cc,Shell,Shell Berlin Streitstr. 19,Berlin,52.558899,13.208409,2.3,2.139,2.079,2.189,True
2026-10-03T02:20:58+00:00,057827cd-6583-4a3a-a461-f8546073fd02,SUN,Sun Klosterstr.,Berlin,52.52943,13.19517,2.4,2.129,2.069,2.179,True
2026-10-03T02:20:58+00:00,905d4775-754e-4b38-baca-89c98fad1d1a,Sprint,Sprint Berlin Ruhlebener Str.,Berlin,52.529285,13.20718,2.9,2.129,2.069,2.179,False
2026-10-03T02:22:28+00:00,cebbe420-bcf3-4db8-9099-c52b783e2158,ESSO,Esso Tankstelle,BERLIN,52.549044,13.17897,0,2.159,2.099,2.209,True
2026-10-03T02:22:28+00:00,7347dd32-bfa1-470a-a6ee-2a2c95ad9af5,ARAL,Aral Tankstelle,Berlin,52.542747,13.199304,1.5,2.159,2.099,2.239,True
2026-10-03T02:22:28+00:00,9f07b69b-4b15-4852-9c60-5d293c6cadc5,Sprint,Sprint Berlin Seegefelder Str.,Berlin,52.536163,13.191189,1.6,2.129,2.069,2.179,False
2026-10-03T02:22:28+00:00,005056ba-7cb6-1ed2-bceb-641db1c24d1d,STAR,star Tankstelle,Berlin,52.534388,13.184014,1.7,2.129,2.069,2.179,True
2026-10-03T02:22:28+00:00,51d4b471-a095-1aa0-e100-80009459e03a,JET,JET BERLIN BRUNSBUETTELER DAMM 87-89,BERLIN,52.53379,13.18503,1.7,2.129,2.069,2.179,False
2026-10-03T02:22:28+00:00,d590310c-e209-46b2-bfe7-dacc6148e1f1,TotalEnergies,TotalEnergies Berlin,Berlin,52.55424,13.207408,2,2.139,2.079,2.189,False
2026-10-03T02:22:28+00:00,5d8c8a4c-bce7-4d28-ae12-0d61a971c5cc,Shell,Shell Berlin Streitstr. 19,Berlin,52.558899,13.208409,2.3,2.139,2.079,2.189,True
2026-10-03T02:22:28+00:00,057827cd-6583-4a3a-a461-f8546073fd02,SUN,Sun Klosterstr.,Berlin,52.52943,13.19517,2.4,2.129,2.069,2.179,True
2026-10-03T02:22:28+00:00,905d4775-754e-4b38-baca-89c98fad1d1a,Sprint,Sprint Berlin Ruhlebener Str.,Berlin,52.529285,13.20718,2.9,2.129,2.069,2.179,False
2026-10-03T02:23:59+00:00,cebbe420-bcf3-4db8-9099-c52b783e2158,ESSO,Esso Tankstelle,BERLIN,52.549044,13.17897,0,2.159,2.099,2.209,True
2026-10-03T02:23:59+00:00,7347dd32-bfa1-470a-a6ee-2a2c95ad9af5,ARAL,Aral Tankstelle,Berlin,52.542747,13.199304,1.5,2.159,2.099,2.239,True
2026-10-03T02:23:59+00:00,9f07b69b-4b15-4852-9c60-5d293c6cadc5,Sprint,Sprint Berlin Seegefelder Str.,Berlin,52.536163,13.191189,1.6,2.129,2.069,2.179,False
2026-10-03T02:23:59+00:00,005056ba-7cb6-1ed2-bceb-641db1c24d1d,STAR,star Tankstelle,Berlin,52.534388,13.184014,1.7,2.129,2.069,2.179,True
2026-10-03T02:23:59+00:00,51d4b471-a095-1aa0-e100-80009459e03a,JET,JET BERLIN BRUNSBUETTELER DAMM 87-89,BERLIN,52.53379,13.18503,1.7,2.129,2.069,2.179,False
2026-10-03T02:23:59+00:00,d590310c-e209-46b2-bfe7-dacc6148e1f1,TotalEnergies,TotalEnergies Berlin,Berlin,52.55424,13.207408,2,2.139,2.079,2.189,False
2026-10-03T02:23:59+00:00,5d8c8a4c-bce7-4d28-ae12-0d61a971c5cc,Shell,Shell Berlin Streitstr. 19,Berlin,52.558899,13.208409,2.3,2.139,2.079,2.189,True
2026-10-03T02:23:59+00:00,057827cd-6583-4a3a-a461-f8546073fd02,SUN,Sun Klosterstr.,Berlin,52.52943,13.19517,2.4,2.129,2.069,2.179,True
2026-10-03T02:23:59+00:00,905d4775-754e-4b38-baca-89c98fad1d1a,Sprint,Sprint Berlin Ruhlebener Str.,Berlin,52.529285,13.20718,2.9,2.129,2.069,2.179,False
2026-10-03T02:25:31+00:00,cebbe420-bcf3-4db8-9099-c52b783e2158,ESSO,Esso Tankstelle,BERLIN,52.549044,13.17897,0,2.159,2.099,2.209,True
2026-10-03T02:25:31+00:00,7347dd32-bfa1-470a-a6ee-2a2c95ad9af5,ARAL,Aral Tankstelle,Berlin,52.542747,13.199304,1.5,2.159,2.099,2.239,True
2026-10-03T02:25:31+00:00,9f07b69b-4b15-4852-9c60-5d293c6cadc5,Sprint,Sprint Berlin Seegefelder Str.,Berlin,52.536163,13.191189,1.6,2.129,2.069,2.179,False
2026-10-03T02:25:31+00:00,005056ba-7cb6-1ed2-bceb-641db1c24d1d,STAR,star Tankstelle,Berlin,52.534388,13.184014,1.7,2.129,2.069,2.179,True
2026-10-03T02:25:31+00:00,51d4b471-a095-1aa0-e100-80009459e03a,JET,JET BERLIN BRUNSBUETTELER DAMM 87-89,BERLIN,52.53379,13.18503,1.7,2.129,2.069,2.179,False
2026-10-03T02:25:31+00:00,d590310c-e209-46b2-bfe7-dacc6148e1f1,TotalEnergies,TotalEnergies Berlin,Berlin,52.55424,13.207408,2,2.139,2.079,2.189,False
2026-10-03T02:25:31+00:00,5d8c8a4c-bce7-4d28-ae12-0d61a971c5cc,Shell,Shell Berlin Streitstr. 19,Berlin,52.558899,13.208409,2.3,2.139,2.079,2.189,True
2026-10-03T02:25:31+00:00,057827cd-6583-4a3a-a461-f8546073fd02,SUN,Sun Klosterstr.,Berlin,52.52943,13.19517,2.4,2.129,2.069,2.179,True
2026-10-03T02:25:31+00:00,905d4775-754e-4b38-baca-89c98fad1d1a,Sprint,Sprint Berlin Ruhlebener Str.,Berlin,52.529285,13.20718,2.9,2.129,2.069,2.179,False
2026-10-03T02:27:03+00:00,cebbe420-bcf3-4db8-9099-c52b783e2158,ESSO,Esso Tankstelle,BERLIN,52.549044,13.17897,0,2.159,2.099,2.209,True
2026-10-03T02:27:03+00:00,7347dd32-bfa1-470a-a6ee-2a2c95ad9af5,ARAL,Aral Tankstelle,Berlin,52.542747,13.199304,1.5,2.159,2.099,2.239,True
2026-10-03T02:27:03+00:00,9f07b69b-4b15-4852-9c60-5d293c6cadc5,Sprint,Sprint Berlin Seegefelder Str.,Berlin,52.536163,13.191189,1.6,2.129,2.069,2.179,False
2026-10-03T02:27:03+00:00,005056ba-7cb6-1ed2-bceb-641db1c24d1d,STAR,star Tankstelle,Berlin,52.534388,13.184014,1.7,2.129,2.069,2.179,True
2026-10-03T02:27:03+00:00,51d4b471-a095-1aa0-e100-80009459e03a,JET,JET BERLIN BRUNSBUETTELER DAMM 87-89,BERLIN,52.53379,13.18503,1.7,2.129,2.069,2.179,False
2026-10-03T02:27:03+00:00,d590310c-e209-46b2-bfe7-dacc6148e1f1,TotalEnergies,TotalEnergies Berlin,Berlin,52.55424,13.207408,2,2.139,2.079,2.189,False
2026-10-03T02:27:03+00:00,5d8c8a4c-bce7-4d28-ae12-0d61a971c5cc,Shell,Shell Berlin Streitstr. 19,Berlin,52.558899,13.208409,2.3,2.139,2.079,2.189,True
2026-10-03T02:27:03+00:00,057827cd-6583-4a3a-a461-f8546073fd02,SUN,Sun Klosterstr.,Berlin,52.52943,13.19517,2.4,2.129,2.069,2.179,True
2026-10-03T02:27:03+00:00,905d4775-754e-4b38-baca-89c98fad1d1a,Sprint,Sprint Berlin Ruhlebener Str.,Berlin,52.529285,13.20718,2.9,2.129,2.069,2.179,False
2026-10-03T02:28:34+00:00,cebbe420-bcf3-4db8-9099-c52b783e2158,ESSO,Esso Tankstelle,BERLIN,52.549044,13.17897,0,2.159,2.099,2.209,True
2026-10-03T02:28:34+00:00,7347dd32-bfa1-470a-a6ee-2a2c95ad9af5,ARAL,Aral Tankstelle,Berlin,52.542747,13.199304,1.5,2.159,2.099,2.239,True
2026-10-03T02:28:34+00:00,9f07b69b-4b15-4852-9c60-5d293c6cadc5,Sprint,Sprint Berlin Seegefelder Str.,Berlin,52.536163,13.191189,1.6,2.129,2.069,2.179,False
2026-10-03T02:28:34+00:00,005056ba-7cb6-1ed2-bceb-641db1c24d1d,STAR,star Tankstelle,Berlin,52.534388,13.184014,1.7,2.129,2.069,2.179,True
2026-10-03T02:28:34+00:00,51d4b471-a095-1aa0-e100-80009459e03a,JET,JET BERLIN BRUNSBUETTELER DAMM 87-89,BERLIN,52.53379,13.18503,1.7,2.129,2.069,2.179,False
2026-10-03T02:28:34+00:00,d590310c-e209-46b2-bfe7-dacc6148e1f1,TotalEnergies,TotalEnergies Berlin,Berlin,52.55424,13.207408,2,2.139,2.079,2.189,False
2026-10-03T02:28:34+00:00,5d8c8a4c-bce7-4d28-ae12-0d61a971c5cc,Shell,Shell Berlin Streitstr. 19,Berlin,52.558899,13.208409,2.3,2.139,2.079,2.189,True
2026-10-03T02:28:34+00:00,057827cd-6583-4a3a-a461-f8546073fd02,SUN,Sun Klosterstr.,Berlin,52.52943,13.19517,2.4,2.129,2.069,2.179,True
2026-10-03T02:28:34+00:00,905d4775-754e-4b38-baca-89c98fad1d1a,Sprint,Sprint Berlin Ruhlebener Str.,Berlin,52.529285,13.20718,2.9,2.129,2.069,2.179,False
2026-10-03T02:30:05+00:00,cebbe420-bcf3-4db8-9099-c52b783e2158,ESSO,Esso Tankstelle,BERLIN,52.549044,13.17897,0,2.159,2.099,2.209,True
2026-10-03T02:30:05+00:00,7347dd32-bfa1-470a-a6ee-2a2c95ad9af5,ARAL,Aral Tankstelle,Berlin,52.542747,13.199304,1.5,2.159,2.099,2.239,True
2026-10-03T02:30:05+00:00,9f07b69b-4b15-4852-9c60-5d293c6cadc5,Sprint,Sprint Berlin Seegefelder Str.,Berlin,52.536163,13.191189,1.6,2.129,2.069,2.179,False
2026-10-03T02:30:05+00:00,005056ba-7cb6-1ed2-bceb-641db1c24d1d,STAR,star Tankstelle,Berlin,52.534388,13.184014,1.7,2.129,2.069,2.179,True
2026-10-03T02:30:05+00:00,51d4b471-a095-1aa0-e100-80009459e03a,JET,JET BERLIN BRUNSBUETTELER DAMM 87-89,BERLIN,52.53379,13.18503,1.7,2.129,2.069,2.179,False
2026-10-03T02:30:05+00:00,d590310c-e209-46b2-bfe7-dacc6148e1f1,TotalEnergies,TotalEnergies Berlin,Berlin,52.55424,13.207408,2,2.139,2.079,2.189,False
2026-10-03T02:30:05+00:00,5d8c8a4c-bce7-4d28-ae12-0d61a971c5cc,Shell,Shell Berlin Streitstr. 19,Berlin,52.558899,13.208409,2.3,2.139,2.079,2.189,True
2026-10-03T02:30:05+00:00,057827cd-6583-4a3a-a461-f8546073fd02,SUN,Sun Klosterstr.,Berlin,52.52943,13.19517,2.4,2.129,2.069,2.179,True
2026-10-03T02:30:05+00:00,905d4775-754e-4b38-baca-89c98fad1d1a,Sprint,Sprint Berlin Ruhlebener Str.,Berlin,52.529285,13.20718,2.9,2.129,2.069,2.179,False
2026-10-03T02:31:43+00:00,cebbe420-bcf3-4db8-9099-c52b783e2158,ESSO,Esso Tankstelle,BERLIN,52.549044,13.17897,0,2.159,2.099,2.209,True
2026-10-03T02:31:43+00:00,7347dd32-bfa1-470a-a6ee-2a2c95ad9af5,ARAL,Aral Tankstelle,Berlin,52.542747,13.199304,1.5,2.159,2.099,2.239,True
2026-10-03T02:31:43+00:00,9f07b69b-4b15-4852-9c60-5d293c6cadc5,Sprint,Sprint Berlin Seegefelder Str.,Berlin,52.536163,13.191189,1.6,2.129,2.069,2.179,False
2026-10-03T02:31:43+00:00,005056ba-7cb6-1ed2-bceb-641db1c24d1d,STAR,star Tankstelle,Berlin,52.534388,13.184014,1.7,2.129,2.069,2.179,True
2026-10-03T02:31:43+00:00,51d4b471-a095-1aa0-e100-80009459e03a,JET,JET BERLIN BRUNSBUETTELER DAMM 87-89,BERLIN,52.53379,13.18503,1.7,2.129,2.069,2.179,False
2026-10-03T02:31:43+00:00,d590310c-e209-46b2-bfe7-dacc6148e1f1,TotalEnergies,TotalEnergies Berlin,Berlin,52.55424,13.207408,2,2.139,2.079,2.189,False
2026-10-03T02:31:43+00:00,5d8c8a4c-bce7-4d28-ae12-0d61a971c5cc,Shell,Shell Berlin Streitstr. 19,Berlin,52.558899,13.208409,2.3,2.139,2.079,2.189,True
2026-10-03T02:31:43+00:00,057827cd-6583-4a3a-a461-f8546073fd02,SUN,Sun Klosterstr.,Berlin,52.52943,13.19517,2.4,2.129,2.069,2.179,True
2026-10-03T02:31:43+00:00,905d4775-754e-4b38-baca-89c98fad1d1a,Sprint,Sprint Berlin Ruhlebener Str.,Berlin,52.529285,13.20718,2.9,2.129,2.069,2.179,False
2026-10-03T02:33:14+00:00,cebbe420-bcf3-4db8-9099-c52b783e2158,ESSO,Esso Tankstelle,BERLIN,52.549044,13.17897,0,2.159,2.099,2.209,True
2026-10-03T02:33:14+00:00,7347dd32-bfa1-470a-a6ee-2a2c95ad9af5,ARAL,Aral Tankstelle,Berlin,52.542747,13.199304,1.5,2.159,2.099,2.239,True
2026-10-03T02:33:14+00:00,9f07b69b-4b15-4852-9c60-5d293c6cadc5,Sprint,Sprint Berlin Seegefelder Str.,Berlin,52.536163,13.191189,1.6,2.129,2.069,2.179,False
2026-10-03T02:33:14+00:00,005056ba-7cb6-1ed2-bceb-641db1c24d1d,STAR,star Tankstelle,Berlin,52.534388,13.184014,1.7,2.129,2.069,2.179,True
2026-10-03T02:33:14+00:00,51d4b471-a095-1aa0-e100-80009459e03a,JET,JET BERLIN BRUNSBUETTELER DAMM 87-89,BERLIN,52.53379,13.18503,1.7,2.129,2.069,2.179,False
2026-10-03T02:33:14+00:00,d590310c-e209-46b2-bfe7-dacc6148e1f1,TotalEnergies,TotalEnergies Berlin,Berlin,52.55424,13.207408,2,2.139,2.079,2.189,False
2026-10-03T02:33:14+00:00,5d8c8a4c-bce7-4d28-ae12-0d61a971c5cc,Shell,Shell Berlin Streitstr. 19,Berlin,52.558899,13.208409,2.3,2.139,2.079,2.189,True
2026-10-03T02:33:14+00:00,057827cd-6583-4a3a-a461-f8546073fd02,SUN,Sun Klosterstr.,Berlin,52.52943,13.19517,2.4,2.129,2.069,2.179,True
2026-10-03T02:33:14+00:00,905d4775-754e-4b38-baca-89c98fad1d1a,Sprint,Sprint Berlin Ruhlebener Str.,Berlin,52.529285,13.20718,2.9,2.129,2.069,2.179,False
2026-10-03T02:34:45+00:00,cebbe420-bcf3-4db8-9099-c52b783e2158,ESSO,Esso Tankstelle,BERLIN,52.549044,13.17897,0,2.159,2.099,2.209,True
2026-10-03T02:34:45+00:00,7347dd32-bfa1-470a-a6ee-2a2c95ad9af5,ARAL,Aral Tankstelle,Berlin,52.542747,13.199304,1.5,2.159,2.099,2.239,True
2026-10-03T02:34:45+00:00,9f07b69b-4b15-4852-9c60-5d293c6cadc5,Sprint,Sprint Berlin Seegefelder Str.,Berlin,52.536163,13.191189,1.6,2.129,2.069,2.179,False
2026-10-03T02:34:45+00:00,005056ba-7cb6-1ed2-bceb-641db1c24d1d,STAR,star Tankstelle,Berlin,52.534388,13.184014,1.7,2.129,2.069,2.179,True
2026-10-03T02:34:45+00:00,51d4b471-a095-1aa0-e100-80009459e03a,JET,JET BERLIN BRUNSBUETTELER DAMM 87-89,BERLIN,52.53379,13.18503,1.7,2.129,2.069,2.179,False
2026-10-03T02:34:45+00:00,d590310c-e209-46b2-bfe7-dacc6148e1f1,TotalEnergies,TotalEnergies Berlin,Berlin,52.55424,13.207408,2,2.139,2.079,2.189,False
2026-10-03T02:34:45+00:00,5d8c8a4c-bce7-4d28-ae12-0d61a971c5cc,Shell,Shell Berlin Streitstr. 19,Berlin,52.558899,13.208409,2.3,2.139,2.079,2.189,True
2026-10-03T02:34:45+00:00,057827cd-6583-4a3a-a461-f8546073fd02,SUN,Sun Klosterstr.,Berlin,52.52943,13.19517,2.4,2.129,2.069,2.179,True
2026-10-03T02:34:45+00:00,905d4775-754e-4b38-baca-89c98fad1d1a,Sprint,Sprint Berlin Ruhlebener Str.,Berlin,52.529285,13.20718,2.9,2.129,2.069,2.179,False
2026-10-03T02:36:15+00:00,cebbe420-bcf3-4db8-9099-c52b783e2158,ESSO,Esso Tankstelle,BERLIN,52.549044,13.17897,0,2.159,2.099,2.209,True
2026-10-03T02:36:15+00:00,7347dd32-bfa1-470a-a6ee-2a2c95ad9af5,ARAL,Aral Tankstelle,Berlin,52.542747,13.199304,1.5,2.159,2.099,2.239,True
2026-10-03T02:36:15+00:00,9f07b69b-4b15-4852-9c60-5d293c6cadc5,Sprint,Sprint Berlin Seegefelder Str.,Berlin,52.536163,13.191189,1.6,2.129,2.069,2.179,False
2026-10-03T02:36:15+00:00,005056ba-7cb6-1ed2-bceb-641db1c24d1d,STAR,star Tankstelle,Berlin,52.534388,13.184014,1.7,2.129,2.069,2.179,True
2026-10-03T02:36:15+00:00,51d4b471-a095-1aa0-e100-80009459e03a,JET,JET BERLIN BRUNSBUETTELER DAMM 87-89,BERLIN,52.53379,13.18503,1.7,2.129,2.069,2.179,False
2026-10-03T02:36:15+00:00,d590310c-e209-46b2-bfe7-dacc6148e1f1,TotalEnergies,TotalEnergies Berlin,Berlin,52.55424,13.207408,2,2.139,2.079,2.189,False
2026-10-03T02:36:15+00:00,5d8c8a4c-bce7-4d28-ae12-0d61a971c5cc,Shell,Shell Berlin Streitstr. 19,Berlin,52.558899,13.208409,2.3,2.139,2.079,2.189,True
2026-10-03T02:36:15+00:00,057827cd-6583-4a3a-a461-f8546073fd02,SUN,Sun Klosterstr.,Berlin,52.52943,13.19517,2.4,2.129,2.069,2.179,True
2026-10-03T02:36:15+00:00,905d4775-754e-4b38-baca-89c98fad1d1a,Sprint,Sprint Berlin Ruhlebener Str.,Berlin,52.529285,13.20718,2.9,2.129,2.069,2.179,False
2026-10-03T02:37:46+00:00,cebbe420-bcf3-4db8-9099-c52b783e2158,ESSO,Esso Tankstelle,BERLIN,52.549044,13.17897,0,2.159,2.099,2.209,True
2026-10-03T02:37:46+00:00,7347dd32-bfa1-470a-a6ee-2a2c95ad9af5,ARAL,Aral Tankstelle,Berlin,52.542747,13.199304,1.5,2.159,2.099,2.239,True
2026-10-03T02:37:46+00:00,9f07b69b-4b15-4852-9c60-5d293c6cadc5,Sprint,Sprint Berlin Seegefelder Str.,Berlin,52.536163,13.191189,1.6,2.129,2.069,2.179,False
2026-10-03T02:37:46+00:00,005056ba-7cb6-1ed2-bceb-641db1c24d1d,STAR,star Tankstelle,Berlin,52.534388,13.184014,1.7,2.129,2.069,2.179,True
2026-10-03T02:37:46+00:00,51d4b471-a095-1aa0-e100-80009459e03a,JET,JET BERLIN BRUNSBUETTELER DAMM 87-89,BERLIN,52.53379,13.18503,1.7,2.129,2.069,2.179,False
2026-10-03T02:37:46+00:00,d590310c-e209-46b2-bfe7-dacc6148e1f1,TotalEnergies,TotalEnergies Berlin,Berlin,52.55424,13.207408,2,2.139,2.079,2.189,False
2026-10-03T02:37:46+00:00,5d8c8a4c-bce7-4d28-ae12-0d61a971c5cc,Shell,Shell Berlin Streitstr. 19,Berlin,52.558899,13.208409,2.3,2.139,2.079,2.189,True
2026-10-03T02:37:46+00:00,057827cd-6583-4a3a-a461-f8546073fd02,SUN,Sun Klosterstr.,Berlin,52.52943,13.19517,2.4,2.129,2.069,2.179,True
2026-10-03T02:37:46+00:00,905d4775-754e-4b38-baca-89c98fad1d1a,Sprint,Sprint Berlin Ruhlebener Str.,Berlin,52.529285,13.20718,2.9,2.129,2.069,2.179,False
2026-10-03T02:39:17+00:00,cebbe420-bcf3-4db8-9099-c52b783e2158,ESSO,Esso Tankstelle,BERLIN,52.549044,13.17897,0,2.159,2.099,2.209,True
2026-10-03T02:39:17+00:00,7347dd32-bfa1-470a-a6ee-2a2c95ad9af5,ARAL,Aral Tankstelle,Berlin,52.542747,13.199304,1.5,2.159,2.099,2.239,True
2026-10-03T02:39:17+00:00,9f07b69b-4b15-4852-9c60-5d293c6cadc5,Sprint,Sprint Berlin Seegefelder Str.,Berlin,52.536163,13.191189,1.6,2.129,2.069,2.179,False
2026-10-03T02:39:17+00:00,005056ba-7cb6-1ed2-bceb-641db1c24d1d,STAR,star Tankstelle,Berlin,52.534388,13.184014,1.7,2.129,2.069,2.179,True
2026-10-03T02:39:17+00:00,51d4b471-a095-1aa0-e100-80009459e03a,JET,JET BERLIN BRUNSBUETTELER DAMM 87-89,BERLIN,52.53379,13.18503,1.7,2.129,2.069,2.179,False
2026-10-03T02:39:17+00:00,d590310c-e209-46b2-bfe7-dacc6148e1f1,TotalEnergies,TotalEnergies Berlin,Berlin,52.55424,13.207408,2,2.139,2.079,2.189,False
2026-10-03T02:39:17+00:00,5d8c8a4c-bce7-4d28-ae12-0d61a971c5cc,Shell,Shell Berlin Streitstr. 19,Berlin,52.558899,13.208409,2.3,2.139,2.079,2.189,True
2026-10-03T02:39:17+00:00,057827cd-6583-4a3a-a461-f8546073fd02,SUN,Sun Klosterstr.,Berlin,52.52943,13.19517,2.4,2.129,2.069,2.179,True
2026-10-03T02:39:17+00:00,905d4775-754e-4b38-baca-89c98fad1d1a,Sprint,Sprint Berlin Ruhlebener Str.,Berlin,52.529285,13.20718,2.9,2.129,2.069,2.179,False
2026-10-03T02:40:47+00:00,cebbe420-bcf3-4db8-9099-c52b783e2158,ESSO,Esso Tankstelle,BERLIN,52.549044,13.17897,0,2.159,2.099,2.209,True
2026-10-03T02:40:47+00:00,7347dd32-bfa1-470a-a6ee-2a2c95ad9af5,ARAL,Aral Tankstelle,Berlin,52.542747,13.199304,1.5,2.159,2.099,2.239,True
2026-10-03T02:40:47+00:00,9f07b69b-4b15-4852-9c60-5d293c6cadc5,Sprint,Sprint Berlin Seegefelder Str.,Berlin,52.536163,13.191189,1.6,2.129,2.069,2.179,False
2026-10-03T02:40:47+00:00,005056ba-7cb6-1ed2-bceb-641db1c24d1d,STAR,star Tankstelle,Berlin,52.534388,13.184014,1.7,2.129,2.069,2.179,True
2026-10-03T02:40:47+00:00,51d4b471-a095-1aa0-e100-80009459e03a,JET,JET BERLIN BRUNSBUETTELER DAMM 87-89,BERLIN,52.53379,13.18503,1.7,2.129,2.069,2.179,False
2026-10-03T02:40:47+00:00,d590310c-e209-46b2-bfe7-dacc6148e1f1,TotalEnergies,TotalEnergies Berlin,Berlin,52.55424,13.207408,2,2.139,2.079,2.189,False
2026-10-03T02:40:47+00:00,5d8c8a4c-bce7-4d28-ae12-0d61a971c5cc,Shell,Shell Berlin Streitstr. 19,Berlin,52.558899,13.208409,2.3,2.139,2.079,2.189,True
2026-10-03T02:40:47+00:00,057827cd-6583-4a3a-a461-f8546073fd02,SUN,Sun Klosterstr.,Berlin,52.52943,13.19517,2.4,2.129,2.069,2.179,True
2026-10-03T02:40:47+00:00,905d4775-754e-4b38-baca-89c98fad1d1a,Sprint,Sprint Berlin Ruhlebener Str.,Berlin,52.529285,13.20718,2.9,2.129,2.069,2.179,False
2026-10-03T02:42:18+00:00,cebbe420-bcf3-4db8-9099-c52b783e2158,ESSO,Esso Tankstelle,BERLIN,52.549044,13.17897,0,2.159,2.099,2.209,True
2026-10-03T02:42:18+00:00,7347dd32-bfa1-470a-a6ee-2a2c95ad9af5,ARAL,Aral Tankstelle,Berlin,52.542747,13.199304,1.5,2.159,2.099,2.239,True
2026-10-03T02:42:18+00:00,9f07b69b-4b15-4852-9c60-5d293c6cadc5,Sprint,Sprint Berlin Seegefelder Str.,Berlin,52.536163,13.191189,1.6,2.129,2.069,2.179,False
2026-10-03T02:42:18+00:00,005056ba-7cb6-1ed2-bceb-641db1c24d1d,STAR,star Tankstelle,Berlin,52.534388,13.184014,1.7,2.129,2.069,2.179,True
2026-10-03T02:42:18+00:00,51d4b471-a095-1aa0-e100-80009459e03a,JET,JET BERLIN BRUNSBUETTELER DAMM 87-89,BERLIN,52.53379,13.18503,1.7,2.129,2.069,2.179,False
2026-10-03T02:42:18+00:00,d590310c-e209-46b2-bfe7-dacc6148e1f1,TotalEnergies,TotalEnergies Berlin,Berlin,52.55424,13.207408,2,2.139,2.079,2.189,False
2026-10-03T02:42:18+00:00,5d8c8a4c-bce7-4d28-ae12-0d61a971c5cc,Shell,Shell Berlin Streitstr. 19,Berlin,52.558899,13.208409,2.3,2.139,2.079,2.189,True
2026-10-03T02:42:18+00:00,057827cd-6583-4a3a-a461-f8546073fd02,SUN,Sun Klosterstr.,Berlin,52.52943,13.19517,2.4,2.129,2.069,2.179,True
2026-10-03T02:42:18+00:00,905d4775-754e-4b38-baca-89c98fad1d1a,Sprint,Sprint Berlin Ruhlebener Str.,Berlin,52.529285,13.20718,2.9,2.129,2.069,2.179,False
2026-10-03T02:43:49+00:00,cebbe420-bcf3-4db8-9099-c52b783e2158,ESSO,Esso Tankstelle,BERLIN,52.549044,13.17897,0,2.159,2.099,2.209,True
2026-10-03T02:43:49+00:00,7347dd32-bfa1-470a-a6ee-2a2c95ad9af5,ARAL,Aral Tankstelle,Berlin,52.542747,13.199304,1.5,2.159,2.099,2.239,True
2026-10-03T02:43:49+00:00,9f07b69b-4b15-4852-9c60-5d293c6cadc5,Sprint,Sprint Berlin Seegefelder Str.,Berlin,52.536163,13.191189,1.6,2.129,2.069,2.179,False
2026-10-03T02:43:49+00:00,005056ba-7cb6-1ed2-bceb-641db1c24d1d,STAR,star Tankstelle,Berlin,52.534388,13.184014,1.7,2.129,2.069,2.179,True
2026-10-03T02:43:49+00:00,51d4b471-a095-1aa0-e100-80009459e03a,JET,JET BERLIN BRUNSBUETTELER DAMM 87-89,BERLIN,52.53379,13.18503,1.7,2.129,2.069,2.179,False
2026-10-03T02:43:49+00:00,d590310c-e209-46b2-bfe7-dacc6148e1f1,TotalEnergies,TotalEnergies Berlin,Berlin,52.55424,13.207408,2,2.139,2.079,2.189,False
2026-10-03T02:43:49+00:00,5d8c8a4c-bce7-4d28-ae12-0d61a971c5cc,Shell,Shell Berlin Streitstr. 19,Berlin,52.558899,13.208409,2.3,2.139,2.079,2.189,True
2026-10-03T02:43:49+00:00,057827cd-6583-4a3a-a461-f8546073fd02,SUN,Sun Klosterstr.,Berlin,52.52943,13.19517,2.4,2.129,2.069,2.179,True
2026-10-03T02:43:49+00:00,905d4775-754e-4b38-baca-89c98fad1d1a,Sprint,Sprint Berlin Ruhlebener Str.,Berlin,52.529285,13.20718,2.9,2.129,2.069,2.179,False
2026-10-03T02:45:19+00:00,cebbe420-bcf3-4db8-9099-c52b783e2158,ESSO,Esso Tankstelle,BERLIN,52.549044,13.17897,0,2.159,2.099,2.209,True
2026-10-03T02:45:19+00:00,7347dd32-bfa1-470a-a6ee-2a2c95ad9af5,ARAL,Aral Tankstelle,Berlin,52.542747,13.199304,1.5,2.159,2.099,2.239,True
2026-10-03T02:45:19+00:00,9f07b69b-4b15-4852-9c60-5d293c6cadc5,Sprint,Sprint Berlin Seegefelder Str.,Berlin,52.536163,13.191189,1.6,2.129,2.069,2.179,False
2026-10-03T02:45:19+00:00,005056ba-7cb6-1ed2-bceb-641db1c24d1d,STAR,star Tankstelle,Berlin,52.534388,13.184014,1.7,2.129,2.069,2.179,True
2026-10-03T02:45:19+00:00,51d4b471-a095-1aa0-e100-80009459e03a,JET,JET BERLIN BRUNSBUETTELER DAMM 87-89,BERLIN,52.53379,13.18503,1.7,2.129,2.069,2.179,False
2026-10-03T02:45:19+00:00,d590310c-e209-46b2-bfe7-dacc6148e1f1,TotalEnergies,TotalEnergies Berlin,Berlin,52.55424,13.207408,2,2.139,2.079,2.189,False
2026-10-03T02:45:19+00:00,5d8c8a4c-bce7-4d28-ae12-0d61a971c5cc,Shell,Shell Berlin Streitstr. 19,Berlin,52.558899,13.208409,2.3,2.139,2.079,2.189,True
2026-10-03T02:45:19+00:00,057827cd-6583-4a3a-a461-f8546073fd02,SUN,Sun Klosterstr.,Berlin,52.52943,13.19517,2.4,2.129,2.069,2.179,True
2026-10-03T02:45:19+00:00,905d4775-754e-4b38-baca-89c98fad1d1a,Sprint,Sprint Berlin Ruhlebener Str.,Berlin,52.529285,13.20718,2.9,2.129,2.069,2.179,False
2026-10-03T02:46:50+00:00,cebbe420-bcf3-4db8-9099-c52b783e2158,ESSO,Esso Tankstelle,BERLIN,52.549044,13.17897,0,2.159,2.099,2.209,True
2026-10-03T02:46:50+00:00,7347dd32-bfa1-470a-a6ee-2a2c95ad9af5,ARAL,Aral Tankstelle,Berlin,52.542747,13.199304,1.5,2.159,2.099,2.239,True
2026-10-03T02:46:50+00:00,9f07b69b-4b15-4852-9c60-5d293c6cadc5,Sprint,Sprint Berlin Seegefelder Str.,Berlin,52.536163,13.191189,1.6,2.129,2.069,2.179,False
2026-10-03T02:46:50+00:00,005056ba-7cb6-1ed2-bceb-641db1c24d1d,STAR,star Tankstelle,Berlin,52.534388,13.184014,1.7,2.129,2.069,2.179,True
2026-10-03T02:46:50+00:00,51d4b471-a095-1aa0-e100-80009459e03a,JET,JET BERLIN BRUNSBUETTELER DAMM 87-89,BERLIN,52.53379,13.18503,1.7,2.129,2.069,2.179,False
2026-10-03T02:46:50+00:00,d590310c-e209-46b2-bfe7-dacc6148e1f1,TotalEnergies,TotalEnergies Berlin,Berlin,52.55424,13.207408,2,2.139,2.079,2.189,False
2026-10-03T02:46:50+00:00,5d8c8a4c-bce7-4d28-ae12-0d61a971c5cc,Shell,Shell Berlin Streitstr. 19,Berlin,52.558899,13.208409,2.3,2.139,2.079,2.189,True
2026-10-03T02:46:50+00:00,057827cd-6583-4a3a-a461-f8546073fd02,SUN,Sun Klosterstr.,Berlin,52.52943,13.19517,2.4,2.129,2.069,2.179,True
2026-10-03T02:46:50+00:00,905d4775-754e-4b38-baca-89c98fad1d1a,Sprint,Sprint Berlin Ruhlebener Str.,Berlin,52.529285,13.20718,2.9,2.129,2.069,2.179,False
2026-10-03T02:48:22+00:00,cebbe420-bcf3-4db8-9099-c52b783e2158,ESSO,Esso Tankstelle,BERLIN,52.549044,13.17897,0,2.159,2.099,2.209,True
2026-10-03T02:48:22+00:00,7347dd32-bfa1-470a-a6ee-2a2c95ad9af5,ARAL,Aral Tankstelle,Berlin,52.542747,13.199304,1.5,2.159,2.099,2.239,True
2026-10-03T02:48:22+00:00,9f07b69b-4b15-4852-9c60-5d293c6cadc5,Sprint,Sprint Berlin Seegefelder Str.,Berlin,52.536163,13.191189,1.6,2.129,2.069,2.179,False
2026-10-03T02:48:22+00:00,005056ba-7cb6-1ed2-bceb-641db1c24d1d,STAR,star Tankstelle,Berlin,52.534388,13.184014,1.7,2.129,2.069,2.179,True
2026-10-03T02:48:22+00:00,51d4b471-a095-1aa0-e100-80009459e03a,JET,JET BERLIN BRUNSBUETTELER DAMM 87-89,BERLIN,52.53379,13.18503,1.7,2.129,2.069,2.179,False
2026-10-03T02:48:22+00:00,d590310c-e209-46b2-bfe7-dacc6148e1f1,TotalEnergies,TotalEnergies Berlin,Berlin,52.55424,13.207408,2,2.139,2.079,2.189,False
2026-10-03T02:48:22+00:00,5d8c8a4c-bce7-4d28-ae12-0d61a971c5cc,Shell,Shell Berlin Streitstr. 19,Berlin,52.558899,13.208409,2.3,2.139,2.079,2.189,True
2026-10-03T02:48:22+00:00,057827cd-6583-4a3a-a461-f8546073fd02,SUN,Sun Klosterstr.,Berlin,52.52943,13.19517,2.4,2.129,2.069,2.179,True
2026-10-03T02:48:22+00:00,905d4775-754e-4b38-baca-89c98fad1d1a,Sprint,Sprint Berlin Ruhlebener Str.,Berlin,52.529285,13.20718,2.9,2.129,2.069,2.179,False
2026-10-03T02:49:53+00:00,cebbe420-bcf3-4db8-9099-c52b783e2158,ESSO,Esso Tankstelle,BERLIN,52.549044,13.17897,0,2.159,2.099,2.209,True
2026-10-03T02:49:53+00:00,7347dd32-bfa1-470a-a6ee-2a2c95ad9af5,ARAL,Aral Tankstelle,Berlin,52.542747,13.199304,1.5,2.159,2.099,2.239,True
2026-10-03T02:49:53+00:00,9f07b69b-4b15-4852-9c60-5d293c6cadc5,Sprint,Sprint Berlin Seegefelder Str.,Berlin,52.536163,13.191189,1.6,2.129,2.069,2.179,False
2026-10-03T02:49:53+00:00,005056ba-7cb6-1ed2-bceb-641db1c24d1d,STAR,star Tankstelle,Berlin,52.534388,13.184014,1.7,2.129,2.069,2.179,True
2026-10-03T02:49:53+00:00,51d4b471-a095-1aa0-e100-80009459e03a,JET,JET BERLIN BRUNSBUETTELER DAMM 87-89,BERLIN,52.53379,13.18503,1.7,2.129,2.069,2.179,False
2026-10-03T02:49:53+00:00,d590310c-e209-46b2-bfe7-dacc6148e1f1,TotalEnergies,TotalEnergies Berlin,Berlin,52.55424,13.207408,2,2.139,2.079,2.189,False
2026-10-03T02:49:53+00:00,5d8c8a4c-bce7-4d28-ae12-0d61a971c5cc,Shell,Shell Berlin Streitstr. 19,Berlin,52.558899,13.208409,2.3,2.139,2.079,2.189,True
2026-10-03T02:49:53+00:00,057827cd-6583-4a3a-a461-f8546073fd02,SUN,Sun Klosterstr.,Berlin,52.52943,13.19517,2.4,2.129,2.069,2.179,True
2026-10-03T02:49:53+00:00,905d4775-754e-4b38-baca-89c98fad1d1a,Sprint,Sprint Berlin Ruhlebener Str.,Berlin,52.529285,13.20718,2.9,2.129,2.069,2.179,False
2026-10-03T02:51:23+00:00,cebbe420-bcf3-4db8-9099-c52b783e2158,ESSO,Esso Tankstelle,BERLIN,52.549044,13.17897,0,2.159,2.099,2.209,True
2026-10-03T02:51:23+00:00,7347dd32-bfa1-470a-a6ee-2a2c95ad9af5,ARAL,Aral Tankstelle,Berlin,52.542747,13.199304,1.5,2.159,2.099,2.239,True
2026-10-03T02:51:23+00:00,9f07b69b-4b15-4852-9c60-5d293c6cadc5,Sprint,Sprint Berlin Seegefelder Str.,Berlin,52.536163,13.191189,1.6,2.129,2.069,2.179,False
2026-10-03T02:51:23+00:00,005056ba-7cb6-1ed2-bceb-641db1c24d1d,STAR,star Tankstelle,Berlin,52.534388,13.184014,1.7,2.129,2.069,2.179,True
2026-10-03T02:51:23+00:00,51d4b471-a095-1aa0-e100-80009459e03a,JET,JET BERLIN BRUNSBUETTELER DAMM 87-89,BERLIN,52.53379,13.18503,1.7,2.129,2.069,2.179,False
2026-10-03T02:51:23+00:00,d590310c-e209-46b2-bfe7-dacc6148e1f1,TotalEnergies,TotalEnergies Berlin,Berlin,52.55424,13.207408,2,2.139,2.079,2.189,False
2026-10-03T02:51:23+00:00,5d8c8a4c-bce7-4d28-ae12-0d61a971c5cc,Shell,Shell Berlin Streitstr. 19,Berlin,52.558899,13.208409,2.3,2.139,2.079,2.189,True
2026-10-03T02:51:23+00:00,057827cd-6583-4a3a-a461-f8546073fd02,SUN,Sun Klosterstr.,Berlin,52.52943,13.19517,2.4,2.129,2.069,2.179,True
2026-10-03T02:51:23+00:00,905d4775-754e-4b38-baca-89c98fad1d1a,Sprint,Sprint Berlin Ruhlebener Str.,Berlin,52.529285,13.20718,2.9,2.129,2.069,2.179,False
2026-10-03T02:52:54+00:00,cebbe420-bcf3-4db8-9099-c52b783e2158,ESSO,Esso Tankstelle,BERLIN,52.549044,13.17897,0,2.159,2.099,2.209,True
2026-10-03T02:52:54+00:00,7347dd32-bfa1-470a-a6ee-2a2c95ad9af5,ARAL,Aral Tankstelle,Berlin,52.542747,13.199304,1.5,2.159,2.099,2.239,True
2026-10-03T02:52:54+00:00,9f07b69b-4b15-4852-9c60-5d293c6cadc5,Sprint,Sprint Berlin Seegefelder Str.,Berlin,52.536163,13.191189,1.6,2.129,2.069,2.179,False
2026-10-03T02:52:54+00:00,005056ba-7cb6-1ed2-bceb-641db1c24d1d,STAR,star Tankstelle,Berlin,52.534388,13.184014,1.7,2.129,2.069,2.179,True
2026-10-03T02:52:54+00:00,51d4b471-a095-1aa0-e100-80009459e03a,JET,JET BERLIN BRUNSBUETTELER DAMM 87-89,BERLIN,52.53379,13.18503,1.7,2.129,2.069,2.179,False
2026-10-03T02:52:54+00:00,d590310c-e209-46b2-bfe7-dacc6148e1f1,TotalEnergies,TotalEnergies Berlin,Berlin,52.55424,13.207408,2,2.139,2.079,2.189,False
2026-10-03T02:52:54+00:00,5d8c8a4c-bce7-4d28-ae12-0d61a971c5cc,Shell,Shell Berlin Streitstr. 19,Berlin,52.558899,13.208409,2.3,2.139,2.079,2.189,True
2026-10-03T02:52:54+00:00,057827cd-6583-4a3a-a461-f8546073fd02,SUN,Sun Klosterstr.,Berlin,52.52943,13.19517,2.4,2.129,2.069,2.179,True
2026-10-03T02:52:54+00:00,905d4775-754e-4b38-baca-89c98fad1d1a,Sprint,Sprint Berlin Ruhlebener Str.,Berlin,52.529285,13.20718,2.9,2.129,2.069,2.179,False
2026-10-03T02:54:25+00:00,cebbe420-bcf3-4db8-9099-c52b783e2158,ESSO,Esso Tankstelle,BERLIN,52.549044,13.17897,0,2.159,2.099,2.209,True
2026-10-03T02:54:25+00:00,7347dd32-bfa1-470a-a6ee-2a2c95ad9af5,ARAL,Aral Tankstelle,Berlin,52.542747,13.199304,1.5,2.159,2.099,2.239,True
2026-10-03T02:54:25+00:00,9f07b69b-4b15-4852-9c60-5d293c6cadc5,Sprint,Sprint Berlin Seegefelder Str.,Berlin,52.536163,13.191189,1.6,2.129,2.069,2.179,False
2026-10-03T02:54:25+00:00,005056ba-7cb6-1ed2-bceb-641db1c24d1d,STAR,star Tankstelle,Berlin,52.534388,13.184014,1.7,2.129,2.069,2.179,True
2026-10-03T02:54:25+00:00,51d4b471-a095-1aa0-e100-80009459e03a,JET,JET BERLIN BRUNSBUETTELER DAMM 87-89,BERLIN,52.53379,13.18503,1.7,2.129,2.069,2.179,False
2026-10-03T02:54:25+00:00,d590310c-e209-46b2-bfe7-dacc6148e1f1,TotalEnergies,TotalEnergies Berlin,Berlin,52.55424,13.207408,2,2.139,2.079,2.189,False
2026-10-03T02:54:25+00:00,5d8c8a4c-bce7-4d28-ae12-0d61a971c5cc,Shell,Shell Berlin Streitstr. 19,Berlin,52.558899,13.208409,2.3,2.139,2.079,2.189,True
2026-10-03T02:54:25+00:00,057827cd-6583-4a3a-a461-f8546073fd02,SUN,Sun Klosterstr.,Berlin,52.52943,13.19517,2.4,2.129,2.069,2.179,True
2026-10-03T02:54:25+00:00,905d4775-754e-4b38-baca-89c98fad1d1a,Sprint,Sprint Berlin Ruhlebener Str.,Berlin,52.529285,13.20718,2.9,2.129,2.069,2.179,False
2026-10-03T02:55:55+00:00,cebbe420-bcf3-4db8-9099-c52b783e2158,ESSO,Esso Tankstelle,BERLIN,52.549044,13.17897,0,2.159,2.099,2.209,True
2026-10-03T02:55:55+00:00,7347dd32-bfa1-470a-a6ee-2a2c95ad9af5,ARAL,Aral Tankstelle,Berlin,52.542747,13.199304,1.5,2.159,2.099,2.239,True
2026-10-03T02:55:55+00:00,9f07b69b-4b15-4852-9c60-5d293c6cadc5,Sprint,Sprint Berlin Seegefelder Str.,Berlin,52.536163,13.191189,1.6,2.129,2.069,2.179,False
2026-10-03T02:55:55+00:00,005056ba-7cb6-1ed2-bceb-641db1c24d1d,STAR,star Tankstelle,Berlin,52.534388,13.184014,1.7,2.129,2.069,2.179,True
2026-10-03T02:55:55+00:00,51d4b471-a095-1aa0-e100-80009459e03a,JET,JET BERLIN BRUNSBUETTELER DAMM 87-89,BERLIN,52.53379,13.18503,1.7,2.129,2.069,2.179,False
2026-10-03T02:55:55+00:00,d590310c-e209-46b2-bfe7-dacc6148e1f1,TotalEnergies,TotalEnergies Berlin,Berlin,52.55424,13.207408,2,2.139,2.079,2.189,False
2026-10-03T02:55:55+00:00,5d8c8a4c-bce7-4d28-ae12-0d61a971c5cc,Shell,Shell Berlin Streitstr. 19,Berlin,52.558899,13.208409,2.3,2.139,2.079,2.189,True
2026-10-03T02:55:55+00:00,057827cd-6583-4a3a-a461-f8546073fd02,SUN,Sun Klosterstr.,Berlin,52.52943,13.19517,2.4,2.129,2.069,2.179,True
2026-10-03T02:55:55+00:00,905d4775-754e-4b38-baca-89c98fad1d1a,Sprint,Sprint Berlin Ruhlebener Str.,Berlin,52.529285,13.20718,2.9,2.129,2.069,2.179,False
2026-10-03T02:57:26+00:00,cebbe420-bcf3-4db8-9099-c52b783e2158,ESSO,Esso Tankstelle,BERLIN,52.549044,13.17897,0,2.159,2.099,2.209,True
2026-10-03T02:57:26+00:00,7347dd32-bfa1-470a-a6ee-2a2c95ad9af5,ARAL,Aral Tankstelle,Berlin,52.542747,13.199304,1.5,2.159,2.099,2.239,True
2026-10-03T02:57:26+00:00,9f07b69b-4b15-4852-9c60-5d293c6cadc5,Sprint,Sprint Berlin Seegefelder Str.,Berlin,52.536163,13.191189,1.6,2.129,2.069,2.179,False
2026-10-03T02:57:26+00:00,005056ba-7cb6-1ed2-bceb-641db1c24d1d,STAR,star Tankstelle,Berlin,52.534388,13.184014,1.7,2.129,2.069,2.179,True
2026-10-03T02:57:26+00:00,51d4b471-a095-1aa0-e100-80009459e03a,JET,JET BERLIN BRUNSBUETTELER DAMM 87-89,BERLIN,52.53379,13.18503,1.7,2.129,2.069,2.179,False
2026-10-03T02:57:26+00:00,d590310c-e209-46b2-bfe7-dacc6148e1f1,TotalEnergies,TotalEnergies Berlin,Berlin,52.55424,13.207408,2,2.139,2.079,2.189,False
2026-10-03T02:57:26+00:00,5d8c8a4c-bce7-4d28-ae12-0d61a971c5cc,Shell,Shell Berlin Streitstr. 19,Berlin,52.558899,13.208409,2.3,2.139,2.079,2.189,True
2026-10-03T02:57:26+00:00,057827cd-6583-4a3a-a461-f8546073fd02,SUN,Sun Klosterstr.,Berlin,52.52943,13.19517,2.4,2.129,2.069,2.179,True
2026-10-03T02:57:26+00:00,905d4775-754e-4b38-baca-89c98fad1d1a,Sprint,Sprint Berlin Ruhlebener Str.,Berlin,52.529285,13.20718,2.9,2.129,2.069,2.179,False
2026-10-03T02:58:57+00:00,cebbe420-bcf3-4db8-9099-c52b783e2158,ESSO,Esso Tankstelle,BERLIN,52.549044,13.17897,0,2.159,2.099,2.209,True
2026-10-03T02:58:57+00:00,7347dd32-bfa1-470a-a6ee-2a2c95ad9af5,ARAL,Aral Tankstelle,Berlin,52.542747,13.199304,1.5,2.159,2.099,2.239,True
2026-10-03T02:58:57+00:00,9f07b69b-4b15-4852-9c60-5d293c6cadc5,Sprint,Sprint Berlin Seegefelder Str.,Berlin,52.536163,13.191189,1.6,2.129,2.069,2.179,False
2026-10-03T02:58:57+00:00,005056ba-7cb6-1ed2-bceb-641db1c24d1d,STAR,star Tankstelle,Berlin,52.534388,13.184014,1.7,2.129,2.069,2.179,True
2026-10-03T02:58:57+00:00,51d4b471-a095-1aa0-e100-80009459e03a,JET,JET BERLIN BRUNSBUETTELER DAMM 87-89,BERLIN,52.53379,13.18503,1.7,2.129,2.069,2.179,False
2026-10-03T02:58:57+00:00,d590310c-e209-46b2-bfe7-dacc6148e1f1,TotalEnergies,TotalEnergies Berlin,Berlin,52.55424,13.207408,2,2.139,2.079,2.189,False
2026-10-03T02:58:57+00:00,5d8c8a4c-bce7-4d28-ae12-0d61a971c5cc,Shell,Shell Berlin Streitstr. 19,Berlin,52.558899,13.208409,2.3,2.139,2.079,2.189,True
2026-10-03T02:58:57+00:00,057827cd-6583-4a3a-a461-f8546073fd02,SUN,Sun Klosterstr.,Berlin,52.52943,13.19517,2.4,2.129,2.069,2.179,True
2026-10-03T02:58:57+00:00,905d4775-754e-4b38-baca-89c98fad1d1a,Sprint,Sprint Berlin Ruhlebener Str.,Berlin,52.529285,13.20718,2.9,2.129,2.069,2.179,False
2026-10-03T03:00:28+00:00,cebbe420-bcf3-4db8-9099-c52b783e2158,ESSO,Esso Tankstelle,BERLIN,52.549044,13.17897,0,2.159,2.099,2.209,True
2026-10-03T03:00:28+00:00,7347dd32-bfa1-470a-a6ee-2a2c95ad9af5,ARAL,Aral Tankstelle,Berlin,52.542747,13.199304,1.5,2.159,2.099,2.239,True
2026-10-03T03:00:28+00:00,9f07b69b-4b15-4852-9c60-5d293c6cadc5,Sprint,Sprint Berlin Seegefelder Str.,Berlin,52.536163,13.191189,1.6,2.129,2.069,2.179,False
2026-10-03T03:00:28+00:00,005056ba-7cb6-1ed2-bceb-641db1c24d1d,STAR,star Tankstelle,Berlin,52.534388,13.184014,1.7,2.129,2.069,2.179,True
2026-10-03T03:00:28+00:00,51d4b471-a095-1aa0-e100-80009459e03a,JET,JET BERLIN BRUNSBUETTELER DAMM 87-89,BERLIN,52.53379,13.18503,1.7,2.129,2.069,2.179,False
2026-10-03T03:00:28+00:00,d590310c-e209-46b2-bfe7-dacc6148e1f1,TotalEnergies,TotalEnergies Berlin,Berlin,52.55424,13.207408,2,2.139,2.079,2.189,False
2026-10-03T03:00:28+00:00,5d8c8a4c-bce7-4d28-ae12-0d61a971c5cc,Shell,Shell Berlin Streitstr. 19,Berlin,52.558899,13.208409,2.3,2.139,2.079,2.189,True
2026-10-03T03:00:28+00:00,057827cd-6583-4a3a-a461-f8546073fd02,SUN,Sun Klosterstr.,Berlin,52.52943,13.19517,2.4,2.129,2.069,2.179,True
2026-10-03T03:00:28+00:00,905d4775-754e-4b38-baca-89c98fad1d1a,Sprint,Sprint Berlin Ruhlebener Str.,Berlin,52.529285,13.20718,2.9,2.129,2.069,2.179,False
2026-10-03T03:02:07+00:00,cebbe420-bcf3-4db8-9099-c52b783e2158,ESSO,Esso Tankstelle,BERLIN,52.549044,13.17897,0,2.159,2.099,2.209,True
2026-10-03T03:02:07+00:00,7347dd32-bfa1-470a-a6ee-2a2c95ad9af5,ARAL,Aral Tankstelle,Berlin,52.542747,13.199304,1.5,2.159,2.099,2.239,True
2026-10-03T03:02:07+00:00,9f07b69b-4b15-4852-9c60-5d293c6cadc5,Sprint,Sprint Berlin Seegefelder Str.,Berlin,52.536163,13.191189,1.6,2.129,2.069,2.179,False
2026-10-03T03:02:07+00:00,005056ba-7cb6-1ed2-bceb-641db1c24d1d,STAR,star Tankstelle,Berlin,52.534388,13.184014,1.7,2.129,2.069,2.179,True
2026-10-03T03:02:07+00:00,51d4b471-a095-1aa0-e100-80009459e03a,JET,JET BERLIN BRUNSBUETTELER DAMM 87-89,BERLIN,52.53379,13.18503,1.7,2.129,2.069,2.179,False
2026-10-03T03:02:07+00:00,d590310c-e209-46b2-bfe7-dacc6148e1f1,TotalEnergies,TotalEnergies Berlin,Berlin,52.55424,13.207408,2,2.139,2.079,2.189,False
2026-10-03T03:02:07+00:00,5d8c8a4c-bce7-4d28-ae12-0d61a971c5cc,Shell,Shell Berlin Streitstr. 19,Berlin,52.558899,13.208409,2.3,2.139,2.079,2.189,True
2026-10-03T03:02:07+00:00,057827cd-6583-4a3a-a461-f8546073fd02,SUN,Sun Klosterstr.,Berlin,52.52943,13.19517,2.4,2.129,2.069,2.179,True
2026-10-03T03:02:07+00:00,905d4775-754e-4b38-baca-89c98fad1d1a,Sprint,Sprint Berlin Ruhlebener Str.,Berlin,52.529285,13.20718,2.9,2.129,2.069,2.179,False
2026-10-03T03:03:38+00:00,cebbe420-bcf3-4db8-9099-c52b783e2158,ESSO,Esso Tankstelle,BERLIN,52.549044,13.17897,0,2.159,2.099,2.209,True
2026-10-03T03:03:38+00:00,7347dd32-bfa1-470a-a6ee-2a2c95ad9af5,ARAL,Aral Tankstelle,Berlin,52.542747,13.199304,1.5,2.159,2.099,2.239,True
2026-10-03T03:03:38+00:00,9f07b69b-4b15-4852-9c60-5d293c6cadc5,Sprint,Sprint Berlin Seegefelder Str.,Berlin,52.536163,13.191189,1.6,2.129,2.069,2.179,False
2026-10-03T03:03:38+00:00,005056ba-7cb6-1ed2-bceb-641db1c24d1d,STAR,star Tankstelle,Berlin,52.534388,13.184014,1.7,2.129,2.069,2.179,True
2026-10-03T03:03:38+00:00,51d4b471-a095-1aa0-e100-80009459e03a,JET,JET BERLIN BRUNSBUETTELER DAMM 87-89,BERLIN,52.53379,13.18503,1.7,2.129,2.069,2.179,False
2026-10-03T03:03:38+00:00,d590310c-e209-46b2-bfe7-dacc6148e1f1,TotalEnergies,TotalEnergies Berlin,Berlin,52.55424,13.207408,2,2.139,2.079,2.189,False
2026-10-03T03:03:38+00:00,5d8c8a4c-bce7-4d28-ae12-0d61a971c5cc,Shell,Shell Berlin Streitstr. 19,Berlin,52.558899,13.208409,2.3,2.139,2.079,2.189,True
2026-10-03T03:03:38+00:00,057827cd-6583-4a3a-a461-f8546073fd02,SUN,Sun Klosterstr.,Berlin,52.52943,13.19517,2.4,2.129,2.069,2.179,True
2026-10-03T03:03:38+00:00,905d4775-754e-4b38-baca-89c98fad1d1a,Sprint,Sprint Berlin Ruhlebener Str.,Berlin,52.529285,13.20718,2.9,2.129,2.069,2.179,False
2026-10-03T03:05:08+00:00,cebbe420-bcf3-4db8-9099-c52b783e2158,ESSO,Esso Tankstelle,BERLIN,52.549044,13.17897,0,2.159,2.099,2.209,True
2026-10-03T03:05:08+00:00,7347dd32-bfa1-470a-a6ee-2a2c95ad9af5,ARAL,Aral Tankstelle,Berlin,52.542747,13.199304,1.5,2.159,2.099,2.239,True
2026-10-03T03:05:08+00:00,9f07b69b-4b15-4852-9c60-5d293c6cadc5,Sprint,Sprint Berlin Seegefelder Str.,Berlin,52.536163,13.191189,1.6,2.129,2.069,2.179,False
2026-10-03T03:05:08+00:00,005056ba-7cb6-1ed2-bceb-641db1c24d1d,STAR,star Tankstelle,Berlin,52.534388,13.184014,1.7,2.129,2.069,2.179,True
2026-10-03T03:05:08+00:00,51d4b471-a095-1aa0-e100-80009459e03a,JET,JET BERLIN BRUNSBUETTELER DAMM 87-89,BERLIN,52.53379,13.18503,1.7,2.129,2.069,2.179,False
2026-10-03T03:05:08+00:00,d590310c-e209-46b2-bfe7-dacc6148e1f1,TotalEnergies,TotalEnergies Berlin,Berlin,52.55424,13.207408,2,2.139,2.079,2.189,False
2026-10-03T03:05:08+00:00,5d8c8a4c-bce7-4d28-ae12-0d61a971c5cc,Shell,Shell Berlin Streitstr. 19,Berlin,52.558899,13.208409,2.3,2.139,2.079,2.189,True
2026-10-03T03:05:08+00:00,057827cd-6583-4a3a-a461-f8546073fd02,SUN,Sun Klosterstr.,Berlin,52.52943,13.19517,2.4,2.129,2.069,2.179,True
2026-10-03T03:05:08+00:00,905d4775-754e-4b38-baca-89c98fad1d1a,Sprint,Sprint Berlin Ruhlebener Str.,Berlin,52.529285,13.20718,2.9,2.129,2.069,2.179,False
2026-10-03T03:06:39+00:00,cebbe420-bcf3-4db8-9099-c52b783e2158,ESSO,Esso Tankstelle,BERLIN,52.549044,13.17897,0,2.159,2.099,2.209,True
2026-10-03T03:06:39+00:00,7347dd32-bfa1-470a-a6ee-2a2c95ad9af5,ARAL,Aral Tankstelle,Berlin,52.542747,13.199304,1.5,2.159,2.099,2.239,True
2026-10-03T03:06:39+00:00,9f07b69b-4b15-4852-9c60-5d293c6cadc5,Sprint,Sprint Berlin Seegefelder Str.,Berlin,52.536163,13.191189,1.6,2.129,2.069,2.179,False
2026-10-03T03:06:39+00:00,005056ba-7cb6-1ed2-bceb-641db1c24d1d,STAR,star Tankstelle,Berlin,52.534388,13.184014,1.7,2.129,2.069,2.179,True
2026-10-03T03:06:39+00:00,51d4b471-a095-1aa0-e100-80009459e03a,JET,JET BERLIN BRUNSBUETTELER DAMM 87-89,BERLIN,52.53379,13.18503,1.7,2.129,2.069,2.179,False
2026-10-03T03:06:39+00:00,d590310c-e209-46b2-bfe7-dacc6148e1f1,TotalEnergies,TotalEnergies Berlin,Berlin,52.55424,13.207408,2,2.139,2.079,2.189,False
2026-10-03T03:06:39+00:00,5d8c8a4c-bce7-4d28-ae12-0d61a971c5cc,Shell,Shell Berlin Streitstr. 19,Berlin,52.558899,13.208409,2.3,2.139,2.079,2.189,True
2026-10-03T03:06:39+00:00,057827cd-6583-4a3a-a461-f8546073fd02,SUN,Sun Klosterstr.,Berlin,52.52943,13.19517,2.4,2.129,2.069,2.179,True
2026-10-03T03:06:39+00:00,905d4775-754e-4b38-baca-89c98fad1d1a,Sprint,Sprint Berlin Ruhlebener Str.,Berlin,52.529285,13.20718,2.9,2.129,2.069,2.179,False
2026-10-03T03:08:10+00:00,cebbe420-bcf3-4db8-9099-c52b783e2158,ESSO,Esso Tankstelle,BERLIN,52.549044,13.17897,0,2.159,2.099,2.209,True
2026-10-03T03:08:10+00:00,7347dd32-bfa1-470a-a6ee-2a2c95ad9af5,ARAL,Aral Tankstelle,Berlin,52.542747,13.199304,1.5,2.159,2.099,2.239,True
2026-10-03T03:08:10+00:00,9f07b69b-4b15-4852-9c60-5d293c6cadc5,Sprint,Sprint Berlin Seegefelder Str.,Berlin,52.536163,13.191189,1.6,2.129,2.069,2.179,False
2026-10-03T03:08:10+00:00,005056ba-7cb6-1ed2-bceb-641db1c24d1d,STAR,star Tankstelle,Berlin,52.534388,13.184014,1.7,2.129,2.069,2.179,True
2026-10-03T03:08:10+00:00,51d4b471-a095-1aa0-e100-80009459e03a,JET,JET BERLIN BRUNSBUETTELER DAMM 87-89,BERLIN,52.53379,13.18503,1.7,2.129,2.069,2.179,False
2026-10-03T03:08:10+00:00,d590310c-e209-46b2-bfe7-dacc6148e1f1,TotalEnergies,TotalEnergies Berlin,Berlin,52.55424,13.207408,2,2.139,2.079,2.189,False
2026-10-03T03:08:10+00:00,5d8c8a4c-bce7-4d28-ae12-0d61a971c5cc,Shell,Shell Berlin Streitstr. 19,Berlin,52.558899,13.208409,2.3,2.139,2.079,2.189,True
2026-10-03T03:08:10+00:00,057827cd-6583-4a3a-a461-f8546073fd02,SUN,Sun Klosterstr.,Berlin,52.52943,13.19517,2.4,2.129,2.069,2.179,True
2026-10-03T03:08:10+00:00,905d4775-754e-4b38-baca-89c98fad1d1a,Sprint,Sprint Berlin Ruhlebener Str.,Berlin,52.529285,13.20718,2.9,2.129,2.069,2.179,False
2026-10-03T03:09:41+00:00,cebbe420-bcf3-4db8-9099-c52b783e2158,ESSO,Esso Tankstelle,BERLIN,52.549044,13.17897,0,2.159,2.099,2.209,True
2026-10-03T03:09:41+00:00,7347dd32-bfa1-470a-a6ee-2a2c95ad9af5,ARAL,Aral Tankstelle,Berlin,52.542747,13.199304,1.5,2.159,2.099,2.239,True
2026-10-03T03:09:41+00:00,9f07b69b-4b15-4852-9c60-5d293c6cadc5,Sprint,Sprint Berlin Seegefelder Str.,Berlin,52.536163,13.191189,1.6,2.129,2.069,2.179,False
2026-10-03T03:09:41+00:00,005056ba-7cb6-1ed2-bceb-641db1c24d1d,STAR,star Tankstelle,Berlin,52.534388,13.184014,1.7,2.129,2.069,2.179,True
2026-10-03T03:09:41+00:00,51d4b471-a095-1aa0-e100-80009459e03a,JET,JET BERLIN BRUNSBUETTELER DAMM 87-89,BERLIN,52.53379,13.18503,1.7,2.129,2.069,2.179,False
2026-10-03T03:09:41+00:00,d590310c-e209-46b2-bfe7-dacc6148e1f1,TotalEnergies,TotalEnergies Berlin,Berlin,52.55424,13.207408,2,2.139,2.079,2.189,False
2026-10-03T03:09:41+00:00,5d8c8a4c-bce7-4d28-ae12-0d61a971c5cc,Shell,Shell Berlin Streitstr. 19,Berlin,52.558899,13.208409,2.3,2.139,2.079,2.189,True
2026-10-03T03:09:41+00:00,057827cd-6583-4a3a-a461-f8546073fd02,SUN,Sun Klosterstr.,Berlin,52.52943,13.19517,2.4,2.129,2.069,2.179,True
2026-10-03T03:09:41+00:00,905d4775-754e-4b38-baca-89c98fad1d1a,Sprint,Sprint Berlin Ruhlebener Str.,Berlin,52.529285,13.20718,2.9,2.129,2.069,2.179,False
2026-10-03T03:11:12+00:00,cebbe420-bcf3-4db8-9099-c52b783e2158,ESSO,Esso Tankstelle,BERLIN,52.549044,13.17897,0,2.159,2.099,2.209,True
2026-10-03T03:11:12+00:00,7347dd32-bfa1-470a-a6ee-2a2c95ad9af5,ARAL,Aral Tankstelle,Berlin,52.542747,13.199304,1.5,2.159,2.099,2.239,True
2026-10-03T03:11:12+00:00,9f07b69b-4b15-4852-9c60-5d293c6cadc5,Sprint,Sprint Berlin Seegefelder Str.,Berlin,52.536163,13.191189,1.6,2.129,2.069,2.179,False
2026-10-03T03:11:12+00:00,005056ba-7cb6-1ed2-bceb-641db1c24d1d,STAR,star Tankstelle,Berlin,52.534388,13.184014,1.7,2.129,2.069,2.179,True
2026-10-03T03:11:12+00:00,51d4b471-a095-1aa0-e100-80009459e03a,JET,JET BERLIN BRUNSBUETTELER DAMM 87-89,BERLIN,52.53379,13.18503,1.7,2.129,2.069,2.179,False
2026-10-03T03:11:12+00:00,d590310c-e209-46b2-bfe7-dacc6148e1f1,TotalEnergies,TotalEnergies Berlin,Berlin,52.55424,13.207408,2,2.139,2.079,2.189,False
2026-10-03T03:11:12+00:00,5d8c8a4c-bce7-4d28-ae12-0d61a971c5cc,Shell,Shell Berlin Streitstr. 19,Berlin,52.558899,13.208409,2.3,2.139,2.079,2.189,True
2026-10-03T03:11:12+00:00,057827cd-6583-4a3a-a461-f8546073fd02,SUN,Sun Klosterstr.,Berlin,52.52943,13.19517,2.4,2.129,2.069,2.179,True
2026-10-03T03:11:12+00:00,905d4775-754e-4b38-baca-89c98fad1d1a,Sprint,Sprint Berlin Ruhlebener Str.,Berlin,52.529285,13.20718,2.9,2.129,2.069,2.179,False
2026-10-03T03:12:42+00:00,cebbe420-bcf3-4db8-9099-c52b783e2158,ESSO,Esso Tankstelle,BERLIN,52.549044,13.17897,0,2.159,2.099,2.209,True
2026-10-03T03:12:42+00:00,7347dd32-bfa1-470a-a6ee-2a2c95ad9af5,ARAL,Aral Tankstelle,Berlin,52.542747,13.199304,1.5,2.159,2.099,2.239,True
2026-10-03T03:12:42+00:00,9f07b69b-4b15-4852-9c60-5d293c6cadc5,Sprint,Sprint Berlin Seegefelder Str.,Berlin,52.536163,13.191189,1.6,2.129,2.069,2.179,False
2026-10-03T03:12:42+00:00,005056ba-7cb6-1ed2-bceb-641db1c24d1d,STAR,star Tankstelle,Berlin,52.534388,13.184014,1.7,2.129,2.069,2.179,True
2026-10-03T03:12:42+00:00,51d4b471-a095-1aa0-e100-80009459e03a,JET,JET BERLIN BRUNSBUETTELER DAMM 87-89,BERLIN,52.53379,13.18503,1.7,2.129,2.069,2.179,False
2026-10-03T03:12:42+00:00,d590310c-e209-46b2-bfe7-dacc6148e1f1,TotalEnergies,TotalEnergies Berlin,Berlin,52.55424,13.207408,2,2.139,2.079,2.189,False
2026-10-03T03:12:42+00:00,5d8c8a4c-bce7-4d28-ae12-0d61a971c5cc,Shell,Shell Berlin Streitstr. 19,Berlin,52.558899,13.208409,2.3,2.139,2.079,2.189,True
2026-10-03T03:12:42+00:00,057827cd-6583-4a3a-a461-f8546073fd02,SUN,Sun Klosterstr.,Berlin,52.52943,13.19517,2.4,2.129,2.069,2.179,True
2026-10-03T03:12:42+00:00,905d4775-754e-4b38-baca-89c98fad1d1a,Sprint,Sprint Berlin Ruhlebener Str.,Berlin,52.529285,13.20718,2.9,2.129,2.069,2.179,False
2026-10-03T03:14:13+00:00,cebbe420-bcf3-4db8-9099-c52b783e2158,ESSO,Esso Tankstelle,BERLIN,52.549044,13.17897,0,2.159,2.099,2.209,True
2026-10-03T03:14:13+00:00,7347dd32-bfa1-470a-a6ee-2a2c95ad9af5,ARAL,Aral Tankstelle,Berlin,52.542747,13.199304,1.5,2.159,2.099,2.239,True
2026-10-03T03:14:13+00:00,9f07b69b-4b15-4852-9c60-5d293c6cadc5,Sprint,Sprint Berlin Seegefelder Str.,Berlin,52.536163,13.191189,1.6,2.129,2.069,2.179,False
2026-10-03T03:14:13+00:00,005056ba-7cb6-1ed2-bceb-641db1c24d1d,STAR,star Tankstelle,Berlin,52.534388,13.184014,1.7,2.129,2.069,2.179,True
2026-10-03T03:14:13+00:00,51d4b471-a095-1aa0-e100-80009459e03a,JET,JET BERLIN BRUNSBUETTELER DAMM 87-89,BERLIN,52.53379,13.18503,1.7,2.129,2.069,2.179,False
2026-10-03T03:14:13+00:00,d590310c-e209-46b2-bfe7-dacc6148e1f1,TotalEnergies,TotalEnergies Berlin,Berlin,52.55424,13.207408,2,2.139,2.079,2.189,False
2026-10-03T03:14:13+00:00,5d8c8a4c-bce7-4d28-ae12-0d61a971c5cc,Shell,Shell Berlin Streitstr. 19,Berlin,52.558899,13.208409,2.3,2.139,2.079,2.189,True
2026-10-03T03:14:13+00:00,057827cd-6583-4a3a-a461-f8546073fd02,SUN,Sun Klosterstr.,Berlin,52.52943,13.19517,2.4,2.129,2.069,2.179,True
2026-10-03T03:14:13+00:00,905d4775-754e-4b38-baca-89c98fad1d1a,Sprint,Sprint Berlin Ruhlebener Str.,Berlin,52.529285,13.20718,2.9,2.129,2.069,2.179,False
2026-10-03T03:15:44+00:00,cebbe420-bcf3-4db8-9099-c52b783e2158,ESSO,Esso Tankstelle,BERLIN,52.549044,13.17897,0,2.159,2.099,2.209,True
2026-10-03T03:15:44+00:00,7347dd32-bfa1-470a-a6ee-2a2c95ad9af5,ARAL,Aral Tankstelle,Berlin,52.542747,13.199304,1.5,2.159,2.099,2.239,True
2026-10-03T03:15:44+00:00,9f07b69b-4b15-4852-9c60-5d293c6cadc5,Sprint,Sprint Berlin Seegefelder Str.,Berlin,52.536163,13.191189,1.6,2.129,2.069,2.179,False
2026-10-03T03:15:44+00:00,005056ba-7cb6-1ed2-bceb-641db1c24d1d,STAR,star Tankstelle,Berlin,52.534388,13.184014,1.7,2.129,2.069,2.179,True
2026-10-03T03:15:44+00:00,51d4b471-a095-1aa0-e100-80009459e03a,JET,JET BERLIN BRUNSBUETTELER DAMM 87-89,BERLIN,52.53379,13.18503,1.7,2.129,2.069,2.179,False
2026-10-03T03:15:44+00:00,d590310c-e209-46b2-bfe7-dacc6148e1f1,TotalEnergies,TotalEnergies Berlin,Berlin,52.55424,13.207408,2,2.139,2.079,2.189,False
2026-10-03T03:15:44+00:00,5d8c8a4c-bce7-4d28-ae12-0d61a971c5cc,Shell,Shell Berlin Streitstr. 19,Berlin,52.558899,13.208409,2.3,2.139,2.079,2.189,True
2026-10-03T03:15:44+00:00,057827cd-6583-4a3a-a461-f8546073fd02,SUN,Sun Klosterstr.,Berlin,52.52943,13.19517,2.4,2.129,2.069,2.179,True
2026-10-03T03:15:44+00:00,905d4775-754e-4b38-baca-89c98fad1d1a,Sprint,Sprint Berlin Ruhlebener Str.,Berlin,52.529285,13.20718,2.9,2.129,2.069,2.179,False
2026-10-03T03:17:14+00:00,cebbe420-bcf3-4db8-9099-c52b783e2158,ESSO,Esso Tankstelle,BERLIN,52.549044,13.17897,0,2.159,2.099,2.209,True
2026-10-03T03:17:14+00:00,7347dd32-bfa1-470a-a6ee-2a2c95ad9af5,ARAL,Aral Tankstelle,Berlin,52.542747,13.199304,1.5,2.159,2.099,2.239,True
2026-10-03T03:17:14+00:00,9f07b69b-4b15-4852-9c60-5d293c6cadc5,Sprint,Sprint Berlin Seegefelder Str.,Berlin,52.536163,13.191189,1.6,2.129,2.069,2.179,False
2026-10-03T03:17:14+00:00,005056ba-7cb6-1ed2-bceb-641db1c24d1d,STAR,star Tankstelle,Berlin,52.534388,13.184014,1.7,2.129,2.069,2.179,True
2026-10-03T03:17:14+00:00,51d4b471-a095-1aa0-e100-80009459e03a,JET,JET BERLIN BRUNSBUETTELER DAMM 87-89,BERLIN,52.53379,13.18503,1.7,2.129,2.069,2.179,False
2026-10-03T03:17:14+00:00,d590310c-e209-46b2-bfe7-dacc6148e1f1,TotalEnergies,TotalEnergies Berlin,Berlin,52.55424,13.207408,2,2.139,2.079,2.189,False
2026-10-03T03:17:14+00:00,5d8c8a4c-bce7-4d28-ae12-0d61a971c5cc,Shell,Shell Berlin Streitstr. 19,Berlin,52.558899,13.208409,2.3,2.139,2.079,2.189,True
2026-10-03T03:17:14+00:00,057827cd-6583-4a3a-a461-f8546073fd02,SUN,Sun Klosterstr.,Berlin,52.52943,13.19517,2.4,2.129,2.069,2.179,True
2026-10-03T03:17:14+00:00,905d4775-754e-4b38-baca-89c98fad1d1a,Sprint,Sprint Berlin Ruhlebener Str.,Berlin,52.529285,13.20718,2.9,2.129,2.069,2.179,False
2026-10-03T03:18:45+00:00,cebbe420-bcf3-4db8-9099-c52b783e2158,ESSO,Esso Tankstelle,BERLIN,52.549044,13.17897,0,2.159,2.099,2.209,True
2026-10-03T03:18:45+00:00,7347dd32-bfa1-470a-a6ee-2a2c95ad9af5,ARAL,Aral Tankstelle,Berlin,52.542747,13.199304,1.5,2.159,2.099,2.239,True
2026-10-03T03:18:45+00:00,9f07b69b-4b15-4852-9c60-5d293c6cadc5,Sprint,Sprint Berlin Seegefelder Str.,Berlin,52.536163,13.191189,1.6,2.129,2.069,2.179,False
2026-10-03T03:18:45+00:00,005056ba-7cb6-1ed2-bceb-641db1c24d1d,STAR,star Tankstelle,Berlin,52.534388,13.184014,1.7,2.129,2.069,2.179,True
2026-10-03T03:18:45+00:00,51d4b471-a095-1aa0-e100-80009459e03a,JET,JET BERLIN BRUNSBUETTELER DAMM 87-89,BERLIN,52.53379,13.18503,1.7,2.129,2.069,2.179,False
2026-10-03T03:18:45+00:00,d590310c-e209-46b2-bfe7-dacc6148e1f1,TotalEnergies,TotalEnergies Berlin,Berlin,52.55424,13.207408,2,2.139,2.079,2.189,False
2026-10-03T03:18:45+00:00,5d8c8a4c-bce7-4d28-ae12-0d61a971c5cc,Shell,Shell Berlin Streitstr. 19,Berlin,52.558899,13.208409,2.3,2.139,2.079,2.189,True
2026-10-03T03:18:45+00:00,057827cd-6583-4a3a-a461-f8546073fd02,SUN,Sun Klosterstr.,Berlin,52.52943,13.19517,2.4,2.129,2.069,2.179,True
2026-10-03T03:18:45+00:00,905d4775-754e-4b38-baca-89c98fad1d1a,Sprint,Sprint Berlin Ruhlebener Str.,Berlin,52.529285,13.20718,2.9,2.129,2.069,2.179,False
2026-10-03T03:20:16+00:00,cebbe420-bcf3-4db8-9099-c52b783e2158,ESSO,Esso Tankstelle,BERLIN,52.549044,13.17897,0,2.159,2.099,2.209,True
2026-10-03T03:20:16+00:00,7347dd32-bfa1-470a-a6ee-2a2c95ad9af5,ARAL,Aral Tankstelle,Berlin,52.542747,13.199304,1.5,2.159,2.099,2.239,True
2026-10-03T03:20:16+00:00,9f07b69b-4b15-4852-9c60-5d293c6cadc5,Sprint,Sprint Berlin Seegefelder Str.,Berlin,52.536163,13.191189,1.6,2.129,2.069,2.179,False
2026-10-03T03:20:16+00:00,005056ba-7cb6-1ed2-bceb-641db1c24d1d,STAR,star Tankstelle,Berlin,52.534388,13.184014,1.7,2.129,2.069,2.179,True
2026-10-03T03:20:16+00:00,51d4b471-a095-1aa0-e100-80009459e03a,JET,JET BERLIN BRUNSBUETTELER DAMM 87-89,BERLIN,52.53379,13.18503,1.7,2.129,2.069,2.179,False
2026-10-03T03:20:16+00:00,d590310c-e209-46b2-bfe7-dacc6148e1f1,TotalEnergies,TotalEnergies Berlin,Berlin,52.55424,13.207408,2,2.139,2.079,2.189,False
2026-10-03T03:20:16+00:00,5d8c8a4c-bce7-4d28-ae12-0d61a971c5cc,Shell,Shell Berlin Streitstr. 19,Berlin,52.558899,13.208409,2.3,2.139,2.079,2.189,True
2026-10-03T03:20:16+00:00,057827cd-6583-4a3a-a461-f8546073fd02,SUN,Sun Klosterstr.,Berlin,52.52943,13.19517,2.4,2.129,2.069,2.179,True
2026-10-03T03:20:16+00:00,905d4775-754e-4b38-baca-89c98fad1d1a,Sprint,Sprint Berlin Ruhlebener Str.,Berlin,52.529285,13.20718,2.9,2.129,2.069,2.179,False
2026-10-03T03:21:47+00:00,cebbe420-bcf3-4db8-9099-c52b783e2158,ESSO,Esso Tankstelle,BERLIN,52.549044,13.17897,0,2.159,2.099,2.209,True
2026-10-03T03:21:47+00:00,7347dd32-bfa1-470a-a6ee-2a2c95ad9af5,ARAL,Aral Tankstelle,Berlin,52.542747,13.199304,1.5,2.159,2.099,2.239,True
2026-10-03T03:21:47+00:00,9f07b69b-4b15-4852-9c60-5d293c6cadc5,Sprint,Sprint Berlin Seegefelder Str.,Berlin,52.536163,13.191189,1.6,2.129,2.069,2.179,False
2026-10-03T03:21:47+00:00,005056ba-7cb6-1ed2-bceb-641db1c24d1d,STAR,star Tankstelle,Berlin,52.534388,13.184014,1.7,2.129,2.069,2.179,True
2026-10-03T03:21:47+00:00,51d4b471-a095-1aa0-e100-80009459e03a,JET,JET BERLIN BRUNSBUETTELER DAMM 87-89,BERLIN,52.53379,13.18503,1.7,2.129,2.069,2.179,False
2026-10-03T03:21:47+00:00,d590310c-e209-46b2-bfe7-dacc6148e1f1,TotalEnergies,TotalEnergies Berlin,Berlin,52.55424,13.207408,2,2.139,2.079,2.189,False
2026-10-03T03:21:47+00:00,5d8c8a4c-bce7-4d28-ae12-0d61a971c5cc,Shell,Shell Berlin Streitstr. 19,Berlin,52.558899,13.208409,2.3,2.139,2.079,2.189,True
2026-10-03T03:21:47+00:00,057827cd-6583-4a3a-a461-f8546073fd02,SUN,Sun Klosterstr.,Berlin,52.52943,13.19517,2.4,2.129,2.069,2.179,True
2026-10-03T03:21:47+00:00,905d4775-754e-4b38-baca-89c98fad1d1a,Sprint,Sprint Berlin Ruhlebener Str.,Berlin,52.529285,13.20718,2.9,2.129,2.069,2.179,False
2026-10-03T03:23:17+00:00,cebbe420-bcf3-4db8-9099-c52b783e2158,ESSO,Esso Tankstelle,BERLIN,52.549044,13.17897,0,2.159,2.099,2.209,True
2026-10-03T03:23:17+00:00,7347dd32-bfa1-470a-a6ee-2a2c95ad9af5,ARAL,Aral Tankstelle,Berlin,52.542747,13.199304,1.5,2.159,2.099,2.239,True
2026-10-03T03:23:17+00:00,9f07b69b-4b15-4852-9c60-5d293c6cadc5,Sprint,Sprint Berlin Seegefelder Str.,Berlin,52.536163,13.191189,1.6,2.129,2.069,2.179,False
2026-10-03T03:23:17+00:00,005056ba-7cb6-1ed2-bceb-641db1c24d1d,STAR,star Tankstelle,Berlin,52.534388,13.184014,1.7,2.129,2.069,2.179,True
2026-10-03T03:23:17+00:00,51d4b471-a095-1aa0-e100-80009459e03a,JET,JET BERLIN BRUNSBUETTELER DAMM 87-89,BERLIN,52.53379,13.18503,1.7,2.129,2.069,2.179,False
2026-10-03T03:23:17+00:00,d590310c-e209-46b2-bfe7-dacc6148e1f1,TotalEnergies,TotalEnergies Berlin,Berlin,52.55424,13.207408,2,2.139,2.079,2.189,False
2026-10-03T03:23:17+00:00,5d8c8a4c-bce7-4d28-ae12-0d61a971c5cc,Shell,Shell Berlin Streitstr. 19,Berlin,52.558899,13.208409,2.3,2.139,2.079,2.189,True
2026-10-03T03:23:17+00:00,057827cd-6583-4a3a-a461-f8546073fd02,SUN,Sun Klosterstr.,Berlin,52.52943,13.19517,2.4,2.129,2.069,2.179,True
2026-10-03T03:23:17+00:00,905d4775-754e-4b38-baca-89c98fad1d1a,Sprint,Sprint Berlin Ruhlebener Str.,Berlin,52.529285,13.20718,2.9,2.129,2.069,2.179,False
2026-10-03T03:24:48+00:00,cebbe420-bcf3-4db8-9099-c52b783e2158,ESSO,Esso Tankstelle,BERLIN,52.549044,13.17897,0,2.159,2.099,2.209,True
2026-10-03T03:24:48+00:00,7347dd32-bfa1-470a-a6ee-2a2c95ad9af5,ARAL,Aral Tankstelle,Berlin,52.542747,13.199304,1.5,2.159,2.099,2.239,True
2026-10-03T03:24:48+00:00,9f07b69b-4b15-4852-9c60-5d293c6cadc5,Sprint,Sprint Berlin Seegefelder Str.,Berlin,52.536163,13.191189,1.6,2.129,2.069,2.179,False
2026-10-03T03:24:48+00:00,005056ba-7cb6-1ed2-bceb-641db1c24d1d,STAR,star Tankstelle,Berlin,52.534388,13.184014,1.7,2.129,2.069,2.179,True
2026-10-03T03:24:48+00:00,51d4b471-a095-1aa0-e100-80009459e03a,JET,JET BERLIN BRUNSBUETTELER DAMM 87-89,BERLIN,52.53379,13.18503,1.7,2.129,2.069,2.179,False
2026-10-03T03:24:48+00:00,d590310c-e209-46b2-bfe7-dacc6148e1f1,TotalEnergies,TotalEnergies Berlin,Berlin,52.55424,13.207408,2,2.139,2.079,2.189,False
2026-10-03T03:24:48+00:00,5d8c8a4c-bce7-4d28-ae12-0d61a971c5cc,Shell,Shell Berlin Streitstr. 19,Berlin,52.558899,13.208409,2.3,2.139,2.079,2.189,True
2026-10-03T03:24:48+00:00,057827cd-6583-4a3a-a461-f8546073fd02,SUN,Sun Klosterstr.,Berlin,52.52943,13.19517,2.4,2.129,2.069,2.179,True
2026-10-03T03:24:48+00:00,905d4775-754e-4b38-baca-89c98fad1d1a,Sprint,Sprint Berlin Ruhlebener Str.,Berlin,52.529285,13.20718,2.9,2.129,2.069,2.179,False
2026-10-03T03:26:18+00:00,cebbe420-bcf3-4db8-9099-c52b783e2158,ESSO,Esso Tankstelle,BERLIN,52.549044,13.17897,0,2.159,2.099,2.209,True
2026-10-03T03:26:18+00:00,7347dd32-bfa1-470a-a6ee-2a2c95ad9af5,ARAL,Aral Tankstelle,Berlin,52.542747,13.199304,1.5,2.159,2.099,2.239,True
2026-10-03T03:26:18+00:00,9f07b69b-4b15-4852-9c60-5d293c6cadc5,Sprint,Sprint Berlin Seegefelder Str.,Berlin,52.536163,13.191189,1.6,2.129,2.069,2.179,False
2026-10-03T03:26:18+00:00,005056ba-7cb6-1ed2-bceb-641db1c24d1d,STAR,star Tankstelle,Berlin,52.534388,13.184014,1.7,2.129,2.069,2.179,True
2026-10-03T03:26:18+00:00,51d4b471-a095-1aa0-e100-80009459e03a,JET,JET BERLIN BRUNSBUETTELER DAMM 87-89,BERLIN,52.53379,13.18503,1.7,2.129,2.069,2.179,False
2026-10-03T03:26:18+00:00,d590310c-e209-46b2-bfe7-dacc6148e1f1,TotalEnergies,TotalEnergies Berlin,Berlin,52.55424,13.207408,2,2.139,2.079,2.189,False
2026-10-03T03:26:18+00:00,5d8c8a4c-bce7-4d28-ae12-0d61a971c5cc,Shell,Shell Berlin Streitstr. 19,Berlin,52.558899,13.208409,2.3,2.139,2.079,2.189,True
2026-10-03T03:26:18+00:00,057827cd-6583-4a3a-a461-f8546073fd02,SUN,Sun Klosterstr.,Berlin,52.52943,13.19517,2.4,2.129,2.069,2.179,True
2026-10-03T03:26:18+00:00,905d4775-754e-4b38-baca-89c98fad1d1a,Sprint,Sprint Berlin Ruhlebener Str.,Berlin,52.529285,13.20718,2.9,2.129,2.069,2.179,False
2026-10-03T03:27:50+00:00,cebbe420-bcf3-4db8-9099-c52b783e2158,ESSO,Esso Tankstelle,BERLIN,52.549044,13.17897,0,2.159,2.099,2.209,True
2026-10-03T03:27:50+00:00,7347dd32-bfa1-470a-a6ee-2a2c95ad9af5,ARAL,Aral Tankstelle,Berlin,52.542747,13.199304,1.5,2.159,2.099,2.239,True
2026-10-03T03:27:50+00:00,9f07b69b-4b15-4852-9c60-5d293c6cadc5,Sprint,Sprint Berlin Seegefelder Str.,Berlin,52.536163,13.191189,1.6,2.129,2.069,2.179,False
2026-10-03T03:27:50+00:00,005056ba-7cb6-1ed2-bceb-641db1c24d1d,STAR,star Tankstelle,Berlin,52.534388,13.184014,1.7,2.129,2.069,2.179,True
2026-10-03T03:27:50+00:00,51d4b471-a095-1aa0-e100-80009459e03a,JET,JET BERLIN BRUNSBUETTELER DAMM 87-89,BERLIN,52.53379,13.18503,1.7,2.129,2.069,2.179,False
2026-10-03T03:27:50+00:00,d590310c-e209-46b2-bfe7-dacc6148e1f1,TotalEnergies,TotalEnergies Berlin,Berlin,52.55424,13.207408,2,2.139,2.079,2.189,False
2026-10-03T03:27:50+00:00,5d8c8a4c-bce7-4d28-ae12-0d61a971c5cc,Shell,Shell Berlin Streitstr. 19,Berlin,52.558899,13.208409,2.3,2.139,2.079,2.189,True
2026-10-03T03:27:50+00:00,057827cd-6583-4a3a-a461-f8546073fd02,SUN,Sun Klosterstr.,Berlin,52.52943,13.19517,2.4,2.129,2.069,2.179,True
2026-10-03T03:27:50+00:00,905d4775-754e-4b38-baca-89c98fad1d1a,Sprint,Sprint Berlin Ruhlebener Str.,Berlin,52.529285,13.20718,2.9,2.129,2.069,2.179,False
2026-10-03T03:29:21+00:00,cebbe420-bcf3-4db8-9099-c52b783e2158,ESSO,Esso Tankstelle,BERLIN,52.549044,13.17897,0,2.159,2.099,2.209,True
2026-10-03T03:29:21+00:00,7347dd32-bfa1-470a-a6ee-2a2c95ad9af5,ARAL,Aral Tankstelle,Berlin,52.542747,13.199304,1.5,2.159,2.099,2.239,True
2026-10-03T03:29:21+00:00,9f07b69b-4b15-4852-9c60-5d293c6cadc5,Sprint,Sprint Berlin Seegefelder Str.,Berlin,52.536163,13.191189,1.6,2.129,2.069,2.179,False
2026-10-03T03:29:21+00:00,005056ba-7cb6-1ed2-bceb-641db1c24d1d,STAR,star Tankstelle,Berlin,52.534388,13.184014,1.7,2.129,2.069,2.179,True
2026-10-03T03:29:21+00:00,51d4b471-a095-1aa0-e100-80009459e03a,JET,JET BERLIN BRUNSBUETTELER DAMM 87-89,BERLIN,52.53379,13.18503,1.7,2.129,2.069,2.179,False
2026-10-03T03:29:21+00:00,d590310c-e209-46b2-bfe7-dacc6148e1f1,TotalEnergies,TotalEnergies Berlin,Berlin,52.55424,13.207408,2,2.139,2.079,2.189,False
2026-10-03T03:29:21+00:00,5d8c8a4c-bce7-4d28-ae12-0d61a971c5cc,Shell,Shell Berlin Streitstr. 19,Berlin,52.558899,13.208409,2.3,2.139,2.079,2.189,True
2026-10-03T03:29:21+00:00,057827cd-6583-4a3a-a461-f8546073fd02,SUN,Sun Klosterstr.,Berlin,52.52943,13.19517,2.4,2.129,2.069,2.179,True
2026-10-03T03:29:21+00:00,905d4775-754e-4b38-baca-89c98fad1d1a,Sprint,Sprint Berlin Ruhlebener Str.,Berlin,52.529285,13.20718,2.9,2.129,2.069,2.179,False
2026-10-03T03:30:51+00:00,cebbe420-bcf3-4db8-9099-c52b783e2158,ESSO,Esso Tankstelle,BERLIN,52.549044,13.17897,0,2.159,2.099,2.209,True
2026-10-03T03:30:51+00:00,7347dd32-bfa1-470a-a6ee-2a2c95ad9af5,ARAL,Aral Tankstelle,Berlin,52.542747,13.199304,1.5,2.159,2.099,2.239,True
2026-10-03T03:30:51+00:00,9f07b69b-4b15-4852-9c60-5d293c6cadc5,Sprint,Sprint Berlin Seegefelder Str.,Berlin,52.536163,13.191189,1.6,2.129,2.069,2.179,False
2026-10-03T03:30:51+00:00,005056ba-7cb6-1ed2-bceb-641db1c24d1d,STAR,star Tankstelle,Berlin,52.534388,13.184014,1.7,2.129,2.069,2.179,True
2026-10-03T03:30:51+00:00,51d4b471-a095-1aa0-e100-80009459e03a,JET,JET BERLIN BRUNSBUETTELER DAMM 87-89,BERLIN,52.53379,13.18503,1.7,2.129,2.069,2.179,False
2026-10-03T03:30:51+00:00,d590310c-e209-46b2-bfe7-dacc6148e1f1,TotalEnergies,TotalEnergies Berlin,Berlin,52.55424,13.207408,2,2.139,2.079,2.189,False
2026-10-03T03:30:51+00:00,5d8c8a4c-bce7-4d28-ae12-0d61a971c5cc,Shell,Shell Berlin Streitstr. 19,Berlin,52.558899,13.208409,2.3,2.139,2.079,2.189,True
2026-10-03T03:30:51+00:00,057827cd-6583-4a3a-a461-f8546073fd02,SUN,Sun Klosterstr.,Berlin,52.52943,13.19517,2.4,2.129,2.069,2.179,True
2026-10-03T03:30:51+00:00,905d4775-754e-4b38-baca-89c98fad1d1a,Sprint,Sprint Berlin Ruhlebener Str.,Berlin,52.529285,13.20718,2.9,2.129,2.069,2.179,False
2026-10-03T03:32:22+00:00,cebbe420-bcf3-4db8-9099-c52b783e2158,ESSO,Esso Tankstelle,BERLIN,52.549044,13.17897,0,2.159,2.099,2.209,True
2026-10-03T03:32:22+00:00,7347dd32-bfa1-470a-a6ee-2a2c95ad9af5,ARAL,Aral Tankstelle,Berlin,52.542747,13.199304,1.5,2.159,2.099,2.239,True
2026-10-03T03:32:22+00:00,9f07b69b-4b15-4852-9c60-5d293c6cadc5,Sprint,Sprint Berlin Seegefelder Str.,Berlin,52.536163,13.191189,1.6,2.129,2.069,2.179,False
2026-10-03T03:32:22+00:00,005056ba-7cb6-1ed2-bceb-641db1c24d1d,STAR,star Tankstelle,Berlin,52.534388,13.184014,1.7,2.129,2.069,2.179,True
2026-10-03T03:32:22+00:00,51d4b471-a095-1aa0-e100-80009459e03a,JET,JET BERLIN BRUNSBUETTELER DAMM 87-89,BERLIN,52.53379,13.18503,1.7,2.129,2.069,2.179,False
2026-10-03T03:32:22+00:00,d590310c-e209-46b2-bfe7-dacc6148e1f1,TotalEnergies,TotalEnergies Berlin,Berlin,52.55424,13.207408,2,2.139,2.079,2.189,False
2026-10-03T03:32:22+00:00,5d8c8a4c-bce7-4d28-ae12-0d61a971c5cc,Shell,Shell Berlin Streitstr. 19,Berlin,52.558899,13.208409,2.3,2.139,2.079,2.189,True
2026-10-03T03:32:22+00:00,057827cd-6583-4a3a-a461-f8546073fd02,SUN,Sun Klosterstr.,Berlin,52.52943,13.19517,2.4,2.129,2.069,2.179,True
2026-10-03T03:32:22+00:00,905d4775-754e-4b38-baca-89c98fad1d1a,Sprint,Sprint Berlin Ruhlebener Str.,Berlin,52.529285,13.20718,2.9,2.129,2.069,2.179,False
2026-10-03T03:33:53+00:00,cebbe420-bcf3-4db8-9099-c52b783e2158,ESSO,Esso Tankstelle,BERLIN,52.549044,13.17897,0,2.159,2.099,2.209,True
2026-10-03T03:33:53+00:00,7347dd32-bfa1-470a-a6ee-2a2c95ad9af5,ARAL,Aral Tankstelle,Berlin,52.542747,13.199304,1.5,2.159,2.099,2.239,True
2026-10-03T03:33:53+00:00,9f07b69b-4b15-4852-9c60-5d293c6cadc5,Sprint,Sprint Berlin Seegefelder Str.,Berlin,52.536163,13.191189,1.6,2.129,2.069,2.179,False
2026-10-03T03:33:53+00:00,005056ba-7cb6-1ed2-bceb-641db1c24d1d,STAR,star Tankstelle,Berlin,52.534388,13.184014,1.7,2.129,2.069,2.179,True
2026-10-03T03:33:53+00:00,51d4b471-a095-1aa0-e100-80009459e03a,JET,JET BERLIN BRUNSBUETTELER DAMM 87-89,BERLIN,52.53379,13.18503,1.7,2.129,2.069,2.179,False
2026-10-03T03:33:53+00:00,d590310c-e209-46b2-bfe7-dacc6148e1f1,TotalEnergies,TotalEnergies Berlin,Berlin,52.55424,13.207408,2,2.139,2.079,2.189,False
2026-10-03T03:33:53+00:00,5d8c8a4c-bce7-4d28-ae12-0d61a971c5cc,Shell,Shell Berlin Streitstr. 19,Berlin,52.558899,13.208409,2.3,2.139,2.079,2.189,True
2026-10-03T03:33:53+00:00,057827cd-6583-4a3a-a461-f8546073fd02,SUN,Sun Klosterstr.,Berlin,52.52943,13.19517,2.4,2.129,2.069,2.179,True
2026-10-03T03:33:53+00:00,905d4775-754e-4b38-baca-89c98fad1d1a,Sprint,Sprint Berlin Ruhlebener Str.,Berlin,52.529285,13.20718,2.9,2.129,2.069,2.179,False
2026-10-03T03:35:23+00:00,cebbe420-bcf3-4db8-9099-c52b783e2158,ESSO,Esso Tankstelle,BERLIN,52.549044,13.17897,0,2.159,2.099,2.209,True
2026-10-03T03:35:23+00:00,7347dd32-bfa1-470a-a6ee-2a2c95ad9af5,ARAL,Aral Tankstelle,Berlin,52.542747,13.199304,1.5,2.159,2.099,2.239,True
2026-10-03T03:35:23+00:00,9f07b69b-4b15-4852-9c60-5d293c6cadc5,Sprint,Sprint Berlin Seegefelder Str.,Berlin,52.536163,13.191189,1.6,2.129,2.069,2.179,False
2026-10-03T03:35:23+00:00,005056ba-7cb6-1ed2-bceb-641db1c24d1d,STAR,star Tankstelle,Berlin,52.534388,13.184014,1.7,2.129,2.069,2.179,True
2026-10-03T03:35:23+00:00,51d4b471-a095-1aa0-e100-80009459e03a,JET,JET BERLIN BRUNSBUETTELER DAMM 87-89,BERLIN,52.53379,13.18503,1.7,2.129,2.069,2.179,False
2026-10-03T03:35:23+00:00,d590310c-e209-46b2-bfe7-dacc6148e1f1,TotalEnergies,TotalEnergies Berlin,Berlin,52.55424,13.207408,2,2.139,2.079,2.189,False
2026-10-03T03:35:23+00:00,5d8c8a4c-bce7-4d28-ae12-0d61a971c5cc,Shell,Shell Berlin Streitstr. 19,Berlin,52.558899,13.208409,2.3,2.139,2.079,2.189,True
2026-10-03T03:35:23+00:00,057827cd-6583-4a3a-a461-f8546073fd02,SUN,Sun Klosterstr.,Berlin,52.52943,13.19517,2.4,2.129,2.069,2.179,True
2026-10-03T03:35:23+00:00,905d4775-754e-4b38-baca-89c98fad1d1a,Sprint,Sprint Berlin Ruhlebener Str.,Berlin,52.529285,13.20718,2.9,2.129,2.069,2.179,False
2026-10-03T03:36:54+00:00,cebbe420-bcf3-4db8-9099-c52b783e2158,ESSO,Esso Tankstelle,BERLIN,52.549044,13.17897,0,2.159,2.099,2.209,True
2026-10-03T03:36:54+00:00,7347dd32-bfa1-470a-a6ee-2a2c95ad9af5,ARAL,Aral Tankstelle,Berlin,52.542747,13.199304,1.5,2.159,2.099,2.239,True
2026-10-03T03:36:54+00:00,9f07b69b-4b15-4852-9c60-5d293c6cadc5,Sprint,Sprint Berlin Seegefelder Str.,Berlin,52.536163,13.191189,1.6,2.129,2.069,2.179,False
2026-10-03T03:36:54+00:00,005056ba-7cb6-1ed2-bceb-641db1c24d1d,STAR,star Tankstelle,Berlin,52.534388,13.184014,1.7,2.129,2.069,2.179,True
2026-10-03T03:36:54+00:00,51d4b471-a095-1aa0-e100-80009459e03a,JET,JET BERLIN BRUNSBUETTELER DAMM 87-89,BERLIN,52.53379,13.18503,1.7,2.129,2.069,2.179,False
2026-10-03T03:36:54+00:00,d590310c-e209-46b2-bfe7-dacc6148e1f1,TotalEnergies,TotalEnergies Berlin,Berlin,52.55424,13.207408,2,2.139,2.079,2.189,False
2026-10-03T03:36:54+00:00,5d8c8a4c-bce7-4d28-ae12-0d61a971c5cc,Shell,Shell Berlin Streitstr. 19,Berlin,52.558899,13.208409,2.3,2.139,2.079,2.189,True
2026-10-03T03:36:54+00:00,057827cd-6583-4a3a-a461-f8546073fd02,SUN,Sun Klosterstr.,Berlin,52.52943,13.19517,2.4,2.129,2.069,2.179,True
2026-10-03T03:36:54+00:00,905d4775-754e-4b38-baca-89c98fad1d1a,Sprint,Sprint Berlin Ruhlebener Str.,Berlin,52.529285,13.20718,2.9,2.129,2.069,2.179,False
2026-10-03T03:38:25+00:00,cebbe420-bcf3-4db8-9099-c52b783e2158,ESSO,Esso Tankstelle,BERLIN,52.549044,13.17897,0,2.159,2.099,2.209,True
2026-10-03T03:38:25+00:00,7347dd32-bfa1-470a-a6ee-2a2c95ad9af5,ARAL,Aral Tankstelle,Berlin,52.542747,13.199304,1.5,2.159,2.099,2.239,True
2026-10-03T03:38:25+00:00,9f07b69b-4b15-4852-9c60-5d293c6cadc5,Sprint,Sprint Berlin Seegefelder Str.,Berlin,52.536163,13.191189,1.6,2.129,2.069,2.179,False
2026-10-03T03:38:25+00:00,005056ba-7cb6-1ed2-bceb-641db1c24d1d,STAR,star Tankstelle,Berlin,52.534388,13.184014,1.7,2.129,2.069,2.179,True
2026-10-03T03:38:25+00:00,51d4b471-a095-1aa0-e100-80009459e03a,JET,JET BERLIN BRUNSBUETTELER DAMM 87-89,BERLIN,52.53379,13.18503,1.7,2.129,2.069,2.179,False
2026-10-03T03:38:25+00:00,d590310c-e209-46b2-bfe7-dacc6148e1f1,TotalEnergies,TotalEnergies Berlin,Berlin,52.55424,13.207408,2,2.139,2.079,2.189,False
2026-10-03T03:38:25+00:00,5d8c8a4c-bce7-4d28-ae12-0d61a971c5cc,Shell,Shell Berlin Streitstr. 19,Berlin,52.558899,13.208409,2.3,2.139,2.079,2.189,True
2026-10-03T03:38:25+00:00,057827cd-6583-4a3a-a461-f8546073fd02,SUN,Sun Klosterstr.,Berlin,52.52943,13.19517,2.4,2.129,2.069,2.179,True
2026-10-03T03:38:25+00:00,905d4775-754e-4b38-baca-89c98fad1d1a,Sprint,Sprint Berlin Ruhlebener Str.,Berlin,52.529285,13.20718,2.9,2.129,2.069,2.179,False
2026-10-03T03:39:56+00:00,cebbe420-bcf3-4db8-9099-c52b783e2158,ESSO,Esso Tankstelle,BERLIN,52.549044,13.17897,0,2.159,2.099,2.209,True
2026-10-03T03:39:56+00:00,7347dd32-bfa1-470a-a6ee-2a2c95ad9af5,ARAL,Aral Tankstelle,Berlin,52.542747,13.199304,1.5,2.159,2.099,2.239,True
2026-10-03T03:39:56+00:00,9f07b69b-4b15-4852-9c60-5d293c6cadc5,Sprint,Sprint Berlin Seegefelder Str.,Berlin,52.536163,13.191189,1.6,2.129,2.069,2.179,False
2026-10-03T03:39:56+00:00,005056ba-7cb6-1ed2-bceb-641db1c24d1d,STAR,star Tankstelle,Berlin,52.534388,13.184014,1.7,2.129,2.069,2.179,True
2026-10-03T03:39:56+00:00,51d4b471-a095-1aa0-e100-80009459e03a,JET,JET BERLIN BRUNSBUETTELER DAMM 87-89,BERLIN,52.53379,13.18503,1.7,2.129,2.069,2.179,False
2026-10-03T03:39:56+00:00,d590310c-e209-46b2-bfe7-dacc6148e1f1,TotalEnergies,TotalEnergies Berlin,Berlin,52.55424,13.207408,2,2.139,2.079,2.189,False
2026-10-03T03:39:56+00:00,5d8c8a4c-bce7-4d28-ae12-0d61a971c5cc,Shell,Shell Berlin Streitstr. 19,Berlin,52.558899,13.208409,2.3,2.139,2.079,2.189,True
2026-10-03T03:39:56+00:00,057827cd-6583-4a3a-a461-f8546073fd02,SUN,Sun Klosterstr.,Berlin,52.52943,13.19517,2.4,2.129,2.069,2.179,True
2026-10-03T03:39:56+00:00,905d4775-754e-4b38-baca-89c98fad1d1a,Sprint,Sprint Berlin Ruhlebener Str.,Berlin,52.529285,13.20718,2.9,2.129,2.069,2.179,False
2026-10-03T03:41:26+00:00,cebbe420-bcf3-4db8-9099-c52b783e2158,ESSO,Esso Tankstelle,BERLIN,52.549044,13.17897,0,2.159,2.099,2.209,True
2026-10-03T03:41:26+00:00,7347dd32-bfa1-470a-a6ee-2a2c95ad9af5,ARAL,Aral Tankstelle,Berlin,52.542747,13.199304,1.5,2.159,2.099,2.239,True
2026-10-03T03:41:26+00:00,9f07b69b-4b15-4852-9c60-5d293c6cadc5,Sprint,Sprint Berlin Seegefelder Str.,Berlin,52.536163,13.191189,1.6,2.129,2.069,2.179,False
2026-10-03T03:41:26+00:00,005056ba-7cb6-1ed2-bceb-641db1c24d1d,STAR,star Tankstelle,Berlin,52.534388,13.184014,1.7,2.129,2.069,2.179,True
2026-10-03T03:41:26+00:00,51d4b471-a095-1aa0-e100-80009459e03a,JET,JET BERLIN BRUNSBUETTELER DAMM 87-89,BERLIN,52.53379,13.18503,1.7,2.129,2.069,2.179,False
2026-10-03T03:41:26+00:00,d590310c-e209-46b2-bfe7-dacc6148e1f1,TotalEnergies,TotalEnergies Berlin,Berlin,52.55424,13.207408,2,2.139,2.079,2.189,False
2026-10-03T03:41:26+00:00,5d8c8a4c-bce7-4d28-ae12-0d61a971c5cc,Shell,Shell Berlin Streitstr. 19,Berlin,52.558899,13.208409,2.3,2.139,2.079,2.189,True
2026-10-03T03:41:26+00:00,057827cd-6583-4a3a-a461-f8546073fd02,SUN,Sun Klosterstr.,Berlin,52.52943,13.19517,2.4,2.129,2.069,2.179,True
2026-10-03T03:41:26+00:00,905d4775-754e-4b38-baca-89c98fad1d1a,Sprint,Sprint Berlin Ruhlebener Str.,Berlin,52.529285,13.20718,2.9,2.129,2.069,2.179,False
2026-10-03T03:42:57+00:00,cebbe420-bcf3-4db8-9099-c52b783e2158,ESSO,Esso Tankstelle,BERLIN,52.549044,13.17897,0,2.159,2.099,2.209,True
2026-10-03T03:42:57+00:00,7347dd32-bfa1-470a-a6ee-2a2c95ad9af5,ARAL,Aral Tankstelle,Berlin,52.542747,13.199304,1.5,2.159,2.099,2.239,True
2026-10-03T03:42:57+00:00,9f07b69b-4b15-4852-9c60-5d293c6cadc5,Sprint,Sprint Berlin Seegefelder Str.,Berlin,52.536163,13.191189,1.6,2.129,2.069,2.179,False
2026-10-03T03:42:57+00:00,005056ba-7cb6-1ed2-bceb-641db1c24d1d,STAR,star Tankstelle,Berlin,52.534388,13.184014,1.7,2.129,2.069,2.179,True
2026-10-03T03:42:57+00:00,51d4b471-a095-1aa0-e100-80009459e03a,JET,JET BERLIN BRUNSBUETTELER DAMM 87-89,BERLIN,52.53379,13.18503,1.7,2.129,2.069,2.179,False
2026-10-03T03:42:57+00:00,d590310c-e209-46b2-bfe7-dacc6148e1f1,TotalEnergies,TotalEnergies Berlin,Berlin,52.55424,13.207408,2,2.139,2.079,2.189,False
2026-10-03T03:42:57+00:00,5d8c8a4c-bce7-4d28-ae12-0d61a971c5cc,Shell,Shell Berlin Streitstr. 19,Berlin,52.558899,13.208409,2.3,2.139,2.079,2.189,True
2026-10-03T03:42:57+00:00,057827cd-6583-4a3a-a461-f8546073fd02,SUN,Sun Klosterstr.,Berlin,52.52943,13.19517,2.4,2.129,2.069,2.179,True
2026-10-03T03:42:57+00:00,905d4775-754e-4b38-baca-89c98fad1d1a,Sprint,Sprint Berlin Ruhlebener Str.,Berlin,52.529285,13.20718,2.9,2.129,2.069,2.179,False
2026-10-03T03:44:27+00:00,cebbe420-bcf3-4db8-9099-c52b783e2158,ESSO,Esso Tankstelle,BERLIN,52.549044,13.17897,0,2.159,2.099,2.209,True
2026-10-03T03:44:27+00:00,7347dd32-bfa1-470a-a6ee-2a2c95ad9af5,ARAL,Aral Tankstelle,Berlin,52.542747,13.199304,1.5,2.159,2.099,2.239,True
2026-10-03T03:44:27+00:00,9f07b69b-4b15-4852-9c60-5d293c6cadc5,Sprint,Sprint Berlin Seegefelder Str.,Berlin,52.536163,13.191189,1.6,2.129,2.069,2.179,False
2026-10-03T03:44:27+00:00,005056ba-7cb6-1ed2-bceb-641db1c24d1d,STAR,star Tankstelle,Berlin,52.534388,13.184014,1.7,2.129,2.069,2.179,True
2026-10-03T03:44:27+00:00,51d4b471-a095-1aa0-e100-80009459e03a,JET,JET BERLIN BRUNSBUETTELER DAMM 87-89,BERLIN,52.53379,13.18503,1.7,2.129,2.069,2.179,False
2026-10-03T03:44:27+00:00,d590310c-e209-46b2-bfe7-dacc6148e1f1,TotalEnergies,TotalEnergies Berlin,Berlin,52.55424,13.207408,2,2.139,2.079,2.189,False
2026-10-03T03:44:27+00:00,5d8c8a4c-bce7-4d28-ae12-0d61a971c5cc,Shell,Shell Berlin Streitstr. 19,Berlin,52.558899,13.208409,2.3,2.139,2.079,2.189,True
2026-10-03T03:44:27+00:00,057827cd-6583-4a3a-a461-f8546073fd02,SUN,Sun Klosterstr.,Berlin,52.52943,13.19517,2.4,2.129,2.069,2.179,True
2026-10-03T03:44:27+00:00,905d4775-754e-4b38-baca-89c98fad1d1a,Sprint,Sprint Berlin Ruhlebener Str.,Berlin,52.529285,13.20718,2.9,2.129,2.069,2.179,False
2026-10-03T03:45:58+00:00,cebbe420-bcf3-4db8-9099-c52b783e2158,ESSO,Esso Tankstelle,BERLIN,52.549044,13.17897,0,2.159,2.099,2.209,True
2026-10-03T03:45:58+00:00,7347dd32-bfa1-470a-a6ee-2a2c95ad9af5,ARAL,Aral Tankstelle,Berlin,52.542747,13.199304,1.5,2.159,2.099,2.239,True
2026-10-03T03:45:58+00:00,9f07b69b-4b15-4852-9c60-5d293c6cadc5,Sprint,Sprint Berlin Seegefelder Str.,Berlin,52.536163,13.191189,1.6,2.129,2.069,2.179,False
2026-10-03T03:45:58+00:00,005056ba-7cb6-1ed2-bceb-641db1c24d1d,STAR,star Tankstelle,Berlin,52.534388,13.184014,1.7,2.129,2.069,2.179,True
2026-10-03T03:45:58+00:00,51d4b471-a095-1aa0-e100-80009459e03a,JET,JET BERLIN BRUNSBUETTELER DAMM 87-89,BERLIN,52.53379,13.18503,1.7,2.129,2.069,2.179,False
2026-10-03T03:45:58+00:00,d590310c-e209-46b2-bfe7-dacc6148e1f1,TotalEnergies,TotalEnergies Berlin,Berlin,52.55424,13.207408,2,2.139,2.079,2.189,False
2026-10-03T03:45:58+00:00,5d8c8a4c-bce7-4d28-ae12-0d61a971c5cc,Shell,Shell Berlin Streitstr. 19,Berlin,52.558899,13.208409,2.3,2.139,2.079,2.189,True
2026-10-03T03:45:58+00:00,057827cd-6583-4a3a-a461-f8546073fd02,SUN,Sun Klosterstr.,Berlin,52.52943,13.19517,2.4,2.129,2.069,2.179,True
2026-10-03T03:45:58+00:00,905d4775-754e-4b38-baca-89c98fad1d1a,Sprint,Sprint Berlin Ruhlebener Str.,Berlin,52.529285,13.20718,2.9,2.129,2.069,2.179,False
2026-10-03T03:47:29+00:00,cebbe420-bcf3-4db8-9099-c52b783e2158,ESSO,Esso Tankstelle,BERLIN,52.549044,13.17897,0,2.159,2.099,2.209,True
2026-10-03T03:47:29+00:00,7347dd32-bfa1-470a-a6ee-2a2c95ad9af5,ARAL,Aral Tankstelle,Berlin,52.542747,13.199304,1.5,2.159,2.099,2.239,True
2026-10-03T03:47:29+00:00,9f07b69b-4b15-4852-9c60-5d293c6cadc5,Sprint,Sprint Berlin Seegefelder Str.,Berlin,52.536163,13.191189,1.6,2.129,2.069,2.179,False
2026-10-03T03:47:29+00:00,005056ba-7cb6-1ed2-bceb-641db1c24d1d,STAR,star Tankstelle,Berlin,52.534388,13.184014,1.7,2.129,2.069,2.179,True
2026-10-03T03:47:29+00:00,51d4b471-a095-1aa0-e100-80009459e03a,JET,JET BERLIN BRUNSBUETTELER DAMM 87-89,BERLIN,52.53379,13.18503,1.7,2.129,2.069,2.179,False
2026-10-03T03:47:29+00:00,d590310c-e209-46b2-bfe7-dacc6148e1f1,TotalEnergies,TotalEnergies Berlin,Berlin,52.55424,13.207408,2,2.139,2.079,2.189,False
2026-10-03T03:47:29+00:00,5d8c8a4c-bce7-4d28-ae12-0d61a971c5cc,Shell,Shell Berlin Streitstr. 19,Berlin,52.558899,13.208409,2.3,2.139,2.079,2.189,True
2026-10-03T03:47:29+00:00,057827cd-6583-4a3a-a461-f8546073fd02,SUN,Sun Klosterstr.,Berlin,52.52943,13.19517,2.4,2.129,2.069,2.179,True
2026-10-03T03:47:29+00:00,905d4775-754e-4b38-baca-89c98fad1d1a,Sprint,Sprint Berlin Ruhlebener Str.,Berlin,52.529285,13.20718,2.9,2.129,2.069,2.179,False
2026-10-03T03:48:59+00:00,cebbe420-bcf3-4db8-9099-c52b783e2158,ESSO,Esso Tankstelle,BERLIN,52.549044,13.17897,0,2.159,2.099,2.209,True
2026-10-03T03:48:59+00:00,7347dd32-bfa1-470a-a6ee-2a2c95ad9af5,ARAL,Aral Tankstelle,Berlin,52.542747,13.199304,1.5,2.159,2.099,2.239,True
2026-10-03T03:48:59+00:00,9f07b69b-4b15-4852-9c60-5d293c6cadc5,Sprint,Sprint Berlin Seegefelder Str.,Berlin,52.536163,13.191189,1.6,2.129,2.069,2.179,False
2026-10-03T03:48:59+00:00,005056ba-7cb6-1ed2-bceb-641db1c24d1d,STAR,star Tankstelle,Berlin,52.534388,13.184014,1.7,2.129,2.069,2.179,True
2026-10-03T03:48:59+00:00,51d4b471-a095-1aa0-e100-80009459e03a,JET,JET BERLIN BRUNSBUETTELER DAMM 87-89,BERLIN,52.53379,13.18503,1.7,2.129,2.069,2.179,False
2026-10-03T03:48:59+00:00,d590310c-e209-46b2-bfe7-dacc6148e1f1,TotalEnergies,TotalEnergies Berlin,Berlin,52.55424,13.207408,2,2.139,2.079,2.189,False
2026-10-03T03:48:59+00:00,5d8c8a4c-bce7-4d28-ae12-0d61a971c5cc,Shell,Shell Berlin Streitstr. 19,Berlin,52.558899,13.208409,2.3,2.139,2.079,2.189,True
2026-10-03T03:48:59+00:00,057827cd-6583-4a3a-a461-f8546073fd02,SUN,Sun Klosterstr.,Berlin,52.52943,13.19517,2.4,2.129,2.069,2.179,True
2026-10-03T03:48:59+00:00,905d4775-754e-4b38-baca-89c98fad1d1a,Sprint,Sprint Berlin Ruhlebener Str.,Berlin,52.529285,13.20718,2.9,2.129,2.069,2.179,False
2026-10-03T03:50:30+00:00,cebbe420-bcf3-4db8-9099-c52b783e2158,ESSO,Esso Tankstelle,BERLIN,52.549044,13.17897,0,2.159,2.099,2.209,True
2026-10-03T03:50:30+00:00,7347dd32-bfa1-470a-a6ee-2a2c95ad9af5,ARAL,Aral Tankstelle,Berlin,52.542747,13.199304,1.5,2.159,2.099,2.239,True
2026-10-03T03:50:30+00:00,9f07b69b-4b15-4852-9c60-5d293c6cadc5,Sprint,Sprint Berlin Seegefelder Str.,Berlin,52.536163,13.191189,1.6,2.129,2.069,2.179,False
2026-10-03T03:50:30+00:00,005056ba-7cb6-1ed2-bceb-641db1c24d1d,STAR,star Tankstelle,Berlin,52.534388,13.184014,1.7,2.129,2.069,2.179,True
2026-10-03T03:50:30+00:00,51d4b471-a095-1aa0-e100-80009459e03a,JET,JET BERLIN BRUNSBUETTELER DAMM 87-89,BERLIN,52.53379,13.18503,1.7,2.129,2.069,2.179,False
2026-10-03T03:50:30+00:00,d590310c-e209-46b2-bfe7-dacc6148e1f1,TotalEnergies,TotalEnergies Berlin,Berlin,52.55424,13.207408,2,2.139,2.079,2.189,False
2026-10-03T03:50:30+00:00,5d8c8a4c-bce7-4d28-ae12-0d61a971c5cc,Shell,Shell Berlin Streitstr. 19,Berlin,52.558899,13.208409,2.3,2.139,2.079,2.189,True
2026-10-03T03:50:30+00:00,057827cd-6583-4a3a-a461-f8546073fd02,SUN,Sun Klosterstr.,Berlin,52.52943,13.19517,2.4,2.129,2.069,2.179,True
2026-10-03T03:50:30+00:00,905d4775-754e-4b38-baca-89c98fad1d1a,Sprint,Sprint Berlin Ruhlebener Str.,Berlin,52.529285,13.20718,2.9,2.129,2.069,2.179,False
2026-10-03T03:52:01+00:00,cebbe420-bcf3-4db8-9099-c52b783e2158,ESSO,Esso Tankstelle,BERLIN,52.549044,13.17897,0,2.159,2.099,2.209,True
2026-10-03T03:52:01+00:00,7347dd32-bfa1-470a-a6ee-2a2c95ad9af5,ARAL,Aral Tankstelle,Berlin,52.542747,13.199304,1.5,2.159,2.099,2.239,True
2026-10-03T03:52:01+00:00,9f07b69b-4b15-4852-9c60-5d293c6cadc5,Sprint,Sprint Berlin Seegefelder Str.,Berlin,52.536163,13.191189,1.6,2.129,2.069,2.179,False
2026-10-03T03:52:01+00:00,005056ba-7cb6-1ed2-bceb-641db1c24d1d,STAR,star Tankstelle,Berlin,52.534388,13.184014,1.7,2.129,2.069,2.179,True
2026-10-03T03:52:01+00:00,51d4b471-a095-1aa0-e100-80009459e03a,JET,JET BERLIN BRUNSBUETTELER DAMM 87-89,BERLIN,52.53379,13.18503,1.7,2.129,2.069,2.179,False
2026-10-03T03:52:01+00:00,d590310c-e209-46b2-bfe7-dacc6148e1f1,TotalEnergies,TotalEnergies Berlin,Berlin,52.55424,13.207408,2,2.139,2.079,2.189,False
2026-10-03T03:52:01+00:00,5d8c8a4c-bce7-4d28-ae12-0d61a971c5cc,Shell,Shell Berlin Streitstr. 19,Berlin,52.558899,13.208409,2.3,2.139,2.079,2.189,True
2026-10-03T03:52:01+00:00,057827cd-6583-4a3a-a461-f8546073fd02,SUN,Sun Klosterstr.,Berlin,52.52943,13.19517,2.4,2.129,2.069,2.179,True
2026-10-03T03:52:01+00:00,905d4775-754e-4b38-baca-89c98fad1d1a,Sprint,Sprint Berlin Ruhlebener Str.,Berlin,52.529285,13.20718,2.9,2.129,2.069,2.179,False
2026-10-03T03:53:31+00:00,cebbe420-bcf3-4db8-9099-c52b783e2158,ESSO,Esso Tankstelle,BERLIN,52.549044,13.17897,0,2.159,2.099,2.209,True
2026-10-03T03:53:31+00:00,7347dd32-bfa1-470a-a6ee-2a2c95ad9af5,ARAL,Aral Tankstelle,Berlin,52.542747,13.199304,1.5,2.159,2.099,2.239,True
2026-10-03T03:53:31+00:00,9f07b69b-4b15-4852-9c60-5d293c6cadc5,Sprint,Sprint Berlin Seegefelder Str.,Berlin,52.536163,13.191189,1.6,2.129,2.069,2.179,False
2026-10-03T03:53:31+00:00,005056ba-7cb6-1ed2-bceb-641db1c24d1d,STAR,star Tankstelle,Berlin,52.534388,13.184014,1.7,2.129,2.069,2.179,True
2026-10-03T03:53:31+00:00,51d4b471-a095-1aa0-e100-80009459e03a,JET,JET BERLIN BRUNSBUETTELER DAMM 87-89,BERLIN,52.53379,13.18503,1.7,2.129,2.069,2.179,False
2026-10-03T03:53:31+00:00,d590310c-e209-46b2-bfe7-dacc6148e1f1,TotalEnergies,TotalEnergies Berlin,Berlin,52.55424,13.207408,2,2.139,2.079,2.189,False
2026-10-03T03:53:31+00:00,5d8c8a4c-bce7-4d28-ae12-0d61a971c5cc,Shell,Shell Berlin Streitstr. 19,Berlin,52.558899,13.208409,2.3,2.139,2.079,2.189,True
2026-10-03T03:53:31+00:00,057827cd-6583-4a3a-a461-f8546073fd02,SUN,Sun Klosterstr.,Berlin,52.52943,13.19517,2.4,2.129,2.069,2.179,True
2026-10-03T03:53:31+00:00,905d4775-754e-4b38-baca-89c98fad1d1a,Sprint,Sprint Berlin Ruhlebener Str.,Berlin,52.529285,13.20718,2.9,2.129,2.069,2.179,False
2026-10-03T03:55:02+00:00,cebbe420-bcf3-4db8-9099-c52b783e2158,ESSO,Esso Tankstelle,BERLIN,52.549044,13.17897,0,2.159,2.099,2.209,True
2026-10-03T03:55:02+00:00,7347dd32-bfa1-470a-a6ee-2a2c95ad9af5,ARAL,Aral Tankstelle,Berlin,52.542747,13.199304,1.5,2.159,2.099,2.239,True
2026-10-03T03:55:02+00:00,9f07b69b-4b15-4852-9c60-5d293c6cadc5,Sprint,Sprint Berlin Seegefelder Str.,Berlin,52.536163,13.191189,1.6,2.129,2.069,2.179,False
2026-10-03T03:55:02+00:00,005056ba-7cb6-1ed2-bceb-641db1c24d1d,STAR,star Tankstelle,Berlin,52.534388,13.184014,1.7,2.129,2.069,2.179,True
2026-10-03T03:55:02+00:00,51d4b471-a095-1aa0-e100-80009459e03a,JET,JET BERLIN BRUNSBUETTELER DAMM 87-89,BERLIN,52.53379,13.18503,1.7,2.129,2.069,2.179,False
2026-10-03T03:55:02+00:00,d590310c-e209-46b2-bfe7-dacc6148e1f1,TotalEnergies,TotalEnergies Berlin,Berlin,52.55424,13.207408,2,2.139,2.079,2.189,False
2026-10-03T03:55:02+00:00,5d8c8a4c-bce7-4d28-ae12-0d61a971c5cc,Shell,Shell Berlin Streitstr. 19,Berlin,52.558899,13.208409,2.3,2.139,2.079,2.189,True
2026-10-03T03:55:02+00:00,057827cd-6583-4a3a-a461-f8546073fd02,SUN,Sun Klosterstr.,Berlin,52.52943,13.19517,2.4,2.129,2.069,2.179,True
2026-10-03T03:55:02+00:00,905d4775-754e-4b38-baca-89c98fad1d1a,Sprint,Sprint Berlin Ruhlebener Str.,Berlin,52.529285,13.20718,2.9,2.129,2.069,2.179,False
2026-10-03T03:56:34+00:00,cebbe420-bcf3-4db8-9099-c52b783e2158,ESSO,Esso Tankstelle,BERLIN,52.549044,13.17897,0,2.159,2.099,2.209,True
2026-10-03T03:56:34+00:00,7347dd32-bfa1-470a-a6ee-2a2c95ad9af5,ARAL,Aral Tankstelle,Berlin,52.542747,13.199304,1.5,2.159,2.099,2.239,True
2026-10-03T03:56:34+00:00,9f07b69b-4b15-4852-9c60-5d293c6cadc5,Sprint,Sprint Berlin Seegefelder Str.,Berlin,52.536163,13.191189,1.6,2.129,2.069,2.179,False
2026-10-03T03:56:34+00:00,005056ba-7cb6-1ed2-bceb-641db1c24d1d,STAR,star Tankstelle,Berlin,52.534388,13.184014,1.7,2.129,2.069,2.179,True
2026-10-03T03:56:34+00:00,51d4b471-a095-1aa0-e100-80009459e03a,JET,JET BERLIN BRUNSBUETTELER DAMM 87-89,BERLIN,52.53379,13.18503,1.7,2.129,2.069,2.179,False
2026-10-03T03:56:34+00:00,d590310c-e209-46b2-bfe7-dacc6148e1f1,TotalEnergies,TotalEnergies Berlin,Berlin,52.55424,13.207408,2,2.139,2.079,2.189,False
2026-10-03T03:56:34+00:00,5d8c8a4c-bce7-4d28-ae12-0d61a971c5cc,Shell,Shell Berlin Streitstr. 19,Berlin,52.558899,13.208409,2.3,2.139,2.079,2.189,True
2026-10-03T03:56:34+00:00,057827cd-6583-4a3a-a461-f8546073fd02,SUN,Sun Klosterstr.,Berlin,52.52943,13.19517,2.4,2.129,2.069,2.179,True
2026-10-03T03:56:34+00:00,905d4775-754e-4b38-baca-89c98fad1d1a,Sprint,Sprint Berlin Ruhlebener Str.,Berlin,52.529285,13.20718,2.9,2.129,2.069,2.179,False
2026-10-03T03:58:05+00:00,cebbe420-bcf3-4db8-9099-c52b783e2158,ESSO,Esso Tankstelle,BERLIN,52.549044,13.17897,0,2.159,2.099,2.209,True
2026-10-03T03:58:05+00:00,7347dd32-bfa1-470a-a6ee-2a2c95ad9af5,ARAL,Aral Tankstelle,Berlin,52.542747,13.199304,1.5,2.159,2.099,2.239,True
2026-10-03T03:58:05+00:00,9f07b69b-4b15-4852-9c60-5d293c6cadc5,Sprint,Sprint Berlin Seegefelder Str.,Berlin,52.536163,13.191189,1.6,2.129,2.069,2.179,False
2026-10-03T03:58:05+00:00,005056ba-7cb6-1ed2-bceb-641db1c24d1d,STAR,star Tankstelle,Berlin,52.534388,13.184014,1.7,2.129,2.069,2.179,True
2026-10-03T03:58:05+00:00,51d4b471-a095-1aa0-e100-80009459e03a,JET,JET BERLIN BRUNSBUETTELER DAMM 87-89,BERLIN,52.53379,13.18503,1.7,2.129,2.069,2.179,False
2026-10-03T03:58:05+00:00,d590310c-e209-46b2-bfe7-dacc6148e1f1,TotalEnergies,TotalEnergies Berlin,Berlin,52.55424,13.207408,2,2.139,2.079,2.189,False
2026-10-03T03:58:05+00:00,5d8c8a4c-bce7-4d28-ae12-0d61a971c5cc,Shell,Shell Berlin Streitstr. 19,Berlin,52.558899,13.208409,2.3,2.139,2.079,2.189,True
2026-10-03T03:58:05+00:00,057827cd-6583-4a3a-a461-f8546073fd02,SUN,Sun Klosterstr.,Berlin,52.52943,13.19517,2.4,2.129,2.069,2.179,True
2026-10-03T03:58:05+00:00,905d4775-754e-4b38-baca-89c98fad1d1a,Sprint,Sprint Berlin Ruhlebener Str.,Berlin,52.529285,13.20718,2.9,2.129,2.069,2.179,False
2026-10-03T03:59:35+00:00,cebbe420-bcf3-4db8-9099-c52b783e2158,ESSO,Esso Tankstelle,BERLIN,52.549044,13.17897,0,2.159,2.099,2.209,True
2026-10-03T03:59:35+00:00,7347dd32-bfa1-470a-a6ee-2a2c95ad9af5,ARAL,Aral Tankstelle,Berlin,52.542747,13.199304,1.5,2.159,2.099,2.239,True
2026-10-03T03:59:35+00:00,9f07b69b-4b15-4852-9c60-5d293c6cadc5,Sprint,Sprint Berlin Seegefelder Str.,Berlin,52.536163,13.191189,1.6,2.129,2.069,2.179,False
2026-10-03T03:59:35+00:00,005056ba-7cb6-1ed2-bceb-641db1c24d1d,STAR,star Tankstelle,Berlin,52.534388,13.184014,1.7,2.129,2.069,2.179,True
2026-10-03T03:59:35+00:00,51d4b471-a095-1aa0-e100-80009459e03a,JET,JET BERLIN BRUNSBUETTELER DAMM 87-89,BERLIN,52.53379,13.18503,1.7,2.129,2.069,2.179,False
2026-10-03T03:59:35+00:00,d590310c-e209-46b2-bfe7-dacc6148e1f1,TotalEnergies,TotalEnergies Berlin,Berlin,52.55424,13.207408,2,2.139,2.079,2.189,False
2026-10-03T03:59:35+00:00,5d8c8a4c-bce7-4d28-ae12-0d61a971c5cc,Shell,Shell Berlin Streitstr. 19,Berlin,52.558899,13.208409,2.3,2.139,2.079,2.189,True
2026-10-03T03:59:35+00:00,057827cd-6583-4a3a-a461-f8546073fd02,SUN,Sun Klosterstr.,Berlin,52.52943,13.19517,2.4,2.129,2.069,2.179,True
2026-10-03T03:59:35+00:00,905d4775-754e-4b38-baca-89c98fad1d1a,Sprint,Sprint Berlin Ruhlebener Str.,Berlin,52.529285,13.20718,2.9,2.129,2.069,2.179,False
2026-10-03T04:01:06+00:00,cebbe420-bcf3-4db8-9099-c52b783e2158,ESSO,Esso Tankstelle,BERLIN,52.549044,13.17897,0,2.159,2.099,2.209,True
2026-10-03T04:01:06+00:00,7347dd32-bfa1-470a-a6ee-2a2c95ad9af5,ARAL,Aral Tankstelle,Berlin,52.542747,13.199304,1.5,2.159,2.099,2.239,True
2026-10-03T04:01:06+00:00,9f07b69b-4b15-4852-9c60-5d293c6cadc5,Sprint,Sprint Berlin Seegefelder Str.,Berlin,52.536163,13.191189,1.6,2.129,2.069,2.179,False
2026-10-03T04:01:06+00:00,005056ba-7cb6-1ed2-bceb-641db1c24d1d,STAR,star Tankstelle,Berlin,52.534388,13.184014,1.7,2.129,2.069,2.179,True
2026-10-03T04:01:06+00:00,51d4b471-a095-1aa0-e100-80009459e03a,JET,JET BERLIN BRUNSBUETTELER DAMM 87-89,BERLIN,52.53379,13.18503,1.7,2.129,2.069,2.179,False
2026-10-03T04:01:06+00:00,d590310c-e209-46b2-bfe7-dacc6148e1f1,TotalEnergies,TotalEnergies Berlin,Berlin,52.55424,13.207408,2,2.139,2.079,2.189,False
2026-10-03T04:01:06+00:00,5d8c8a4c-bce7-4d28-ae12-0d61a971c5cc,Shell,Shell Berlin Streitstr. 19,Berlin,52.558899,13.208409,2.3,2.139,2.079,2.189,True
2026-10-03T04:01:06+00:00,057827cd-6583-4a3a-a461-f8546073fd02,SUN,Sun Klosterstr.,Berlin,52.52943,13.19517,2.4,2.129,2.069,2.179,True
2026-10-03T04:01:06+00:00,905d4775-754e-4b38-baca-89c98fad1d1a,Sprint,Sprint Berlin Ruhlebener Str.,Berlin,52.529285,13.20718,2.9,2.129,2.069,2.179,True
2026-10-03T04:02:37+00:00,cebbe420-bcf3-4db8-9099-c52b783e2158,ESSO,Esso Tankstelle,BERLIN,52.549044,13.17897,0,2.159,2.099,2.209,True
2026-10-03T04:02:37+00:00,7347dd32-bfa1-470a-a6ee-2a2c95ad9af5,ARAL,Aral Tankstelle,Berlin,52.542747,13.199304,1.5,2.159,2.099,2.239,True
2026-10-03T04:02:37+00:00,9f07b69b-4b15-4852-9c60-5d293c6cadc5,Sprint,Sprint Berlin Seegefelder Str.,Berlin,52.536163,13.191189,1.6,2.129,2.069,2.179,False
2026-10-03T04:02:37+00:00,005056ba-7cb6-1ed2-bceb-641db1c24d1d,STAR,star Tankstelle,Berlin,52.534388,13.184014,1.7,2.129,2.069,2.179,True
2026-10-03T04:02:37+00:00,51d4b471-a095-1aa0-e100-80009459e03a,JET,JET BERLIN BRUNSBUETTELER DAMM 87-89,BERLIN,52.53379,13.18503,1.7,2.129,2.069,2.179,False
2026-10-03T04:02:37+00:00,d590310c-e209-46b2-bfe7-dacc6148e1f1,TotalEnergies,TotalEnergies Berlin,Berlin,52.55424,13.207408,2,2.139,2.079,2.189,False
2026-10-03T04:02:37+00:00,5d8c8a4c-bce7-4d28-ae12-0d61a971c5cc,Shell,Shell Berlin Streitstr. 19,Berlin,52.558899,13.208409,2.3,2.139,2.079,2.189,True
2026-10-03T04:02:37+00:00,057827cd-6583-4a3a-a461-f8546073fd02,SUN,Sun Klosterstr.,Berlin,52.52943,13.19517,2.4,2.129,2.069,2.179,True
2026-10-03T04:02:37+00:00,905d4775-754e-4b38-baca-89c98fad1d1a,Sprint,Sprint Berlin Ruhlebener Str.,Berlin,52.529285,13.20718,2.9,2.129,2.069,2.179,True
2026-10-03T04:04:07+00:00,cebbe420-bcf3-4db8-9099-c52b783e2158,ESSO,Esso Tankstelle,BERLIN,52.549044,13.17897,0,2.159,2.099,2.209,True
2026-10-03T04:04:07+00:00,7347dd32-bfa1-470a-a6ee-2a2c95ad9af5,ARAL,Aral Tankstelle,Berlin,52.542747,13.199304,1.5,2.159,2.099,2.239,True
2026-10-03T04:04:07+00:00,9f07b69b-4b15-4852-9c60-5d293c6cadc5,Sprint,Sprint Berlin Seegefelder Str.,Berlin,52.536163,13.191189,1.6,2.129,2.069,2.179,False
2026-10-03T04:04:07+00:00,005056ba-7cb6-1ed2-bceb-641db1c24d1d,STAR,star Tankstelle,Berlin,52.534388,13.184014,1.7,2.129,2.069,2.179,True
2026-10-03T04:04:07+00:00,51d4b471-a095-1aa0-e100-80009459e03a,JET,JET BERLIN BRUNSBUETTELER DAMM 87-89,BERLIN,52.53379,13.18503,1.7,2.129,2.069,2.179,False
2026-10-03T04:04:07+00:00,d590310c-e209-46b2-bfe7-dacc6148e1f1,TotalEnergies,TotalEnergies Berlin,Berlin,52.55424,13.207408,2,2.139,2.079,2.189,False
2026-10-03T04:04:07+00:00,5d8c8a4c-bce7-4d28-ae12-0d61a971c5cc,Shell,Shell Berlin Streitstr. 19,Berlin,52.558899,13.208409,2.3,2.139,2.079,2.189,True
2026-10-03T04:04:07+00:00,057827cd-6583-4a3a-a461-f8546073fd02,SUN,Sun Klosterstr.,Berlin,52.52943,13.19517,2.4,2.129,2.069,2.179,True
2026-10-03T04:04:07+00:00,905d4775-754e-4b38-baca-89c98fad1d1a,Sprint,Sprint Berlin Ruhlebener Str.,Berlin,52.529285,13.20718,2.9,2.129,2.069,2.179,True
2026-10-03T04:05:38+00:00,cebbe420-bcf3-4db8-9099-c52b783e2158,ESSO,Esso Tankstelle,BERLIN,52.549044,13.17897,0,2.159,2.099,2.209,True
2026-10-03T04:05:38+00:00,7347dd32-bfa1-470a-a6ee-2a2c95ad9af5,ARAL,Aral Tankstelle,Berlin,52.542747,13.199304,1.5,2.159,2.099,2.239,True
2026-10-03T04:05:38+00:00,9f07b69b-4b15-4852-9c60-5d293c6cadc5,Sprint,Sprint Berlin Seegefelder Str.,Berlin,52.536163,13.191189,1.6,2.129,2.069,2.179,False
2026-10-03T04:05:38+00:00,005056ba-7cb6-1ed2-bceb-641db1c24d1d,STAR,star Tankstelle,Berlin,52.534388,13.184014,1.7,2.129,2.069,2.179,True
2026-10-03T04:05:38+00:00,51d4b471-a095-1aa0-e100-80009459e03a,JET,JET BERLIN BRUNSBUETTELER DAMM 87-89,BERLIN,52.53379,13.18503,1.7,2.129,2.069,2.179,False
2026-10-03T04:05:38+00:00,d590310c-e209-46b2-bfe7-dacc6148e1f1,TotalEnergies,TotalEnergies Berlin,Berlin,52.55424,13.207408,2,2.139,2.079,2.189,False
2026-10-03T04:05:38+00:00,5d8c8a4c-bce7-4d28-ae12-0d61a971c5cc,Shell,Shell Berlin Streitstr. 19,Berlin,52.558899,13.208409,2.3,2.139,2.079,2.189,True
2026-10-03T04:05:38+00:00,057827cd-6583-4a3a-a461-f8546073fd02,SUN,Sun Klosterstr.,Berlin,52.52943,13.19517,2.4,2.129,2.069,2.179,True
2026-10-03T04:05:38+00:00,905d4775-754e-4b38-baca-89c98fad1d1a,Sprint,Sprint Berlin Ruhlebener Str.,Berlin,52.529285,13.20718,2.9,2.129,2.069,2.179,True
2026-10-03T04:07:09+00:00,cebbe420-bcf3-4db8-9099-c52b783e2158,ESSO,Esso Tankstelle,BERLIN,52.549044,13.17897,0,2.159,2.099,2.209,True
2026-10-03T04:07:09+00:00,7347dd32-bfa1-470a-a6ee-2a2c95ad9af5,ARAL,Aral Tankstelle,Berlin,52.542747,13.199304,1.5,2.159,2.099,2.239,True
2026-10-03T04:07:09+00:00,9f07b69b-4b15-4852-9c60-5d293c6cadc5,Sprint,Sprint Berlin Seegefelder Str.,Berlin,52.536163,13.191189,1.6,2.129,2.069,2.179,False
2026-10-03T04:07:09+00:00,005056ba-7cb6-1ed2-bceb-641db1c24d1d,STAR,star Tankstelle,Berlin,52.534388,13.184014,1.7,2.129,2.069,2.179,True
2026-10-03T04:07:09+00:00,51d4b471-a095-1aa0-e100-80009459e03a,JET,JET BERLIN BRUNSBUETTELER DAMM 87-89,BERLIN,52.53379,13.18503,1.7,2.129,2.069,2.179,False
2026-10-03T04:07:09+00:00,d590310c-e209-46b2-bfe7-dacc6148e1f1,TotalEnergies,TotalEnergies Berlin,Berlin,52.55424,13.207408,2,2.139,2.079,2.189,False
2026-10-03T04:07:09+00:00,5d8c8a4c-bce7-4d28-ae12-0d61a971c5cc,Shell,Shell Berlin Streitstr. 19,Berlin,52.558899,13.208409,2.3,2.139,2.079,2.189,True
2026-10-03T04:07:09+00:00,057827cd-6583-4a3a-a461-f8546073fd02,SUN,Sun Klosterstr.,Berlin,52.52943,13.19517,2.4,2.129,2.069,2.179,True
2026-10-03T04:07:09+00:00,905d4775-754e-4b38-baca-89c98fad1d1a,Sprint,Sprint Berlin Ruhlebener Str.,Berlin,52.529285,13.20718,2.9,2.129,2.069,2.179,True
2026-10-03T04:08:39+00:00,cebbe420-bcf3-4db8-9099-c52b783e2158,ESSO,Esso Tankstelle,BERLIN,52.549044,13.17897,0,2.159,2.099,2.209,True
2026-10-03T04:08:39+00:00,7347dd32-bfa1-470a-a6ee-2a2c95ad9af5,ARAL,Aral Tankstelle,Berlin,52.542747,13.199304,1.5,2.159,2.099,2.239,True
2026-10-03T04:08:39+00:00,9f07b69b-4b15-4852-9c60-5d293c6cadc5,Sprint,Sprint Berlin Seegefelder Str.,Berlin,52.536163,13.191189,1.6,2.129,2.069,2.179,False
2026-10-03T04:08:39+00:00,005056ba-7cb6-1ed2-bceb-641db1c24d1d,STAR,star Tankstelle,Berlin,52.534388,13.184014,1.7,2.129,2.069,2.179,True
2026-10-03T04:08:39+00:00,51d4b471-a095-1aa0-e100-80009459e03a,JET,JET BERLIN BRUNSBUETTELER DAMM 87-89,BERLIN,52.53379,13.18503,1.7,2.129,2.069,2.179,False
2026-10-03T04:08:39+00:00,d590310c-e209-46b2-bfe7-dacc6148e1f1,TotalEnergies,TotalEnergies Berlin,Berlin,52.55424,13.207408,2,2.139,2.079,2.189,False
2026-10-03T04:08:39+00:00,5d8c8a4c-bce7-4d28-ae12-0d61a971c5cc,Shell,Shell Berlin Streitstr. 19,Berlin,52.558899,13.208409,2.3,2.139,2.079,2.189,True
2026-10-03T04:08:39+00:00,057827cd-6583-4a3a-a461-f8546073fd02,SUN,Sun Klosterstr.,Berlin,52.52943,13.19517,2.4,2.129,2.069,2.179,True
2026-10-03T04:08:39+00:00,905d4775-754e-4b38-baca-89c98fad1d1a,Sprint,Sprint Berlin Ruhlebener Str.,Berlin,52.529285,13.20718,2.9,2.129,2.069,2.179,True
2026-10-03T04:10:10+00:00,cebbe420-bcf3-4db8-9099-c52b783e2158,ESSO,Esso Tankstelle,BERLIN,52.549044,13.17897,0,2.159,2.099,2.209,True
2026-10-03T04:10:10+00:00,7347dd32-bfa1-470a-a6ee-2a2c95ad9af5,ARAL,Aral Tankstelle,Berlin,52.542747,13.199304,1.5,2.159,2.099,2.239,True
2026-10-03T04:10:10+00:00,9f07b69b-4b15-4852-9c60-5d293c6cadc5,Sprint,Sprint Berlin Seegefelder Str.,Berlin,52.536163,13.191189,1.6,2.129,2.069,2.179,False
2026-10-03T04:10:10+00:00,005056ba-7cb6-1ed2-bceb-641db1c24d1d,STAR,star Tankstelle,Berlin,52.534388,13.184014,1.7,2.129,2.069,2.179,True
2026-10-03T04:10:10+00:00,51d4b471-a095-1aa0-e100-80009459e03a,JET,JET BERLIN BRUNSBUETTELER DAMM 87-89,BERLIN,52.53379,13.18503,1.7,2.129,2.069,2.179,False
2026-10-03T04:10:10+00:00,d590310c-e209-46b2-bfe7-dacc6148e1f1,TotalEnergies,TotalEnergies Berlin,Berlin,52.55424,13.207408,2,2.139,2.079,2.189,False
2026-10-03T04:10:10+00:00,5d8c8a4c-bce7-4d28-ae12-0d61a971c5cc,Shell,Shell Berlin Streitstr. 19,Berlin,52.558899,13.208409,2.3,2.139,2.079,2.189,True
2026-10-03T04:10:10+00:00,057827cd-6583-4a3a-a461-f8546073fd02,SUN,Sun Klosterstr.,Berlin,52.52943,13.19517,2.4,2.129,2.069,2.179,True
2026-10-03T04:10:10+00:00,905d4775-754e-4b38-baca-89c98fad1d1a,Sprint,Sprint Berlin Ruhlebener Str.,Berlin,52.529285,13.20718,2.9,2.129,2.069,2.179,True
2026-10-03T04:11:41+00:00,cebbe420-bcf3-4db8-9099-c52b783e2158,ESSO,Esso Tankstelle,BERLIN,52.549044,13.17897,0,2.159,2.099,2.209,True
2026-10-03T04:11:41+00:00,7347dd32-bfa1-470a-a6ee-2a2c95ad9af5,ARAL,Aral Tankstelle,Berlin,52.542747,13.199304,1.5,2.159,2.099,2.239,True
2026-10-03T04:11:41+00:00,9f07b69b-4b15-4852-9c60-5d293c6cadc5,Sprint,Sprint Berlin Seegefelder Str.,Berlin,52.536163,13.191189,1.6,2.129,2.069,2.179,False
2026-10-03T04:11:41+00:00,005056ba-7cb6-1ed2-bceb-641db1c24d1d,STAR,star Tankstelle,Berlin,52.534388,13.184014,1.7,2.129,2.069,2.179,True
2026-10-03T04:11:41+00:00,51d4b471-a095-1aa0-e100-80009459e03a,JET,JET BERLIN BRUNSBUETTELER DAMM 87-89,BERLIN,52.53379,13.18503,1.7,2.129,2.069,2.179,False
2026-10-03T04:11:41+00:00,d590310c-e209-46b2-bfe7-dacc6148e1f1,TotalEnergies,TotalEnergies Berlin,Berlin,52.55424,13.207408,2,2.139,2.079,2.189,False
2026-10-03T04:11:41+00:00,5d8c8a4c-bce7-4d28-ae12-0d61a971c5cc,Shell,Shell Berlin Streitstr. 19,Berlin,52.558899,13.208409,2.3,2.139,2.079,2.189,True
2026-10-03T04:11:41+00:00,057827cd-6583-4a3a-a461-f8546073fd02,SUN,Sun Klosterstr.,Berlin,52.52943,13.19517,2.4,2.129,2.069,2.179,True
2026-10-03T04:11:41+00:00,905d4775-754e-4b38-baca-89c98fad1d1a,Sprint,Sprint Berlin Ruhlebener Str.,Berlin,52.529285,13.20718,2.9,2.129,2.069,2.179,True
2026-10-03T04:13:12+00:00,cebbe420-bcf3-4db8-9099-c52b783e2158,ESSO,Esso Tankstelle,BERLIN,52.549044,13.17897,0,2.159,2.099,2.209,True
2026-10-03T04:13:12+00:00,7347dd32-bfa1-470a-a6ee-2a2c95ad9af5,ARAL,Aral Tankstelle,Berlin,52.542747,13.199304,1.5,2.159,2.099,2.239,True
2026-10-03T04:13:12+00:00,9f07b69b-4b15-4852-9c60-5d293c6cadc5,Sprint,Sprint Berlin Seegefelder Str.,Berlin,52.536163,13.191189,1.6,2.129,2.069,2.179,False
2026-10-03T04:13:12+00:00,005056ba-7cb6-1ed2-bceb-641db1c24d1d,STAR,star Tankstelle,Berlin,52.534388,13.184014,1.7,2.129,2.069,2.179,True
2026-10-03T04:13:12+00:00,51d4b471-a095-1aa0-e100-80009459e03a,JET,JET BERLIN BRUNSBUETTELER DAMM 87-89,BERLIN,52.53379,13.18503,1.7,2.129,2.069,2.179,False
2026-10-03T04:13:12+00:00,d590310c-e209-46b2-bfe7-dacc6148e1f1,TotalEnergies,TotalEnergies Berlin,Berlin,52.55424,13.207408,2,2.139,2.079,2.189,False
2026-10-03T04:13:12+00:00,5d8c8a4c-bce7-4d28-ae12-0d61a971c5cc,Shell,Shell Berlin Streitstr. 19,Berlin,52.558899,13.208409,2.3,2.139,2.079,2.189,True
2026-10-03T04:13:12+00:00,057827cd-6583-4a3a-a461-f8546073fd02,SUN,Sun Klosterstr.,Berlin,52.52943,13.19517,2.4,2.129,2.069,2.179,True
2026-10-03T04:13:12+00:00,905d4775-754e-4b38-baca-89c98fad1d1a,Sprint,Sprint Berlin Ruhlebener Str.,Berlin,52.529285,13.20718,2.9,2.129,2.069,2.179,True
2026-10-03T04:14:48+00:00,cebbe420-bcf3-4db8-9099-c52b783e2158,ESSO,Esso Tankstelle,BERLIN,52.549044,13.17897,0,2.159,2.099,2.209,True
2026-10-03T04:14:48+00:00,7347dd32-bfa1-470a-a6ee-2a2c95ad9af5,ARAL,Aral Tankstelle,Berlin,52.542747,13.199304,1.5,2.159,2.099,2.239,True
2026-10-03T04:14:48+00:00,9f07b69b-4b15-4852-9c60-5d293c6cadc5,Sprint,Sprint Berlin Seegefelder Str.,Berlin,52.536163,13.191189,1.6,2.129,2.069,2.179,False
2026-10-03T04:14:48+00:00,005056ba-7cb6-1ed2-bceb-641db1c24d1d,STAR,star Tankstelle,Berlin,52.534388,13.184014,1.7,2.129,2.069,2.179,True
2026-10-03T04:14:48+00:00,51d4b471-a095-1aa0-e100-80009459e03a,JET,JET BERLIN BRUNSBUETTELER DAMM 87-89,BERLIN,52.53379,13.18503,1.7,2.129,2.069,2.179,False
2026-10-03T04:14:48+00:00,d590310c-e209-46b2-bfe7-dacc6148e1f1,TotalEnergies,TotalEnergies Berlin,Berlin,52.55424,13.207408,2,2.139,2.079,2.189,False
2026-10-03T04:14:48+00:00,5d8c8a4c-bce7-4d28-ae12-0d61a971c5cc,Shell,Shell Berlin Streitstr. 19,Berlin,52.558899,13.208409,2.3,2.139,2.079,2.189,True
2026-10-03T04:14:48+00:00,057827cd-6583-4a3a-a461-f8546073fd02,SUN,Sun Klosterstr.,Berlin,52.52943,13.19517,2.4,2.129,2.069,2.179,True
2026-10-03T04:14:48+00:00,905d4775-754e-4b38-baca-89c98fad1d1a,Sprint,Sprint Berlin Ruhlebener Str.,Berlin,52.529285,13.20718,2.9,2.129,2.069,2.179,True
2026-10-03T04:16:18+00:00,cebbe420-bcf3-4db8-9099-c52b783e2158,ESSO,Esso Tankstelle,BERLIN,52.549044,13.17897,0,2.159,2.099,2.209,True
2026-10-03T04:16:18+00:00,7347dd32-bfa1-470a-a6ee-2a2c95ad9af5,ARAL,Aral Tankstelle,Berlin,52.542747,13.199304,1.5,2.159,2.099,2.239,True
2026-10-03T04:16:18+00:00,9f07b69b-4b15-4852-9c60-5d293c6cadc5,Sprint,Sprint Berlin Seegefelder Str.,Berlin,52.536163,13.191189,1.6,2.129,2.069,2.179,False
2026-10-03T04:16:18+00:00,005056ba-7cb6-1ed2-bceb-641db1c24d1d,STAR,star Tankstelle,Berlin,52.534388,13.184014,1.7,2.129,2.069,2.179,True
2026-10-03T04:16:18+00:00,51d4b471-a095-1aa0-e100-80009459e03a,JET,JET BERLIN BRUNSBUETTELER DAMM 87-89,BERLIN,52.53379,13.18503,1.7,2.129,2.069,2.179,False
2026-10-03T04:16:18+00:00,d590310c-e209-46b2-bfe7-dacc6148e1f1,TotalEnergies,TotalEnergies Berlin,Berlin,52.55424,13.207408,2,2.139,2.079,2.189,False
2026-10-03T04:16:18+00:00,5d8c8a4c-bce7-4d28-ae12-0d61a971c5cc,Shell,Shell Berlin Streitstr. 19,Berlin,52.558899,13.208409,2.3,2.139,2.079,2.189,True
2026-10-03T04:16:18+00:00,057827cd-6583-4a3a-a461-f8546073fd02,SUN,Sun Klosterstr.,Berlin,52.52943,13.19517,2.4,2.129,2.069,2.179,True
2026-10-03T04:16:18+00:00,905d4775-754e-4b38-baca-89c98fad1d1a,Sprint,Sprint Berlin Ruhlebener Str.,Berlin,52.529285,13.20718,2.9,2.129,2.069,2.179,True
2026-10-03T04:17:49+00:00,cebbe420-bcf3-4db8-9099-c52b783e2158,ESSO,Esso Tankstelle,BERLIN,52.549044,13.17897,0,2.159,2.099,2.209,True
2026-10-03T04:17:49+00:00,7347dd32-bfa1-470a-a6ee-2a2c95ad9af5,ARAL,Aral Tankstelle,Berlin,52.542747,13.199304,1.5,2.159,2.099,2.239,True
2026-10-03T04:17:49+00:00,9f07b69b-4b15-4852-9c60-5d293c6cadc5,Sprint,Sprint Berlin Seegefelder Str.,Berlin,52.536163,13.191189,1.6,2.129,2.069,2.179,False
2026-10-03T04:17:49+00:00,005056ba-7cb6-1ed2-bceb-641db1c24d1d,STAR,star Tankstelle,Berlin,52.534388,13.184014,1.7,2.129,2.069,2.179,True
2026-10-03T04:17:49+00:00,51d4b471-a095-1aa0-e100-80009459e03a,JET,JET BERLIN BRUNSBUETTELER DAMM 87-89,BERLIN,52.53379,13.18503,1.7,2.129,2.069,2.179,False
2026-10-03T04:17:49+00:00,d590310c-e209-46b2-bfe7-dacc6148e1f1,TotalEnergies,TotalEnergies Berlin,Berlin,52.55424,13.207408,2,2.139,2.079,2.189,False
2026-10-03T04:17:49+00:00,5d8c8a4c-bce7-4d28-ae12-0d61a971c5cc,Shell,Shell Berlin Streitstr. 19,Berlin,52.558899,13.208409,2.3,2.139,2.079,2.189,True
2026-10-03T04:17:49+00:00,057827cd-6583-4a3a-a461-f8546073fd02,SUN,Sun Klosterstr.,Berlin,52.52943,13.19517,2.4,2.129,2.069,2.179,True
2026-10-03T04:17:49+00:00,905d4775-754e-4b38-baca-89c98fad1d1a,Sprint,Sprint Berlin Ruhlebener Str.,Berlin,52.529285,13.20718,2.9,2.129,2.069,2.179,True
2026-10-03T04:19:20+00:00,cebbe420-bcf3-4db8-9099-c52b783e2158,ESSO,Esso Tankstelle,BERLIN,52.549044,13.17897,0,2.159,2.099,2.209,True
2026-10-03T04:19:20+00:00,7347dd32-bfa1-470a-a6ee-2a2c95ad9af5,ARAL,Aral Tankstelle,Berlin,52.542747,13.199304,1.5,2.159,2.099,2.239,True
2026-10-03T04:19:20+00:00,9f07b69b-4b15-4852-9c60-5d293c6cadc5,Sprint,Sprint Berlin Seegefelder Str.,Berlin,52.536163,13.191189,1.6,2.129,2.069,2.179,False
2026-10-03T04:19:20+00:00,005056ba-7cb6-1ed2-bceb-641db1c24d1d,STAR,star Tankstelle,Berlin,52.534388,13.184014,1.7,2.129,2.069,2.179,True
2026-10-03T04:19:20+00:00,51d4b471-a095-1aa0-e100-80009459e03a,JET,JET BERLIN BRUNSBUETTELER DAMM 87-89,BERLIN,52.53379,13.18503,1.7,2.129,2.069,2.179,False
2026-10-03T04:19:20+00:00,d590310c-e209-46b2-bfe7-dacc6148e1f1,TotalEnergies,TotalEnergies Berlin,Berlin,52.55424,13.207408,2,2.139,2.079,2.189,False
2026-10-03T04:19:20+00:00,5d8c8a4c-bce7-4d28-ae12-0d61a971c5cc,Shell,Shell Berlin Streitstr. 19,Berlin,52.558899,13.208409,2.3,2.139,2.079,2.189,True
2026-10-03T04:19:20+00:00,057827cd-6583-4a3a-a461-f8546073fd02,SUN,Sun Klosterstr.,Berlin,52.52943,13.19517,2.4,2.129,2.069,2.179,True
2026-10-03T04:19:20+00:00,905d4775-754e-4b38-baca-89c98fad1d1a,Sprint,Sprint Berlin Ruhlebener Str.,Berlin,52.529285,13.20718,2.9,2.129,2.069,2.179,True
2026-10-03T04:20:51+00:00,cebbe420-bcf3-4db8-9099-c52b783e2158,ESSO,Esso Tankstelle,BERLIN,52.549044,13.17897,0,2.159,2.099,2.209,True
2026-10-03T04:20:51+00:00,7347dd32-bfa1-470a-a6ee-2a2c95ad9af5,ARAL,Aral Tankstelle,Berlin,52.542747,13.199304,1.5,2.159,2.099,2.239,True
2026-10-03T04:20:51+00:00,9f07b69b-4b15-4852-9c60-5d293c6cadc5,Sprint,Sprint Berlin Seegefelder Str.,Berlin,52.536163,13.191189,1.6,2.129,2.069,2.179,False
2026-10-03T04:20:51+00:00,005056ba-7cb6-1ed2-bceb-641db1c24d1d,STAR,star Tankstelle,Berlin,52.534388,13.184014,1.7,2.129,2.069,2.179,True
2026-10-03T04:20:51+00:00,51d4b471-a095-1aa0-e100-80009459e03a,JET,JET BERLIN BRUNSBUETTELER DAMM 87-89,BERLIN,52.53379,13.18503,1.7,2.129,2.069,2.179,False
2026-10-03T04:20:51+00:00,d590310c-e209-46b2-bfe7-dacc6148e1f1,TotalEnergies,TotalEnergies Berlin,Berlin,52.55424,13.207408,2,2.139,2.079,2.189,False
2026-10-03T04:20:51+00:00,5d8c8a4c-bce7-4d28-ae12-0d61a971c5cc,Shell,Shell Berlin Streitstr. 19,Berlin,52.558899,13.208409,2.3,2.139,2.079,2.189,True
2026-10-03T04:20:51+00:00,057827cd-6583-4a3a-a461-f8546073fd02,SUN,Sun Klosterstr.,Berlin,52.52943,13.19517,2.4,2.129,2.069,2.179,True
2026-10-03T04:20:51+00:00,905d4775-754e-4b38-baca-89c98fad1d1a,Sprint,Sprint Berlin Ruhlebener Str.,Berlin,52.529285,13.20718,2.9,2.129,2.069,2.179,True
2026-10-03T04:22:21+00:00,cebbe420-bcf3-4db8-9099-c52b783e2158,ESSO,Esso Tankstelle,BERLIN,52.549044,13.17897,0,2.159,2.099,2.209,True
2026-10-03T04:22:21+00:00,7347dd32-bfa1-470a-a6ee-2a2c95ad9af5,ARAL,Aral Tankstelle,Berlin,52.542747,13.199304,1.5,2.159,2.099,2.239,True
2026-10-03T04:22:21+00:00,9f07b69b-4b15-4852-9c60-5d293c6cadc5,Sprint,Sprint Berlin Seegefelder Str.,Berlin,52.536163,13.191189,1.6,2.129,2.069,2.179,False
2026-10-03T04:22:21+00:00,005056ba-7cb6-1ed2-bceb-641db1c24d1d,STAR,star Tankstelle,Berlin,52.534388,13.184014,1.7,2.129,2.069,2.179,True
2026-10-03T04:22:21+00:00,51d4b471-a095-1aa0-e100-80009459e03a,JET,JET BERLIN BRUNSBUETTELER DAMM 87-89,BERLIN,52.53379,13.18503,1.7,2.129,2.069,2.179,False
2026-10-03T04:22:21+00:00,d590310c-e209-46b2-bfe7-dacc6148e1f1,TotalEnergies,TotalEnergies Berlin,Berlin,52.55424,13.207408,2,2.139,2.079,2.189,False
2026-10-03T04:22:21+00:00,5d8c8a4c-bce7-4d28-ae12-0d61a971c5cc,Shell,Shell Berlin Streitstr. 19,Berlin,52.558899,13.208409,2.3,2.139,2.079,2.189,True
2026-10-03T04:22:21+00:00,057827cd-6583-4a3a-a461-f8546073fd02,SUN,Sun Klosterstr.,Berlin,52.52943,13.19517,2.4,2.129,2.069,2.179,True
2026-10-03T04:22:21+00:00,905d4775-754e-4b38-baca-89c98fad1d1a,Sprint,Sprint Berlin Ruhlebener Str.,Berlin,52.529285,13.20718,2.9,2.129,2.069,2.179,True
